路径,来源,密文字节,明文字节
.gitkeep,明文,43,43
1242-offline-inter.json,明文,17553,17553
1243-offline-reward.json,明文,17579,17579
1283-offline-inter.json,明文,22390,22390
1285-offline-inter.json,明文,21827,21827
1287-offline-inter.json,明文,41703,41703
PA_003_mj_Hungry.html,明文,931545,931545
PA_005_mj_Hungry.html,明文,946685,946685
PA_SD038_hungry.html,明文,814259,814259
PA_SD039_sd_hungry.html,明文,774151,774151
PA_SD040_sd_hungry.html,明文,718815,718815
PA_SD13_unity.html,明文,1490004,1490004
PubMatic_Logo.svg,明文,3515,3515
PublicSuffixDatabase.list,明文,132737,132737
aps-mraid.js,明文,11529,11529
aps_mobile_client_config.json,明文,391,391
assets/$28510_f_TravelPassTipsTrait/config.b5fbc.json,hek,1107,2249
assets/$28510_f_TravelPassTipsTrait/import/04/0451af5a-d332-4fe2-be35-064c7d2ada55.1b623.json,hek,213,205
assets/$28510_f_TravelPassTipsTrait/import/06/067da9fd-ec5b-42ff-b40a-19ff7ea00649.ec8cb.json,hek,209,201
assets/$28510_f_TravelPassTipsTrait/import/0a/0abb29b2-412b-45c6-9305-db648368d5f5.14b68.json,hek,2131,12778
assets/$28510_f_TravelPassTipsTrait/import/10/10bed1fd-f45c-4d15-8f83-0f965e322597.7871f.json,hek,86,78
assets/$28510_f_TravelPassTipsTrait/import/15/151e1d4f-e7b2-4645-aa7e-44be83db5441.1bb61.json,hek,2074,12673
assets/$28510_f_TravelPassTipsTrait/import/28/28342c8a-6373-46f7-869d-1731bf741cc9.364e8.json,hek,780,772
assets/$28510_f_TravelPassTipsTrait/import/54/540f8841-0dd2-49f2-929a-af6288394918.7871f.json,hek,86,78
assets/$28510_f_TravelPassTipsTrait/import/55/550d0a20-58a0-4972-9fc0-62619cd64012.a3351.json,hek,206,198
assets/$28510_f_TravelPassTipsTrait/import/68/68155a82-3156-492a-a274-55b63db99ecb.7871f.json,hek,86,78
assets/$28510_f_TravelPassTipsTrait/import/74/743f2597-5221-430b-a0cb-bcaa724e26b7.699f1.json,hek,2076,12673
assets/$28510_f_TravelPassTipsTrait/import/78/78201225-3d55-4562-aa56-b407eb2a544c.23206.json,hek,366,1192
assets/$28510_f_TravelPassTipsTrait/import/89/89fee6e2-7461-41b3-8f0b-ced36f94a19e.7871f.json,hek,86,78
assets/$28510_f_TravelPassTipsTrait/import/9a/9aac6812-c4e7-49ff-9d4c-42ad113ae173.b874b.json,hek,1868,3993
assets/$28510_f_TravelPassTipsTrait/import/9b/9bc6e129-158f-4e54-89d2-7a89dcaca7df.c1fb9.json,hek,1473,3020
assets/$28510_f_TravelPassTipsTrait/import/a9/a905be13-2545-4ee3-bfc6-04ae1ca7d534.2e3d8.json,hek,2127,12778
assets/$28510_f_TravelPassTipsTrait/import/bd/bd60bf51-49de-4f65-b9c9-44e69dc8e5ab.c76e1.json,hek,213,205
assets/$28510_f_TravelPassTipsTrait/import/c6/c60694ef-f1f7-4ad0-9c96-78bff5e7c2f9.2a06c.json,hek,213,205
assets/$28510_f_TravelPassTipsTrait/import/cb/cbce4574-330f-43f3-afef-e1990d505a02.7871f.json,hek,86,78
assets/$28510_f_TravelPassTipsTrait/import/cf/cfb8ed13-e9af-4938-81fc-8a43834dfdbe.9b990.json,hek,1852,3968
assets/$28510_f_TravelPassTipsTrait/import/dc/dc3ac043-e451-4e02-a3d0-dd6bb0b14c21.1cd75.json,hek,774,766
assets/$28510_f_TravelPassTipsTrait/import/de/de9f9f95-778a-4a3e-90d1-cf5cf796864f.dd95d.json,hek,772,764
assets/$28510_f_TravelPassTipsTrait/import/e4/e42a15c2-9b4a-4100-9e67-4a872cf2d2fe.21c6a.json,hek,774,766
assets/$28510_f_TravelPassTipsTrait/import/ff/ffa60ebf-762c-4f79-ae05-ab1ab846a28d.8f428.json,hek,1463,2995
assets/$28510_f_TravelPassTipsTrait/index.b5fbc.js,hek,6720,26236
assets/$28510_f_TravelPassTipsTrait/native/10/10bed1fd-f45c-4d15-8f83-0f965e322597.9a5cd.png,hek,57195,57187
assets/$28510_f_TravelPassTipsTrait/native/54/540f8841-0dd2-49f2-929a-af6288394918.221a0.png,hek,21680,21672
assets/$28510_f_TravelPassTipsTrait/native/68/68155a82-3156-492a-a274-55b63db99ecb.70359.png,hek,21759,21751
assets/$28510_f_TravelPassTipsTrait/native/89/89fee6e2-7461-41b3-8f0b-ced36f94a19e.c6494.png,hek,25190,25182
assets/$28510_f_TravelPassTipsTrait/native/cb/cbce4574-330f-43f3-afef-e1990d505a02.7401e.png,hek,24952,24944
assets/$39311_f_newPlayerClearHelpTrait/config.c15dc.json,hek,258,250
assets/$39311_f_newPlayerClearHelpTrait/index.c15dc.js,hek,1696,5078
assets/$5784_f_HistoryBoardOfferBlockTrait/config.b5b22.json,hek,335,327
assets/$5784_f_HistoryBoardOfferBlockTrait/import/d4/d4397a49-d604-44fb-9b84-05981ab25aff.3649c.json,hek,147133,2596331
assets/$5784_f_HistoryBoardOfferBlockTrait/index.b5b22.js,hek,1528,4560
assets/AccountModuleOpenTrait/config.e4b37.json,hek,248,240
assets/AccountModuleOpenTrait/index.e4b37.js,hek,1020,2355
assets/AchievementPushMixTrait/config.c2f1f.json,hek,249,241
assets/AchievementPushMixTrait/index.c2f1f.js,hek,3940,14853
assets/AdProtectParamTrait/config.66bad.json,hek,245,237
assets/AdProtectParamTrait/index.66bad.js,hek,1280,3859
assets/AdSubScribeFixTrait/config.58701.json,hek,245,237
assets/AdSubScribeFixTrait/index.58701.js,hek,1784,4575
assets/AdSubScribePopModelSupplementTrait/config.8aec8.json,hek,260,252
assets/AdSubScribePopModelSupplementTrait/index.8aec8.js,hek,1328,3510
assets/AdSubScribePopModelTrait/config.4c628.json,hek,1646,3261
assets/AdSubScribePopModelTrait/import/00/006bda0f-1e9b-4742-ae29-9fd079fb7231.7871f.json,hek,86,78
assets/AdSubScribePopModelTrait/import/05/05ab3f4c-6b6a-4a80-8a15-214778361cd4.29a9b.json,hek,794,1563
assets/AdSubScribePopModelTrait/import/0b/0beed7cb-f2bc-49b7-9cd1-fe5875a20152.de754.json,hek,213,205
assets/AdSubScribePopModelTrait/import/11/11807e73-3c3b-43fb-be74-b8c2f99e158e.7871f.json,hek,86,78
assets/AdSubScribePopModelTrait/import/14/143dec7d-1392-431d-908a-af6d8bd8ead7.7871f.json,hek,86,78
assets/AdSubScribePopModelTrait/import/14/1476a6df-dccd-4979-a49b-b6b1564e6ddc.ac000.json,hek,200,192
assets/AdSubScribePopModelTrait/import/1a/1aef2ff4-4691-4b4f-a1db-e65c5e642efb.7871f.json,hek,86,78
assets/AdSubScribePopModelTrait/import/1b/1b79e5e5-935f-4a5a-af75-02e9bac14b15.de218.json,hek,200,192
assets/AdSubScribePopModelTrait/import/21/21479c11-5727-4997-8fad-4befd4f98e1e.cdb3f.json,hek,202,194
assets/AdSubScribePopModelTrait/import/2b/2b1b5167-0254-4b68-8b30-2f8bec32b793.52ab8.json,hek,209,201
assets/AdSubScribePopModelTrait/import/2c/2ca555db-5ec5-4318-a9e4-fec0f5e58e98.836c0.json,hek,117,109
assets/AdSubScribePopModelTrait/import/30/3011ad2d-0b4d-4fda-825d-9ca2bb2bebaf.9fcaf.json,hek,206,198
assets/AdSubScribePopModelTrait/import/3f/3ff8bc14-6011-440d-b5d3-da2b5deb18ae.7871f.json,hek,86,78
assets/AdSubScribePopModelTrait/import/41/415c748a-82c3-4a6c-83df-c9ba967bb8af.92e4f.json,hek,203,195
assets/AdSubScribePopModelTrait/import/46/46000076-9bca-44fa-adb5-f6dbad30fc00.4bb4b.json,hek,199,191
assets/AdSubScribePopModelTrait/import/49/49f6fda7-d52d-4629-839a-15c90d515e85.9e62e.json,hek,203,195
assets/AdSubScribePopModelTrait/import/5f/5f8b4ae7-3a66-4a0e-901d-d4823088e84a.7871f.json,hek,86,78
assets/AdSubScribePopModelTrait/import/60/60fda5be-419b-457a-9d82-fa3a1dad2a7d.7871f.json,hek,86,78
assets/AdSubScribePopModelTrait/import/63/634a4004-7362-497e-a5d5-a1aed3511ec3.8dace.json,hek,583,1243
assets/AdSubScribePopModelTrait/import/6a/6a70980d-395b-4601-8654-7ca87a043474.7871f.json,hek,86,78
assets/AdSubScribePopModelTrait/import/7a/7a344ea8-ec9c-49c5-82f8-814865d709ef.a75dc.json,hek,1395,3051
assets/AdSubScribePopModelTrait/import/7a/7add5d39-8c13-4ad6-9a89-8b67d1b94d7e.7871f.json,hek,86,78
assets/AdSubScribePopModelTrait/import/84/841ebff2-22fb-472e-b6f3-294023cbfd97.40910.json,hek,212,204
assets/AdSubScribePopModelTrait/import/8b/8b9c86d1-8628-4f38-9cb5-47c95985475a.7871f.json,hek,86,78
assets/AdSubScribePopModelTrait/import/96/96227eef-2b23-4ded-8934-ddcbd6cf473b.028b3.json,hek,1839,3993
assets/AdSubScribePopModelTrait/import/9e/9e4065f7-e73e-4f61-9822-4978935322a2.7871f.json,hek,86,78
assets/AdSubScribePopModelTrait/import/af/afbb1d73-43a8-418c-a096-eaeab73ae1ff.c9146.json,hek,118,110
assets/AdSubScribePopModelTrait/import/b4/b48c455f-df42-486e-82b9-26c35ba97f6c.21bfb.json,hek,198,190
assets/AdSubScribePopModelTrait/import/b5/b56ddaac-23c3-4f53-a7f3-cd85d3c1ae95.59713.json,hek,4390,10686
assets/AdSubScribePopModelTrait/import/b7/b7d95177-d490-4339-9484-4fddcbd79dac.7871f.json,hek,86,78
assets/AdSubScribePopModelTrait/import/c3/c3eeceac-59f1-4ee6-812d-443f67ca2b11.7871f.json,hek,86,78
assets/AdSubScribePopModelTrait/import/c5/c5295717-2b96-4de0-b7a7-3e9d0d80cd17.7871f.json,hek,86,78
assets/AdSubScribePopModelTrait/import/d8/d8101979-ad79-4728-9898-4615e181c334.bb4d5.json,hek,203,195
assets/AdSubScribePopModelTrait/import/df/df3c2e45-c285-4317-94a8-5901945c08da.9b7dd.json,hek,209,201
assets/AdSubScribePopModelTrait/import/df/dfa79d7c-a345-49ac-b3f2-7d81888a7206.b2322.json,hek,793,1474
assets/AdSubScribePopModelTrait/import/f2/f2cdfaa6-89c2-4a28-92c2-68c7d56c1af2.a9d7a.json,hek,209,201
assets/AdSubScribePopModelTrait/index.4c628.js,hek,5756,26505
assets/AdSubScribePopModelTrait/native/00/006bda0f-1e9b-4742-ae29-9fd079fb7231.bfcb0.png,hek,1286,1278
assets/AdSubScribePopModelTrait/native/11/11807e73-3c3b-43fb-be74-b8c2f99e158e.1144c.png,hek,4735,4727
assets/AdSubScribePopModelTrait/native/14/143dec7d-1392-431d-908a-af6d8bd8ead7.2a25d.png,hek,12302,12294
assets/AdSubScribePopModelTrait/native/1a/1aef2ff4-4691-4b4f-a1db-e65c5e642efb.7b89f.png,hek,11441,11433
assets/AdSubScribePopModelTrait/native/2c/2ca555db-5ec5-4318-a9e4-fec0f5e58e98.dc9d3.atlas,hek,285,277
assets/AdSubScribePopModelTrait/native/3f/3ff8bc14-6011-440d-b5d3-da2b5deb18ae.91655.png,hek,15101,15093
assets/AdSubScribePopModelTrait/native/5f/5f8b4ae7-3a66-4a0e-901d-d4823088e84a.e8790.png,hek,3578,3570
assets/AdSubScribePopModelTrait/native/60/60fda5be-419b-457a-9d82-fa3a1dad2a7d.32f5c.png,hek,12424,12416
assets/AdSubScribePopModelTrait/native/6a/6a70980d-395b-4601-8654-7ca87a043474.38915.png,hek,16393,16385
assets/AdSubScribePopModelTrait/native/7a/7add5d39-8c13-4ad6-9a89-8b67d1b94d7e.45512.png,hek,29628,29620
assets/AdSubScribePopModelTrait/native/8b/8b9c86d1-8628-4f38-9cb5-47c95985475a.860f3.png,hek,12600,12592
assets/AdSubScribePopModelTrait/native/9e/9e4065f7-e73e-4f61-9822-4978935322a2.98eb0.png,hek,107578,107570
assets/AdSubScribePopModelTrait/native/af/afbb1d73-43a8-418c-a096-eaeab73ae1ff.4aa0d.atlas,hek,192,184
assets/AdSubScribePopModelTrait/native/b7/b7d95177-d490-4339-9484-4fddcbd79dac.5be8e.png,hek,136016,136008
assets/AdSubScribePopModelTrait/native/c3/c3eeceac-59f1-4ee6-812d-443f67ca2b11.5d287.png,hek,119867,119859
assets/AdSubScribePopModelTrait/native/c5/c5295717-2b96-4de0-b7a7-3e9d0d80cd17.85043.png,hek,11152,11144
assets/AddChapterUnlockProcessTrait/config.2ec69.json,hek,877,1594
assets/AddChapterUnlockProcessTrait/import/1e/1e40c3e9-71d3-46ee-bad6-98e3e1781fa2.34e9b.json,hek,443,435
assets/AddChapterUnlockProcessTrait/import/27/273c5c0a-f27d-4d28-80f3-d93f85f3e0a2.0838e.json,hek,135,127
assets/AddChapterUnlockProcessTrait/import/2c/2cd4c9ff-f459-4f44-8ec5-a8a44178bf04.396c0.json,hek,718,710
assets/AddChapterUnlockProcessTrait/import/42/42932070-1668-4bee-b885-8bc6333564ed.c5081.json,hek,216,208
assets/AddChapterUnlockProcessTrait/import/51/51524ecb-c537-40c9-9b03-6c88be26b1a9.d79fc.json,hek,10466,114925
assets/AddChapterUnlockProcessTrait/import/80/8007966a-19f0-46e7-844c-27062556623a.02403.json,hek,133,125
assets/AddChapterUnlockProcessTrait/import/92/92cbcc45-dafa-439d-8078-2981c48dc045.f297f.json,hek,136,128
assets/AddChapterUnlockProcessTrait/import/b8/b88931e4-56b8-4ffe-bb53-6a671be77ba1.a1f05.json,hek,376,368
assets/AddChapterUnlockProcessTrait/import/be/be25e6b3-df54-4778-ac47-cb9f6cdb4ccf.7871f.json,hek,86,78
assets/AddChapterUnlockProcessTrait/import/c0/c0d546d5-fa56-4281-931f-33ea6bc60c93.a9f53.json,hek,220,212
assets/AddChapterUnlockProcessTrait/import/c1/c162cb25-1a6a-483a-a20a-f009cc2ebc78.7871f.json,hek,86,78
assets/AddChapterUnlockProcessTrait/import/d4/d4684af4-2483-4994-a8c7-31f5f4c85abb.945c9.json,hek,856,3751
assets/AddChapterUnlockProcessTrait/import/e0/e0b943ce-68ee-4f9a-b2f7-1e914bbf4447.de538.json,hek,788,1512
assets/AddChapterUnlockProcessTrait/import/f6/f6ae9546-f0f0-4a6a-a588-2b81ae14b07f.2c24c.json,hek,700,692
assets/AddChapterUnlockProcessTrait/index.2ec69.js,hek,3544,12553
assets/AddChapterUnlockProcessTrait/native/27/273c5c0a-f27d-4d28-80f3-d93f85f3e0a2.3b00c.mp3,明文,18639,18639
assets/AddChapterUnlockProcessTrait/native/80/8007966a-19f0-46e7-844c-27062556623a.19d8c.mp3,明文,17385,17385
assets/AddChapterUnlockProcessTrait/native/92/92cbcc45-dafa-439d-8078-2981c48dc045.15add.mp3,明文,13623,13623
assets/AddChapterUnlockProcessTrait/native/be/be25e6b3-df54-4778-ac47-cb9f6cdb4ccf.27437.png,hek,4728,4720
assets/AddChapterUnlockProcessTrait/native/c1/c162cb25-1a6a-483a-a20a-f009cc2ebc78.73508.png,hek,3669,3661
assets/AddClearTipsExFixRevertTrait/config.3cde7.json,hek,254,246
assets/AddClearTipsExFixRevertTrait/index.3cde7.js,hek,932,2121
assets/AddScoreUpIndiaTrait/config.007eb.json,hek,246,238
assets/AddScoreUpIndiaTrait/index.007eb.js,hek,1056,2415
assets/AddUploadPicDrawCallTrait/config.9933e.json,hek,251,243
assets/AddUploadPicDrawCallTrait/index.9933e.js,hek,2692,10130
assets/AdjustEffectVolumeBasedOnEffectFrequencyTrait/config.3eda8.json,hek,271,263
assets/AdjustEffectVolumeBasedOnEffectFrequencyTrait/index.3eda8.js,hek,1556,4248
assets/AlgoFillSortEdgeNoUseTrait/config.0eb73.json,hek,252,244
assets/AlgoFillSortEdgeNoUseTrait/index.0eb73.js,hek,920,2084
assets/AlgoFillSortReplaceTrait/config.b023a.json,hek,250,242
assets/AlgoFillSortReplaceTrait/index.b023a.js,hek,1660,4683
assets/AlgoRegretHardTrait/config.a88f8.json,hek,245,237
assets/AlgoRegretHardTrait/index.a88f8.js,hek,1760,4542
assets/AppendLockSkinFirstConditionTrait/config.6860d.json,hek,259,251
assets/AppendLockSkinFirstConditionTrait/index.6860d.js,hek,1132,2727
assets/Atomengine4EntryLimitTrait/config.d76fa.json,hek,252,244
assets/Atomengine4EntryLimitTrait/index.d76fa.js,hek,1068,2545
assets/Atomengine4SwitchTrait/config.c35a1.json,hek,248,240
assets/Atomengine4SwitchTrait/index.c35a1.js,hek,1392,3595
assets/BCommentGuaranteeTrait/config.66323.json,hek,248,240
assets/BCommentGuaranteeTrait/index.66323.js,hek,2156,5769
assets/BackPlayerChapterPushTrait/config.02b91.json,hek,252,244
assets/BackPlayerChapterPushTrait/index.02b91.js,hek,2752,8512
assets/BlockBackPlayAudioTrait/config.aaf3c.json,hek,329,321
assets/BlockBackPlayAudioTrait/import/70/70566cf4-c408-4ed1-9857-fc1311e8021b.818bf.json,hek,129,121
assets/BlockBackPlayAudioTrait/index.aaf3c.js,hek,944,2156
assets/BlockBackPlayAudioTrait/native/70/70566cf4-c408-4ed1-9857-fc1311e8021b.98ea5.mp3,明文,4010,4010
assets/BoardClearChangeSkinTrait/config.23e9a.json,hek,251,243
assets/BoardClearChangeSkinTrait/index.23e9a.js,hek,1488,4015
assets/BorderGemCollectSpreadTrait/config.5e525.json,hek,797,789
assets/BorderGemCollectSpreadTrait/import/3e/3e4c3800-9b98-4748-8d5e-1815650d0386.2d3cf.json,hek,820,812
assets/BorderGemCollectSpreadTrait/import/ba/baac28d3-2f55-43e7-9032-8f900a7ae665.595e4.json,hek,386,1187
assets/BorderGemCollectSpreadTrait/import/bb/bbe64bc7-be3e-4e93-b6f6-3c9ec494b69d.d1597.json,hek,6430,63122
assets/BorderGemCollectSpreadTrait/import/be/beb6826c-0eb5-444e-bebc-52d676b93fd1.7871f.json,hek,86,78
assets/BorderGemCollectSpreadTrait/import/d9/d98e3e51-8887-493c-8147-c312ec5d3454.4fca3.json,hek,218,210
assets/BorderGemCollectSpreadTrait/index.5e525.js,hek,2384,7698
assets/BorderGemCollectSpreadTrait/native/be/beb6826c-0eb5-444e-bebc-52d676b93fd1.b313d.png,hek,15882,15874
assets/BrandVisionDesign1Trait/config.16d46.json,hek,249,241
assets/BrandVisionDesign1Trait/index.16d46.js,hek,1228,2785
assets/BrandVisionDesign2Trait/config.bbe14.json,hek,249,241
assets/BrandVisionDesign2Trait/index.bbe14.js,hek,1104,2523
assets/BrandVisionDesign3Trait/config.d4463.json,hek,249,241
assets/BrandVisionDesign3Trait/index.d4463.js,hek,1260,2889
assets/BrandVisionDesignTrait/config.c31ab.json,hek,703,695
assets/BrandVisionDesignTrait/import/3d/3d7dc769-0e05-4c15-af61-9f15f0228cbc.534d5.json,hek,136,128
assets/BrandVisionDesignTrait/import/55/559c5a40-e60e-449c-9e94-e44f6ef8a072.a8053.json,hek,133,125
assets/BrandVisionDesignTrait/import/74/74e5bedb-f159-4361-90ff-0c57acf83465.e9a64.json,hek,134,126
assets/BrandVisionDesignTrait/import/a5/a5e4a142-ff27-4aeb-9658-b35ebbb539e3.0db79.json,hek,132,124
assets/BrandVisionDesignTrait/import/d5/d59eae4e-593d-4dcd-bf5c-47a9dd440e0d.018d1.json,hek,132,124
assets/BrandVisionDesignTrait/import/dd/dd39f5e1-b09d-44e8-b665-594740470512.d5c9a.json,hek,130,122
assets/BrandVisionDesignTrait/index.c31ab.js,hek,1596,5316
assets/BrandVisionDesignTrait/native/3d/3d7dc769-0e05-4c15-af61-9f15f0228cbc.68b4e.mp3,明文,18507,18507
assets/BrandVisionDesignTrait/native/55/559c5a40-e60e-449c-9e94-e44f6ef8a072.44805.mp3,明文,16417,16417
assets/BrandVisionDesignTrait/native/74/74e5bedb-f159-4361-90ff-0c57acf83465.3cb4d.mp3,明文,17252,17252
assets/BrandVisionDesignTrait/native/a5/a5e4a142-ff27-4aeb-9658-b35ebbb539e3.37b6f.mp3,明文,18506,18506
assets/BrandVisionDesignTrait/native/d5/d59eae4e-593d-4dcd-bf5c-47a9dd440e0d.4fe88.mp3,明文,17671,17671
assets/BrandVisionDesignTrait/native/dd/dd39f5e1-b09d-44e8-b665-594740470512.7dbdf.mp3,明文,19343,19343
assets/BreakHighScoreReviveTrait/config.14097.json,hek,251,243
assets/BreakHighScoreReviveTrait/index.14097.js,hek,1152,2715
assets/BrickSoundTrait/config.f5568.json,hek,473,465
assets/BrickSoundTrait/import/4d/4d72f8fc-b88e-47b2-9896-b29a94a45966.47ce0.json,hek,131,123
assets/BrickSoundTrait/import/6c/6ccde367-2a08-46b5-b263-9649af952df2.66585.json,hek,133,125
assets/BrickSoundTrait/import/f1/f13469e1-1c8d-4262-bad4-f558b0a5724e.6eb12.json,hek,133,125
assets/BrickSoundTrait/index.f5568.js,hek,1124,2765
assets/BrickSoundTrait/native/4d/4d72f8fc-b88e-47b2-9896-b29a94a45966.e75c1.mp3,明文,4010,4010
assets/BrickSoundTrait/native/6c/6ccde367-2a08-46b5-b263-9649af952df2.6a76d.mp3,明文,14459,14459
assets/BrickSoundTrait/native/f1/f13469e1-1c8d-4262-bad4-f558b0a5724e.67298.mp3,明文,17803,17803
assets/CTSkinBonesFixRevertTrait/config.9c81b.json,hek,251,243
assets/CTSkinBonesFixRevertTrait/index.9c81b.js,hek,920,2087
assets/ChangeBlockSizeByProducerTrait/config.6f657.json,hek,909,1731
assets/ChangeBlockSizeByProducerTrait/import/04/04f67137-7532-4c3f-a63a-ebbf107a44df.61914.json,hek,859,1750
assets/ChangeBlockSizeByProducerTrait/import/08/08a61130-9d54-4ce3-835f-9a9c58bf2c1d.7871f.json,hek,86,78
assets/ChangeBlockSizeByProducerTrait/import/25/25b191dc-0f8a-4b13-9dea-48e38f76abc1.e989b.json,hek,200,192
assets/ChangeBlockSizeByProducerTrait/import/2b/2b82c303-d9a0-4902-a516-9aef0c461466.7871f.json,hek,86,78
assets/ChangeBlockSizeByProducerTrait/import/2f/2f2f8bb9-8212-4580-9a67-677932a32f8c.4d937.json,hek,219,211
assets/ChangeBlockSizeByProducerTrait/import/3d/3da9ccfb-ee12-4508-9c29-dfabbaec0bd1.5b428.json,hek,200,192
assets/ChangeBlockSizeByProducerTrait/import/49/4951dea9-74d2-4a5b-bbc3-b7e89160ccb6.7871f.json,hek,86,78
assets/ChangeBlockSizeByProducerTrait/import/55/55b6c87a-1ce8-4137-9f07-9c5e3b48bd67.3d70a.json,hek,609,2232
assets/ChangeBlockSizeByProducerTrait/import/58/58591e00-8804-4921-80fb-a1f78ccd7f71.be848.json,hek,496,488
assets/ChangeBlockSizeByProducerTrait/import/58/58b6eb6a-40ec-420b-a4a0-b6060ab10509.7871f.json,hek,86,78
assets/ChangeBlockSizeByProducerTrait/import/64/6431bceb-63fa-4fd6-80d5-4db489220a94.7871f.json,hek,86,78
assets/ChangeBlockSizeByProducerTrait/import/7e/7e056c4e-f3f5-488f-9d6d-6396abb410ea.7871f.json,hek,86,78
assets/ChangeBlockSizeByProducerTrait/import/94/94866fca-526a-4079-ba99-14f28eb4cad4.7e5e9.json,hek,200,192
assets/ChangeBlockSizeByProducerTrait/import/bf/bf7219b8-b2f8-42cd-9fc2-2ee8109fa4eb.74340.json,hek,706,1331
assets/ChangeBlockSizeByProducerTrait/import/da/da28d38a-c560-4d12-89d3-7cec0d08af7f.7871f.json,hek,86,78
assets/ChangeBlockSizeByProducerTrait/import/de/de1256cb-2ead-48f1-be9e-67d82dbefde3.1c334.json,hek,200,192
assets/ChangeBlockSizeByProducerTrait/import/ea/eacf92d9-8a40-4f40-b089-f984248e307e.39a5f.json,hek,200,192
assets/ChangeBlockSizeByProducerTrait/import/eb/ebc9525d-9621-43c1-82a2-88b961fe0dfb.5878a.json,hek,200,192
assets/ChangeBlockSizeByProducerTrait/index.6f657.js,hek,3756,13114
assets/ChangeBlockSizeByProducerTrait/native/08/08a61130-9d54-4ce3-835f-9a9c58bf2c1d.daff5.png,hek,32290,32282
assets/ChangeBlockSizeByProducerTrait/native/2b/2b82c303-d9a0-4902-a516-9aef0c461466.ae0dc.png,hek,34454,34446
assets/ChangeBlockSizeByProducerTrait/native/49/4951dea9-74d2-4a5b-bbc3-b7e89160ccb6.94d06.png,hek,34916,34908
assets/ChangeBlockSizeByProducerTrait/native/58/58b6eb6a-40ec-420b-a4a0-b6060ab10509.65473.png,hek,31054,31046
assets/ChangeBlockSizeByProducerTrait/native/64/6431bceb-63fa-4fd6-80d5-4db489220a94.f284d.png,hek,34503,34495
assets/ChangeBlockSizeByProducerTrait/native/7e/7e056c4e-f3f5-488f-9d6d-6396abb410ea.92e39.png,hek,28204,28196
assets/ChangeBlockSizeByProducerTrait/native/da/da28d38a-c560-4d12-89d3-7cec0d08af7f.8b88e.png,hek,1989,1981
assets/ChangeCollectByLevelFailCountTrait/config.ebf82.json,hek,260,252
assets/ChangeCollectByLevelFailCountTrait/index.ebf82.js,hek,1440,4090
assets/ChangeCollectByLevelTargetTrait/config.d4641.json,hek,257,249
assets/ChangeCollectByLevelTargetTrait/index.d4641.js,hek,2000,5038
assets/ChangeMoreGamesDoubleColTrait/config.24fc8.json,hek,1604,3178
assets/ChangeMoreGamesDoubleColTrait/import/20/20e0313e-b74d-4836-9a23-a0ebd04b8254.7871f.json,hek,86,78
assets/ChangeMoreGamesDoubleColTrait/import/22/22a002d7-a9f3-49c5-b350-e6784e7d0c41.7871f.json,hek,86,78
assets/ChangeMoreGamesDoubleColTrait/import/25/259d8930-890c-4d75-85b4-52d6726e65b5.7871f.json,hek,86,78
assets/ChangeMoreGamesDoubleColTrait/import/25/25e0751a-c2cb-4606-92d9-3cc551b170cc.7871f.json,hek,86,78
assets/ChangeMoreGamesDoubleColTrait/import/26/265f986f-af07-4611-8c0e-f9d2c8ab1f4a.12075.json,hek,202,194
assets/ChangeMoreGamesDoubleColTrait/import/2a/2a620a9d-2a9b-4cbc-8f42-a31284cb3f36.9c01e.json,hek,201,193
assets/ChangeMoreGamesDoubleColTrait/import/2d/2dea7a50-8aaa-4cb4-9760-4fcd7b601abc.0dd51.json,hek,1402,3050
assets/ChangeMoreGamesDoubleColTrait/import/31/311c8d7e-d52a-487b-a4c8-e2c0b2be02d2.6503e.json,hek,206,198
assets/ChangeMoreGamesDoubleColTrait/import/3c/3cb36205-b58f-430d-a8b6-19a685315e3e.8e2a0.json,hek,198,190
assets/ChangeMoreGamesDoubleColTrait/import/4f/4fc6d04c-5a2d-4abd-95e9-c15bb4280765.174ac.json,hek,210,202
assets/ChangeMoreGamesDoubleColTrait/import/5a/5a30307d-a986-4a2e-b712-b1ae626c4c1b.268f6.json,hek,203,195
assets/ChangeMoreGamesDoubleColTrait/import/5f/5f1948d3-d79b-4e0c-854a-a740366a631c.7871f.json,hek,86,78
assets/ChangeMoreGamesDoubleColTrait/import/5f/5fea91db-7662-4bd5-89f0-c13ebf580e39.e9ac8.json,hek,204,196
assets/ChangeMoreGamesDoubleColTrait/import/60/60747e59-86d7-4a55-9c99-91e02643b560.7871f.json,hek,86,78
assets/ChangeMoreGamesDoubleColTrait/import/60/6093d0e3-79ec-42b4-9be9-ec1c560ab31b.cb29d.json,hek,200,192
assets/ChangeMoreGamesDoubleColTrait/import/6a/6a59cf60-8cc3-4365-8caf-544b0773c6eb.7871f.json,hek,86,78
assets/ChangeMoreGamesDoubleColTrait/import/7c/7c7cfc19-09d9-4aeb-8487-38cb0db82200.7871f.json,hek,86,78
assets/ChangeMoreGamesDoubleColTrait/import/7e/7ee84fed-daff-4891-8e53-70c3def4b2a1.70ef3.json,hek,203,195
assets/ChangeMoreGamesDoubleColTrait/import/85/853610f5-2ab2-4d22-a3d1-cd524b6b656d.7871f.json,hek,86,78
assets/ChangeMoreGamesDoubleColTrait/import/86/863fac96-e6fa-474d-96ff-36fec8a295bb.7871f.json,hek,86,78
assets/ChangeMoreGamesDoubleColTrait/import/9b/9b465626-6309-4bd9-a1af-70843cf1483c.7871f.json,hek,86,78
assets/ChangeMoreGamesDoubleColTrait/import/a4/a4708704-36f7-41e1-8737-c328c0a43b93.6fb13.json,hek,209,201
assets/ChangeMoreGamesDoubleColTrait/import/a9/a9c6ee91-f650-46b5-81e0-4835ac5cceaf.7871f.json,hek,86,78
assets/ChangeMoreGamesDoubleColTrait/import/ae/ae5b3040-c51a-419c-9be9-5a133b637f32.32fcf.json,hek,206,198
assets/ChangeMoreGamesDoubleColTrait/import/af/af455f22-8eb1-4973-b9fd-4b575a07f199.4356b.json,hek,208,200
assets/ChangeMoreGamesDoubleColTrait/import/b1/b133402e-c905-4104-af3b-9a73b3a762a3.7871f.json,hek,86,78
assets/ChangeMoreGamesDoubleColTrait/import/c3/c36b1fb4-1f24-4e3b-ac54-75e414e1a59e.869c4.json,hek,1225,2642
assets/ChangeMoreGamesDoubleColTrait/import/c4/c43947c0-c93b-4541-9065-0c7f7e205e98.7871f.json,hek,86,78
assets/ChangeMoreGamesDoubleColTrait/import/d0/d03528e4-ce0c-4188-ba51-1505b43b6d99.7871f.json,hek,86,78
assets/ChangeMoreGamesDoubleColTrait/import/d9/d9276976-81b4-4dd1-9a23-1c42f6e34b7f.7871f.json,hek,86,78
assets/ChangeMoreGamesDoubleColTrait/import/e1/e106621c-3e88-4d37-9725-5e7e38e5aeb6.202fa.json,hek,203,195
assets/ChangeMoreGamesDoubleColTrait/import/e5/e592879b-678f-4282-bcac-b38bf31925c7.7871f.json,hek,86,78
assets/ChangeMoreGamesDoubleColTrait/import/ed/ed7786a2-4cf6-4d81-b447-65d3b7405f5d.470be.json,hek,205,197
assets/ChangeMoreGamesDoubleColTrait/import/f4/f4fb48a0-feb1-404a-8f73-069e4843503d.1c863.json,hek,204,196
assets/ChangeMoreGamesDoubleColTrait/import/f7/f76f8b7c-244c-438e-b888-68d2983c0cb9.e9958.json,hek,201,193
assets/ChangeMoreGamesDoubleColTrait/import/f7/f7d4a310-017b-4450-a0ab-2fbdb6d857fe.c21d9.json,hek,204,196
assets/ChangeMoreGamesDoubleColTrait/index.24fc8.js,hek,1624,4209
assets/ChangeMoreGamesDoubleColTrait/native/20/20e0313e-b74d-4836-9a23-a0ebd04b8254.64b20.png,hek,1781,1773
assets/ChangeMoreGamesDoubleColTrait/native/22/22a002d7-a9f3-49c5-b350-e6784e7d0c41.23294.png,hek,3522,3514
assets/ChangeMoreGamesDoubleColTrait/native/25/259d8930-890c-4d75-85b4-52d6726e65b5.44771.png,hek,4969,4961
assets/ChangeMoreGamesDoubleColTrait/native/25/25e0751a-c2cb-4606-92d9-3cc551b170cc.6dbab.png,hek,1035,1027
assets/ChangeMoreGamesDoubleColTrait/native/5f/5f1948d3-d79b-4e0c-854a-a740366a631c.656a1.png,hek,3984,3976
assets/ChangeMoreGamesDoubleColTrait/native/60/60747e59-86d7-4a55-9c99-91e02643b560.320b2.png,hek,2249,2241
assets/ChangeMoreGamesDoubleColTrait/native/6a/6a59cf60-8cc3-4365-8caf-544b0773c6eb.2b526.png,hek,2133,2125
assets/ChangeMoreGamesDoubleColTrait/native/7c/7c7cfc19-09d9-4aeb-8487-38cb0db82200.f77dc.png,hek,3507,3499
assets/ChangeMoreGamesDoubleColTrait/native/85/853610f5-2ab2-4d22-a3d1-cd524b6b656d.a5d16.png,hek,1790,1782
assets/ChangeMoreGamesDoubleColTrait/native/86/863fac96-e6fa-474d-96ff-36fec8a295bb.48327.png,hek,8050,8042
assets/ChangeMoreGamesDoubleColTrait/native/9b/9b465626-6309-4bd9-a1af-70843cf1483c.e8574.png,hek,4835,4827
assets/ChangeMoreGamesDoubleColTrait/native/a9/a9c6ee91-f650-46b5-81e0-4835ac5cceaf.2d6d3.png,hek,4236,4228
assets/ChangeMoreGamesDoubleColTrait/native/b1/b133402e-c905-4104-af3b-9a73b3a762a3.07dba.png,hek,2760,2752
assets/ChangeMoreGamesDoubleColTrait/native/c4/c43947c0-c93b-4541-9065-0c7f7e205e98.68293.png,hek,3058,3050
assets/ChangeMoreGamesDoubleColTrait/native/d0/d03528e4-ce0c-4188-ba51-1505b43b6d99.45569.png,hek,4619,4611
assets/ChangeMoreGamesDoubleColTrait/native/d9/d9276976-81b4-4dd1-9a23-1c42f6e34b7f.9dff0.png,hek,2740,2732
assets/ChangeMoreGamesDoubleColTrait/native/e5/e592879b-678f-4282-bcac-b38bf31925c7.95a49.png,hek,1418,1410
assets/ChangeOfferWithComboTrait/config.7bcaa.json,hek,251,243
assets/ChangeOfferWithComboTrait/index.7bcaa.js,hek,1576,4874
assets/ChangeReturnGameBlocksTrait/config.2115a.json,hek,253,245
assets/ChangeReturnGameBlocksTrait/index.2115a.js,hek,1560,4934
assets/ChapterClickBlankToContinueTrait/config.28d5f.json,hek,258,250
assets/ChapterClickBlankToContinueTrait/index.28d5f.js,hek,1240,3143
assets/ChapterCollectPreClearEffectTrait/config.ab3ce.json,hek,1765,4399
assets/ChapterCollectPreClearEffectTrait/import/00/007ba36e-80df-441a-80ee-f1008daf5293.7ce1b.json,hek,261,1569
assets/ChapterCollectPreClearEffectTrait/import/04/04d1971c-f1e3-4c2a-ad2c-fd7d87def213.7871f.json,hek,86,78
assets/ChapterCollectPreClearEffectTrait/import/08/08228cc3-49e0-4edf-a77a-cd95fb686c69.a0b5e.json,hek,978,970
assets/ChapterCollectPreClearEffectTrait/import/0c/0c5b10c8-bfc9-4cfb-aa75-66c1a4ae63cb.911e6.json,hek,336,1569
assets/ChapterCollectPreClearEffectTrait/import/11/11577f4a-9d76-44ba-8ab6-ffb7080eb010.46996.json,hek,306,1569
assets/ChapterCollectPreClearEffectTrait/import/14/14a16445-9f3b-438d-8848-cec2a2ec2db0.98425.json,hek,263,1569
assets/ChapterCollectPreClearEffectTrait/import/15/156e72b0-f0c1-45ef-8a97-185b54d1635e.1d88c.json,hek,299,1569
assets/ChapterCollectPreClearEffectTrait/import/17/1742e1ea-1b3c-45ee-a7b5-60ca2346b6de.830e7.json,hek,503,1554
assets/ChapterCollectPreClearEffectTrait/import/18/18621261-096a-4335-8e19-559b52975264.40062.json,hek,310,1569
assets/ChapterCollectPreClearEffectTrait/import/1b/1bf8b262-128e-43e9-804a-d86f3349cec8.91b32.json,hek,262,1569
assets/ChapterCollectPreClearEffectTrait/import/23/236042d0-ea28-4f71-90af-c696feecf786.c7f83.json,hek,301,1569
assets/ChapterCollectPreClearEffectTrait/import/28/2880ebc8-f510-431f-9b98-db20fda8833f.22b0a.json,hek,262,1569
assets/ChapterCollectPreClearEffectTrait/import/36/3627cf3c-2c15-4813-ae48-bd902ee498c4.a5d0a.json,hek,261,1569
assets/ChapterCollectPreClearEffectTrait/import/3a/3ae9dc05-d1ed-4fc4-8e95-eb82066f8ae2.91fd8.json,hek,312,1569
assets/ChapterCollectPreClearEffectTrait/import/40/406b178f-1038-497d-9867-936c8080e21b.feb54.json,hek,332,1569
assets/ChapterCollectPreClearEffectTrait/import/41/41ae5bd9-c3cc-443d-b4c7-9a98432759ca.460f4.json,hek,250,1331
assets/ChapterCollectPreClearEffectTrait/import/42/4228ad3e-bd0a-4536-8af0-d277c3dda00e.063e7.json,hek,293,1569
assets/ChapterCollectPreClearEffectTrait/import/42/42fa3b50-48e0-449e-b2ce-fdd60f474488.cd9c4.json,hek,236,228
assets/ChapterCollectPreClearEffectTrait/import/53/5366d8dd-18be-43d7-8f0b-b0be1b41b87f.c9fda.json,hek,302,1569
assets/ChapterCollectPreClearEffectTrait/import/5f/5ffd881a-8eaa-4ffe-8f2d-7a4201db0dab.c22c3.json,hek,310,1569
assets/ChapterCollectPreClearEffectTrait/import/63/63777ec5-9954-4f86-815c-8594db72ed5b.a1f83.json,hek,326,1569
assets/ChapterCollectPreClearEffectTrait/import/64/6437c18e-27f8-4539-8790-043c6a713107.b7b56.json,hek,312,1569
assets/ChapterCollectPreClearEffectTrait/import/66/661d598d-c13f-4b9c-945a-839cf383b84f.187be.json,hek,335,1569
assets/ChapterCollectPreClearEffectTrait/import/6b/6bc4ae0e-70c5-421b-821b-478d792ea90e.f8fd0.json,hek,259,1569
assets/ChapterCollectPreClearEffectTrait/import/71/714f67fa-f9ee-4530-b947-1a5ef0f053e0.cc222.json,hek,340,1569
assets/ChapterCollectPreClearEffectTrait/import/71/7196e98c-771b-47b9-87e8-b3d5d0f88dba.b28b4.json,hek,315,1569
assets/ChapterCollectPreClearEffectTrait/import/81/81bbb94d-97c1-47d4-974b-ebed0f4c5a50.89685.json,hek,262,1569
assets/ChapterCollectPreClearEffectTrait/import/97/978c3b79-4ee5-4a58-ac04-914a5e2395a3.92f56.json,hek,293,1569
assets/ChapterCollectPreClearEffectTrait/import/99/9956a86c-2ce8-4e1d-a781-31a3409f76f4.105da.json,hek,345,1569
assets/ChapterCollectPreClearEffectTrait/import/9a/9af70f7a-c555-4b9b-913d-571d5cee344a.93d09.json,hek,261,1569
assets/ChapterCollectPreClearEffectTrait/import/a1/a1bf312e-073d-490c-8c19-b381daafd10f.52bf1.json,hek,315,1569
assets/ChapterCollectPreClearEffectTrait/import/a1/a1f53667-eb37-4944-91d7-5ea8d9da5d03.10243.json,hek,8603,163270
assets/ChapterCollectPreClearEffectTrait/import/a8/a8815ad0-89bd-4b92-9da1-e329e801eb57.61739.json,hek,260,1569
assets/ChapterCollectPreClearEffectTrait/import/ab/ab43a7c2-6fd5-4747-9467-65e12266c881.25ce1.json,hek,294,1569
assets/ChapterCollectPreClearEffectTrait/import/b3/b3a18d22-4aca-42af-98e6-96564a60d892.d9b53.json,hek,314,1569
assets/ChapterCollectPreClearEffectTrait/import/c0/c09f9f5b-1c10-446b-9f2d-063ade257c56.5ed50.json,hek,262,1569
assets/ChapterCollectPreClearEffectTrait/import/cb/cba195a3-8f4a-4b89-972e-9cea88b171c4.6bca6.json,hek,331,1569
assets/ChapterCollectPreClearEffectTrait/import/d6/d665783f-bc86-4f31-994f-7d94ee8480c7.fa77a.json,hek,343,1571
assets/ChapterCollectPreClearEffectTrait/import/d7/d7b810d0-8925-4fbb-b40c-df9eb0da5852.562e9.json,hek,340,1569
assets/ChapterCollectPreClearEffectTrait/import/d9/d92fc9d6-f765-4faa-99d6-968366509bf6.ec7c2.json,hek,261,1569
assets/ChapterCollectPreClearEffectTrait/import/ea/eaac989a-58c3-4abf-801c-a80ecef2e171.44820.json,hek,312,1569
assets/ChapterCollectPreClearEffectTrait/import/ec/ec1d23a4-6c18-4a5f-9503-288914fd047f.de745.json,hek,315,1569
assets/ChapterCollectPreClearEffectTrait/import/f2/f2fc423e-7866-42e9-981a-c207fff6a483.42dbb.json,hek,260,1569
assets/ChapterCollectPreClearEffectTrait/import/fa/fa15ef51-f762-4942-bcc9-8b06efc20038.6ea00.json,hek,314,1569
assets/ChapterCollectPreClearEffectTrait/import/fb/fb6b0cc8-0b31-486c-ae98-a9e6b9126020.a54ca.json,hek,317,1569
assets/ChapterCollectPreClearEffectTrait/index.ab3ce.js,hek,4484,18972
assets/ChapterCollectPreClearEffectTrait/native/04/04d1971c-f1e3-4c2a-ad2c-fd7d87def213.ab9a9.png,hek,37786,37778
assets/ChapterHardSequenceSkinTrait/config.dd89d.json,hek,254,246
assets/ChapterHardSequenceSkinTrait/index.dd89d.js,hek,2492,7071
assets/ChapterRankPercentTrait/config.71f42.json,hek,249,241
assets/ChapterRankPercentTrait/index.71f42.js,hek,1248,2995
assets/ChapterReplaySkipGoalTrait/config.3f834.json,hek,594,1025
assets/ChapterReplaySkipGoalTrait/import/24/249f3f60-88e9-48b2-8e08-02f2221dd4b4.791df.json,hek,116,108
assets/ChapterReplaySkipGoalTrait/import/27/276fd73d-ecdc-418d-a043-aa91709e6bfd.7871f.json,hek,86,78
assets/ChapterReplaySkipGoalTrait/import/6c/6c0721c3-f478-4c86-986f-3420573540a2.b4e0c.json,hek,215,207
assets/ChapterReplaySkipGoalTrait/import/9c/9cd9d0a8-0793-40e6-b242-4111d9b0d3bf.c39fe.json,hek,846,5223
assets/ChapterReplaySkipGoalTrait/import/9e/9e9149a1-fef3-4152-bdce-f189f6f61989.7871f.json,hek,86,78
assets/ChapterReplaySkipGoalTrait/import/b2/b2345585-df53-4b27-b500-af0cdeb22d7b.af34c.json,hek,220,212
assets/ChapterReplaySkipGoalTrait/import/f0/f08e6868-b9cd-40ef-ba1b-137d9503dd56.25258.json,hek,115,107
assets/ChapterReplaySkipGoalTrait/import/f8/f87f0056-5eee-48d0-8992-2e6718308124.dfdfb.json,hek,51133,2696889
assets/ChapterReplaySkipGoalTrait/import/fc/fcc6e665-492a-403c-9d20-adc9e45ac8a0.4c0f2.json,hek,577,1040
assets/ChapterReplaySkipGoalTrait/index.3f834.js,hek,2600,7798
assets/ChapterReplaySkipGoalTrait/native/24/249f3f60-88e9-48b2-8e08-02f2221dd4b4.32474.atlas,hek,796,788
assets/ChapterReplaySkipGoalTrait/native/27/276fd73d-ecdc-418d-a043-aa91709e6bfd.9008a.png,hek,38464,38456
assets/ChapterReplaySkipGoalTrait/native/9e/9e9149a1-fef3-4152-bdce-f189f6f61989.ef66b.png,hek,42728,42720
assets/ChapterReplaySkipGoalTrait/native/f0/f08e6868-b9cd-40ef-ba1b-137d9503dd56.c0664.atlas,hek,620,612
assets/ChapterReviveWithComboTrait/config.3f0ba.json,hek,623,615
assets/ChapterReviveWithComboTrait/import/02/022bdec8-8190-4671-809f-bacca7960ad0.6bc02.json,hek,210,202
assets/ChapterReviveWithComboTrait/import/64/641e68bf-11c0-4219-8040-8ad5dbf1a039.8738c.json,hek,895,887
assets/ChapterReviveWithComboTrait/import/99/9960c64a-c0e4-4ab2-b1d6-c3811144a0a5.7871f.json,hek,86,78
assets/ChapterReviveWithComboTrait/import/9d/9d6c8e86-30d3-4caf-93a0-6d7c3c792131.063f3.json,hek,1312,7640
assets/ChapterReviveWithComboTrait/index.3f0ba.js,hek,2864,8274
assets/ChapterReviveWithComboTrait/native/99/9960c64a-c0e4-4ab2-b1d6-c3811144a0a5.d154b.png,hek,32918,32910
assets/ChapterScoreEffFixRevertTrait/config.4b7e3.json,hek,255,247
assets/ChapterScoreEffFixRevertTrait/index.4b7e3.js,hek,872,1996
assets/ChapterScoreSettlementModifyAnimationTrait/config.d00fa.json,hek,828,820
assets/ChapterScoreSettlementModifyAnimationTrait/import/00/00301a67-a252-4bc5-8fa6-21c12541fc7a.7871f.json,hek,86,78
assets/ChapterScoreSettlementModifyAnimationTrait/import/64/649a193b-2632-4c00-9288-18d76f6733bc.24116.json,hek,6961,79870
assets/ChapterScoreSettlementModifyAnimationTrait/import/89/89d92831-d3b7-4013-8058-20ebe8a14da2.59068.json,hek,224,216
assets/ChapterScoreSettlementModifyAnimationTrait/import/9d/9d40e4b1-e9bf-4e47-b316-26846129536c.7b36f.json,hek,718,710
assets/ChapterScoreSettlementModifyAnimationTrait/import/f7/f734100c-40ad-43dc-a467-33aac9134e4d.dc44f.json,hek,500,1672
assets/ChapterScoreSettlementModifyAnimationTrait/index.d00fa.js,hek,2128,5689
assets/ChapterScoreSettlementModifyAnimationTrait/native/00/00301a67-a252-4bc5-8fa6-21c12541fc7a.db6b1.png,hek,42743,42735
assets/ChapterSeasonSkinTrait/config.1f03a.json,hek,248,240
assets/ChapterSeasonSkinTrait/index.1f03a.js,hek,2408,6521
assets/ChapterSkipGoalPopupTrait/config.95b61.json,hek,251,243
assets/ChapterSkipGoalPopupTrait/index.95b61.js,hek,1980,5153
assets/ChapterTopInfoScoreVariableSpeedBarTrait/config.0b1f4.json,hek,266,258
assets/ChapterTopInfoScoreVariableSpeedBarTrait/index.0b1f4.js,hek,1540,3988
assets/ClassBtnShowScoreTrait/config.6e336.json,hek,248,240
assets/ClassBtnShowScoreTrait/index.6e336.js,hek,1120,2493
assets/ClassClickBlankToContinueTrait/config.c6644.json,hek,256,248
assets/ClassClickBlankToContinueTrait/index.c6644.js,hek,1184,2847
assets/ClassDailySignTrait/config.5941c.json,hek,785,777
assets/ClassDailySignTrait/import/35/355d58dd-3344-40cf-96ea-a57dce79bf10.59643.json,hek,2734,19056
assets/ClassDailySignTrait/import/76/760fcfe7-5444-4d74-8996-c7af85bc1e7e.7871f.json,hek,86,78
assets/ClassDailySignTrait/import/b3/b3670bc1-91a7-4d10-b21a-e652d108c6c0.d4b0a.json,hek,353,1226
assets/ClassDailySignTrait/import/bd/bd63af9a-5627-4a8b-900e-19dec8b6de79.67f35.json,hek,217,209
assets/ClassDailySignTrait/import/d2/d2b281c3-6257-4cfb-a27c-96564c099c6d.1bb76.json,hek,746,738
assets/ClassDailySignTrait/index.5941c.js,hek,2324,6148
assets/ClassDailySignTrait/native/76/760fcfe7-5444-4d74-8996-c7af85bc1e7e.e10c7.png,hek,8866,8858
assets/ClassGameEndEncourageTrait/config.46f5a.json,hek,502,494
assets/ClassGameEndEncourageTrait/import/2c/2cb6f1bd-24cc-4d28-8817-f974eb5617f3.be272.json,hek,1923,4637
assets/ClassGameEndEncourageTrait/import/7e/7e4ea124-5df1-4172-89fa-7a23c6645e23.db747.json,hek,669,661
assets/ClassGameEndEncourageTrait/index.46f5a.js,hek,3244,13251
assets/ClassGuideConfigEnhanceTrait/config.6420f.json,hek,722,1242
assets/ClassGuideConfigEnhanceTrait/import/03/03fb6ba4-db36-4c34-bf75-f285a6d459c3.75828.json,hek,211,203
assets/ClassGuideConfigEnhanceTrait/import/1c/1cb1bc62-a432-4054-9de8-2e403111cb39.7871f.json,hek,86,78
assets/ClassGuideConfigEnhanceTrait/import/1d/1dffed7a-5e2e-414e-811c-7dfcb63976f9.e021c.json,hek,205,197
assets/ClassGuideConfigEnhanceTrait/import/26/26cc8647-2c51-40aa-b2fe-e0fb261dad19.7871f.json,hek,86,78
assets/ClassGuideConfigEnhanceTrait/import/7b/7b7ee6c7-2cfb-437f-9e50-ec6303c7ac8d.7871f.json,hek,86,78
assets/ClassGuideConfigEnhanceTrait/import/86/861fc2eb-0e93-48dd-b72b-d73b76f70da3.be52f.json,hek,116,108
assets/ClassGuideConfigEnhanceTrait/import/8a/8a3a70ef-3da7-4c6a-a60a-1190948cca4e.f6f60.json,hek,207,199
assets/ClassGuideConfigEnhanceTrait/import/93/93995777-3212-4cf2-89cd-d6d6f86f4060.e75d6.json,hek,1714,11348
assets/ClassGuideConfigEnhanceTrait/import/a3/a36a4ed8-9fae-4810-8dff-66e7efc48f00.fc4b9.json,hek,207,199
assets/ClassGuideConfigEnhanceTrait/import/ab/aba0241c-028f-4753-bf60-3b23057cdcb0.7871f.json,hek,86,78
assets/ClassGuideConfigEnhanceTrait/import/b4/b4aedf82-2aac-43a2-980b-67424987a93a.ba7d1.json,hek,822,1496
assets/ClassGuideConfigEnhanceTrait/index.6420f.js,hek,6508,27960
assets/ClassGuideConfigEnhanceTrait/native/1c/1cb1bc62-a432-4054-9de8-2e403111cb39.d7ef5.png,hek,9428,9420
assets/ClassGuideConfigEnhanceTrait/native/26/26cc8647-2c51-40aa-b2fe-e0fb261dad19.06eac.png,hek,21008,21000
assets/ClassGuideConfigEnhanceTrait/native/7b/7b7ee6c7-2cfb-437f-9e50-ec6303c7ac8d.7a4e4.png,hek,3798,3790
assets/ClassGuideConfigEnhanceTrait/native/86/861fc2eb-0e93-48dd-b72b-d73b76f70da3.e3ab4.atlas,hek,564,556
assets/ClassGuideConfigEnhanceTrait/native/ab/aba0241c-028f-4753-bf60-3b23057cdcb0.e1330.png,hek,5657,5649
assets/ClassGuideDirectThreeBlockTrait/config.bad4f.json,hek,741,733
assets/ClassGuideDirectThreeBlockTrait/import/2c/2c66211f-a7d8-4d06-9722-cea7501dd8ec.71314.json,hek,215,207
assets/ClassGuideDirectThreeBlockTrait/import/39/3909739d-59c7-4cdb-8436-e1d0a8c61006.d9cd0.json,hek,591,583
assets/ClassGuideDirectThreeBlockTrait/import/b9/b9a304fb-a1ff-48cf-af59-ccebbc59db08.7871f.json,hek,86,78
assets/ClassGuideDirectThreeBlockTrait/import/c7/c756f6e4-4ca2-4262-ac3e-15a73c40932c.f17c7.json,hek,120,112
assets/ClassGuideDirectThreeBlockTrait/import/cc/cc02cdf2-f46c-4810-90cb-a4b9bf838a7f.f71ac.json,hek,5462,56618
assets/ClassGuideDirectThreeBlockTrait/index.bad4f.js,hek,4384,15977
assets/ClassGuideDirectThreeBlockTrait/native/b9/b9a304fb-a1ff-48cf-af59-ccebbc59db08.9549b.png,hek,15649,15641
assets/ClassGuideDirectThreeBlockTrait/native/c7/c756f6e4-4ca2-4262-ac3e-15a73c40932c.2f2d4.atlas,hek,308,1043
assets/ClassGuideFixRevertTrait/config.d3a4b.json,hek,250,242
assets/ClassGuideFixRevertTrait/index.d3a4b.js,hek,1016,2318
assets/ClassLowClearScreenHelpTrait/config.692eb.json,hek,254,246
assets/ClassLowClearScreenHelpTrait/index.692eb.js,hek,3340,12840
assets/ClassModeAutoSkinAfterThreeTrait/config.8f85a.json,hek,258,250
assets/ClassModeAutoSkinAfterThreeTrait/index.8f85a.js,hek,1384,4085
assets/ClassNewbieChallengeRecommendTrait/config.a9627.json,hek,260,252
assets/ClassNewbieChallengeRecommendTrait/index.a9627.js,hek,3460,12669
assets/ClassPerfectNextNoDieTrait/config.d7c5c.json,hek,252,244
assets/ClassPerfectNextNoDieTrait/index.d7c5c.js,hek,1296,3368
assets/ClassReloadSkinTrait/config.2b3af.json,hek,246,238
assets/ClassReloadSkinTrait/index.2b3af.js,hek,2024,5188
assets/ClassShowGameCompletedTrait/config.6a889.json,hek,420,412
assets/ClassShowGameCompletedTrait/import/6e/6e10acce-0288-4737-aa4e-193efa37bc49.13c8a.json,hek,202,194
assets/ClassShowGameCompletedTrait/import/df/dfd14f9b-3c78-4a43-aec5-dcdc946d7dd4.7871f.json,hek,86,78
assets/ClassShowGameCompletedTrait/index.6a889.js,hek,1140,2652
assets/ClassShowGameCompletedTrait/native/df/dfd14f9b-3c78-4a43-aec5-dcdc946d7dd4.2ca8e.png,hek,26235,26227
assets/ClassStartBoardTrait/config.7a953.json,hek,246,238
assets/ClassStartBoardTrait/index.7a953.js,hek,2600,8196
assets/ClassTenLoopTrait/config.4e6a3.json,hek,243,235
assets/ClassTenLoopTrait/index.4e6a3.js,hek,1424,3554
assets/CleanComboChangeColorTrait/config.269cb.json,hek,252,244
assets/CleanComboChangeColorTrait/index.269cb.js,hek,2976,11583
assets/CleanSceneUseSkinPerformanceSequenceTrait/config.998ad.json,hek,267,259
assets/CleanSceneUseSkinPerformanceSequenceTrait/index.998ad.js,hek,2308,7974
assets/ClearBoardHeartRippleAniFixRevertTrait/config.df54d.json,hek,264,256
assets/ClearBoardHeartRippleAniFixRevertTrait/index.df54d.js,hek,932,2173
assets/ClearBoardRainbowEffectFixRevertTrait/config.44751.json,hek,263,255
assets/ClearBoardRainbowEffectFixRevertTrait/index.44751.js,hek,936,2184
assets/ClearInitPanelEffectFixRevertTrait/config.f10a9.json,hek,260,252
assets/ClearInitPanelEffectFixRevertTrait/index.f10a9.js,hek,1064,2524
assets/ClearScreenSkinTransitionTrait/config.3dd0e.json,hek,986,978
assets/ClearScreenSkinTransitionTrait/import/1c/1c500592-774a-4e6d-ac47-f78c2e6bf4ef.9c2df.json,hek,589,1040
assets/ClearScreenSkinTransitionTrait/import/2d/2d1e2ce1-0b84-4cce-9d71-87823d751878.a4fd9.json,hek,222,214
assets/ClearScreenSkinTransitionTrait/import/63/6391ccde-3ea4-40f8-a015-9c66bb1044d1.93a9d.json,hek,2685,29553
assets/ClearScreenSkinTransitionTrait/import/6e/6e10d2f3-c66e-4a28-9866-3099364f2c23.6d233.json,hek,1273,5361
assets/ClearScreenSkinTransitionTrait/import/7d/7d6e4f48-a9fa-4d7f-b0a6-7b62050a04c9.d0891.json,hek,482,1714
assets/ClearScreenSkinTransitionTrait/import/87/87402ec5-dd49-4c45-97a8-48328ba1b704.ff7df.json,hek,230,222
assets/ClearScreenSkinTransitionTrait/import/ad/ad8a3bcd-0e4b-4501-87bf-847a67d211e8.7871f.json,hek,86,78
assets/ClearScreenSkinTransitionTrait/index.3dd0e.js,hek,5044,19296
assets/ClearScreenSkinTransitionTrait/native/ad/ad8a3bcd-0e4b-4501-87bf-847a67d211e8.4ee1a.png,hek,11315,11307
assets/ClickStarEffectFeedbackTrait/config.54f3b.json,hek,254,246
assets/ClickStarEffectFeedbackTrait/index.54f3b.js,hek,2176,6681
assets/CollectedItemsEliminateAndReplaceTrait/config.69f1c.json,hek,630,1206
assets/CollectedItemsEliminateAndReplaceTrait/import/19/1919a0a5-9747-4f86-a205-21f0a6e97d4d.54ccd.json,hek,636,628
assets/CollectedItemsEliminateAndReplaceTrait/import/30/3058c72e-f9a3-4ce6-a03d-750cf4f1315d.7871f.json,hek,86,78
assets/CollectedItemsEliminateAndReplaceTrait/import/3f/3f9cc668-187a-4c17-8e30-dd1e7519f268.ea294.json,hek,562,554
assets/CollectedItemsEliminateAndReplaceTrait/import/52/52b27e62-f375-4bf2-b8ee-791acb833c15.f1e51.json,hek,2506,43970
assets/CollectedItemsEliminateAndReplaceTrait/import/6c/6cc8a232-3910-4e3c-baa8-be71a371043f.fb8f6.json,hek,215,207
assets/CollectedItemsEliminateAndReplaceTrait/import/91/91173a06-b1c6-4821-a915-5483716d5c5c.c5717.json,hek,775,767
assets/CollectedItemsEliminateAndReplaceTrait/import/ae/ae62a448-27d0-4902-818a-bb30fe5e209c.ed86e.json,hek,218,210
assets/CollectedItemsEliminateAndReplaceTrait/import/bd/bd44d748-b8a3-41d7-af81-29b4e631f173.7871f.json,hek,86,78
assets/CollectedItemsEliminateAndReplaceTrait/import/cb/cbfbb228-729c-489d-8a77-eb390937935a.f8294.json,hek,1588,23154
assets/CollectedItemsEliminateAndReplaceTrait/index.69f1c.js,hek,7344,29528
assets/CollectedItemsEliminateAndReplaceTrait/native/30/3058c72e-f9a3-4ce6-a03d-750cf4f1315d.f54de.png,hek,5497,5489
assets/CollectedItemsEliminateAndReplaceTrait/native/bd/bd44d748-b8a3-41d7-af81-29b4e631f173.da53d.png,hek,1439,1431
assets/CombBorderFlashingTrait/config.54740.json,hek,249,241
assets/CombBorderFlashingTrait/index.54740.js,hek,2636,7786
assets/ComboBorderEffectTrait/config.6b12f.json,hek,802,794
assets/ComboBorderEffectTrait/import/43/435a0ecc-a30e-42c9-8801-60ff1cbc7122.ff11c.json,hek,19726,274862
assets/ComboBorderEffectTrait/import/43/43a727ed-ae62-40e5-b68f-4fa6256ccc4e.7871f.json,hek,86,78
assets/ComboBorderEffectTrait/import/ae/ae22a628-e460-442e-99d1-51d98d0782eb.e8176.json,hek,398,1168
assets/ComboBorderEffectTrait/import/cb/cbbd209b-dcd2-4325-b27b-eb345c2daf6e.31bea.json,hek,228,220
assets/ComboBorderEffectTrait/import/cf/cfb406be-8de4-4096-94f5-6104af735970.50bf0.json,hek,778,770
assets/ComboBorderEffectTrait/index.6b12f.js,hek,2592,7946
assets/ComboBorderEffectTrait/native/43/43a727ed-ae62-40e5-b68f-4fa6256ccc4e.7dc20.png,hek,12009,12001
assets/ComboButterflyBorderEffectTrait/config.23d8f.json,hek,799,791
assets/ComboButterflyBorderEffectTrait/import/0d/0d289ac4-5deb-43be-b5c3-6d215dde4934.6181b.json,hek,706,4931
assets/ComboButterflyBorderEffectTrait/import/33/333607b0-4fba-4d73-9c09-31eb5f04a849.f1349.json,hek,11704,130443
assets/ComboButterflyBorderEffectTrait/import/6f/6f29a16a-5dbf-498c-ae31-8481f0c3dbb8.9eebf.json,hek,221,213
assets/ComboButterflyBorderEffectTrait/import/b9/b9ceabec-dd16-46e0-9019-8b80590103d9.b736b.json,hek,742,734
assets/ComboButterflyBorderEffectTrait/import/e1/e1dd2e47-6a21-4516-9866-5b19c9517cc9.7871f.json,hek,86,78
assets/ComboButterflyBorderEffectTrait/index.23d8f.js,hek,2244,6239
assets/ComboButterflyBorderEffectTrait/native/e1/e1dd2e47-6a21-4516-9866-5b19c9517cc9.c5e93.png,hek,82718,82710
assets/ComboHelpAlgoTrait/config.5e16c.json,hek,244,236
assets/ComboHelpAlgoTrait/index.5e16c.js,hek,1608,4621
assets/ComboRainbowFixRevertTrait/config.801e6.json,hek,252,244
assets/ComboRainbowFixRevertTrait/index.801e6.js,hek,928,2107
assets/ComboScoreRollingLimitTrait/config.3e647.json,hek,253,245
assets/ComboScoreRollingLimitTrait/index.3e647.js,hek,1568,3905
assets/ComboScoreSplitTrait/config.78478.json,hek,246,238
assets/ComboScoreSplitTrait/index.78478.js,hek,1036,2354
assets/Combo_tips_lv_block_fixTrait/config.80c9c.json,hek,254,246
assets/Combo_tips_lv_block_fixTrait/index.80c9c.js,hek,928,2127
assets/ComebackLaunchChangeSkinTrait/config.3d4dc.json,hek,255,247
assets/ComebackLaunchChangeSkinTrait/index.3d4dc.js,hek,1440,3852
assets/CommonGameEntrance1SetupTrait/config.a57ae.json,hek,885,1410
assets/CommonGameEntrance1SetupTrait/import/0a/0a1fe231-3e2d-40c4-b9cf-16b02a6c6a0b.7871f.json,hek,86,78
assets/CommonGameEntrance1SetupTrait/import/0f/0f2d5467-e869-4c6a-b5bf-6db44bb64679.7ac9d.json,hek,701,1309
assets/CommonGameEntrance1SetupTrait/import/1d/1d01bc61-fa43-4210-91f1-f772c28e6046.e10d2.json,hek,3124,14393
assets/CommonGameEntrance1SetupTrait/import/22/226a4a4c-c3ca-4e7a-8a23-589f4c4af56f.7871f.json,hek,86,78
assets/CommonGameEntrance1SetupTrait/import/54/54502c77-b442-4a8d-a456-db2af422246a.d7758.json,hek,115,107
assets/CommonGameEntrance1SetupTrait/import/55/5597228e-9568-4914-9b1e-c045a885d466.269b0.json,hek,122,114
assets/CommonGameEntrance1SetupTrait/import/59/5993c90a-3699-4963-89cc-39266a759a83.f8fff.json,hek,202,194
assets/CommonGameEntrance1SetupTrait/import/79/79e2e12d-50ef-4f2a-aaea-d0fb2cd97689.7871f.json,hek,86,78
assets/CommonGameEntrance1SetupTrait/import/87/87db3a45-ba2c-41fc-b159-5d8ddf76e4f5.7871f.json,hek,86,78
assets/CommonGameEntrance1SetupTrait/import/98/98e69d27-652f-40ea-b5d2-09e8f174a433.a4504.json,hek,204,196
assets/CommonGameEntrance1SetupTrait/import/b5/b50614b4-eed4-4867-8fac-29eda69182fb.f07f2.json,hek,1494,3128
assets/CommonGameEntrance1SetupTrait/import/da/dac2af72-6ff3-4835-b8a8-a5078da432f9.f3e2b.json,hek,215,207
assets/CommonGameEntrance1SetupTrait/import/e4/e453487a-581f-4aeb-b482-338b365422bb.671d0.json,hek,207,199
assets/CommonGameEntrance1SetupTrait/import/f7/f77d1d11-4bde-4032-94d4-6c9f0fb600a3.d4e32.json,hek,558,550
assets/CommonGameEntrance1SetupTrait/index.a57ae.js,hek,3760,13552
assets/CommonGameEntrance1SetupTrait/native/0a/0a1fe231-3e2d-40c4-b9cf-16b02a6c6a0b.49b4c.png,hek,4425,4417
assets/CommonGameEntrance1SetupTrait/native/22/226a4a4c-c3ca-4e7a-8a23-589f4c4af56f.eacc5.png,hek,3043,3035
assets/CommonGameEntrance1SetupTrait/native/54/54502c77-b442-4a8d-a456-db2af422246a.5c252.atlas,hek,679,3218
assets/CommonGameEntrance1SetupTrait/native/55/5597228e-9568-4914-9b1e-c045a885d466.a3b8d/SPARTAN-BOLD.ttf,明文,38408,38408
assets/CommonGameEntrance1SetupTrait/native/79/79e2e12d-50ef-4f2a-aaea-d0fb2cd97689.d80ee.png,hek,3789,3781
assets/CommonGameEntrance1SetupTrait/native/87/87db3a45-ba2c-41fc-b159-5d8ddf76e4f5.76d71.png,hek,38112,38104
assets/CommonGameEntrance1Trait/config.2de43.json,hek,721,1252
assets/CommonGameEntrance1Trait/import/3c/3c2df282-0b1d-478b-9eb8-3bbbc88af267.7871f.json,hek,86,78
assets/CommonGameEntrance1Trait/import/4c/4c48b9a8-5b98-4164-b01d-dd203cbf73d4.bec2b.json,hek,198,190
assets/CommonGameEntrance1Trait/import/62/62d2e9ea-3373-4e21-9f7a-1c7d25cd5aba.7871f.json,hek,86,78
assets/CommonGameEntrance1Trait/import/64/64eaa1f6-d4a7-4742-a6af-cd3d31e083f7.ba3d9.json,hek,212,204
assets/CommonGameEntrance1Trait/import/6f/6fdbef7a-b613-4197-ad8f-a2aceba3eddd.0b98f.json,hek,208,200
assets/CommonGameEntrance1Trait/import/76/76afab91-5aac-4d07-84b6-2464c551d5ce.2a205.json,hek,203,195
assets/CommonGameEntrance1Trait/import/87/8734c19f-8ae7-4f9b-b67f-d2a41532a90c.7871f.json,hek,86,78
assets/CommonGameEntrance1Trait/import/a5/a533736c-bda5-4f35-b958-17ca8084609a.15f3d.json,hek,917,909
assets/CommonGameEntrance1Trait/import/b2/b2701fe5-3705-4087-be37-c679072e28fe.9c1e9.json,hek,357,1248
assets/CommonGameEntrance1Trait/import/b2/b2fcf3bc-6c5a-4ff5-8ecc-8f291c60fe5f.e7f6a.json,hek,376,1352
assets/CommonGameEntrance1Trait/import/c7/c7ad27e1-3d62-4edd-8b6b-201e40b03b5f.4c930.json,hek,208,200
assets/CommonGameEntrance1Trait/import/d9/d90c26a9-c349-4070-bdb8-be968330ed83.7871f.json,hek,86,78
assets/CommonGameEntrance1Trait/import/ef/ef966df4-2caa-4f23-95f7-f33ea9855b4d.7871f.json,hek,86,78
assets/CommonGameEntrance1Trait/index.2de43.js,hek,2172,6234
assets/CommonGameEntrance1Trait/native/3c/3c2df282-0b1d-478b-9eb8-3bbbc88af267.97c69.png,hek,1445,1437
assets/CommonGameEntrance1Trait/native/62/62d2e9ea-3373-4e21-9f7a-1c7d25cd5aba.c5132.png,hek,4876,4868
assets/CommonGameEntrance1Trait/native/87/8734c19f-8ae7-4f9b-b67f-d2a41532a90c.3b6e8.png,hek,3102,3094
assets/CommonGameEntrance1Trait/native/d9/d90c26a9-c349-4070-bdb8-be968330ed83.30205.png,hek,2342,2334
assets/CommonGameEntrance1Trait/native/ef/ef966df4-2caa-4f23-95f7-f33ea9855b4d.23f49.png,hek,5971,5963
assets/CommonGameListDependenciesTrait/config.e5dee.json,hek,257,249
assets/CommonGameListDependenciesTrait/index.e5dee.js,hek,2184,9045
assets/CommonGameListTrait/config.169f4.json,hek,245,237
assets/CommonGameListTrait/index.169f4.js,hek,14448,87117
assets/CommonGameListUI2Trait/config.23f59.json,hek,2202,4298
assets/CommonGameListUI2Trait/import/00/00bd8f19-f9f5-4f0b-99bf-f5baac8290b7.7871f.json,hek,86,78
assets/CommonGameListUI2Trait/import/01/01feeaa5-5857-4ea1-8461-2f810f54f145.7871f.json,hek,86,78
assets/CommonGameListUI2Trait/import/02/02f6601e-24da-4dcd-8e49-0beca284db8e.00c11.json,hek,200,192
assets/CommonGameListUI2Trait/import/0d/0d75f0ae-5b7f-4324-9efc-f98ea10ace0b.7871f.json,hek,86,78
assets/CommonGameListUI2Trait/import/16/16fbfc41-a781-4620-ba65-ff9149ad13ed.61537.json,hek,204,196
assets/CommonGameListUI2Trait/import/1c/1ce1c230-2a2a-4124-ab11-bef20fe9075b.aa8d3.json,hek,205,197
assets/CommonGameListUI2Trait/import/37/3737d467-907e-4377-bd1b-5ab45e880044.b700f.json,hek,205,197
assets/CommonGameListUI2Trait/import/38/38ae4201-24f9-4458-9764-f441a9ff943a.50b53.json,hek,209,201
assets/CommonGameListUI2Trait/import/40/401ae5e5-bc8c-4740-9221-1588d94c8e12.b48d5.json,hek,205,197
assets/CommonGameListUI2Trait/import/4e/4e3aee4e-4ee8-4f3e-8537-9ce5cce8d51b.7871f.json,hek,86,78
assets/CommonGameListUI2Trait/import/4e/4eea2962-f449-41f8-ba7b-bd28830dfdbe.c21fe.json,hek,208,200
assets/CommonGameListUI2Trait/import/51/51a8dc3b-030c-41df-a72d-f0857ef475e9.7871f.json,hek,86,78
assets/CommonGameListUI2Trait/import/59/597a4067-9688-43a9-b70e-a2bc231859c6.7871f.json,hek,86,78
assets/CommonGameListUI2Trait/import/5c/5cacdca8-fe1d-4004-93f2-183d35c6c670.7871f.json,hek,86,78
assets/CommonGameListUI2Trait/import/60/60044c46-2425-4978-bfda-b81dfaaf62e9.b96c3.json,hek,814,806
assets/CommonGameListUI2Trait/import/62/62e90399-fc99-4181-828b-6e590a5b78c3.93165.json,hek,211,203
assets/CommonGameListUI2Trait/import/69/6953bc56-0dd1-4577-af05-795cbc769b6a.a7cf2.json,hek,917,909
assets/CommonGameListUI2Trait/import/6b/6b95252b-4ec5-4063-b994-af5c8bbfff53.f61fb.json,hek,207,199
assets/CommonGameListUI2Trait/import/6c/6c228ab4-b0a2-4979-b111-67ab61ec90b4.1256f.json,hek,207,199
assets/CommonGameListUI2Trait/import/71/71066335-ab53-494f-bc56-21f5dd962e97.7871f.json,hek,86,78
assets/CommonGameListUI2Trait/import/75/75b46d80-bcfe-448b-8b92-119b5bbda391.7871f.json,hek,86,78
assets/CommonGameListUI2Trait/import/77/7713241e-3272-404e-8769-67105270e046.7871f.json,hek,86,78
assets/CommonGameListUI2Trait/import/78/7838399e-2091-487d-ad65-f9ab12f0f9de.82c6b.json,hek,207,199
assets/CommonGameListUI2Trait/import/78/78516227-dc70-4bfa-b682-9bfa0a34b365.823c6.json,hek,699,1316
assets/CommonGameListUI2Trait/import/79/79307fe5-e0b5-411b-87a7-1ec5d4f31f6f.7871f.json,hek,86,78
assets/CommonGameListUI2Trait/import/7e/7eb76222-e8f3-4959-b611-d9ed3c873fa8.7871f.json,hek,86,78
assets/CommonGameListUI2Trait/import/82/820d0258-5fb5-4fe8-a1bf-b2d727d09deb.200e6.json,hek,208,200
assets/CommonGameListUI2Trait/import/82/82949ff9-9d04-464d-a6a1-202fec94bde7.8c32c.json,hek,208,200
assets/CommonGameListUI2Trait/import/82/82b06b8a-2d75-43cc-a955-6f9dae6ccbb3.3f9e8.json,hek,203,195
assets/CommonGameListUI2Trait/import/97/97d4acb0-f388-4f1a-803c-5cc798412466.7871f.json,hek,86,78
assets/CommonGameListUI2Trait/import/a1/a15337cd-1570-495f-b41d-2f79f36a38b2.7871f.json,hek,86,78
assets/CommonGameListUI2Trait/import/a2/a22bf5d6-f347-4a51-a8da-057caf8790de.7871f.json,hek,86,78
assets/CommonGameListUI2Trait/import/ae/ae75fa5d-ed7f-4d28-b361-e68d3c4d436d.f5eb3.json,hek,203,195
assets/CommonGameListUI2Trait/import/b7/b76ca2aa-ed6d-478d-bb87-496100d7556f.a657c.json,hek,210,202
assets/CommonGameListUI2Trait/import/be/be297d6e-aea1-4ea2-974a-e089a8cbe0d7.3c9a1.json,hek,210,202
assets/CommonGameListUI2Trait/import/c1/c19f6e7f-c5d4-4b5a-9085-6e34d912230f.7871f.json,hek,86,78
assets/CommonGameListUI2Trait/import/c3/c3155cd3-5895-432c-b806-d2a14c8305ac.70f5a.json,hek,205,197
assets/CommonGameListUI2Trait/import/c3/c358f7a2-fe8e-4cea-84d7-6b0a455f0926.fc3f1.json,hek,210,202
assets/CommonGameListUI2Trait/import/c8/c87f1e9d-f008-45c3-aa36-54bbe8f1c51a.8b916.json,hek,210,202
assets/CommonGameListUI2Trait/import/cc/ccfdb6af-fdec-4d02-9660-14b17f741278.7871f.json,hek,86,78
assets/CommonGameListUI2Trait/import/cd/cd89c491-dab2-4dd9-aa61-c30532a78e8a.fe092.json,hek,201,193
assets/CommonGameListUI2Trait/import/cf/cf0e5ab2-665f-49f9-a85b-6a82eec79dbd.7871f.json,hek,86,78
assets/CommonGameListUI2Trait/import/d9/d9d3c9c7-28fa-4392-8730-86459cdad37c.b8858.json,hek,212,204
assets/CommonGameListUI2Trait/import/db/db1ce959-f9c5-40b4-a9f8-d7ff9564f698.850a1.json,hek,1493,3185
assets/CommonGameListUI2Trait/import/e0/e0492321-b72e-4dd2-b134-4080f62dad6f.7871f.json,hek,86,78
assets/CommonGameListUI2Trait/import/e4/e45dda23-3095-4698-91b4-6dd3cf5794a2.7871f.json,hek,86,78
assets/CommonGameListUI2Trait/import/e9/e9f06f7f-cda1-4080-96f1-91d25eaf7b3a.1b4be.json,hek,211,203
assets/CommonGameListUI2Trait/import/ed/ed6b78ca-6405-4237-91a7-7af644c7d8bd.7871f.json,hek,86,78
assets/CommonGameListUI2Trait/import/f0/f020088e-b7bf-439d-bfc1-9ae87a41d8b4.7871f.json,hek,86,78
assets/CommonGameListUI2Trait/import/f4/f4c97401-c063-4c83-ae61-ee112070cd13.7871f.json,hek,86,78
assets/CommonGameListUI2Trait/import/fd/fda98cbd-05a1-4b81-acfa-bf7cdd77e2e1.1c087.json,hek,1074,2170
assets/CommonGameListUI2Trait/index.23f59.js,hek,6516,24394
assets/CommonGameListUI2Trait/native/00/00bd8f19-f9f5-4f0b-99bf-f5baac8290b7.3b6e8.png,hek,3102,3094
assets/CommonGameListUI2Trait/native/01/01feeaa5-5857-4ea1-8461-2f810f54f145.598d3.png,hek,445,437
assets/CommonGameListUI2Trait/native/0d/0d75f0ae-5b7f-4324-9efc-f98ea10ace0b.5c9bb.png,hek,58646,58638
assets/CommonGameListUI2Trait/native/4e/4e3aee4e-4ee8-4f3e-8537-9ce5cce8d51b.875a9.png,hek,48940,48932
assets/CommonGameListUI2Trait/native/51/51a8dc3b-030c-41df-a72d-f0857ef475e9.164de.png,hek,17479,17471
assets/CommonGameListUI2Trait/native/59/597a4067-9688-43a9-b70e-a2bc231859c6.8e898.png,hek,876,868
assets/CommonGameListUI2Trait/native/5c/5cacdca8-fe1d-4004-93f2-183d35c6c670.2abf6.png,hek,76102,76094
assets/CommonGameListUI2Trait/native/71/71066335-ab53-494f-bc56-21f5dd962e97.48849.png,hek,53958,53950
assets/CommonGameListUI2Trait/native/75/75b46d80-bcfe-448b-8b92-119b5bbda391.71cbd.png,hek,1188,1180
assets/CommonGameListUI2Trait/native/77/7713241e-3272-404e-8769-67105270e046.85443.png,hek,73549,73541
assets/CommonGameListUI2Trait/native/79/79307fe5-e0b5-411b-87a7-1ec5d4f31f6f.d3b1b.png,hek,720,712
assets/CommonGameListUI2Trait/native/7e/7eb76222-e8f3-4959-b611-d9ed3c873fa8.ca773.png,hek,58288,58280
assets/CommonGameListUI2Trait/native/97/97d4acb0-f388-4f1a-803c-5cc798412466.97c69.png,hek,1445,1437
assets/CommonGameListUI2Trait/native/a1/a15337cd-1570-495f-b41d-2f79f36a38b2.6eab9.png,hek,50889,50881
assets/CommonGameListUI2Trait/native/a2/a22bf5d6-f347-4a51-a8da-057caf8790de.0505e.png,hek,124478,124470
assets/CommonGameListUI2Trait/native/c1/c19f6e7f-c5d4-4b5a-9085-6e34d912230f.225a8.png,hek,45550,45542
assets/CommonGameListUI2Trait/native/cc/ccfdb6af-fdec-4d02-9660-14b17f741278.8b58d.png,hek,26603,26595
assets/CommonGameListUI2Trait/native/cf/cf0e5ab2-665f-49f9-a85b-6a82eec79dbd.8e6ff.png,hek,441,433
assets/CommonGameListUI2Trait/native/e0/e0492321-b72e-4dd2-b134-4080f62dad6f.29c2d.png,hek,63590,63582
assets/CommonGameListUI2Trait/native/e4/e45dda23-3095-4698-91b4-6dd3cf5794a2.30205.png,hek,2342,2334
assets/CommonGameListUI2Trait/native/ed/ed6b78ca-6405-4237-91a7-7af644c7d8bd.003ae.png,hek,92556,92548
assets/CommonGameListUI2Trait/native/f0/f020088e-b7bf-439d-bfc1-9ae87a41d8b4.82d2b.png,hek,67832,67824
assets/CommonGameListUI2Trait/native/f4/f4c97401-c063-4c83-ae61-ee112070cd13.62e97.png,hek,661,653
assets/ContinuousComboEffectTrait/config.989b4.json,hek,252,244
assets/ContinuousComboEffectTrait/index.989b4.js,hek,1884,6324
assets/ContinuousIrregularBlockGuideTrait/config.412a9.json,hek,260,252
assets/ContinuousIrregularBlockGuideTrait/index.412a9.js,hek,4396,17500
assets/CountryStrategyChapterTrait/config.3182b.json,hek,253,245
assets/CountryStrategyChapterTrait/index.3182b.js,hek,1216,2928
assets/DailyPlayTimeLimitTrait/config.17221.json,hek,249,241
assets/DailyPlayTimeLimitTrait/index.17221.js,hek,1980,6683
assets/DeleteContinuePercentLowSkinsTrait/config.093fb.json,hek,260,252
assets/DeleteContinuePercentLowSkinsTrait/index.093fb.js,hek,1224,3242
assets/DifficultProblemReminderTrait/config.bd2e8.json,hek,669,661
assets/DifficultProblemReminderTrait/import/07/07c845f8-b779-497b-93ac-47da52085b0c.786b0.json,hek,500,492
assets/DifficultProblemReminderTrait/import/55/55c5d6a6-1698-4419-9853-e93eb3b0a979.efc66.json,hek,1590,22931
assets/DifficultProblemReminderTrait/import/9a/9ae57c3f-fc39-421d-8ebc-40a5f3d55780.7871f.json,hek,86,78
assets/DifficultProblemReminderTrait/import/b8/b869beb6-c9ca-408c-a23e-cd4eefe5c6f5.951b0.json,hek,217,209
assets/DifficultProblemReminderTrait/index.bd2e8.js,hek,1796,4833
assets/DifficultProblemReminderTrait/native/9a/9ae57c3f-fc39-421d-8ebc-40a5f3d55780.14127.png,hek,38751,38743
assets/DifficultSimplePuzzlesTrait/config.a8648.json,hek,253,245
assets/DifficultSimplePuzzlesTrait/index.a8648.js,hek,1116,2713
assets/DownloadCancelTrait/config.d38e8.json,hek,1134,2093
assets/DownloadCancelTrait/import/04/04164efc-117e-4e7d-9ee6-35bce0f82543.ba00c.json,hek,208,200
assets/DownloadCancelTrait/import/06/06d6f22e-7028-4db2-8b85-9f6a11752473.7871f.json,hek,86,78
assets/DownloadCancelTrait/import/15/151aab3d-1e52-4d4c-a43a-5f41978466be.7871f.json,hek,86,78
assets/DownloadCancelTrait/import/25/2529856a-302e-4924-a881-b87c00989784.60f7a.json,hek,204,196
assets/DownloadCancelTrait/import/2e/2eef1bd7-fb36-4a85-963b-ada224a62033.7871f.json,hek,86,78
assets/DownloadCancelTrait/import/2f/2f38b5ea-f396-4551-a66b-0bc06ea1971a.c7c8d.json,hek,7860,33200
assets/DownloadCancelTrait/import/48/484c5d7e-8a8f-45ba-83d9-f97402c613f1.6878f.json,hek,203,195
assets/DownloadCancelTrait/import/52/52d2ed8b-60fc-4005-88b0-6bf6fdd1e19e.7871f.json,hek,86,78
assets/DownloadCancelTrait/import/5f/5f30b48f-2093-46d2-9a4c-2ce4fd0243d0.7871f.json,hek,86,78
assets/DownloadCancelTrait/import/63/634fe821-87d7-4906-ad70-90d2765880db.7937e.json,hek,204,196
assets/DownloadCancelTrait/import/6f/6fbc5dc3-b02c-4bd6-9360-2cd99bfe6f06.7871f.json,hek,86,78
assets/DownloadCancelTrait/import/70/7094d89e-2ddb-4a50-8d4c-e66847991c33.88f63.json,hek,205,197
assets/DownloadCancelTrait/import/84/84844a39-590b-44d0-bdd3-ffdcb0555ace.7871f.json,hek,86,78
assets/DownloadCancelTrait/import/a3/a3d86e23-3dc8-4542-ad3b-6b68fee02965.7871f.json,hek,86,78
assets/DownloadCancelTrait/import/a7/a72f81e1-7b28-4631-b1a0-5ba5a9eefd80.9239d.json,hek,205,197
assets/DownloadCancelTrait/import/bb/bbaad36c-5d3f-4b4d-bf7a-d08bedae2e64.d753c.json,hek,206,198
assets/DownloadCancelTrait/import/bd/bd69afe9-5c00-4b4f-9b42-103c0a4bc51a.7871f.json,hek,86,78
assets/DownloadCancelTrait/import/bf/bfb8d0ce-6474-4ee0-8f98-5c687965b375.599e1.json,hek,208,200
assets/DownloadCancelTrait/import/ce/ce68e8e4-f327-42dc-90c2-780205deb8be.c41d3.json,hek,2008,4454
assets/DownloadCancelTrait/import/ce/ceb90f2f-21d9-4c52-b319-b378be85f45d.7871f.json,hek,86,78
assets/DownloadCancelTrait/import/e6/e677c1fc-1563-405d-bb65-a0cad2467fe1.bc4aa.json,hek,212,204
assets/DownloadCancelTrait/import/f9/f994dcbf-276a-4e94-a92b-8014ed62099b.1cbcf.json,hek,205,197
assets/DownloadCancelTrait/index.d38e8.js,hek,4584,18374
assets/DownloadCancelTrait/native/06/06d6f22e-7028-4db2-8b85-9f6a11752473.51b15.png,hek,291,283
assets/DownloadCancelTrait/native/15/151aab3d-1e52-4d4c-a43a-5f41978466be.e7683.png,hek,986,978
assets/DownloadCancelTrait/native/2e/2eef1bd7-fb36-4a85-963b-ada224a62033.61668.png,hek,6530,6522
assets/DownloadCancelTrait/native/52/52d2ed8b-60fc-4005-88b0-6bf6fdd1e19e.d1388.png,hek,2853,2845
assets/DownloadCancelTrait/native/5f/5f30b48f-2093-46d2-9a4c-2ce4fd0243d0.7acbd.png,hek,449,441
assets/DownloadCancelTrait/native/6f/6fbc5dc3-b02c-4bd6-9360-2cd99bfe6f06.4d7c0.png,hek,4375,4367
assets/DownloadCancelTrait/native/84/84844a39-590b-44d0-bdd3-ffdcb0555ace.b2968.png,hek,9129,9121
assets/DownloadCancelTrait/native/a3/a3d86e23-3dc8-4542-ad3b-6b68fee02965.8ab3d.png,hek,826,818
assets/DownloadCancelTrait/native/bd/bd69afe9-5c00-4b4f-9b42-103c0a4bc51a.9527d.png,hek,1004,996
assets/DownloadCancelTrait/native/ce/ceb90f2f-21d9-4c52-b319-b378be85f45d.1d1d1.png,hek,5207,5199
assets/DualColorMoreColorPriorityTrait/config.6b0a5.json,hek,257,249
assets/DualColorMoreColorPriorityTrait/index.6b0a5.js,hek,2880,10950
assets/DualColorMoreWithBigBlockTrait/config.ea632.json,hek,256,248
assets/DualColorMoreWithBigBlockTrait/index.ea632.js,hek,3180,9757
assets/DualColorSkinByClearBoardTrait/config.ff5fa.json,hek,256,248
assets/DualColorSkinByClearBoardTrait/index.ff5fa.js,hek,1536,3994
assets/DualColorSkinByRoundTrait/config.76517.json,hek,251,243
assets/DualColorSkinByRoundTrait/index.76517.js,hek,1768,5695
assets/DualColorSkinByRoundWithClearSwapTrait/config.de75b.json,hek,264,256
assets/DualColorSkinByRoundWithClearSwapTrait/index.de75b.js,hek,1252,3468
assets/DualColorSkinSelectorTrait/config.1aa79.json,hek,252,244
assets/DualColorSkinSelectorTrait/index.1aa79.js,hek,6188,27753
assets/DynamicChangeResolutionScalerTrait/config.65f38.json,hek,260,252
assets/DynamicChangeResolutionScalerTrait/index.65f38.js,hek,968,2234
assets/DynamicSoundTrait/config.52e43.json,hek,806,1431
assets/DynamicSoundTrait/import/03/03b8c40b-212d-476d-8768-cc213b28a5c1.2c195.json,hek,132,124
assets/DynamicSoundTrait/import/03/03d2d0c6-ad14-4070-bf4b-2b05d735f1a5.79439.json,hek,133,125
assets/DynamicSoundTrait/import/08/08836a7a-2be7-470c-a111-b9d5b1a0a39d.607fe.json,hek,132,124
assets/DynamicSoundTrait/import/09/090609ba-db9c-4b68-850f-6db73c99767a.e6d96.json,hek,132,124
assets/DynamicSoundTrait/import/39/391618e3-e551-4ce8-a85d-6242fdc2a2ad.fd21f.json,hek,133,125
assets/DynamicSoundTrait/import/3e/3e2493bf-7f24-4bad-92a3-3ef58d74bba7.a98d7.json,hek,132,124
assets/DynamicSoundTrait/import/45/45d73f73-3796-4fe5-a1ef-a255c8c7899d.df916.json,hek,131,123
assets/DynamicSoundTrait/import/5a/5a2ec760-f1b1-4fa7-b9aa-6ca51f49902e.3c4b9.json,hek,133,125
assets/DynamicSoundTrait/import/7a/7ab14986-9c3d-40cc-a030-a848f2409b97.a8be7.json,hek,132,124
assets/DynamicSoundTrait/import/89/89587463-c26e-4f81-88a5-ddd36d4c5620.04ed5.json,hek,132,124
assets/DynamicSoundTrait/import/af/af023ae1-c411-4050-9a47-c1406e8c4b21.ecafe.json,hek,133,125
assets/DynamicSoundTrait/import/c6/c6407493-c700-451a-affb-72d59b070cc0.2ef33.json,hek,132,124
assets/DynamicSoundTrait/import/ce/ce7441bb-3297-4be6-bb43-e8dd4f46ae83.f0a8e.json,hek,132,124
assets/DynamicSoundTrait/import/d2/d27396ab-9ec4-4f7d-92af-e2e7c890619d.a7fce.json,hek,132,124
assets/DynamicSoundTrait/import/e4/e41b61bb-5e11-4517-af5b-ae1dd77775ae.4f25f.json,hek,129,121
assets/DynamicSoundTrait/import/e7/e75d1ebb-29c8-42d3-9c93-d22206d926e1.7cb12.json,hek,132,124
assets/DynamicSoundTrait/index.52e43.js,hek,1320,3295
assets/DynamicSoundTrait/native/03/03b8c40b-212d-476d-8768-cc213b28a5c1.18257.mp3,明文,23404,23404
assets/DynamicSoundTrait/native/03/03d2d0c6-ad14-4070-bf4b-2b05d735f1a5.b494e.mp3,明文,23404,23404
assets/DynamicSoundTrait/native/08/08836a7a-2be7-470c-a111-b9d5b1a0a39d.1c015.mp3,明文,23404,23404
assets/DynamicSoundTrait/native/09/090609ba-db9c-4b68-850f-6db73c99767a.37fa2.mp3,明文,23404,23404
assets/DynamicSoundTrait/native/39/391618e3-e551-4ce8-a85d-6242fdc2a2ad.be2b4.mp3,明文,23404,23404
assets/DynamicSoundTrait/native/3e/3e2493bf-7f24-4bad-92a3-3ef58d74bba7.c406c.mp3,明文,23404,23404
assets/DynamicSoundTrait/native/45/45d73f73-3796-4fe5-a1ef-a255c8c7899d.be98c.mp3,明文,5132,5132
assets/DynamicSoundTrait/native/5a/5a2ec760-f1b1-4fa7-b9aa-6ca51f49902e.4a71c.mp3,明文,23404,23404
assets/DynamicSoundTrait/native/7a/7ab14986-9c3d-40cc-a030-a848f2409b97.b1f63.mp3,明文,23404,23404
assets/DynamicSoundTrait/native/89/89587463-c26e-4f81-88a5-ddd36d4c5620.f291f.mp3,明文,23404,23404
assets/DynamicSoundTrait/native/af/af023ae1-c411-4050-9a47-c1406e8c4b21.a2251.mp3,明文,23404,23404
assets/DynamicSoundTrait/native/c6/c6407493-c700-451a-affb-72d59b070cc0.809bc.mp3,明文,23404,23404
assets/DynamicSoundTrait/native/ce/ce7441bb-3297-4be6-bb43-e8dd4f46ae83.ee3bc.mp3,明文,23404,23404
assets/DynamicSoundTrait/native/d2/d27396ab-9ec4-4f7d-92af-e2e7c890619d.5e6f8.mp3,明文,23404,23404
assets/DynamicSoundTrait/native/e4/e41b61bb-5e11-4517-af5b-ae1dd77775ae.44c27.mp3,明文,5550,5550
assets/DynamicSoundTrait/native/e7/e75d1ebb-29c8-42d3-9c93-d22206d926e1.28cd3.mp3,明文,23404,23404
assets/Ecpm_player_high_deathTrait/config.b004d.json,hek,253,245
assets/Ecpm_player_high_deathTrait/index.b004d.js,hek,2084,7736
assets/ElectronicSoundTrait/config.9cd3a.json,hek,622,1064
assets/ElectronicSoundTrait/import/08/08dd1a21-8860-441b-946b-7b4a44969b81.67965.json,hek,132,124
assets/ElectronicSoundTrait/import/13/1348ca26-a252-498d-b4a7-8c38a0ae3e97.151eb.json,hek,134,126
assets/ElectronicSoundTrait/import/32/32cacbd6-b71f-4729-86a7-7e5084dc8b10.6fb21.json,hek,133,125
assets/ElectronicSoundTrait/import/4d/4d9f8ce6-e1e6-4125-a9f1-5817b896de67.c7e28.json,hek,133,125
assets/ElectronicSoundTrait/import/5b/5b972eaf-0a79-4b22-ab1c-776cbacdb90f.1096e.json,hek,133,125
assets/ElectronicSoundTrait/import/5e/5e724708-8e42-4d86-8afb-f9762e206f60.331c7.json,hek,133,125
assets/ElectronicSoundTrait/import/7d/7d877e92-e056-462b-9490-fef7a56b50b9.81411.json,hek,133,125
assets/ElectronicSoundTrait/import/ca/ca10ede5-b066-436c-b5f8-8365dcff8830.2e8fc.json,hek,133,125
assets/ElectronicSoundTrait/import/cd/cda37364-068c-40dc-abbc-a92c9ebb9a3e.5292b.json,hek,133,125
assets/ElectronicSoundTrait/import/d1/d153a91b-392a-4c41-bc50-00b3502ad4a6.25c40.json,hek,133,125
assets/ElectronicSoundTrait/import/ed/eda2db23-1f0b-4632-9a43-02787e1cabcc.28fd6.json,hek,131,123
assets/ElectronicSoundTrait/index.9cd3a.js,hek,1232,2949
assets/ElectronicSoundTrait/native/08/08dd1a21-8860-441b-946b-7b4a44969b81.358b1.mp3,明文,19343,19343
assets/ElectronicSoundTrait/native/13/1348ca26-a252-498d-b4a7-8c38a0ae3e97.69f03.mp3,明文,31046,31046
assets/ElectronicSoundTrait/native/32/32cacbd6-b71f-4729-86a7-7e5084dc8b10.3068b.mp3,明文,26866,26866
assets/ElectronicSoundTrait/native/4d/4d9f8ce6-e1e6-4125-a9f1-5817b896de67.33fa5.mp3,明文,26448,26448
assets/ElectronicSoundTrait/native/5b/5b972eaf-0a79-4b22-ab1c-776cbacdb90f.4a532.mp3,明文,23940,23940
assets/ElectronicSoundTrait/native/5e/5e724708-8e42-4d86-8afb-f9762e206f60.ba725.mp3,明文,26448,26448
assets/ElectronicSoundTrait/native/7d/7d877e92-e056-462b-9490-fef7a56b50b9.bde06.mp3,明文,28956,28956
assets/ElectronicSoundTrait/native/ca/ca10ede5-b066-436c-b5f8-8365dcff8830.deb5e.mp3,明文,28538,28538
assets/ElectronicSoundTrait/native/cd/cda37364-068c-40dc-abbc-a92c9ebb9a3e.6d9a9.mp3,明文,26866,26866
assets/ElectronicSoundTrait/native/d1/d153a91b-392a-4c41-bc50-00b3502ad4a6.385b8.mp3,明文,24776,24776
assets/ElectronicSoundTrait/native/ed/eda2db23-1f0b-4632-9a43-02787e1cabcc.1f985.mp3,明文,4714,4714
assets/EliminateEncourageRainbowLikesTrait/config.254af.json,hek,851,843
assets/EliminateEncourageRainbowLikesTrait/import/89/89571815-34da-44e4-9586-46f6606f38ac.e886d.json,hek,1407,7727
assets/EliminateEncourageRainbowLikesTrait/import/ad/ad44a21d-eaa9-4352-aa96-0773945c73f6.7871f.json,hek,86,78
assets/EliminateEncourageRainbowLikesTrait/import/cc/cce1f057-34b5-4bf3-99fd-20c851eb72bb.2d8b4.json,hek,746,738
assets/EliminateEncourageRainbowLikesTrait/import/e2/e2808a79-382a-46a1-99ec-a3365171ea4b.fbba2.json,hek,229,221
assets/EliminateEncourageRainbowLikesTrait/import/fe/fe70be2e-b842-41ae-9ef0-8c2e59be0eed.86aa2.json,hek,13489,427328
assets/EliminateEncourageRainbowLikesTrait/index.254af.js,hek,1724,4701
assets/EliminateEncourageRainbowLikesTrait/native/ad/ad44a21d-eaa9-4352-aa96-0773945c73f6.ac267.png,hek,132921,132913
assets/EndlessNextLevelButtonShowRedTrait/config.9b707.json,hek,418,410
assets/EndlessNextLevelButtonShowRedTrait/import/46/460c1a79-0078-441d-a57b-90d79f38ca0b.f9475.json,hek,506,498
assets/EndlessNextLevelButtonShowRedTrait/index.9b707.js,hek,1972,4927
assets/EndlessRevivePopupReduceTrait/config.7a1bf.json,hek,255,247
assets/EndlessRevivePopupReduceTrait/index.7a1bf.js,hek,1320,4040
assets/EntropyIncreaseBeforeFillReduceTimeTrait/config.47539.json,hek,266,258
assets/EntropyIncreaseBeforeFillReduceTimeTrait/index.47539.js,hek,1444,4181
assets/EntropyIncreaseBeforeFillWithRoundTrait/config.30817.json,hek,265,257
assets/EntropyIncreaseBeforeFillWithRoundTrait/index.30817.js,hek,1404,4147
assets/FatalPuzzleDeathCompensationTrait/config.f57bb.json,hek,259,251
assets/FatalPuzzleDeathCompensationTrait/index.f57bb.js,hek,1292,3062
assets/FirstEightGamesFixedBoardTrait/config.e6491.json,hek,256,248
assets/FirstEightGamesFixedBoardTrait/index.e6491.js,hek,2092,8394
assets/FirstHardTimeFactorTrait/config.a03a4.json,hek,250,242
assets/FirstHardTimeFactorTrait/index.a03a4.js,hek,1032,2337
assets/FixLastStageRepeatDisplayTrait/config.da570.json,hek,256,248
assets/FixLastStageRepeatDisplayTrait/index.da570.js,hek,1092,2709
assets/FixOriginChapterConfigCacheTrait/config.c481e.json,hek,258,250
assets/FixOriginChapterConfigCacheTrait/index.c481e.js,hek,1252,3741
assets/FourRegionLargeFillTrait/config.44533.json,hek,250,242
assets/FourRegionLargeFillTrait/index.44533.js,hek,1620,5057
assets/G0_FHomeRightDownEntryTrait/config.5d945.json,hek,253,245
assets/G0_FHomeRightDownEntryTrait/index.5d945.js,hek,1636,4467
assets/G0_FMedalLeftEntryTrait/config.f2152.json,hek,249,241
assets/G0_FMedalLeftEntryTrait/index.f2152.js,hek,1604,4319
assets/G0_FXingYunListEntryTrait/config.8d6a3.json,hek,251,243
assets/G0_FXingYunListEntryTrait/index.8d6a3.js,hek,2280,6784
assets/G0_FXingYunParallelEntryTrait/config.0fbe3.json,hek,255,247
assets/G0_FXingYunParallelEntryTrait/index.0fbe3.js,hek,1672,4603
assets/GBMDataCompatibility/config.a0a2f.json,hek,246,238
assets/GBMDataCompatibility/index.a0a2f.js,hek,1752,4919
assets/GameOverButtonShineEffectTrait/config.394a9.json,hek,770,762
assets/GameOverButtonShineEffectTrait/import/0b/0b41636a-81b3-466c-8fc8-7d78c073afdd.05f83.json,hek,643,3430
assets/GameOverButtonShineEffectTrait/import/bd/bdaeba78-1d4a-415b-a599-d293d57523c1.823d2.json,hek,685,4222
assets/GameOverButtonShineEffectTrait/import/d3/d307c560-4b20-41b7-84ad-875ab0e85541.d174c.json,hek,211,203
assets/GameOverButtonShineEffectTrait/import/d7/d7b17d9d-64ef-4451-861f-4b89deb120c0.cb5c8.json,hek,673,665
assets/GameOverButtonShineEffectTrait/import/d8/d8dcde65-cf6b-4b7b-8962-02e7dfdf0d62.7871f.json,hek,86,78
assets/GameOverButtonShineEffectTrait/index.394a9.js,hek,1528,4848
assets/GameOverButtonShineEffectTrait/native/d8/d8dcde65-cf6b-4b7b-8962-02e7dfdf0d62.f0b4c.png,hek,40499,40491
assets/GameOverShowMiniGameIconTrait/config.ee8b2.json,hek,702,1161
assets/GameOverShowMiniGameIconTrait/import/05/05580aed-f764-4f37-bc33-501eaaa2e939.7871f.json,hek,86,78
assets/GameOverShowMiniGameIconTrait/import/49/49cec575-a37e-4f29-9512-64ec5da0f20b.066fe.json,hek,205,197
assets/GameOverShowMiniGameIconTrait/import/58/587687b1-223c-45b7-afff-9e24f46503af.70399.json,hek,207,199
assets/GameOverShowMiniGameIconTrait/import/5a/5ab5b3c2-8ba2-4440-ae86-d0a956fe220d.7871f.json,hek,86,78
assets/GameOverShowMiniGameIconTrait/import/8c/8c39f44b-dcda-42b5-b220-e9947bbc9c9b.4b8b7.json,hek,1569,3465
assets/GameOverShowMiniGameIconTrait/import/9c/9cc8857f-48f4-437a-a735-b81b21823d3d.c0a9e.json,hek,199,191
assets/GameOverShowMiniGameIconTrait/import/a8/a880645f-9f15-4547-a6e2-27d40b822499.28ad9.json,hek,202,194
assets/GameOverShowMiniGameIconTrait/import/e5/e5512b1f-ac44-4495-b341-d47927b6f088.7871f.json,hek,86,78
assets/GameOverShowMiniGameIconTrait/import/ed/ede42fb8-fcea-4e7e-b0d0-e5fdb9923a01.7871f.json,hek,86,78
assets/GameOverShowMiniGameIconTrait/index.ee8b2.js,hek,4488,20930
assets/GameOverShowMiniGameIconTrait/native/05/05580aed-f764-4f37-bc33-501eaaa2e939.c8ef6.png,hek,3567,3559
assets/GameOverShowMiniGameIconTrait/native/5a/5ab5b3c2-8ba2-4440-ae86-d0a956fe220d.bddd6.png,hek,3845,3837
assets/GameOverShowMiniGameIconTrait/native/e5/e5512b1f-ac44-4495-b341-d47927b6f088.46513.png,hek,3589,3581
assets/GameOverShowMiniGameIconTrait/native/ed/ede42fb8-fcea-4e7e-b0d0-e5fdb9923a01.c5eed.png,hek,4839,4831
assets/GameWinShowTarotWordTrait/config.e7869.json,hek,411,403
assets/GameWinShowTarotWordTrait/import/de/dec9e394-9725-4899-8569-716e872a9316.8f70c.json,hek,850,842
assets/GameWinShowTarotWordTrait/index.e7869.js,hek,1752,5323
assets/GuideBoardAndBlockAdjustTrait/config.fbb37.json,hek,255,247
assets/GuideBoardAndBlockAdjustTrait/index.fbb37.js,hek,1420,3914
assets/GuideFirstLifeFixRevertTrait/config.d0ee2.json,hek,254,246
assets/GuideFirstLifeFixRevertTrait/index.d0ee2.js,hek,920,2104
assets/HelpChangeSkinTrait/config.e9f85.json,hek,245,237
assets/HelpChangeSkinTrait/index.e9f85.js,hek,1532,4209
assets/HideEarlyRoundGoalTrait/config.7522f.json,hek,249,241
assets/HideEarlyRoundGoalTrait/index.7522f.js,hek,1440,4183
assets/HideSettingBeforeChapterTrait/config.1e3f3.json,hek,255,247
assets/HideSettingBeforeChapterTrait/index.1e3f3.js,hek,980,2258
assets/HighComboScoringRuleAdjustTrait/config.93262.json,hek,257,249
assets/HighComboScoringRuleAdjustTrait/index.93262.js,hek,980,2212
assets/HighScoreShowRainbowColorTrait/config.d9a64.json,hek,942,2111
assets/HighScoreShowRainbowColorTrait/import/27/2760977f-67ac-4ead-b328-8939a4970749.c33eb.json,hek,232,224
assets/HighScoreShowRainbowColorTrait/import/2d/2d9fe0d3-9c6b-4601-a305-8a9ef0ef3bee.7871f.json,hek,86,78
assets/HighScoreShowRainbowColorTrait/import/33/3334710d-8e80-47d2-8709-ce6bb2c4693c.7871f.json,hek,86,78
assets/HighScoreShowRainbowColorTrait/import/41/417a780b-04dd-466b-bdb6-0aa5906a5a75.7e43b.json,hek,231,223
assets/HighScoreShowRainbowColorTrait/import/47/470e1e70-17de-4bba-ba97-1918f241c536.93a38.json,hek,223,215
assets/HighScoreShowRainbowColorTrait/import/4c/4c243bee-493c-4d97-b3f3-d5b913c0c6fd.97583.json,hek,240,232
assets/HighScoreShowRainbowColorTrait/import/57/57795d14-3356-43bc-a300-46a40bc6f7b8.7871f.json,hek,86,78
assets/HighScoreShowRainbowColorTrait/import/57/57d99f53-c6fe-4549-bb4d-a6578d9ab53c.d052c.json,hek,235,227
assets/HighScoreShowRainbowColorTrait/import/5e/5ee4db4f-85ac-4b62-9aa3-7f800ff3dc6d.7871f.json,hek,86,78
assets/HighScoreShowRainbowColorTrait/import/64/64ea8981-e7a9-41df-856f-61dc2d6e34b2.a1c7e.json,hek,450,442
assets/HighScoreShowRainbowColorTrait/import/71/71740381-c01c-4bf8-a99d-3cac8573a14a.b4c82.json,hek,844,1664
assets/HighScoreShowRainbowColorTrait/import/a0/a0b170c5-3ae4-4baf-b714-ee91760b7ac5.7871f.json,hek,86,78
assets/HighScoreShowRainbowColorTrait/import/c1/c1f5ed32-b3b0-4663-ab0f-36d54b311af9.cb530.json,hek,226,218
assets/HighScoreShowRainbowColorTrait/import/c2/c2358314-f72f-40ae-b0d5-4dee3e0550ba.70b2b.json,hek,2757,36802
assets/HighScoreShowRainbowColorTrait/import/c7/c7568dca-a68e-460b-8184-b5195c4627c5.7871f.json,hek,86,78
assets/HighScoreShowRainbowColorTrait/import/c7/c77088e1-210e-48b9-befa-96e093df85ba.718d6.json,hek,800,1589
assets/HighScoreShowRainbowColorTrait/import/d0/d004b1a5-d93c-4940-90b6-9c01fe25408e.10b6b.json,hek,7419,98074
assets/HighScoreShowRainbowColorTrait/import/d0/d0799a94-fd8b-4cf7-b3a1-58fb57027a68.ed3fa.json,hek,1091,5420
assets/HighScoreShowRainbowColorTrait/index.d9a64.js,hek,2908,12713
assets/HighScoreShowRainbowColorTrait/native/2d/2d9fe0d3-9c6b-4601-a305-8a9ef0ef3bee.94dd0.png,hek,1838,1830
assets/HighScoreShowRainbowColorTrait/native/33/3334710d-8e80-47d2-8709-ce6bb2c4693c.5a565.png,hek,185823,185815
assets/HighScoreShowRainbowColorTrait/native/57/57795d14-3356-43bc-a300-46a40bc6f7b8.5d788.png,hek,185808,185800
assets/HighScoreShowRainbowColorTrait/native/5e/5ee4db4f-85ac-4b62-9aa3-7f800ff3dc6d.88de8.png,hek,4357,4349
assets/HighScoreShowRainbowColorTrait/native/a0/a0b170c5-3ae4-4baf-b714-ee91760b7ac5.a0f76.png,hek,3240,3232
assets/HighScoreShowRainbowColorTrait/native/c7/c7568dca-a68e-460b-8184-b5195c4627c5.d8811.png,hek,42410,42402
assets/HighScoreWithoutScrollingTrait/config.48cb5.json,hek,256,248
assets/HighScoreWithoutScrollingTrait/index.48cb5.js,hek,968,2211
assets/HighWeightBoardAroundBlinkTrait/config.14125.json,hek,695,687
assets/HighWeightBoardAroundBlinkTrait/import/47/47612e0c-9594-453b-ad0c-22ecaf49a173.63a8d.json,hek,382,1094
assets/HighWeightBoardAroundBlinkTrait/import/9e/9ec2d7ed-9d04-4f70-a432-ec7357251f11.7871f.json,hek,86,78
assets/HighWeightBoardAroundBlinkTrait/import/a7/a73a78bf-ff3b-49e3-87f6-088cf5398701.27a1a.json,hek,223,215
assets/HighWeightBoardAroundBlinkTrait/import/f4/f4826384-15f7-42b2-9b7d-673ca9930a13.44e67.json,hek,22118,632103
assets/HighWeightBoardAroundBlinkTrait/index.14125.js,hek,2576,7598
assets/HighWeightBoardAroundBlinkTrait/native/9e/9ec2d7ed-9d04-4f70-a432-ec7357251f11.774a7.png,hek,6923,6915
assets/HighestScoretriggersSkinReplacementTrait/config.a54bd.json,hek,266,258
assets/HighestScoretriggersSkinReplacementTrait/index.a54bd.js,hek,1304,3536
assets/ImmEnterGameWhenFirstPlayChapterTrait/config.bf39e.json,hek,263,255
assets/ImmEnterGameWhenFirstPlayChapterTrait/index.bf39e.js,hek,984,2354
assets/InitBoardDiffChangeTrait/config.8f400.json,hek,250,242
assets/InitBoardDiffChangeTrait/index.8f400.js,hek,1328,3773
assets/InitBoardIsDailyGameNumTrait/config.97cca.json,hek,254,246
assets/InitBoardIsDailyGameNumTrait/index.97cca.js,hek,1508,4513
assets/InitBoardToleranceTrait/config.8620b.json,hek,249,241
assets/InitBoardToleranceTrait/index.8620b.js,hek,1220,3378
assets/IrregularGuideTrait/config.abcbf.json,hek,245,237
assets/IrregularGuideTrait/index.abcbf.js,hek,1212,2901
assets/IsDelayHardAndRandomNodieProblemTime3Trait/config.517da.json,hek,268,260
assets/IsDelayHardAndRandomNodieProblemTime3Trait/index.517da.js,hek,2216,8384
assets/IsDelayHardAndRandomNodieProblemTime4Trait/config.36a63.json,hek,268,260
assets/IsDelayHardAndRandomNodieProblemTime4Trait/index.36a63.js,hek,2032,7201
assets/IsIncreaseEnjoyCollectionColorfulTrait/config.1bd57.json,hek,827,819
assets/IsIncreaseEnjoyCollectionColorfulTrait/import/14/14ba0d32-77c9-4d7e-888f-103a4cd60a0d.e878c.json,hek,2007,49198
assets/IsIncreaseEnjoyCollectionColorfulTrait/import/23/239e0b42-d281-473b-a3e3-f94076651af7.7871f.json,hek,86,78
assets/IsIncreaseEnjoyCollectionColorfulTrait/import/ac/ac7544da-d1db-4bf0-8926-c551d321a7f2.1656d.json,hek,1108,17918
assets/IsIncreaseEnjoyCollectionColorfulTrait/import/db/dbf258a7-dfc2-46fb-be30-6cef236ac817.06d05.json,hek,592,1049
assets/IsIncreaseEnjoyCollectionColorfulTrait/import/f7/f78a309d-b6d9-48e0-b4c4-f45f74a179c1.765fe.json,hek,225,217
assets/IsIncreaseEnjoyCollectionColorfulTrait/index.1bd57.js,hek,3532,12080
assets/IsIncreaseEnjoyCollectionColorfulTrait/native/23/239e0b42-d281-473b-a3e3-f94076651af7.6cefa.png,hek,35875,35867
assets/IsOpen5RemoveSurfaceCtrTrait/config.fa6c3.json,hek,343,335
assets/IsOpen5RemoveSurfaceCtrTrait/import/4f/4f6119bd-8cc2-439a-9179-10b476c1fa69.61b99.json,hek,11697,92129
assets/IsOpen5RemoveSurfaceCtrTrait/index.fa6c3.js,hek,2384,7032
assets/IsOpenBlockRefreshFlashEffectTrait/config.c9436.json,hek,797,789
assets/IsOpenBlockRefreshFlashEffectTrait/import/16/1687ce27-c4fd-4c8d-acb3-97ed5cb6020c.2b06d.json,hek,787,4165
assets/IsOpenBlockRefreshFlashEffectTrait/import/4a/4afc74e0-d9ea-4a16-a1fa-fc04054c2ab0.f5106.json,hek,740,732
assets/IsOpenBlockRefreshFlashEffectTrait/import/b7/b7760de0-8e36-4963-b44b-5981ebf2a55e.9b381.json,hek,2004,18268
assets/IsOpenBlockRefreshFlashEffectTrait/import/bc/bc4dfba8-ba37-48c3-b691-b5a5aaf30dc9.a9304.json,hek,220,212
assets/IsOpenBlockRefreshFlashEffectTrait/import/d0/d071a9cd-89dc-4e3a-b962-dd2b1b5336bb.7871f.json,hek,86,78
assets/IsOpenBlockRefreshFlashEffectTrait/index.c9436.js,hek,1452,3499
assets/IsOpenBlockRefreshFlashEffectTrait/native/d0/d071a9cd-89dc-4e3a-b962-dd2b1b5336bb.b372f.png,hek,107126,107118
assets/IsOpenChangeSkinByColorPoolTrait/config.14955.json,hek,258,250
assets/IsOpenChangeSkinByColorPoolTrait/index.14955.js,hek,1444,3828
assets/IsOpenChangeSkinFixTrait/config.0a147.json,hek,250,242
assets/IsOpenChangeSkinFixTrait/index.0a147.js,hek,924,2100
assets/IsOpenChangeSkinNotChangeBlockTrait/config.cf3bd.json,hek,261,253
assets/IsOpenChangeSkinNotChangeBlockTrait/index.cf3bd.js,hek,1292,3483
assets/IsOpenChapterRemoveCollectionTrait/config.4a8ae.json,hek,260,252
assets/IsOpenChapterRemoveCollectionTrait/index.4a8ae.js,hek,1232,2979
assets/IsOpenClassDeathFrontBlockRedCircleEffTrait/config.24ba0.json,hek,687,679
assets/IsOpenClassDeathFrontBlockRedCircleEffTrait/import/09/0945211b-75a1-49e1-bd38-dc59f21741b8.b50ca.json,hek,198,190
assets/IsOpenClassDeathFrontBlockRedCircleEffTrait/import/39/39ae5635-152c-4beb-8ad5-c72f3e9569b2.982bf.json,hek,200,192
assets/IsOpenClassDeathFrontBlockRedCircleEffTrait/import/ca/cafc3397-3409-4e87-8591-ddddfb535fc0.7871f.json,hek,86,78
assets/IsOpenClassDeathFrontBlockRedCircleEffTrait/import/cb/cbca8709-ebea-4424-9579-541b6a057f4e.7871f.json,hek,86,78
assets/IsOpenClassDeathFrontBlockRedCircleEffTrait/import/e3/e3b730cd-ab5c-4e5e-acd4-d5099eaf5301.442d5.json,hek,811,1676
assets/IsOpenClassDeathFrontBlockRedCircleEffTrait/index.24ba0.js,hek,2232,7170
assets/IsOpenClassDeathFrontBlockRedCircleEffTrait/native/ca/cafc3397-3409-4e87-8591-ddddfb535fc0.57b05.png,hek,4714,4706
assets/IsOpenClassDeathFrontBlockRedCircleEffTrait/native/cb/cbca8709-ebea-4424-9579-541b6a057f4e.5e92a.png,hek,1270,1262
assets/IsOpenClassDeathFrontRedLightEffTrait/config.d83e1.json,hek,686,678
assets/IsOpenClassDeathFrontRedLightEffTrait/import/0e/0e5f9e8c-ee3c-425d-adc9-4e6c9d6ec193.d2283.json,hek,830,1722
assets/IsOpenClassDeathFrontRedLightEffTrait/import/47/47357e6f-7c5a-460c-9cd7-70cf17528e65.7871f.json,hek,86,78
assets/IsOpenClassDeathFrontRedLightEffTrait/import/d5/d5f9726b-6c6b-4c51-80cf-4a681a794396.9a910.json,hek,199,191
assets/IsOpenClassDeathFrontRedLightEffTrait/import/e4/e4ba2d34-3d5b-4e71-973d-b38f7b563d17.c89c0.json,hek,197,189
assets/IsOpenClassDeathFrontRedLightEffTrait/import/ee/eebaca4e-9f04-4d40-bb9d-cb3ae0f03fe7.7871f.json,hek,86,78
assets/IsOpenClassDeathFrontRedLightEffTrait/index.d83e1.js,hek,2992,9838
assets/IsOpenClassDeathFrontRedLightEffTrait/native/47/47357e6f-7c5a-460c-9cd7-70cf17528e65.f8ef8.png,hek,300,292
assets/IsOpenClassDeathFrontRedLightEffTrait/native/ee/eebaca4e-9f04-4d40-bb9d-cb3ae0f03fe7.cb85e.png,hek,360,352
assets/IsOpenClassEncourageEffectByScoreFixRevertTrait/config.ee316.json,hek,273,265
assets/IsOpenClassEncourageEffectByScoreFixRevertTrait/index.ee316.js,hek,948,2260
assets/IsOpenClassMusicBlockTrait/config.6e3db.json,hek,2175,4262
assets/IsOpenClassMusicBlockTrait/import/06/06d43046-0eeb-49f3-8d6e-a3930772e93a.7871f.json,hek,86,78
assets/IsOpenClassMusicBlockTrait/import/07/070d8abd-6213-4ad3-a0e3-abb1379b9247.5eebc.json,hek,1014,1006
assets/IsOpenClassMusicBlockTrait/import/0d/0d693237-ba01-490c-82d5-a3e409a63c9a.7e64a.json,hek,191,183
assets/IsOpenClassMusicBlockTrait/import/0d/0d9fc658-ec13-4f5d-acb1-ef8fda584a0c.1495a.json,hek,609,1116
assets/IsOpenClassMusicBlockTrait/import/12/1267f16b-486a-41bb-baa9-748c6051b83a.6eb39.json,hek,191,183
assets/IsOpenClassMusicBlockTrait/import/17/17eb56e1-5b90-4508-adf7-4d31e92a34af.efb25.json,hek,128,120
assets/IsOpenClassMusicBlockTrait/import/1f/1fa600a1-f1b2-460c-90cf-28be3afe0ce6.0fa26.json,hek,206,198
assets/IsOpenClassMusicBlockTrait/import/23/2353e7b5-609d-449e-a83e-c1baa668f95a.7871f.json,hek,86,78
assets/IsOpenClassMusicBlockTrait/import/24/2482d6f2-8220-46d4-907a-f85059bb441c.42075.json,hek,128,120
assets/IsOpenClassMusicBlockTrait/import/2e/2e01bf47-03f2-4359-b08b-9985a13a4bde.7871f.json,hek,86,78
assets/IsOpenClassMusicBlockTrait/import/34/34ec8d30-094c-4b97-ae7e-e5e08707593a.7871f.json,hek,86,78
assets/IsOpenClassMusicBlockTrait/import/36/36a6448b-33dc-41b4-a3a8-547ecd6c9b04.7871f.json,hek,86,78
assets/IsOpenClassMusicBlockTrait/import/38/38f6bd43-87d5-44ad-96f3-2a92763aa6cf.7871f.json,hek,86,78
assets/IsOpenClassMusicBlockTrait/import/44/44848c26-6222-45a6-9fab-64e387feb19c.9b7dd.json,hek,191,183
assets/IsOpenClassMusicBlockTrait/import/44/449073fe-58c6-4cf8-a121-9176964aabf3.7871f.json,hek,86,78
assets/IsOpenClassMusicBlockTrait/import/46/468d953c-9596-458d-9181-cfa85d9d794a.61578.json,hek,5672,26315
assets/IsOpenClassMusicBlockTrait/import/46/46ab2f34-5a24-4cbb-b6e5-7deb9b2d9f4b.7871f.json,hek,86,78
assets/IsOpenClassMusicBlockTrait/import/47/47329906-85c8-4873-bb1e-96095b3b0300.81ff0.json,hek,582,574
assets/IsOpenClassMusicBlockTrait/import/47/473df2ca-7603-431b-9dbc-0db6dcdc9d9a.a1490.json,hek,128,120
assets/IsOpenClassMusicBlockTrait/import/49/4978d306-7d59-4198-be81-79c1af4e3757.90940.json,hek,128,120
assets/IsOpenClassMusicBlockTrait/import/50/50e8936c-aa5f-4c04-a344-eda8cd3bfcca.2f6ee.json,hek,128,120
assets/IsOpenClassMusicBlockTrait/import/52/527d80f7-696b-4001-acdd-38ef6343815b.30a90.json,hek,191,183
assets/IsOpenClassMusicBlockTrait/import/6d/6d118dba-d297-4a30-bee8-58acc9c754ba.89c03.json,hek,128,120
assets/IsOpenClassMusicBlockTrait/import/71/71c4e72d-2919-4a9b-8090-65dad7fa8945.25db1.json,hek,128,120
assets/IsOpenClassMusicBlockTrait/import/7b/7b4ac9e6-e976-48fa-b4a6-b3dc3408fd6b.0bf19.json,hek,131,123
assets/IsOpenClassMusicBlockTrait/import/7c/7c6fdb62-e24f-406d-850f-3fb301171917.9db77.json,hek,222,214
assets/IsOpenClassMusicBlockTrait/import/7f/7f8631bf-03f3-4a9a-8781-5eb49303e348.91a0a.json,hek,128,120
assets/IsOpenClassMusicBlockTrait/import/80/808ef780-a2af-4a9e-bf06-134c067d7590.4236a.json,hek,128,120
assets/IsOpenClassMusicBlockTrait/import/8a/8a3c82c2-cb57-4fd6-9345-1033a67e9d41.74a3f.json,hek,128,120
assets/IsOpenClassMusicBlockTrait/import/8b/8b9606c4-6d14-47cd-8c0b-7e8c2ddfa4b4.42be5.json,hek,128,120
assets/IsOpenClassMusicBlockTrait/import/92/92e55ac9-9d87-419c-8072-6acd9675aafa.ec147.json,hek,210,202
assets/IsOpenClassMusicBlockTrait/import/9a/9a2cbbed-b5a7-43d5-a7d2-81df4289c620.e2f79.json,hek,128,120
assets/IsOpenClassMusicBlockTrait/import/9a/9a544ebd-c36a-4e71-8a94-b6d46cdf7501.801ac.json,hek,222,214
assets/IsOpenClassMusicBlockTrait/import/9c/9c25511d-7442-4157-8082-9683f1ab7c15.0320a.json,hek,128,120
assets/IsOpenClassMusicBlockTrait/import/9f/9f63ca17-d226-4fa4-80c4-8b200886a1f1.71ce1.json,hek,128,120
assets/IsOpenClassMusicBlockTrait/import/a7/a78043c5-c66f-4127-a3f2-bf6499e4e579.aa8c2.json,hek,128,120
assets/IsOpenClassMusicBlockTrait/import/ac/ac87ad9d-31a2-4937-8276-1a00947be848.bfbc9.json,hek,128,120
assets/IsOpenClassMusicBlockTrait/import/ad/adc0a2e0-786c-462c-a2d2-a85da04c4870.c6268.json,hek,128,120
assets/IsOpenClassMusicBlockTrait/import/ad/adf79082-eddf-4dcc-bb89-07e4603fc7a6.3acf9.json,hek,128,120
assets/IsOpenClassMusicBlockTrait/import/b0/b0a57eac-81fc-4d4d-bfea-f9f1f9b4ee34.6997e.json,hek,191,183
assets/IsOpenClassMusicBlockTrait/import/b6/b67727fd-ebb3-405c-9dd0-9e8d2fb931a8.7871f.json,hek,86,78
assets/IsOpenClassMusicBlockTrait/import/ba/bab2e100-ecb2-4f21-9e63-4f3f91c8481d.eafb4.json,hek,191,183
assets/IsOpenClassMusicBlockTrait/import/bb/bb59ef98-6feb-48c7-afbe-c719ad5db79c.f4b9d.json,hek,194,186
assets/IsOpenClassMusicBlockTrait/import/c2/c26bf8be-7331-4ae9-a708-2b194ee7469e.7871f.json,hek,86,78
assets/IsOpenClassMusicBlockTrait/import/c4/c4724524-9f9d-49e2-8ea5-48cd659317ad.2709d.json,hek,191,183
assets/IsOpenClassMusicBlockTrait/import/c9/c993f9c4-22ff-4f2e-90c6-567932475621.2ffb4.json,hek,128,120
assets/IsOpenClassMusicBlockTrait/import/d0/d0f128f2-3362-4a7b-b03a-6c2cf4d07764.dd18a.json,hek,6513,19393
assets/IsOpenClassMusicBlockTrait/import/e1/e119c56e-2838-4169-9996-c2b6a6667ea4.7871f.json,hek,86,78
assets/IsOpenClassMusicBlockTrait/import/ef/efbce863-be9c-48b0-bbed-a75f4330df1f.9699f.json,hek,128,120
assets/IsOpenClassMusicBlockTrait/import/f0/f025ea46-1ef9-4912-99b3-1dd8ac27b127.7871f.json,hek,86,78
assets/IsOpenClassMusicBlockTrait/import/f1/f1c0c6a8-83d7-4d34-8df3-0db2146d16d7.a3259.json,hek,870,4244
assets/IsOpenClassMusicBlockTrait/import/f9/f983d46b-cc9e-4c4c-baa4-ac0635430b90.b8943.json,hek,457,1381
assets/IsOpenClassMusicBlockTrait/import/fa/fa1c9199-bbf1-4939-afb5-7f278e57a887.5960c.json,hek,128,120
assets/IsOpenClassMusicBlockTrait/index.6e3db.js,hek,4364,20076
assets/IsOpenClassMusicBlockTrait/native/06/06d43046-0eeb-49f3-8d6e-a3930772e93a.54c7a.png,hek,70194,70186
assets/IsOpenClassMusicBlockTrait/native/17/17eb56e1-5b90-4508-adf7-4d31e92a34af.0cdc4.mp3,明文,13234,13234
assets/IsOpenClassMusicBlockTrait/native/23/2353e7b5-609d-449e-a83e-c1baa668f95a.8a907.png,hek,1625,1617
assets/IsOpenClassMusicBlockTrait/native/24/2482d6f2-8220-46d4-907a-f85059bb441c.5c1f4.mp3,明文,13234,13234
assets/IsOpenClassMusicBlockTrait/native/2e/2e01bf47-03f2-4359-b08b-9985a13a4bde.2636c.png,hek,1474,1466
assets/IsOpenClassMusicBlockTrait/native/34/34ec8d30-094c-4b97-ae7e-e5e08707593a.7d101.png,hek,824,816
assets/IsOpenClassMusicBlockTrait/native/36/36a6448b-33dc-41b4-a3a8-547ecd6c9b04.5d6a5.png,hek,1632,1624
assets/IsOpenClassMusicBlockTrait/native/38/38f6bd43-87d5-44ad-96f3-2a92763aa6cf.be37c.png,hek,1548,1540
assets/IsOpenClassMusicBlockTrait/native/44/449073fe-58c6-4cf8-a121-9176964aabf3.7d153.png,hek,5553,5545
assets/IsOpenClassMusicBlockTrait/native/46/46ab2f34-5a24-4cbb-b6e5-7deb9b2d9f4b.d42ea.png,hek,1533,1525
assets/IsOpenClassMusicBlockTrait/native/47/473df2ca-7603-431b-9dbc-0db6dcdc9d9a.7e0d8.mp3,明文,13234,13234
assets/IsOpenClassMusicBlockTrait/native/49/4978d306-7d59-4198-be81-79c1af4e3757.52270.mp3,明文,13234,13234
assets/IsOpenClassMusicBlockTrait/native/50/50e8936c-aa5f-4c04-a344-eda8cd3bfcca.ff313.mp3,明文,13234,13234
assets/IsOpenClassMusicBlockTrait/native/6d/6d118dba-d297-4a30-bee8-58acc9c754ba.10ffb.mp3,明文,13234,13234
assets/IsOpenClassMusicBlockTrait/native/71/71c4e72d-2919-4a9b-8090-65dad7fa8945.a0256.mp3,明文,13234,13234
assets/IsOpenClassMusicBlockTrait/native/7b/7b4ac9e6-e976-48fa-b4a6-b3dc3408fd6b.1898f.mp3,明文,24490,24490
assets/IsOpenClassMusicBlockTrait/native/7f/7f8631bf-03f3-4a9a-8781-5eb49303e348.20277.mp3,明文,13234,13234
assets/IsOpenClassMusicBlockTrait/native/80/808ef780-a2af-4a9e-bf06-134c067d7590.9a71b.mp3,明文,13234,13234
assets/IsOpenClassMusicBlockTrait/native/8a/8a3c82c2-cb57-4fd6-9345-1033a67e9d41.a9b9c.mp3,明文,13234,13234
assets/IsOpenClassMusicBlockTrait/native/8b/8b9606c4-6d14-47cd-8c0b-7e8c2ddfa4b4.b48fb.mp3,明文,13234,13234
assets/IsOpenClassMusicBlockTrait/native/9a/9a2cbbed-b5a7-43d5-a7d2-81df4289c620.1737a.mp3,明文,13234,13234
assets/IsOpenClassMusicBlockTrait/native/9c/9c25511d-7442-4157-8082-9683f1ab7c15.62266.mp3,明文,13234,13234
assets/IsOpenClassMusicBlockTrait/native/9f/9f63ca17-d226-4fa4-80c4-8b200886a1f1.a620c.mp3,明文,13234,13234
assets/IsOpenClassMusicBlockTrait/native/a7/a78043c5-c66f-4127-a3f2-bf6499e4e579.ceda6.mp3,明文,13234,13234
assets/IsOpenClassMusicBlockTrait/native/ac/ac87ad9d-31a2-4937-8276-1a00947be848.8f23d.mp3,明文,13234,13234
assets/IsOpenClassMusicBlockTrait/native/ad/adc0a2e0-786c-462c-a2d2-a85da04c4870.d6fe4.mp3,明文,13234,13234
assets/IsOpenClassMusicBlockTrait/native/ad/adf79082-eddf-4dcc-bb89-07e4603fc7a6.1aad7.mp3,明文,13234,13234
assets/IsOpenClassMusicBlockTrait/native/b6/b67727fd-ebb3-405c-9dd0-9e8d2fb931a8.8fa2e.png,hek,1186,1178
assets/IsOpenClassMusicBlockTrait/native/c2/c26bf8be-7331-4ae9-a708-2b194ee7469e.86e18.png,hek,1678,1670
assets/IsOpenClassMusicBlockTrait/native/c9/c993f9c4-22ff-4f2e-90c6-567932475621.583c3.mp3,明文,13234,13234
assets/IsOpenClassMusicBlockTrait/native/e1/e119c56e-2838-4169-9996-c2b6a6667ea4.fec84.png,hek,205,197
assets/IsOpenClassMusicBlockTrait/native/ef/efbce863-be9c-48b0-bbed-a75f4330df1f.c7ae6.mp3,明文,13234,13234
assets/IsOpenClassMusicBlockTrait/native/f0/f025ea46-1ef9-4912-99b3-1dd8ac27b127.1c6bf.png,hek,1641,1633
assets/IsOpenClassMusicBlockTrait/native/fa/fa1c9199-bbf1-4939-afb5-7f278e57a887.95062.mp3,明文,13234,13234
assets/IsOpenClassNewUserDefaultBoardTrait/config.323d2.json,hek,261,253
assets/IsOpenClassNewUserDefaultBoardTrait/index.323d2.js,hek,1868,4500
assets/IsOpenComboInterruptionStrategyBlockLimitTrait/config.49272.json,hek,272,264
assets/IsOpenComboInterruptionStrategyBlockLimitTrait/index.49272.js,hek,1456,3758
assets/IsOpenEliminateMoreThanThreeShockAndSoundTrait/config.876a6.json,hek,352,344
assets/IsOpenEliminateMoreThanThreeShockAndSoundTrait/import/db/dbd0df79-419d-445a-a3d3-0a6e5c883c91.00873.json,hek,129,121
assets/IsOpenEliminateMoreThanThreeShockAndSoundTrait/index.876a6.js,hek,1200,2882
assets/IsOpenEliminateMoreThanThreeShockAndSoundTrait/native/db/dbd0df79-419d-445a-a3d3-0a6e5c883c91.64204.mp3,明文,24186,24186
assets/IsOpenEliminateSpecialEffectTrait/config.54442.json,hek,811,803
assets/IsOpenEliminateSpecialEffectTrait/import/2a/2a414b96-0328-428e-8299-359477868e29.7867d.json,hek,942,934
assets/IsOpenEliminateSpecialEffectTrait/import/72/7212356b-29ab-494c-8495-7c091dae69e7.497b8.json,hek,220,212
assets/IsOpenEliminateSpecialEffectTrait/import/94/94f67d8c-1960-4282-9e19-c2c6205be22b.abd8a.json,hek,3100,27317
assets/IsOpenEliminateSpecialEffectTrait/import/b8/b899ae7d-b64b-4103-94f9-517d18e5e64c.7871f.json,hek,86,78
assets/IsOpenEliminateSpecialEffectTrait/import/f9/f9849d73-4f1d-44f0-8730-5afea169f92a.d3cb0.json,hek,945,937
assets/IsOpenEliminateSpecialEffectTrait/index.54442.js,hek,1780,5699
assets/IsOpenEliminateSpecialEffectTrait/native/b8/b899ae7d-b64b-4103-94f9-517d18e5e64c.655cd.png,hek,15238,15230
assets/IsOpenEstablishCollectTargetsTrait/config.7bd6a.json,hek,629,621
assets/IsOpenEstablishCollectTargetsTrait/import/10/1073def1-a420-4ec5-82f8-c51972643763.10bbf.json,hek,1163,2507
assets/IsOpenEstablishCollectTargetsTrait/import/a8/a8b6500b-54be-4b56-87c1-3d5fc8039e28.7871f.json,hek,86,78
assets/IsOpenEstablishCollectTargetsTrait/import/e8/e8aef292-363a-4389-bdfc-e2600928cf62.9c463.json,hek,225,217
assets/IsOpenEstablishCollectTargetsTrait/index.7bd6a.js,hek,2736,10033
assets/IsOpenEstablishCollectTargetsTrait/native/a8/a8b6500b-54be-4b56-87c1-3d5fc8039e28.210a1.png,hek,8809,8801
assets/IsOpenFirstDayReplayGuideBoardTrait/config.7f7b3.json,hek,261,253
assets/IsOpenFirstDayReplayGuideBoardTrait/index.7f7b3.js,hek,1624,4953
assets/IsOpenRainbowPutBlocksEffectFixRevertTrait/config.bef9a.json,hek,268,260
assets/IsOpenRainbowPutBlocksEffectFixRevertTrait/index.bef9a.js,hek,900,2112
assets/IsOpenReplaceToRandomNoDieByTimeOutTrait/config.f5c51.json,hek,266,258
assets/IsOpenReplaceToRandomNoDieByTimeOutTrait/index.f5c51.js,hek,1276,3199
assets/IsOpenResultClickEffectTrait/config.1f398.json,hek,759,751
assets/IsOpenResultClickEffectTrait/import/03/0330387c-6835-47d9-bda1-10d5209d9da6.7c70c.json,hek,733,10073
assets/IsOpenResultClickEffectTrait/import/58/58a0e5d4-4d2f-4e2f-8f91-98f9aaabc4e7.a4fb7.json,hek,925,917
assets/IsOpenResultClickEffectTrait/import/5a/5a2f78bc-ec4d-4bb7-94e2-ac77d6e2d090.bbc37.json,hek,346,1137
assets/IsOpenResultClickEffectTrait/import/aa/aa2e417c-2767-4eb5-a366-5c4b4e094476.dfde5.json,hek,211,203
assets/IsOpenResultClickEffectTrait/import/bd/bda2cd4e-815c-4e47-98e4-e4d48b28603c.7871f.json,hek,86,78
assets/IsOpenResultClickEffectTrait/index.1f398.js,hek,2960,12528
assets/IsOpenResultClickEffectTrait/native/bd/bda2cd4e-815c-4e47-98e4-e4d48b28603c.d0a90.png,hek,40163,40155
assets/IsOpenScoreFlyInnFeedbackTrait/config.09762.json,hek,353,345
assets/IsOpenScoreFlyInnFeedbackTrait/import/2c/2ca0d760-8c8a-4fa2-ab0a-3f7bacaef527.cd892.json,hek,532,524
assets/IsOpenScoreFlyInnFeedbackTrait/index.09762.js,hek,1856,4713
assets/IsOpenShowUpdateTipWhenLaunchTrait/config.62628.json,hek,260,252
assets/IsOpenShowUpdateTipWhenLaunchTrait/index.62628.js,hek,1628,4176
assets/IsOpenTravelFailChangeDefaultBoardTrait/config.e3e59.json,hek,265,257
assets/IsOpenTravelFailChangeDefaultBoardTrait/index.e3e59.js,hek,2616,7582
assets/IsShowAdPicReplaceOfGuideTrait/config.7b192.json,hek,1352,2653
assets/IsShowAdPicReplaceOfGuideTrait/import/13/1378fdab-185b-44cb-ad63-5135aa7afdac.4b3a3.json,hek,86,78
assets/IsShowAdPicReplaceOfGuideTrait/import/1c/1c59ed69-89f8-4c03-b9ee-7459f7f5e6fe.7871f.json,hek,86,78
assets/IsShowAdPicReplaceOfGuideTrait/import/35/35cc6c5b-4a26-41cf-a8f9-1ef111f73d38.53851.json,hek,131,123
assets/IsShowAdPicReplaceOfGuideTrait/import/40/40984008-9250-49a5-acb1-e5015cde86b1.2e628.json,hek,219,211
assets/IsShowAdPicReplaceOfGuideTrait/import/45/45ddd4ac-3d7d-4e2d-96d4-ab55064f9469.3607f.json,hek,374,366
assets/IsShowAdPicReplaceOfGuideTrait/import/48/48485468-a6db-470c-8760-04476d38c19d.a4e5d.json,hek,207,199
assets/IsShowAdPicReplaceOfGuideTrait/import/49/4995e4a8-5cf9-4fe2-923d-e366bc505a9a.a4ce2.json,hek,130,122
assets/IsShowAdPicReplaceOfGuideTrait/import/4a/4a7230e7-1463-43f7-9426-fa92f8876325.7572f.json,hek,215,207
assets/IsShowAdPicReplaceOfGuideTrait/import/5f/5fbb41f6-d367-4f6b-8a4e-de60333ff83d.7871f.json,hek,86,78
assets/IsShowAdPicReplaceOfGuideTrait/import/61/61b80a9c-6269-44ab-8e7e-4f00ac332dd0.7871f.json,hek,86,78
assets/IsShowAdPicReplaceOfGuideTrait/import/69/69725d5b-4d14-4b0c-a809-70e6fafa83f1.f4aad.json,hek,203,195
assets/IsShowAdPicReplaceOfGuideTrait/import/6e/6e900516-91fd-4f12-b83b-d4fa31b28692.2a36d.json,hek,210,202
assets/IsShowAdPicReplaceOfGuideTrait/import/7e/7e076cf2-0434-48a6-b819-75d3c9fd906a.d97a4.json,hek,2528,5811
assets/IsShowAdPicReplaceOfGuideTrait/import/99/9999e93d-aee8-4bb0-ac96-24e63964bf88.7871f.json,hek,86,78
assets/IsShowAdPicReplaceOfGuideTrait/import/b2/b26cce6b-ae74-482d-8027-8bdac8b56c9c.4b3a3.json,hek,86,78
assets/IsShowAdPicReplaceOfGuideTrait/import/b4/b43533f6-c163-46b1-bafc-7da39c12b1b1.ba037.json,hek,125,117
assets/IsShowAdPicReplaceOfGuideTrait/import/bb/bb3c143a-6c77-48fd-bcfd-9e9d117fe552.7871f.json,hek,86,78
assets/IsShowAdPicReplaceOfGuideTrait/import/bb/bb7a3566-95f9-455f-ba2c-57366049be2e.5d9ec.json,hek,217,209
assets/IsShowAdPicReplaceOfGuideTrait/import/d7/d7399725-51f0-4d5b-bf2f-4eb3d3400319.4b3a3.json,hek,86,78
assets/IsShowAdPicReplaceOfGuideTrait/import/dc/dc3dc558-caf9-48e4-88eb-5e4508956713.ca846.json,hek,222,214
assets/IsShowAdPicReplaceOfGuideTrait/import/e1/e1b368fc-e663-4c6b-9bbc-0450a5d724f8.14ff8.json,hek,587,1453
assets/IsShowAdPicReplaceOfGuideTrait/import/e9/e9ebb3fd-5ac9-4589-b108-e2bfb6a7f4ff.4b3a3.json,hek,86,78
assets/IsShowAdPicReplaceOfGuideTrait/import/eb/ebe67a48-75c5-4a21-a637-a047b829e8ca.7871f.json,hek,86,78
assets/IsShowAdPicReplaceOfGuideTrait/import/ed/ed1fa97a-a016-4115-9026-29a57b1a56d8.3c6bf.json,hek,211,203
assets/IsShowAdPicReplaceOfGuideTrait/import/f8/f89c8d2a-197f-400d-b41d-4a9413a3b9d7.89121.json,hek,207,199
assets/IsShowAdPicReplaceOfGuideTrait/import/fc/fcb747de-6e4a-4a09-8253-c7b22a1b3fe7.14a46.json,hek,216,208
assets/IsShowAdPicReplaceOfGuideTrait/index.7b192.js,hek,3804,14032
assets/IsShowAdPicReplaceOfGuideTrait/native/13/1378fdab-185b-44cb-ad63-5135aa7afdac.b723d.jpg,hek,73281,73273
assets/IsShowAdPicReplaceOfGuideTrait/native/1c/1c59ed69-89f8-4c03-b9ee-7459f7f5e6fe.ffdcd.png,hek,1199,1191
assets/IsShowAdPicReplaceOfGuideTrait/native/35/35cc6c5b-4a26-41cf-a8f9-1ef111f73d38.2c5fe.mp3,明文,31692,31692
assets/IsShowAdPicReplaceOfGuideTrait/native/49/4995e4a8-5cf9-4fe2-923d-e366bc505a9a.47131.mp3,明文,2085,2085
assets/IsShowAdPicReplaceOfGuideTrait/native/5f/5fbb41f6-d367-4f6b-8a4e-de60333ff83d.d686e.png,hek,126,118
assets/IsShowAdPicReplaceOfGuideTrait/native/61/61b80a9c-6269-44ab-8e7e-4f00ac332dd0.9f3dc.png,hek,266,258
assets/IsShowAdPicReplaceOfGuideTrait/native/99/9999e93d-aee8-4bb0-ac96-24e63964bf88.47aba.png,hek,1269,1261
assets/IsShowAdPicReplaceOfGuideTrait/native/b2/b26cce6b-ae74-482d-8027-8bdac8b56c9c.7ee10.jpg,hek,71588,71580
assets/IsShowAdPicReplaceOfGuideTrait/native/b4/b43533f6-c163-46b1-bafc-7da39c12b1b1.506e8.mp3,明文,3336,3336
assets/IsShowAdPicReplaceOfGuideTrait/native/bb/bb3c143a-6c77-48fd-bcfd-9e9d117fe552.cfebc.png,hek,329,321
assets/IsShowAdPicReplaceOfGuideTrait/native/d7/d7399725-51f0-4d5b-bf2f-4eb3d3400319.22155.jpg,hek,66881,66873
assets/IsShowAdPicReplaceOfGuideTrait/native/e9/e9ebb3fd-5ac9-4589-b108-e2bfb6a7f4ff.f9a06.jpg,hek,74046,74038
assets/IsShowAdPicReplaceOfGuideTrait/native/eb/ebe67a48-75c5-4a21-a637-a047b829e8ca.b5944.png,hek,2363,2355
assets/IsShowTravelShangZengFillInTrait/config.e2322.json,hek,258,250
assets/IsShowTravelShangZengFillInTrait/index.e2322.js,hek,1124,2974
assets/IsSpeedUpReviveAnimTrait/config.f9047.json,hek,250,242
assets/IsSpeedUpReviveAnimTrait/index.f9047.js,hek,1076,2590
assets/JAEJ_11545_lowEndDevice_clearBoardTrait/config.165f9.json,hek,265,257
assets/JAEJ_11545_lowEndDevice_clearBoardTrait/index.165f9.js,hek,1372,3564
assets/JAEJ_11555_lowEndDevice_initialBoardTrait/config.ca4d2.json,hek,267,259
assets/JAEJ_11555_lowEndDevice_initialBoardTrait/index.ca4d2.js,hek,2188,5630
assets/JewelGameReturnOptimizeTrait/config.7e72c.json,hek,693,685
assets/JewelGameReturnOptimizeTrait/import/02/02a3a2f3-4e67-48ed-8afa-db55d16f5bb5.68316.json,hek,200,192
assets/JewelGameReturnOptimizeTrait/import/6e/6e2787db-a32a-4c87-9889-ce022c1c7310.7871f.json,hek,86,78
assets/JewelGameReturnOptimizeTrait/import/9a/9a5f6ef7-cd70-417f-a84f-24859089647a.4bbe2.json,hek,655,1336
assets/JewelGameReturnOptimizeTrait/import/c8/c867551f-fa18-49e9-a3d8-c1bc00fdf96c.7871f.json,hek,86,78
assets/JewelGameReturnOptimizeTrait/import/e8/e89cc810-3dc1-43ff-ab03-025fb7c59abb.cf951.json,hek,197,189
assets/JewelGameReturnOptimizeTrait/index.7e72c.js,hek,2588,8497
assets/JewelGameReturnOptimizeTrait/native/6e/6e2787db-a32a-4c87-9889-ce022c1c7310.d9f8b.png,hek,1191,1183
assets/JewelGameReturnOptimizeTrait/native/c8/c867551f-fa18-49e9-a3d8-c1bc00fdf96c.c57ee.png,hek,3317,3309
assets/JewelGameUnlockEncourageTrait/config.16c04.json,hek,713,705
assets/JewelGameUnlockEncourageTrait/import/30/30b891f6-c326-43b5-b946-f43ecf780a1c.00761.json,hek,858,850
assets/JewelGameUnlockEncourageTrait/import/3a/3a44699c-abdb-4c84-9dfb-72ccf32a4c73.7871f.json,hek,86,78
assets/JewelGameUnlockEncourageTrait/import/48/48c06f31-bef4-4be4-8393-ff5a8b83ca61.75af4.json,hek,206,198
assets/JewelGameUnlockEncourageTrait/import/68/68bbfcad-597e-41f1-8542-ac020f2cdaaf.825ef.json,hek,5065,32343
assets/JewelGameUnlockEncourageTrait/import/a6/a6ba3622-ca09-4cdf-948d-6340f08f8444.b19f4.json,hek,109,101
assets/JewelGameUnlockEncourageTrait/index.16c04.js,hek,2984,9859
assets/JewelGameUnlockEncourageTrait/native/3a/3a44699c-abdb-4c84-9dfb-72ccf32a4c73.f74cf.png,hek,80288,80280
assets/JewelGameUnlockEncourageTrait/native/a6/a6ba3622-ca09-4cdf-948d-6340f08f8444.8f358.atlas,hek,565,2333
assets/LDDisableMoreTimeToOpreateStateTrait/config.195c3.json,hek,262,254
assets/LDDisableMoreTimeToOpreateStateTrait/index.195c3.js,hek,1112,2780
assets/LDDisableSmallBlockLimitTrait/config.9c0f1.json,hek,255,247
assets/LDDisableSmallBlockLimitTrait/index.9c0f1.js,hek,1108,2731
assets/LDDisableSnapHotZoneTrait/config.d7b30.json,hek,251,243
assets/LDDisableSnapHotZoneTrait/index.d7b30.js,hek,1044,2505
assets/LDEnableCloseRefreshPanelAniTrait/config.8ffcd.json,hek,259,251
assets/LDEnableCloseRefreshPanelAniTrait/index.8ffcd.js,hek,1020,2355
assets/LDEnableDynamicChangeResolutionScalerTrait/config.f1cf7.json,hek,268,260
assets/LDEnableDynamicChangeResolutionScalerTrait/index.f1cf7.js,hek,1020,2418
assets/LDEnableEndlessRevivePopupReduceTrait/config.8d108.json,hek,263,255
assets/LDEnableEndlessRevivePopupReduceTrait/index.8d108.js,hek,1024,2383
assets/LDEnableInterstitialAdOptimizerTrait/config.e48f9.json,hek,262,254
assets/LDEnableInterstitialAdOptimizerTrait/index.e48f9.js,hek,1004,2383
assets/LDEnableJAEJ_11545_lowEndDevice_clearBoardTrait/config.f93ed.json,hek,273,265
assets/LDEnableJAEJ_11545_lowEndDevice_clearBoardTrait/index.f93ed.js,hek,1016,2449
assets/LDEnableMainUIDiffFrameRateDiffTrait/config.c8bf1.json,hek,262,254
assets/LDEnableMainUIDiffFrameRateDiffTrait/index.c8bf1.js,hek,976,2246
assets/LDEnableOpenChangeContinueHardTrait/config.eb62b.json,hek,261,253
assets/LDEnableOpenChangeContinueHardTrait/index.eb62b.js,hek,1020,2369
assets/LDEnableRepaceSomeFillInToMultFillinTrait/config.53d61.json,hek,267,259
assets/LDEnableRepaceSomeFillInToMultFillinTrait/index.53d61.js,hek,980,2276
assets/LDEnableReplaceSomeAlgoToRandomNoDieTrait/config.23810.json,hek,267,259
assets/LDEnableReplaceSomeAlgoToRandomNoDieTrait/index.23810.js,hek,988,2276
assets/LDEnableReplaceToRandomNoDieByTimeOutTrait/config.52dd6.json,hek,268,260
assets/LDEnableReplaceToRandomNoDieByTimeOutTrait/index.52dd6.js,hek,984,2282
assets/LDEnableTimeOutToRandomNoDieTrait/config.aead2.json,hek,259,251
assets/LDEnableTimeOutToRandomNoDieTrait/index.aead2.js,hek,976,2228
assets/LWMLevelMotivationDisplayFixRevertTrait/config.f3610.json,hek,265,257
assets/LWMLevelMotivationDisplayFixRevertTrait/index.f3610.js,hek,924,2174
assets/LaunchBrandAdDisplayTrait/config.3ba92.json,hek,703,1181
assets/LaunchBrandAdDisplayTrait/import/06/06051004-08c4-499f-abdd-a191903260a4.96f3d.json,hek,198,190
assets/LaunchBrandAdDisplayTrait/import/09/09d556b3-d351-4c7c-992c-401e81895f5c.b64c4.json,hek,191,183
assets/LaunchBrandAdDisplayTrait/import/1a/1acddec3-3b54-489e-952e-e96200ba5790.b0583.json,hek,203,195
assets/LaunchBrandAdDisplayTrait/import/37/375195e1-6f98-4c93-ba1f-5fb300b38528.4b3a3.json,hek,86,78
assets/LaunchBrandAdDisplayTrait/import/56/568f5290-4377-4c63-9da3-b101be149e0b.7871f.json,hek,86,78
assets/LaunchBrandAdDisplayTrait/import/74/7406f3a3-96da-41ec-a158-170a88828f5e.dfb12.json,hek,1035,2117
assets/LaunchBrandAdDisplayTrait/import/8a/8abe9ab2-f94a-4255-8134-bd179aceb521.99eb2.json,hek,197,189
assets/LaunchBrandAdDisplayTrait/import/8e/8e98f25b-7d09-4bb2-bc1a-5e1bb156022c.15322.json,hek,193,185
assets/LaunchBrandAdDisplayTrait/import/cc/ccd0a93d-17d3-47cc-ac51-08f4316af48c.7871f.json,hek,86,78
assets/LaunchBrandAdDisplayTrait/import/e0/e0f8ce40-cfe7-4ba2-8962-0e03d1d32e01.7871f.json,hek,86,78
assets/LaunchBrandAdDisplayTrait/import/f2/f22f5a74-84d8-4ffb-a8c6-87ee887a3187.7f515.json,hek,210,202
assets/LaunchBrandAdDisplayTrait/import/f4/f4ead02b-f3a7-4a66-be0b-e467990e309d.7871f.json,hek,86,78
assets/LaunchBrandAdDisplayTrait/import/fb/fbae7aac-0ef4-48bb-9983-49634570d5f5.7871f.json,hek,86,78
assets/LaunchBrandAdDisplayTrait/index.3ba92.js,hek,2524,8664
assets/LaunchBrandAdDisplayTrait/native/37/375195e1-6f98-4c93-ba1f-5fb300b38528.c32ad.jpg,hek,12167,12159
assets/LaunchBrandAdDisplayTrait/native/56/568f5290-4377-4c63-9da3-b101be149e0b.46ef2.png,hek,332650,332642
assets/LaunchBrandAdDisplayTrait/native/cc/ccd0a93d-17d3-47cc-ac51-08f4316af48c.8ffef.png,hek,13834,13826
assets/LaunchBrandAdDisplayTrait/native/e0/e0f8ce40-cfe7-4ba2-8962-0e03d1d32e01.4eec5.png,hek,896,888
assets/LaunchBrandAdDisplayTrait/native/f4/f4ead02b-f3a7-4a66-be0b-e467990e309d.ddbfd.png,hek,1848,1840
assets/LaunchBrandAdDisplayTrait/native/fb/fbae7aac-0ef4-48bb-9983-49634570d5f5.c8b34.png,hek,12916,12908
assets/LaunchBrandAdFrequencyTrait/config.5ee98.json,hek,253,245
assets/LaunchBrandAdFrequencyTrait/index.5ee98.js,hek,1140,3297
assets/LaunchBrandAdJumpTrait/config.86f11.json,hek,248,240
assets/LaunchBrandAdJumpTrait/index.86f11.js,hek,868,1954
assets/LaunchBrandAdRetentionTrait/config.a3311.json,hek,253,245
assets/LaunchBrandAdRetentionTrait/index.a3311.js,hek,1072,2519
assets/LaunchBrandAdSkipTrait/config.9fa88.json,hek,248,240
assets/LaunchBrandAdSkipTrait/index.9fa88.js,hek,868,1954
assets/LevelBlockCollectAdjustTrait/config.38d88.json,hek,254,246
assets/LevelBlockCollectAdjustTrait/index.38d88.js,hek,2788,8456
assets/LevelDifficultyDisplayTrait/config.61bc3.json,hek,914,906
assets/LevelDifficultyDisplayTrait/import/28/280f25b4-f1fb-4d44-9393-d09dabaa4735.a1471.json,hek,214,206
assets/LevelDifficultyDisplayTrait/import/5d/5d2c3f65-4ce6-4c97-ab21-9f8a587e568a.a4d13.json,hek,216,208
assets/LevelDifficultyDisplayTrait/import/8d/8ddd9c14-927e-460b-9af7-a0aeb5aaaa8e.7871f.json,hek,86,78
assets/LevelDifficultyDisplayTrait/import/90/908e274e-4a44-4f82-a785-3e64e81ec94c.b7fbf.json,hek,214,206
assets/LevelDifficultyDisplayTrait/import/9d/9d4f7827-d64b-4bc1-9ec4-8a27f2963b7e.7871f.json,hek,86,78
assets/LevelDifficultyDisplayTrait/import/a3/a3ca6d5f-cfe2-4c18-9b3b-925693c652d6.7871f.json,hek,86,78
assets/LevelDifficultyDisplayTrait/import/ba/ba75baea-f53d-4fa5-81fc-8fe3495dbf9c.fcc44.json,hek,708,700
assets/LevelDifficultyDisplayTrait/index.61bc3.js,hek,2276,6583
assets/LevelDifficultyDisplayTrait/native/8d/8ddd9c14-927e-460b-9af7-a0aeb5aaaa8e.a79f0.png,hek,4142,4134
assets/LevelDifficultyDisplayTrait/native/9d/9d4f7827-d64b-4bc1-9ec4-8a27f2963b7e.a9a17.png,hek,3853,3845
assets/LevelDifficultyDisplayTrait/native/a3/a3ca6d5f-cfe2-4c18-9b3b-925693c652d6.e3388.png,hek,4347,4339
assets/LevelDifficultyResetTrait/config.b18fc.json,hek,251,243
assets/LevelDifficultyResetTrait/index.b18fc.js,hek,1384,3486
assets/LightColorSkinEnlargeBlockChangeShadowTrait/config.5cd6f.json,hek,422,414
assets/LightColorSkinEnlargeBlockChangeShadowTrait/import/7c/7cc4f47f-e7bd-4f9f-9058-95697211d58f.7871f.json,hek,86,78
assets/LightColorSkinEnlargeBlockChangeShadowTrait/import/90/90d935d0-4914-406c-a4c8-f9da8f2b694c.46508.json,hek,195,187
assets/LightColorSkinEnlargeBlockChangeShadowTrait/index.5cd6f.js,hek,2936,8860
assets/LightColorSkinEnlargeBlockChangeShadowTrait/native/7c/7cc4f47f-e7bd-4f9f-9058-95697211d58f.db922.png,hek,660,652
assets/LikeEffectOptimizationTrait/config.dd84f.json,hek,253,245
assets/LikeEffectOptimizationTrait/index.dd84f.js,hek,2572,9829
assets/LimitComboScoreToTenTrait/config.e66b1.json,hek,251,243
assets/LimitComboScoreToTenTrait/index.e66b1.js,hek,964,2177
assets/LowDeviceBlockFullEffectTouchTrait/config.e9730.json,hek,260,252
assets/LowDeviceBlockFullEffectTouchTrait/index.e9730.js,hek,1284,3969
assets/LowDevice_RepaceSomeFillInToMultFillinTrait/config.2befa.json,hek,269,261
assets/LowDevice_RepaceSomeFillInToMultFillinTrait/index.2befa.js,hek,1256,3114
assets/LowDevice_ReplaceSomeAlgoToRandomNoDieTrait/config.433d3.json,hek,269,261
assets/LowDevice_ReplaceSomeAlgoToRandomNoDieTrait/index.433d3.js,hek,1380,3562
assets/LowDevice_TimeOutToRandomNoDieTrait/config.54a6c.json,hek,261,253
assets/LowDevice_TimeOutToRandomNoDieTrait/index.54a6c.js,hek,1392,3595
assets/MainUIDiffFrameRateDiffTrait/config.b8106.json,hek,254,246
assets/MainUIDiffFrameRateDiffTrait/index.b8106.js,hek,1368,3570
assets/MergeBlockComboAddTrait/config.16f62.json,hek,249,241
assets/MergeBlockComboAddTrait/index.16f62.js,hek,1472,3521
assets/MergeBlockCreateFixedScoreTrait/config.f335a.json,hek,257,249
assets/MergeBlockCreateFixedScoreTrait/index.f335a.js,hek,1724,4517
assets/MergeBlockFixedScoreTrait/config.0ef9f.json,hek,251,243
assets/MergeBlockFixedScoreTrait/index.0ef9f.js,hek,1612,4163
assets/MergeBlockMultiplyScoreTrait/config.9d7b4.json,hek,254,246
assets/MergeBlockMultiplyScoreTrait/index.9d7b4.js,hek,1476,3835
assets/MergeBlockNoComboFixedScoreTrait/config.bee32.json,hek,258,250
assets/MergeBlockNoComboFixedScoreTrait/index.bee32.js,hek,1816,4695
assets/MergeBlockNoComboMultiplyScoreTrait/config.cd0ba.json,hek,261,253
assets/MergeBlockNoComboMultiplyScoreTrait/index.cd0ba.js,hek,1688,4323
assets/MergeBlockPreEliminateVariantTrait/config.2e847.json,hek,260,252
assets/MergeBlockPreEliminateVariantTrait/index.2e847.js,hek,900,2102
assets/MergeBlockTrait/config.f8a16.json,hek,594,586
assets/MergeBlockTrait/import/39/3942ac30-3b66-4a83-970f-83e517bb1117.211e5.json,hek,432,424
assets/MergeBlockTrait/import/ba/badd4162-1986-4add-ba2e-13aafc4198a8.0d883.json,hek,512,1069
assets/MergeBlockTrait/import/f2/f2bf4e6b-e31c-42c5-992d-dc4be6037640.64ee7.json,hek,5236,44176
assets/MergeBlockTrait/index.f8a16.js,hek,18700,116358
assets/MiniGameEnterChangeColorTrait/config.ddd0f.json,hek,661,653
assets/MiniGameEnterChangeColorTrait/import/0f/0febd447-6a4d-4a3a-8100-390472a088b8.7871f.json,hek,86,78
assets/MiniGameEnterChangeColorTrait/import/59/5900b429-0222-4b48-bff1-cafb41b367e0.ca950.json,hek,427,1421
assets/MiniGameEnterChangeColorTrait/import/5f/5faad134-0d24-4b38-96a5-f76a9280efb6.058d1.json,hek,1725,9663
assets/MiniGameEnterChangeColorTrait/import/ab/abe5e739-f3b8-4bcb-a3c3-fd597596b623.812fa.json,hek,213,205
assets/MiniGameEnterChangeColorTrait/index.ddd0f.js,hek,1140,2630
assets/MiniGameEnterChangeColorTrait/native/0f/0febd447-6a4d-4a3a-8100-390472a088b8.9ff0b.png,hek,42687,42679
assets/MiniGameMainEnterChangeColorTrait/config.12fc1.json,hek,424,416
assets/MiniGameMainEnterChangeColorTrait/import/08/08c78b6c-d477-494e-a5ca-ba1e4ea44575.7871f.json,hek,86,78
assets/MiniGameMainEnterChangeColorTrait/import/e6/e628ee16-3142-4728-b0bd-966f74ae4c5a.3f688.json,hek,206,198
assets/MiniGameMainEnterChangeColorTrait/index.12fc1.js,hek,1004,2294
assets/MiniGameMainEnterChangeColorTrait/native/08/08c78b6c-d477-494e-a5ca-ba1e4ea44575.6eec9.png,hek,15955,15947
assets/MiniGameReturnNavigationTrait/config.a34b0.json,hek,255,247
assets/MiniGameReturnNavigationTrait/index.a34b0.js,hek,1496,4422
assets/MiniGameSetEnterChangeColorTrait/config.58409.json,hek,785,777
assets/MiniGameSetEnterChangeColorTrait/import/15/155a7e8c-d1c4-40f1-b8a3-e91952f343d7.7871f.json,hek,86,78
assets/MiniGameSetEnterChangeColorTrait/import/1c/1c851307-d2ed-4906-b4a9-73503b2b44a2.85e43.json,hek,220,212
assets/MiniGameSetEnterChangeColorTrait/import/5e/5eed9792-7463-44ab-b2fa-6e2718811754.7871f.json,hek,86,78
assets/MiniGameSetEnterChangeColorTrait/import/c1/c1ff0c5e-6f92-4e32-92e9-0f4663598f4d.7871f.json,hek,86,78
assets/MiniGameSetEnterChangeColorTrait/import/ef/ef882fef-adaf-44ca-946a-d84d3f66e641.518f1.json,hek,219,211
assets/MiniGameSetEnterChangeColorTrait/import/fd/fdf9d76b-cb2a-42f9-8221-29bb6ad37f5f.28cd3.json,hek,218,210
assets/MiniGameSetEnterChangeColorTrait/index.58409.js,hek,1088,2632
assets/MiniGameSetEnterChangeColorTrait/native/15/155a7e8c-d1c4-40f1-b8a3-e91952f343d7.de7af.png,hek,2597,2589
assets/MiniGameSetEnterChangeColorTrait/native/5e/5eed9792-7463-44ab-b2fa-6e2718811754.839b3.png,hek,3349,3341
assets/MiniGameSetEnterChangeColorTrait/native/c1/c1ff0c5e-6f92-4e32-92e9-0f4663598f4d.e304b.png,hek,7151,7143
assets/MiniGameSetShowProgressTrait/config.5317e.json,hek,684,1117
assets/MiniGameSetShowProgressTrait/import/01/01d68cbc-a23f-4276-b207-0ea61fdab28b.8cdd7.json,hek,198,190
assets/MiniGameSetShowProgressTrait/import/31/31b54234-4852-4e87-a02b-9ca8c8297715.7871f.json,hek,86,78
assets/MiniGameSetShowProgressTrait/import/33/33d6e1c4-ce80-4712-b634-2c5a26e888e1.7871f.json,hek,86,78
assets/MiniGameSetShowProgressTrait/import/50/50d4bc21-9a92-4649-a55c-7245b6aba77a.7871f.json,hek,86,78
assets/MiniGameSetShowProgressTrait/import/72/72179154-6798-4f4a-8a67-0fba5bcf399c.d4119.json,hek,211,203
assets/MiniGameSetShowProgressTrait/import/72/72b7b3fa-23fb-45dd-b686-d8614e1d699f.edee3.json,hek,658,1250
assets/MiniGameSetShowProgressTrait/import/73/7379ad0f-7f4c-4950-8786-9250219ee7db.ea735.json,hek,201,193
assets/MiniGameSetShowProgressTrait/import/b5/b5a542ad-058d-41c2-b77a-0c5a379567cd.7871f.json,hek,86,78
assets/MiniGameSetShowProgressTrait/import/c2/c264155d-c4fa-4417-ac8f-48780866d1b7.ff855.json,hek,198,190
assets/MiniGameSetShowProgressTrait/import/ee/eeac3860-6941-44c6-b4de-0727781364e7.e7f1a.json,hek,200,192
assets/MiniGameSetShowProgressTrait/import/f2/f2f9f4ca-d0fb-4751-9e78-d8c02a0daf7d.7871f.json,hek,86,78
assets/MiniGameSetShowProgressTrait/index.5317e.js,hek,2628,8265
assets/MiniGameSetShowProgressTrait/native/31/31b54234-4852-4e87-a02b-9ca8c8297715.a865d.png,hek,2783,2775
assets/MiniGameSetShowProgressTrait/native/33/33d6e1c4-ce80-4712-b634-2c5a26e888e1.102c2.png,hek,475,467
assets/MiniGameSetShowProgressTrait/native/50/50d4bc21-9a92-4649-a55c-7245b6aba77a.f8305.png,hek,313,305
assets/MiniGameSetShowProgressTrait/native/b5/b5a542ad-058d-41c2-b77a-0c5a379567cd.f85bc.png,hek,385,377
assets/MiniGameSetShowProgressTrait/native/f2/f2f9f4ca-d0fb-4751-9e78-d8c02a0daf7d.512e4.png,hek,584,576
assets/MiniGameSpeedUpTrait/config.24be9.json,hek,246,238
assets/MiniGameSpeedUpTrait/index.24be9.js,hek,1056,2438
assets/MoreStepGuideTrait/config.31e10.json,hek,727,719
assets/MoreStepGuideTrait/import/0c/0c79a68f-2c56-476a-8200-b845313ba2e6.3b8d6.json,hek,530,522
assets/MoreStepGuideTrait/import/73/736b3db6-c4d9-4f36-ad2b-63b28281129e.784e3.json,hek,780,1454
assets/MoreStepGuideTrait/import/78/78ad6813-d303-4637-bdcb-d1fdc7ed2a97.7871f.json,hek,86,78
assets/MoreStepGuideTrait/import/d4/d4e75aac-2b61-4323-9113-d13f0c26fb1e.18fed.json,hek,205,197
assets/MoreStepGuideTrait/import/d5/d5fa5265-696c-49a8-9dbf-52c218c8bed4.61832.json,hek,1231,3867
assets/MoreStepGuideTrait/index.31e10.js,hek,6392,29531
assets/MoreStepGuideTrait/native/78/78ad6813-d303-4637-bdcb-d1fdc7ed2a97.1a765.png,hek,19495,19487
assets/MosaicSingleScreenDisplayTrait/config.f0886.json,hek,256,248
assets/MosaicSingleScreenDisplayTrait/index.f0886.js,hek,2064,5345
assets/MultipleGamesWithoutSkinChangeThenChangeSkinTrait/config.b58c6.json,hek,275,267
assets/MultipleGamesWithoutSkinChangeThenChangeSkinTrait/index.b58c6.js,hek,1656,4710
assets/NatureDefaultBoardTrait/config.43ca6.json,hek,249,241
assets/NatureDefaultBoardTrait/index.43ca6.js,hek,2024,5685
assets/NewBottomOfferTrait/config.440aa.json,hek,245,237
assets/NewBottomOfferTrait/index.440aa.js,hek,944,2097
assets/NewGuideBoostTrait/config.e896a.json,hek,244,236
assets/NewGuideBoostTrait/index.e896a.js,hek,5304,20616
assets/NewPlayerGuideSkipRefactorTrait/config.870e8.json,hek,716,708
assets/NewPlayerGuideSkipRefactorTrait/import/15/15192d5d-b47c-42bb-be59-d66684d28d30.126ac.json,hek,204,196
assets/NewPlayerGuideSkipRefactorTrait/import/64/64f159e7-7073-4cac-9040-9346d5daec1b.1bb9e.json,hek,754,1498
assets/NewPlayerGuideSkipRefactorTrait/import/67/678b9c60-57f9-44e4-b12b-693e365bfd25.badc2.json,hek,209,201
assets/NewPlayerGuideSkipRefactorTrait/import/6a/6ac28ec5-c0d5-47e2-b19c-526237e8cc43.7871f.json,hek,86,78
assets/NewPlayerGuideSkipRefactorTrait/import/d8/d82c3abc-d05b-43c6-937b-46e46bb70a6c.7871f.json,hek,86,78
assets/NewPlayerGuideSkipRefactorTrait/index.870e8.js,hek,2444,7916
assets/NewPlayerGuideSkipRefactorTrait/native/6a/6ac28ec5-c0d5-47e2-b19c-526237e8cc43.43786.png,hek,358,350
assets/NewPlayerGuideSkipRefactorTrait/native/d8/d82c3abc-d05b-43c6-937b-46e46bb70a6c.433b1.png,hek,3272,3264
assets/NewPlayerGuideSkipTrait/config.85216.json,hek,708,700
assets/NewPlayerGuideSkipTrait/import/0e/0ecd5e3d-b561-4b64-8ca6-9825c74e5d78.64427.json,hek,755,1498
assets/NewPlayerGuideSkipTrait/import/18/186591d9-ce24-44b7-bddd-0a59a1d207c4.2662e.json,hek,204,196
assets/NewPlayerGuideSkipTrait/import/93/9318d064-05da-4354-934e-da98d4dede67.7871f.json,hek,86,78
assets/NewPlayerGuideSkipTrait/import/98/98d33ae2-d7ca-4653-aea0-5ce3751aa906.826d8.json,hek,209,201
assets/NewPlayerGuideSkipTrait/import/d7/d776454f-cdf1-431f-b31d-2cb2ecb2273e.7871f.json,hek,86,78
assets/NewPlayerGuideSkipTrait/index.85216.js,hek,2524,8138
assets/NewPlayerGuideSkipTrait/native/93/9318d064-05da-4354-934e-da98d4dede67.43786.png,hek,358,350
assets/NewPlayerGuideSkipTrait/native/d7/d776454f-cdf1-431f-b31d-2cb2ecb2273e.433b1.png,hek,3272,3264
assets/NewUserBoardDiffTrait/config.395e6.json,hek,625,617
assets/NewUserBoardDiffTrait/import/03/03d861a7-322c-4aa9-b6a9-6b543e5b6301.ff421.json,hek,114,106
assets/NewUserBoardDiffTrait/import/13/13396210-deaa-4f3c-a862-8a1b226c8538.5d27b.json,hek,209,201
assets/NewUserBoardDiffTrait/import/16/16129ddb-ed96-4324-a86f-02c612e3e6ab.7871f.json,hek,86,78
assets/NewUserBoardDiffTrait/import/4e/4e107bd4-ce97-4601-8f24-6b670d572cd7.1cd30.json,hek,758,1598
assets/NewUserBoardDiffTrait/index.395e6.js,hek,28060,171773
assets/NewUserBoardDiffTrait/native/03/03d861a7-322c-4aa9-b6a9-6b543e5b6301.dc369.atlas,hek,308,300
assets/NewUserBoardDiffTrait/native/16/16129ddb-ed96-4324-a86f-02c612e3e6ab.2c774.png,hek,4070,4062
assets/NewUserEarlyRoundsBoardTrait/config.84bcf.json,hek,632,624
assets/NewUserEarlyRoundsBoardTrait/import/27/27d8cfdb-2524-49ba-a281-8d6b3c68182d.ff421.json,hek,114,106
assets/NewUserEarlyRoundsBoardTrait/import/36/36734e7c-35f2-41bc-84c4-496431c3f47c.7871f.json,hek,86,78
assets/NewUserEarlyRoundsBoardTrait/import/49/49ab213b-8981-4688-9498-5f3147443752.728f7.json,hek,758,1598
assets/NewUserEarlyRoundsBoardTrait/import/ea/ea9df11e-2755-4458-a1b5-c85e85a8b816.43afd.json,hek,209,201
assets/NewUserEarlyRoundsBoardTrait/index.84bcf.js,hek,11664,57714
assets/NewUserEarlyRoundsBoardTrait/native/27/27d8cfdb-2524-49ba-a281-8d6b3c68182d.dc369.atlas,hek,308,300
assets/NewUserEarlyRoundsBoardTrait/native/36/36734e7c-35f2-41bc-84c4-496431c3f47c.2c774.png,hek,4070,4062
assets/NoFailBlockTrait/config.ca207.json,hek,242,234
assets/NoFailBlockTrait/index.ca207.js,hek,1516,3925
assets/NoLimitClearScreenTrait/config.747d3.json,hek,249,241
assets/NoLimitClearScreenTrait/index.747d3.js,hek,996,2345
assets/NotOutBoardColorLeastColorBlockTrait/config.58040.json,hek,262,254
assets/NotOutBoardColorLeastColorBlockTrait/index.58040.js,hek,2664,9118
assets/OneRoundNoCleanBlockTrait/config.4d37d.json,hek,251,243
assets/OneRoundNoCleanBlockTrait/index.4d37d.js,hek,1764,4546
assets/OneStepClearGuideTrait/config.237bc.json,hek,821,813
assets/OneStepClearGuideTrait/import/1a/1a9fa5db6.91de0.json,hek,86,78
assets/OneStepClearGuideTrait/import/78/7842de1a-83a4-4b68-98ce-8829dce84f36.b4564.json,hek,923,915
assets/OneStepClearGuideTrait/import/89/89d4d2c5-0fea-466b-b475-e685b16f4bcc.7871f.json,hek,86,78
assets/OneStepClearGuideTrait/import/91/9145b733-d513-4853-8272-9091bf43f8ae.0d7cc.json,hek,905,4421
assets/OneStepClearGuideTrait/import/ae/ae2ebf87-62a9-46b2-8597-2559ba4ea450.ba8d3.json,hek,212,204
assets/OneStepClearGuideTrait/import/ea/eaf7f13f-f847-43b7-9333-7b3b41e78d0b.e2cdf.json,hek,117,109
assets/OneStepClearGuideTrait/import/ec/ec4cc42f-03c7-4ae5-a1a1-dfc4f6664ce7.0e1c3.json,hek,193,185
assets/OneStepClearGuideTrait/index.237bc.js,hek,4276,16657
assets/OneStepClearGuideTrait/native/1a/1a9fa5db6.80dab.png,hek,4469,4461
assets/OneStepClearGuideTrait/native/89/89d4d2c5-0fea-466b-b475-e685b16f4bcc.e598f.png,hek,4846,4838
assets/OneStepClearGuideTrait/native/ea/eaf7f13f-f847-43b7-9333-7b3b41e78d0b.53506.atlas,hek,392,384
assets/OpenChangeContinueHardExTrait/config.bbd90.json,hek,255,247
assets/OpenChangeContinueHardExTrait/index.bbd90.js,hek,4796,30129
assets/OptimalFillClearTrait/config.c0a16.json,hek,247,239
assets/OptimalFillClearTrait/index.c0a16.js,hek,2080,6606
assets/PollCPUTemperatureIntervalsTrait/config.616c5.json,hek,258,250
assets/PollCPUTemperatureIntervalsTrait/index.616c5.js,hek,1204,3218
assets/PreEliminateGemBreathTrait/config.65f7d.json,hek,720,712
assets/PreEliminateGemBreathTrait/import/05/05940ecc-36b2-4f25-b27a-7679b358fca7.6594c.json,hek,117,109
assets/PreEliminateGemBreathTrait/import/46/46b942aa-6e3b-4409-8a3d-4257802e5e72.e2de6.json,hek,697,689
assets/PreEliminateGemBreathTrait/import/58/581f31b6-bdb5-4a5e-8a36-17a7994eedbf.ab6d5.json,hek,212,204
assets/PreEliminateGemBreathTrait/import/ee/eec2b8f9-e896-4d1c-b810-b5e2ac0f6116.956ba.json,hek,10652,144267
assets/PreEliminateGemBreathTrait/import/f2/f2453b68-87cd-4565-abd2-5244073a6fc7.7871f.json,hek,86,78
assets/PreEliminateGemBreathTrait/index.65f7d.js,hek,3604,11810
assets/PreEliminateGemBreathTrait/native/05/05940ecc-36b2-4f25-b27a-7679b358fca7.f4ebd.atlas,hek,419,1405
assets/PreEliminateGemBreathTrait/native/f2/f2453b68-87cd-4565-abd2-5244073a6fc7.01f4e.png,hek,70807,70799
assets/PreLostUserPushTrait/config.93866.json,hek,246,238
assets/PreLostUserPushTrait/index.93866.js,hek,2292,6580
assets/PrefectPlaceEffectFixRevertTrait/config.b1787.json,hek,258,250
assets/PrefectPlaceEffectFixRevertTrait/index.b1787.js,hek,920,2128
assets/PresetUgcSkinTrait/config.d7820.json,hek,244,236
assets/PresetUgcSkinTrait/index.d7820.js,hek,940,2128
assets/PuzzleTimefFastTrait/config.81c45.json,hek,246,238
assets/PuzzleTimefFastTrait/index.81c45.js,hek,2076,7365
assets/ReplaceGuideSchemeTrait/config.e8ac0.json,hek,707,1105
assets/ReplaceGuideSchemeTrait/import/08/084c862e-cf55-4005-864d-6b3d939cd2dc.ff421.json,hek,114,106
assets/ReplaceGuideSchemeTrait/import/2f/2f0ff2d7-8619-4145-99cd-6fb5e06337ad.0312f.json,hek,2861,17198
assets/ReplaceGuideSchemeTrait/import/33/33347830-2e53-489e-b0b5-c58f24b4cf37.a5193.json,hek,209,201
assets/ReplaceGuideSchemeTrait/import/45/45bcf732-a9da-491d-9eb0-cd8a01b37e8e.7871f.json,hek,86,78
assets/ReplaceGuideSchemeTrait/import/9b/9bbda31e-ad49-43c9-aaf2-f7d9896bac69.95264.json,hek,202,194
assets/ReplaceGuideSchemeTrait/import/cf/cf8b6bdd-b9c1-4fc5-8a92-63c2df8a9ad1.79fef.json,hek,1269,2650
assets/ReplaceGuideSchemeTrait/import/d8/d81ec8ad-247c-4e62-aa3c-d35c4193c7af.7871f.json,hek,86,78
assets/ReplaceGuideSchemeTrait/import/f4/f4f8f221-4802-401d-8838-542dcb24c468.7871f.json,hek,86,78
assets/ReplaceGuideSchemeTrait/import/fb/fbf2ebf6-3b27-43ed-8e99-f1c39de6f744.fd58d.json,hek,207,199
assets/ReplaceGuideSchemeTrait/index.e8ac0.js,hek,3396,12886
assets/ReplaceGuideSchemeTrait/native/08/084c862e-cf55-4005-864d-6b3d939cd2dc.2e017.atlas,hek,477,1594
assets/ReplaceGuideSchemeTrait/native/45/45bcf732-a9da-491d-9eb0-cd8a01b37e8e.24cde.png,hek,13707,13699
assets/ReplaceGuideSchemeTrait/native/d8/d81ec8ad-247c-4e62-aa3c-d35c4193c7af.cdbc9.png,hek,206,198
assets/ReplaceGuideSchemeTrait/native/f4/f4f8f221-4802-401d-8838-542dcb24c468.98182.png,hek,70495,70487
assets/ReplacePerfectEffectTrait/config.e759c.json,hek,251,243
assets/ReplacePerfectEffectTrait/index.e759c.js,hek,1164,2637
assets/ReplaceRewardADToInterstitialTrait/config.50853.json,hek,260,252
assets/ReplaceRewardADToInterstitialTrait/index.50853.js,hek,1052,2526
assets/ResetClassHighScoreTrait/config.2a9e1.json,hek,250,242
assets/ResetClassHighScoreTrait/index.2a9e1.js,hek,1732,5948
assets/ResilientPlayerComebackAdReduceTrait/config.04182.json,hek,262,254
assets/ResilientPlayerComebackAdReduceTrait/index.04182.js,hek,1844,4910
assets/ResilientPlayerComebackDeathReduceTrait/config.3b398.json,hek,265,257
assets/ResilientPlayerComebackDeathReduceTrait/index.3b398.js,hek,1924,5376
assets/RestoreComboEffectCtrlOldLogicTrait/config.4bdcc.json,hek,261,253
assets/RestoreComboEffectCtrlOldLogicTrait/index.4bdcc.js,hek,940,2164
assets/RestoreReplaceClearnScreenAniOldLogicTrait/config.87a36.json,hek,268,260
assets/RestoreReplaceClearnScreenAniOldLogicTrait/index.87a36.js,hek,936,2199
assets/ReturnToRegionSlotTrait/config.5e628.json,hek,249,241
assets/ReturnToRegionSlotTrait/index.5e628.js,hek,1240,2810
assets/ReviveBaseProgressBoardFullGemTrait/config.14d0b.json,hek,261,253
assets/ReviveBaseProgressBoardFullGemTrait/index.14d0b.js,hek,1812,4776
assets/ReviveBlockGrayAnimTrait/config.83e40.json,hek,797,789
assets/ReviveBlockGrayAnimTrait/import/21/212a2805-05f0-4b65-b170-b74dd58483d6.3b280.json,hek,764,756
assets/ReviveBlockGrayAnimTrait/import/23/232fb1f3-70d8-4bd7-b440-c1137e853682.e7cbb.json,hek,852,844
assets/ReviveBlockGrayAnimTrait/import/30/30dddeda-ec43-4c61-9515-b41daff03687.8ddfb.json,hek,735,727
assets/ReviveBlockGrayAnimTrait/import/93/935763d0-2180-487a-a4cc-8ca7057376fe.1efdd.json,hek,221,213
assets/ReviveBlockGrayAnimTrait/import/d0/d0cf4155-f4bf-47bb-a5bf-ce4845e30e85.7871f.json,hek,86,78
assets/ReviveBlockGrayAnimTrait/index.83e40.js,hek,1492,3793
assets/ReviveBlockGrayAnimTrait/native/d0/d0cf4155-f4bf-47bb-a5bf-ce4845e30e85.f9d34.png,hek,4089,4081
assets/ReviveBlockScoreTrait/config.78f76.json,hek,247,239
assets/ReviveBlockScoreTrait/index.78f76.js,hek,1036,2563
assets/ReviveProgressSpeedChangeTrait/config.59e3a.json,hek,256,248
assets/ReviveProgressSpeedChangeTrait/index.59e3a.js,hek,1044,2382
assets/ReviveSkipEndAdFlagTrait/config.41980.json,hek,250,242
assets/ReviveSkipEndAdFlagTrait/index.41980.js,hek,1692,4906
assets/ReviveUITimeEffectChangeTrait/config.b1fa0.json,hek,729,721
assets/ReviveUITimeEffectChangeTrait/import/2c/2c663c06-f0f5-43b1-a026-150f71fb8c59.1c00b.json,hek,1471,8753
assets/ReviveUITimeEffectChangeTrait/import/3b/3b57649f-d5cf-4449-8e08-40406c19a274.bfa20.json,hek,639,631
assets/ReviveUITimeEffectChangeTrait/import/80/80ca8ee0-e805-4f18-b8eb-11619b32b3ad.7871f.json,hek,86,78
assets/ReviveUITimeEffectChangeTrait/import/89/89acb3af-04bc-4fe9-ab9f-ca0246c28103.bf641.json,hek,211,203
assets/ReviveUITimeEffectChangeTrait/import/f9/f9b567a4-fc6a-4bca-bbba-998446725437.f0bfc.json,hek,111,103
assets/ReviveUITimeEffectChangeTrait/index.b1fa0.js,hek,2032,5575
assets/ReviveUITimeEffectChangeTrait/native/80/80ca8ee0-e805-4f18-b8eb-11619b32b3ad.c51e1.png,hek,32184,32176
assets/ReviveUITimeEffectChangeTrait/native/f9/f9b567a4-fc6a-4bca-bbba-998446725437.e13e1.atlas,hek,909,901
assets/ReviveXBlockCurlUpTrait/config.dfca8.json,hek,680,672
assets/ReviveXBlockCurlUpTrait/import/11/111e56ce-aa68-4c2a-b0e9-988a1326b552.e6120.json,hek,205,197
assets/ReviveXBlockCurlUpTrait/import/2a/2a8a4f72-b8c4-4325-8788-41fa6b5bb43c.bf64a.json,hek,719,1373
assets/ReviveXBlockCurlUpTrait/import/80/80df87e0-f6bb-4c57-b5b8-d6bac68557a5.638cd.json,hek,351,343
assets/ReviveXBlockCurlUpTrait/import/ee/eedb0d9c-3976-4d9c-a606-c2b74f4bfb95.7871f.json,hek,86,78
assets/ReviveXBlockCurlUpTrait/index.dfca8.js,hek,3044,8190
assets/ReviveXBlockCurlUpTrait/native/ee/eedb0d9c-3976-4d9c-a606-c2b74f4bfb95.28b7c.png,hek,3539,3531
assets/ShapeColorProposal1Trait/config.3687c.json,hek,250,242
assets/ShapeColorProposal1Trait/index.3687c.js,hek,1988,4916
assets/ShapeColorProposal2Trait/config.de2ca.json,hek,250,242
assets/ShapeColorProposal2Trait/index.de2ca.js,hek,2360,6458
assets/ShowEffectWhenInitEmptyBoardTrait/config.966e9.json,hek,681,673
assets/ShowEffectWhenInitEmptyBoardTrait/import/6e/6e5ab596-c0b3-4601-aac6-39034fd6af7d.9e0d5.json,hek,428,420
assets/ShowEffectWhenInitEmptyBoardTrait/import/c0/c0b0a5e8-530f-46e8-854d-82ca1a9295cf.664f2.json,hek,219,211
assets/ShowEffectWhenInitEmptyBoardTrait/import/d8/d84852b0-792b-44dd-97e6-37e9f993a155.8637b.json,hek,15921,494282
assets/ShowEffectWhenInitEmptyBoardTrait/import/f0/f0ccea29-c826-47ac-8ad5-ec6b3d2496d9.7871f.json,hek,86,78
assets/ShowEffectWhenInitEmptyBoardTrait/index.966e9.js,hek,1624,4235
assets/ShowEffectWhenInitEmptyBoardTrait/native/f0/f0ccea29-c826-47ac-8ad5-ec6b3d2496d9.a9dfa.png,hek,2104,2096
assets/ShowLoginDaysTrait/config.7b464.json,hek,1229,2455
assets/ShowLoginDaysTrait/import/01/014800f7-f58d-4a4e-a0bc-7af6b3c475d0.a9977.json,hek,1662,19845
assets/ShowLoginDaysTrait/import/08/08eb3a2b-1f4e-4256-b8c4-a8354443b8a1.7871f.json,hek,86,78
assets/ShowLoginDaysTrait/import/1a/1a50813e-b33e-4bb9-b060-e6d27a13d4a9.7871f.json,hek,86,78
assets/ShowLoginDaysTrait/import/1a/1aa126f9-dc05-454e-9c6e-fcc9eb9a919a.126f2.json,hek,481,473
assets/ShowLoginDaysTrait/import/27/277995dc-3854-4385-a216-197fa8ca4c34.12744.json,hek,426,1300
assets/ShowLoginDaysTrait/import/2c/2cd5c802-2710-4101-b14b-4c1187ff3b30.7871f.json,hek,86,78
assets/ShowLoginDaysTrait/import/39/399dba07-a5d9-4925-ae55-98c9e19acfb3.7871f.json,hek,86,78
assets/ShowLoginDaysTrait/import/4c/4c6b1c08-de3d-486d-879b-6fec703bf17e.c8d70.json,hek,210,202
assets/ShowLoginDaysTrait/import/4d/4d813763-5087-42bb-a83a-5a988a6b24cd.3662d.json,hek,209,201
assets/ShowLoginDaysTrait/import/52/52110b44-2a9a-444c-bca7-85097a1984f6.d1dcb.json,hek,213,205
assets/ShowLoginDaysTrait/import/56/5618d436-2efa-45bb-a897-7e0447e9c20b.dcafb.json,hek,212,204
assets/ShowLoginDaysTrait/import/5b/5b118476-69bc-4300-9dc4-15204f8b7100.169d8.json,hek,433,1303
assets/ShowLoginDaysTrait/import/60/60f10c16-fc9f-420d-88c5-075f2665e67c.7871f.json,hek,86,78
assets/ShowLoginDaysTrait/import/64/6449a7a1-7f86-4aba-b8cb-38b01074ce2e.7871f.json,hek,86,78
assets/ShowLoginDaysTrait/import/73/73f37b31-fd44-450e-8337-cd36cf6a9b29.3b477.json,hek,211,203
assets/ShowLoginDaysTrait/import/80/80bc9e55-4345-4cd7-89c9-f7686a4bb3bf.71b5c.json,hek,132,124
assets/ShowLoginDaysTrait/import/8e/8e7406e4-bcf8-47ab-886d-ce3f9f8c15d2.7595e.json,hek,1911,4331
assets/ShowLoginDaysTrait/import/98/98adc31c-c040-495c-99b6-3d28c274be56.7871f.json,hek,86,78
assets/ShowLoginDaysTrait/import/a5/a5dbc192-e9d4-4205-ae4a-d66d76bea1e4.ce5da.json,hek,208,200
assets/ShowLoginDaysTrait/import/a7/a73ba48e-e9ed-4463-8c8e-e127bcb46a54.2d08a.json,hek,427,1300
assets/ShowLoginDaysTrait/import/a8/a811dd74-9f09-4ac8-aa61-910abf0fd134.fc3b5.json,hek,211,203
assets/ShowLoginDaysTrait/import/b5/b5f99ba1-000d-4fd3-8104-2deafb22b5f8.7871f.json,hek,86,78
assets/ShowLoginDaysTrait/import/c1/c1b2df6b-79e4-4ed8-9809-a14b1ebbc3d5.459da.json,hek,210,202
assets/ShowLoginDaysTrait/import/d6/d66eea15-0afb-43b0-9afd-733353a278e6.ea31e.json,hek,208,200
assets/ShowLoginDaysTrait/import/d7/d7c584d5-064e-4e58-a30b-b93ab67758f9.7871f.json,hek,86,78
assets/ShowLoginDaysTrait/import/e5/e538ab01-a7b2-4a5b-9323-538a7913f180.f77b4.json,hek,206,198
assets/ShowLoginDaysTrait/import/e7/e7c2f7ad-46fb-4cd3-9017-2cdb685ea528.7871f.json,hek,86,78
assets/ShowLoginDaysTrait/index.7b464.js,hek,3256,10939
assets/ShowLoginDaysTrait/native/08/08eb3a2b-1f4e-4256-b8c4-a8354443b8a1.9b944.png,hek,32565,32557
assets/ShowLoginDaysTrait/native/1a/1a50813e-b33e-4bb9-b060-e6d27a13d4a9.6e62a.png,hek,6940,6932
assets/ShowLoginDaysTrait/native/2c/2cd5c802-2710-4101-b14b-4c1187ff3b30.e33b5.png,hek,34578,34570
assets/ShowLoginDaysTrait/native/39/399dba07-a5d9-4925-ae55-98c9e19acfb3.dbfba.png,hek,32544,32536
assets/ShowLoginDaysTrait/native/60/60f10c16-fc9f-420d-88c5-075f2665e67c.73090.png,hek,8439,8431
assets/ShowLoginDaysTrait/native/64/6449a7a1-7f86-4aba-b8cb-38b01074ce2e.f4788.png,hek,7031,7023
assets/ShowLoginDaysTrait/native/80/80bc9e55-4345-4cd7-89c9-f7686a4bb3bf.6733b.mp3,明文,20311,20311
assets/ShowLoginDaysTrait/native/98/98adc31c-c040-495c-99b6-3d28c274be56.0bd16.png,hek,7681,7673
assets/ShowLoginDaysTrait/native/b5/b5f99ba1-000d-4fd3-8104-2deafb22b5f8.24eb7.png,hek,8340,8332
assets/ShowLoginDaysTrait/native/d7/d7c584d5-064e-4e58-a30b-b93ab67758f9.a5339.png,hek,15034,15026
assets/ShowLoginDaysTrait/native/e7/e7c2f7ad-46fb-4cd3-9017-2cdb685ea528.06dc0.png,hek,9063,9055
assets/ShowSSSWhenSkinChangeTrait/config.6adeb.json,hek,642,1209
assets/ShowSSSWhenSkinChangeTrait/import/39/39c16f5d-20ea-4a5d-867b-ae56eb557ab5.7dd13.json,hek,9554,111055
assets/ShowSSSWhenSkinChangeTrait/import/54/54a3ce19-ea39-4c91-be5b-c29f72ba19dc.7871f.json,hek,86,78
assets/ShowSSSWhenSkinChangeTrait/import/63/633e74a8-7da7-4039-a8fb-6044b4591c66.99ee4.json,hek,9424,110677
assets/ShowSSSWhenSkinChangeTrait/import/66/668abc40-148b-4b50-bc89-fafbe0c34ad3.d23d6.json,hek,737,729
assets/ShowSSSWhenSkinChangeTrait/import/66/66b0e336-ebac-4dfe-a434-c7724b2546e9.5b7d1.json,hek,758,750
assets/ShowSSSWhenSkinChangeTrait/import/67/675ce19a-5378-4d79-ac4c-148a43a87c8c.c8e38.json,hek,216,208
assets/ShowSSSWhenSkinChangeTrait/import/85/85d90a25-b34f-4f1d-b957-1a7016b96f60.7871f.json,hek,86,78
assets/ShowSSSWhenSkinChangeTrait/import/8f/8f0cfe07-7cc2-4143-857f-2dd0083380fd.df459.json,hek,1124,5529
assets/ShowSSSWhenSkinChangeTrait/import/8f/8f9c39d7-c7ba-429e-b011-a664eaa70e43.96558.json,hek,219,211
assets/ShowSSSWhenSkinChangeTrait/import/9d/9d5cf03b-969e-4633-b35a-4a2917748250.2ad0f.json,hek,1044,4998
assets/ShowSSSWhenSkinChangeTrait/index.6adeb.js,hek,3264,10120
assets/ShowSSSWhenSkinChangeTrait/native/54/54a3ce19-ea39-4c91-be5b-c29f72ba19dc.0f9dc.png,hek,178909,178901
assets/ShowSSSWhenSkinChangeTrait/native/85/85d90a25-b34f-4f1d-b957-1a7016b96f60.908e9.png,hek,320987,320979
assets/ShowSkipButtonAfterReviveCountdownTrait/config.a1c9f.json,hek,375,367
assets/ShowSkipButtonAfterReviveCountdownTrait/import/5b/5b152d79-2059-43f1-b8e9-b88df4dfd01d.4ad41.json,hek,935,927
assets/ShowSkipButtonAfterReviveCountdownTrait/index.a1c9f.js,hek,2132,5914
assets/ShowWelcomeEveryDayTrait/config.f97f7.json,hek,656,1045
assets/ShowWelcomeEveryDayTrait/import/11/111f9d19c.91de0.json,hek,86,78
assets/ShowWelcomeEveryDayTrait/import/36/365e3219-d2fb-4145-b68c-0bbf348a4dea.0c4ec.json,hek,907,1690
assets/ShowWelcomeEveryDayTrait/import/5e/5e3d6ebd-3aea-46be-b3b3-a0938db446c9.f0184.json,hek,116,108
assets/ShowWelcomeEveryDayTrait/import/9f/9f0e5a90-c076-430e-9e31-86f6866ec54e.f59b7.json,hek,9371,39870
assets/ShowWelcomeEveryDayTrait/import/a3/a34be7fe-463c-4100-b01c-28a36784734f.325de.json,hek,208,200
assets/ShowWelcomeEveryDayTrait/import/ab/ab386538-559e-4d45-8af6-32769e99cb4f.e3c4f.json,hek,215,207
assets/ShowWelcomeEveryDayTrait/import/be/be42d3c8-b552-42bd-9ede-22b7daabf8c7.7871f.json,hek,86,78
assets/ShowWelcomeEveryDayTrait/import/c8/c85c32e8-ff93-4f74-9065-d5cfed68ca50.609de.json,hek,202,194
assets/ShowWelcomeEveryDayTrait/import/d5/d58933f2-921f-4cb6-a2fb-b1f79bbd7c74.ca3af.json,hek,244,236
assets/ShowWelcomeEveryDayTrait/index.f97f7.js,hek,3100,9395
assets/ShowWelcomeEveryDayTrait/native/11/111f9d19c.740e6.png,hek,1624,1616
assets/ShowWelcomeEveryDayTrait/native/5e/5e3d6ebd-3aea-46be-b3b3-a0938db446c9.242fa.atlas,hek,397,1303
assets/ShowWelcomeEveryDayTrait/native/be/be42d3c8-b552-42bd-9ede-22b7daabf8c7.30edf.png,hek,18716,18708
assets/SkinChangeAblePushTrait/config.ce36d.json,hek,249,241
assets/SkinChangeAblePushTrait/index.ce36d.js,hek,2828,8205
assets/SkinChangeSettlementEffectTrait/config.9d5ce.json,hek,1025,1017
assets/SkinChangeSettlementEffectTrait/import/0e/0e9bb2c9-732b-40aa-b7f1-214de3c984b1.7871f.json,hek,86,78
assets/SkinChangeSettlementEffectTrait/import/11/112b3d97-1d25-4aeb-8650-81ddaec3d620.7871f.json,hek,86,78
assets/SkinChangeSettlementEffectTrait/import/48/4871b719-3da5-4e2d-8f4c-9d57469cf519.eaad8.json,hek,1316,6039
assets/SkinChangeSettlementEffectTrait/import/60/6053a2ae-8b5f-41dc-aa1c-6a9d4055637d.bc4ae.json,hek,213,205
assets/SkinChangeSettlementEffectTrait/import/70/7022b08a-ccba-4ae5-8edf-8f76d1a12981.6fb71.json,hek,691,1386
assets/SkinChangeSettlementEffectTrait/import/78/789fb283-0b58-4e21-8832-86827a84bc4d.ce5aa.json,hek,378,370
assets/SkinChangeSettlementEffectTrait/import/95/950316e3-fba2-4060-8992-67109e103709.7871f.json,hek,86,78
assets/SkinChangeSettlementEffectTrait/import/d2/d2f8e0d5-c69b-4d53-bb2f-8b876e44585b.1aece.json,hek,210,202
assets/SkinChangeSettlementEffectTrait/import/f7/f71ea44d-a9dd-42f3-8b32-3b1a9586e960.cd335.json,hek,197,189
assets/SkinChangeSettlementEffectTrait/index.9d5ce.js,hek,2804,10642
assets/SkinChangeSettlementEffectTrait/native/0e/0e9bb2c9-732b-40aa-b7f1-214de3c984b1.1b445.png,hek,166144,166136
assets/SkinChangeSettlementEffectTrait/native/11/112b3d97-1d25-4aeb-8650-81ddaec3d620.741f6.png,hek,21142,21134
assets/SkinChangeSettlementEffectTrait/native/95/950316e3-fba2-4060-8992-67109e103709.33866.png,hek,240442,240434
assets/SkinColorRelatedToClearScreenBlockTrait/config.09d7c.json,hek,265,257
assets/SkinColorRelatedToClearScreenBlockTrait/index.09d7c.js,hek,2924,9195
assets/SkinSwitchNoNameTrait/config.bbdb3.json,hek,247,239
assets/SkinSwitchNoNameTrait/index.bbdb3.js,hek,960,2198
assets/SkinSwitchOpenAtOnceChangeSkinTrait/config.a981d.json,hek,261,253
assets/SkinSwitchOpenAtOnceChangeSkinTrait/index.a981d.js,hek,2140,5832
assets/SkinSwitchTrait/config.0caf4.json,hek,5090,9563
assets/SkinSwitchTrait/import/01/018558c3-22c8-4e70-8703-f4764a207c3e.e1186.json,hek,745,737
assets/SkinSwitchTrait/import/01/01f3c9c2-ba3d-4753-a56a-27077d76b4e7.e4083.json,hek,217,209
assets/SkinSwitchTrait/import/02/0241fad2-5907-43a7-86ba-172a3b12b405.d229a.json,hek,209,201
assets/SkinSwitchTrait/import/03/03fc785d-59b8-4e09-a3a1-8d37e8769a66.c61d6.json,hek,218,210
assets/SkinSwitchTrait/import/06/06979afb-05ba-41fe-a2c4-8dcbc18aadab.7871f.json,hek,86,78
assets/SkinSwitchTrait/import/06/06d8941c-5e4b-4cec-8893-c094ffb7828f.843ef.json,hek,217,209
assets/SkinSwitchTrait/import/07/07314ee7-91d0-4b39-bf39-816438c8870d.7871f.json,hek,86,78
assets/SkinSwitchTrait/import/0b/0bd94d51-a0fd-4c24-b5be-2842e75fef1f.b443b.json,hek,207,199
assets/SkinSwitchTrait/import/0c/0c29242c-e8a9-4e52-a324-44202a399b9c.0da9a.json,hek,210,202
assets/SkinSwitchTrait/import/0e/0e3d1d00-bebb-4040-bf83-372f0842d330.2c62b.json,hek,214,206
assets/SkinSwitchTrait/import/0f/0f52404f-c8bd-4556-838b-cea5b931b014.7871f.json,hek,86,78
assets/SkinSwitchTrait/import/10/10ec2a73-c024-4fcd-856d-3c86f1ba1caf.dec3f.json,hek,206,198
assets/SkinSwitchTrait/import/11/119ce64a-a683-4b38-a0ea-c4cb30e114eb.5a9a4.json,hek,215,207
assets/SkinSwitchTrait/import/16/1682ab7e-e15b-4c43-b404-2c1ccebcdf27.f2bbf.json,hek,218,210
assets/SkinSwitchTrait/import/17/17629025-3555-4449-a86d-9985e8b7eb4c.505ae.json,hek,217,209
assets/SkinSwitchTrait/import/18/18de7a75-b546-41a6-b10b-73978feb47bc.68e25.json,hek,218,210
assets/SkinSwitchTrait/import/19/1924c9ad-e496-42ee-bba4-b58b2081d2dd.2d10a.json,hek,205,197
assets/SkinSwitchTrait/import/1a/1a51fa8c-7dbc-4103-bcb5-8056a816fee7.7871f.json,hek,86,78
assets/SkinSwitchTrait/import/1d/1d6e954a-e8e1-4c32-a03e-7db79626577a.fff7f.json,hek,206,198
assets/SkinSwitchTrait/import/1e/1e72a77d-7015-41b6-baf5-a6ebddaf3574.ba0ab.json,hek,204,196
assets/SkinSwitchTrait/import/1e/1e9004b1-1673-43be-861e-543989ead8b1.1b2db.json,hek,1236,8250
assets/SkinSwitchTrait/import/20/203c8821-8656-4fcf-903a-5050329bcf29.6f65a.json,hek,215,207
assets/SkinSwitchTrait/import/21/2146cf87-cda1-40aa-abe0-57e15c9267be.94a07.json,hek,211,203
assets/SkinSwitchTrait/import/23/234fab4a-3177-4db5-85ba-4def0a606fbc.d4378.json,hek,206,198
assets/SkinSwitchTrait/import/28/28f3b162-313d-4bd1-8a2c-e21f71ff8d25.709ea.json,hek,203,195
assets/SkinSwitchTrait/import/2a/2a678f91-2ee1-4dd5-865c-9a257f707499.7871f.json,hek,86,78
assets/SkinSwitchTrait/import/2f/2f8ffd11-3714-420d-b81b-d35224e8c45d.7871f.json,hek,86,78
assets/SkinSwitchTrait/import/30/30d31a8d-add8-49a9-8143-f15c7dae0a66.7871f.json,hek,86,78
assets/SkinSwitchTrait/import/35/35ee0ede-41b6-4e82-b6f3-15761819e02a.ac4d3.json,hek,218,210
assets/SkinSwitchTrait/import/38/38036e37-0308-418c-b472-b13053cec1e6.17fb9.json,hek,217,209
assets/SkinSwitchTrait/import/3a/3adf5b44-5b93-4227-ac1f-b1051de0964b.7c210.json,hek,208,200
assets/SkinSwitchTrait/import/3b/3b35190e-490f-435a-959c-ec9de4e950cb.bf1e8.json,hek,216,208
assets/SkinSwitchTrait/import/3e/3e164f73-a7c9-44aa-9be4-215c3455baec.7871f.json,hek,86,78
assets/SkinSwitchTrait/import/40/40071dc5-790c-479f-9363-45df56c0a8a1.7871f.json,hek,86,78
assets/SkinSwitchTrait/import/44/44f0b664-36a6-4fd2-a37a-9289d4e9b9c7.76f17.json,hek,205,197
assets/SkinSwitchTrait/import/45/45220c02-be25-4574-a24b-598fa07ddf4f.917f3.json,hek,215,207
assets/SkinSwitchTrait/import/48/4834cb78-f57f-49f4-9b4e-44d35fa86fbf.7fafc.json,hek,205,197
assets/SkinSwitchTrait/import/48/48c61d84-c8a3-41d5-a676-f5abb476b4bb.47d9f.json,hek,203,195
assets/SkinSwitchTrait/import/4b/4b017736-e334-46fa-8bbc-a31f5eb3d9ec.04a70.json,hek,205,197
assets/SkinSwitchTrait/import/4b/4b03c879-6e4a-4d07-8022-d363583a5add.7871f.json,hek,86,78
assets/SkinSwitchTrait/import/4b/4bf64912-e1b8-42d3-a405-b9316f8b4d2b.3ce05.json,hek,206,198
assets/SkinSwitchTrait/import/4e/4e142ac4-06cf-430e-8ae8-498690885af9.7871f.json,hek,86,78
assets/SkinSwitchTrait/import/4e/4e8829e3-eb3a-4403-9440-e3344a224e6f.ae1a8.json,hek,717,1346
assets/SkinSwitchTrait/import/4e/4efe3e6e-3f73-4160-ad2c-f46aa3397538.0aa01.json,hek,1932,19151
assets/SkinSwitchTrait/import/50/5062f2ac-b6bb-4df5-8b73-15789e8e7302.7871f.json,hek,86,78
assets/SkinSwitchTrait/import/51/5186d123-cd13-4840-8abd-488a3dc2910c.4a7b6.json,hek,206,198
assets/SkinSwitchTrait/import/52/52ba75df-e481-40d7-9de5-d8f971e0ea4a.7871f.json,hek,86,78
assets/SkinSwitchTrait/import/55/55f6bf01-15dc-4b44-a2ab-0d6ce575e909.7871f.json,hek,86,78
assets/SkinSwitchTrait/import/56/56e012f2-34b0-40af-a258-c2e4ccfdb3ad.8aeb4.json,hek,215,207
assets/SkinSwitchTrait/import/58/58859feb-0dc0-4533-88b6-eced7a95be79.e4065.json,hek,688,1282
assets/SkinSwitchTrait/import/59/5952dba4-ad98-4091-b5cd-5746a8baedbc.53f46.json,hek,205,197
assets/SkinSwitchTrait/import/5b/5b79c5af-387a-4de0-81b7-92c5ab58460a.7b62d.json,hek,215,207
assets/SkinSwitchTrait/import/5b/5bed4021-67a4-454d-b934-4ee66c2b23d4.0e6f6.json,hek,210,202
assets/SkinSwitchTrait/import/62/6264d7ac-d132-4ddd-9cfc-248c863b1caf.7871f.json,hek,86,78
assets/SkinSwitchTrait/import/62/62855c17-5908-41b1-816e-0a6c89c922bb.7871f.json,hek,86,78
assets/SkinSwitchTrait/import/63/63aff668-547a-4342-a480-0a9c6d9ad791.8bcbf.json,hek,715,1344
assets/SkinSwitchTrait/import/64/6493ab0d-177d-4419-aba5-df61d78207b5.7e76f.json,hek,1751,3877
assets/SkinSwitchTrait/import/68/682741af-dd03-4538-910c-62956bcef850.8aee6.json,hek,204,196
assets/SkinSwitchTrait/import/69/699b9e3a-13fa-4e1a-adec-1e05721c0456.c08a7.json,hek,209,201
assets/SkinSwitchTrait/import/6c/6c3733b2-d2c2-4c50-816f-61a5e45da2d6.e3928.json,hek,206,198
assets/SkinSwitchTrait/import/6d/6d391d32-0623-40f4-aa5f-f688c1c87e88.e6116.json,hek,690,1280
assets/SkinSwitchTrait/import/6f/6fb22b5a-d239-4190-bcc2-589564f23cda.d5528.json,hek,204,196
assets/SkinSwitchTrait/import/71/71bd97b4-5c08-4020-af7a-de8793590b69.a9bc7.json,hek,213,205
assets/SkinSwitchTrait/import/74/74c144d5-453b-41a1-b516-63a17ee91d7c.cd9a4.json,hek,206,198
assets/SkinSwitchTrait/import/75/7530443e-7357-45b8-a507-8271e403788e.d0897.json,hek,216,208
assets/SkinSwitchTrait/import/75/75a48ce5-4263-470c-b9e3-9bbcde646da7.88089.json,hek,218,210
assets/SkinSwitchTrait/import/7c/7cfe35a3-5fd2-464b-9a77-5eae8b5cb8c4.72e4c.json,hek,206,198
assets/SkinSwitchTrait/import/7d/7d07210d-eae1-43c8-998e-1a288041bfa5.7871f.json,hek,86,78
assets/SkinSwitchTrait/import/82/8268ba6f-4441-4d07-a656-72dddcdd8d36.7871f.json,hek,86,78
assets/SkinSwitchTrait/import/83/83594d14-ba2a-4849-a755-5730512fc233.59ceb.json,hek,1768,3871
assets/SkinSwitchTrait/import/83/83d1691a-c4e1-46a4-9d47-f4cfb7c6ee52.7871f.json,hek,86,78
assets/SkinSwitchTrait/import/86/8604214a-dcc8-4cae-9081-ccfd582b0274.61958.json,hek,208,200
assets/SkinSwitchTrait/import/8a/8a4d026e-0e76-4a11-b245-121afc7bfde0.3e5d3.json,hek,207,199
assets/SkinSwitchTrait/import/8a/8ad3d8f8-2829-44ce-9a51-16312bfb12f9.6c59f.json,hek,207,199
assets/SkinSwitchTrait/import/8a/8ae0e601-ac82-497c-b5ec-a119cea953b9.c88a2.json,hek,208,200
assets/SkinSwitchTrait/import/8b/8b0f710e-95c5-43f1-9665-b81509dcb240.5a719.json,hek,209,201
assets/SkinSwitchTrait/import/8b/8bdc5b2c-dd95-4608-9729-5a52bc4e301a.64f8c.json,hek,212,204
assets/SkinSwitchTrait/import/90/9026415d-3f0c-4990-a1a7-7aa7b4805f95.5630a.json,hek,218,210
assets/SkinSwitchTrait/import/91/915e5d3b-dce6-4835-beec-0053992f3e6b.66104.json,hek,216,208
assets/SkinSwitchTrait/import/95/954432b0-2e54-43b8-9bf9-34b395bb3a37.14e4d.json,hek,203,195
assets/SkinSwitchTrait/import/96/96d404ba-14cb-4259-bfdb-527a901a502f.7871f.json,hek,86,78
assets/SkinSwitchTrait/import/9b/9b4c1e03-c869-468c-b597-167a201677e2.f2972.json,hek,217,209
assets/SkinSwitchTrait/import/9b/9b6d5bec-6e49-48bf-bcdd-346f40dc3b9d.21624.json,hek,207,199
assets/SkinSwitchTrait/import/9f/9f1bd755-6f5b-471b-ac2d-2a40c4f23464.42198.json,hek,206,198
assets/SkinSwitchTrait/import/9f/9f337075-7b1c-4398-a6c1-7596a812b2c0.d94d9.json,hek,207,199
assets/SkinSwitchTrait/import/a0/a0545e71-a89e-4b3b-becb-adf3f81921f8.e39ea.json,hek,218,210
assets/SkinSwitchTrait/import/a0/a0bf2651-cfb9-4d81-b141-504474ba9c33.eb721.json,hek,205,197
assets/SkinSwitchTrait/import/a1/a189fbce-1bdd-45bb-84fd-93a4acbea03b.a98a5.json,hek,216,208
assets/SkinSwitchTrait/import/a2/a27311bf-7301-4d99-ab5c-64805f42d293.5db72.json,hek,212,204
assets/SkinSwitchTrait/import/a3/a3647ac5-3960-4254-baf0-63f16ebcd673.aa77f.json,hek,213,205
assets/SkinSwitchTrait/import/a3/a3e7c0b4-4692-4077-a687-5ada2dc1c232.fb6a3.json,hek,213,205
assets/SkinSwitchTrait/import/a4/a4825c2f-a87b-448c-b5dc-adcb3dff9224.36312.json,hek,219,211
assets/SkinSwitchTrait/import/a6/a6baaf6b-0db5-4379-92ae-3dfc100db21f.97129.json,hek,219,211
assets/SkinSwitchTrait/import/a8/a85c7889-d933-4dd0-bf1a-3ebd6c21f31e.74ebc.json,hek,210,202
assets/SkinSwitchTrait/import/a8/a8b3f037-7b12-4a2b-bdcc-5af5d53040e2.932af.json,hek,216,208
assets/SkinSwitchTrait/import/a8/a8f92bba-dd8c-4958-8044-a4bc973a6358.7871f.json,hek,86,78
assets/SkinSwitchTrait/import/a9/a9ad5186-0007-4fad-821b-5da895746c43.7871f.json,hek,86,78
assets/SkinSwitchTrait/import/aa/aa22c2c4-f816-4813-9d42-8284433abc77.ed0d0.json,hek,868,4416
assets/SkinSwitchTrait/import/aa/aa337be9-9d7c-43a2-b88a-af62fa409683.490c7.json,hek,216,208
assets/SkinSwitchTrait/import/aa/aaae5190-c5df-4a41-a0be-9ed263e9d69e.e7a26.json,hek,211,203
assets/SkinSwitchTrait/import/ad/add59b78-3284-4c27-a1f0-3b566a534586.69e2e.json,hek,206,198
assets/SkinSwitchTrait/import/ae/ae4317fe-554a-4a3e-a2f1-f6601ebe0bd7.4895e.json,hek,218,210
assets/SkinSwitchTrait/import/ae/aece4286-a7ba-4f0e-9ca3-6fab20fb0758.e3bbc.json,hek,207,199
assets/SkinSwitchTrait/import/af/af312331-6e97-47e6-a0a5-8beaf3cf2fe8.bc77a.json,hek,213,205
assets/SkinSwitchTrait/import/af/afc7b81d-3298-480f-83c8-8787830d668d.fd2a5.json,hek,206,198
assets/SkinSwitchTrait/import/b1/b1982fa9-acbe-4c99-b0fa-54e5571e0041.197b2.json,hek,1936,19157
assets/SkinSwitchTrait/import/b3/b304ad16-2873-4e96-a65d-01410758b2a3.fa5d2.json,hek,207,199
assets/SkinSwitchTrait/import/b3/b3f6166e-0de6-40c6-abef-efa4f6c2eb97.a7e30.json,hek,209,201
assets/SkinSwitchTrait/import/b5/b53e8770-5d25-404f-9005-1320ff919e47.303f9.json,hek,215,207
assets/SkinSwitchTrait/import/b9/b9a13f1d-f77e-48e9-89ef-34d73ec211ee.04248.json,hek,206,198
assets/SkinSwitchTrait/import/bc/bc4e80ab-c701-455a-8d41-9d8130f7cbd4.e82b7.json,hek,208,200
assets/SkinSwitchTrait/import/bd/bdc1e281-4f4a-4eaa-98a7-59e1a119b308.7871f.json,hek,86,78
assets/SkinSwitchTrait/import/bf/bf209d10-9b92-41ac-932e-63f30c193764.dfed4.json,hek,215,207
assets/SkinSwitchTrait/import/c1/c18b0fb7-dc9a-443e-a5ee-3fb05e8d5d82.7871f.json,hek,86,78
assets/SkinSwitchTrait/import/c2/c268cff1-ed42-45a0-b6d2-1ef2eea50c37.0b60e.json,hek,216,208
assets/SkinSwitchTrait/import/c4/c40f671b-30d9-483a-9950-8772288c28c7.e4e51.json,hek,217,209
assets/SkinSwitchTrait/import/c5/c58ba09f-237d-458f-af0d-2a194b570602.24d87.json,hek,218,210
assets/SkinSwitchTrait/import/c6/c60cdc24-9a72-423b-81e3-c6fe153387f7.7871f.json,hek,86,78
assets/SkinSwitchTrait/import/c8/c835e103-0cbe-4495-bffa-53d69137b896.b97a6.json,hek,218,210
assets/SkinSwitchTrait/import/c8/c85ebf0a-3a66-4a4b-ac25-2fa0d6369c11.51e9e.json,hek,219,211
assets/SkinSwitchTrait/import/c8/c8611a9b-99a0-4f03-b594-09c368006495.05c89.json,hek,204,196
assets/SkinSwitchTrait/import/cb/cba85425-df51-40f2-b42e-e154355d4fd9.7fc51.json,hek,210,202
assets/SkinSwitchTrait/import/cc/cc280cdb-edee-4718-ba18-edb19733d58d.e221f.json,hek,218,210
assets/SkinSwitchTrait/import/cc/cc4ddc15-ce24-47db-9d14-2436492ee061.b218c.json,hek,203,195
assets/SkinSwitchTrait/import/d0/d0071c81-8074-48cc-bbb7-1f711bab9f1a.7871f.json,hek,86,78
assets/SkinSwitchTrait/import/d0/d082c612-066c-404e-ae9a-1167aa351f83.07947.json,hek,201,193
assets/SkinSwitchTrait/import/d1/d1ef9a14-6e33-4382-ab3d-664e7520f78c.f6713.json,hek,3504,8668
assets/SkinSwitchTrait/import/d2/d2f348a7-aa1b-4063-96a1-b8d98d4f04bf.0ed52.json,hek,205,197
assets/SkinSwitchTrait/import/d4/d4c16d8c-2cdb-4ad9-90f8-63ef8c94adc7.18ea4.json,hek,215,207
assets/SkinSwitchTrait/import/d6/d6515823-bcd0-4528-8ed6-25588ac2ab80.21912.json,hek,218,210
assets/SkinSwitchTrait/import/d6/d689824d-5def-4f72-9ce9-573763ea80c6.718e8.json,hek,207,199
assets/SkinSwitchTrait/import/d8/d8402cd4-76ff-480a-bce2-e04f0a33c566.1bc0b.json,hek,218,210
assets/SkinSwitchTrait/import/db/dba0db6b-4cc0-4ad8-8de1-f372dbb4093a.94c0f.json,hek,205,197
assets/SkinSwitchTrait/import/dd/dd59c4ff-c73e-47e8-8825-5c829ccd91d6.48614.json,hek,206,198
assets/SkinSwitchTrait/import/dd/dd73f474-7d12-4ae6-9474-ec7090cfad5f.759b2.json,hek,215,207
assets/SkinSwitchTrait/import/de/ded6c591-9b7c-4787-bf5f-ff7b2c93f3fe.ee162.json,hek,217,209
assets/SkinSwitchTrait/import/df/dfbb9a2e-41a9-4bce-867e-dec83b0bf24f.ecd12.json,hek,211,203
assets/SkinSwitchTrait/import/e0/e00ff7cd-13b3-4deb-87d0-e6b1cb621107.7871f.json,hek,86,78
assets/SkinSwitchTrait/import/e1/e101b342-19ff-4adb-b610-df9638232db8.86799.json,hek,410,402
assets/SkinSwitchTrait/import/e2/e24d725a-f018-4fab-84db-1f71b3084af0.bf8bd.json,hek,208,200
assets/SkinSwitchTrait/import/e2/e25dd5ff-a548-4406-a8ed-572a1879d0e7.7c52e.json,hek,213,205
assets/SkinSwitchTrait/import/e5/e530b3be-7c1f-4b70-96e4-49461ce473a8.a84bb.json,hek,219,211
assets/SkinSwitchTrait/import/e5/e5f1ca25-8e72-47a5-8309-59eb0742bea4.c5c36.json,hek,217,209
assets/SkinSwitchTrait/import/e6/e66549eb-72fa-42ed-89e2-becd7ccfff3c.7871f.json,hek,86,78
assets/SkinSwitchTrait/import/e6/e6b2e6fc-db27-4f0c-a394-48cafe112db2.f9edc.json,hek,215,207
assets/SkinSwitchTrait/import/eb/eb29727a-d7c2-44d5-b907-1f1cda24205c.f406f.json,hek,817,4279
assets/SkinSwitchTrait/import/eb/ebebb32e-c745-4893-8109-d34cadea0db5.7871f.json,hek,86,78
assets/SkinSwitchTrait/import/ed/ed259ebd-f4d5-4d2f-a414-aaa5d0e4f6c8.80554.json,hek,213,205
assets/SkinSwitchTrait/import/f7/f7e68d0a-92fc-43dd-9a27-f47951fa37f0.d0e95.json,hek,215,207
assets/SkinSwitchTrait/import/f8/f80eda28-2287-46a2-940e-453f0eb6813e.9fefb.json,hek,215,207
assets/SkinSwitchTrait/import/f8/f86b33dd-c6ce-47e8-9652-0e72261e679b.7871f.json,hek,86,78
assets/SkinSwitchTrait/import/f8/f8f77f6c-aad1-406e-9a3d-471fd7ca025b.7871f.json,hek,86,78
assets/SkinSwitchTrait/import/fa/fa2c7c9e-576d-4b16-a26b-71e07499ee9f.76ad7.json,hek,216,208
assets/SkinSwitchTrait/import/fb/fb77e341-c202-436b-96b2-da838ef4bb9a.c3fda.json,hek,909,1838
assets/SkinSwitchTrait/import/ff/ff7b1540-c5f5-40e2-a6ff-b6f9543c0ee4.df4f8.json,hek,206,198
assets/SkinSwitchTrait/index.0caf4.js,hek,9276,50434
assets/SkinSwitchTrait/native/06/06979afb-05ba-41fe-a2c4-8dcbc18aadab.42ddb.png,hek,47014,47006
assets/SkinSwitchTrait/native/07/07314ee7-91d0-4b39-bf39-816438c8870d.142a9.png,hek,166203,166195
assets/SkinSwitchTrait/native/0f/0f52404f-c8bd-4556-838b-cea5b931b014.b4b4e.png,hek,692,684
assets/SkinSwitchTrait/native/1a/1a51fa8c-7dbc-4103-bcb5-8056a816fee7.3ba18.png,hek,12497,12489
assets/SkinSwitchTrait/native/2a/2a678f91-2ee1-4dd5-865c-9a257f707499.2d240.png,hek,844,1287
assets/SkinSwitchTrait/native/2f/2f8ffd11-3714-420d-b81b-d35224e8c45d.230c3.png,hek,1386,1378
assets/SkinSwitchTrait/native/30/30d31a8d-add8-49a9-8143-f15c7dae0a66.db596.png,hek,11546,11538
assets/SkinSwitchTrait/native/3e/3e164f73-a7c9-44aa-9be4-215c3455baec.30970.png,hek,1286,1278
assets/SkinSwitchTrait/native/40/40071dc5-790c-479f-9363-45df56c0a8a1.0c904.png,hek,7334,7326
assets/SkinSwitchTrait/native/4b/4b03c879-6e4a-4d07-8022-d363583a5add.d3055.png,hek,174478,174470
assets/SkinSwitchTrait/native/4e/4e142ac4-06cf-430e-8ae8-498690885af9.3da13.png,hek,463,455
assets/SkinSwitchTrait/native/50/5062f2ac-b6bb-4df5-8b73-15789e8e7302.ea14d.png,hek,3244,3236
assets/SkinSwitchTrait/native/52/52ba75df-e481-40d7-9de5-d8f971e0ea4a.52f7b.png,hek,4194,4186
assets/SkinSwitchTrait/native/55/55f6bf01-15dc-4b44-a2ab-0d6ce575e909.24cb3.png,hek,200163,200155
assets/SkinSwitchTrait/native/62/6264d7ac-d132-4ddd-9cfc-248c863b1caf.e452a.png,hek,2919,2911
assets/SkinSwitchTrait/native/62/62855c17-5908-41b1-816e-0a6c89c922bb.f0d67.png,hek,2465,2457
assets/SkinSwitchTrait/native/7d/7d07210d-eae1-43c8-998e-1a288041bfa5.ef9d7.png,hek,47171,47163
assets/SkinSwitchTrait/native/82/8268ba6f-4441-4d07-a656-72dddcdd8d36.0f381.png,hek,6148,6140
assets/SkinSwitchTrait/native/83/83d1691a-c4e1-46a4-9d47-f4cfb7c6ee52.bb10a.png,hek,795,1133
assets/SkinSwitchTrait/native/96/96d404ba-14cb-4259-bfdb-527a901a502f.cf164.png,hek,2698,2690
assets/SkinSwitchTrait/native/a8/a8f92bba-dd8c-4958-8044-a4bc973a6358.8abcd.png,hek,10341,10333
assets/SkinSwitchTrait/native/a9/a9ad5186-0007-4fad-821b-5da895746c43.ac872.png,hek,961,953
assets/SkinSwitchTrait/native/bd/bdc1e281-4f4a-4eaa-98a7-59e1a119b308.c9296.png,hek,3020,3012
assets/SkinSwitchTrait/native/c1/c18b0fb7-dc9a-443e-a5ee-3fb05e8d5d82.4c226.png,hek,188724,188716
assets/SkinSwitchTrait/native/c6/c60cdc24-9a72-423b-81e3-c6fe153387f7.0bde4.png,hek,3142,3134
assets/SkinSwitchTrait/native/d0/d0071c81-8074-48cc-bbb7-1f711bab9f1a.e2bef.png,hek,3210,3202
assets/SkinSwitchTrait/native/e0/e00ff7cd-13b3-4deb-87d0-e6b1cb621107.1cd90.png,hek,3440,3432
assets/SkinSwitchTrait/native/e6/e66549eb-72fa-42ed-89e2-becd7ccfff3c.cb89c.png,hek,2121,2113
assets/SkinSwitchTrait/native/eb/ebebb32e-c745-4893-8109-d34cadea0db5.adb0d.png,hek,1663,1655
assets/SkinSwitchTrait/native/f8/f86b33dd-c6ce-47e8-9652-0e72261e679b.c6449.png,hek,1520,1512
assets/SkinSwitchTrait/native/f8/f8f77f6c-aad1-406e-9a3d-471fd7ca025b.b848e.png,hek,13677,13669
assets/SkinUGCEditBackTrait/config.93022.json,hek,246,238
assets/SkinUGCEditBackTrait/index.93022.js,hek,880,1980
assets/SkinUGCTrait/config.b1af9.json,hek,2347,3724
assets/SkinUGCTrait/import/01/013a36e3-e7ca-48b3-b54b-90f318b66777.2916a.json,hek,11149,187292
assets/SkinUGCTrait/import/0d/0d9f6006-5352-401c-b01b-36252968cf93.da4b5.json,hek,224,216
assets/SkinUGCTrait/import/13/132a819d-1d0c-4455-839d-ce0be7a2d4ca.c3143.json,hek,228,220
assets/SkinUGCTrait/import/16/169d7746-ba29-4b2c-85be-a05e41058b84.225ab.json,hek,222,214
assets/SkinUGCTrait/import/18/18f2dc31-96a8-4d2e-993a-955d098bac04.9c2e6.json,hek,218,210
assets/SkinUGCTrait/import/1a/1afcead4-5a53-45b2-8657-3537b9304661.fd1be.json,hek,210,202
assets/SkinUGCTrait/import/1b/1ba9906b-e577-48ea-aff8-3ce6493e34e5.d4f8f.json,hek,728,1444
assets/SkinUGCTrait/import/24/24cb6409-2f6c-4e70-8b78-e625d8d7be6e.94c9d.json,hek,241,233
assets/SkinUGCTrait/import/26/260bbcf4-c4ab-4196-8261-0edcde267d45.8b3d0.json,hek,228,220
assets/SkinUGCTrait/import/2b/2bd70f65-75e4-49f9-8ea6-e3fc20245306.c20bd.json,hek,4121,37283
assets/SkinUGCTrait/import/2d/2dd9861d-fdbd-4b0c-876d-48434fd11a18.e6974.json,hek,1412,3081
assets/SkinUGCTrait/import/36/36bcc539-3a27-4e48-b15e-18cc380dfd66.81d9b.json,hek,223,215
assets/SkinUGCTrait/import/3d/3da3d115-76a8-430f-8308-8fa26d41c390.863cc.json,hek,212,204
assets/SkinUGCTrait/import/42/425f7514-e747-4c11-97cb-e521cc668262.2c8dd.json,hek,217,209
assets/SkinUGCTrait/import/4f/4fc2c1b9-74a8-46d3-a26c-11782062eeee.4a64a.json,hek,231,223
assets/SkinUGCTrait/import/50/5005a41e-7d55-458e-861a-5aacb42dba08.7871f.json,hek,86,78
assets/SkinUGCTrait/import/50/50ccfc2f-aeda-4691-adf5-ee753b6ba6ce.18a3a.json,hek,209,201
assets/SkinUGCTrait/import/56/560bc321-239e-459f-8891-3ddb08c44203.ed9e0.json,hek,223,215
assets/SkinUGCTrait/import/56/56bd4971-9fa0-438f-9d12-7ce5ea997edd.efe3f.json,hek,228,220
assets/SkinUGCTrait/import/58/5864b4d2-08f8-4d1e-8bde-3396bd8ffc63.55230.json,hek,229,221
assets/SkinUGCTrait/import/5a/5aad0d34-f6ac-4670-a580-fc12aceb965f.5dc5b.json,hek,219,211
assets/SkinUGCTrait/import/5b/5bf96276-8d3c-4c14-968f-c52819e9cf67.e8074.json,hek,894,1826
assets/SkinUGCTrait/import/5e/5e67e0b6-e6aa-41a7-83f9-8fb07632d64d.04f50.json,hek,215,207
assets/SkinUGCTrait/import/63/632681b4-5a4f-4812-ad4f-b53995f3fb9d.684d9.json,hek,217,209
assets/SkinUGCTrait/import/64/64bbeaa8-aeba-422a-831c-fc52f3f87cb4.5a54a.json,hek,214,206
assets/SkinUGCTrait/import/66/668deb2b-dd31-4e01-80e4-d9f000295557.c1e87.json,hek,228,220
assets/SkinUGCTrait/import/67/6741dfba-bee0-4096-ab6c-d75b7e7d35fa.c0f07.json,hek,231,223
assets/SkinUGCTrait/import/6d/6d389273-6a78-42c9-9134-3dcec49d3f55.287cb.json,hek,231,223
assets/SkinUGCTrait/import/76/76916462-5b53-47bd-8929-22bc29cc6eef.55337.json,hek,224,216
assets/SkinUGCTrait/import/76/76aff5f9-c165-4502-b834-3d5a24b2615e.6f6ad.json,hek,203,195
assets/SkinUGCTrait/import/7b/7b75ad7c-4560-4d46-a12d-81c4686bf906.0bff0.json,hek,222,214
assets/SkinUGCTrait/import/7b/7bf739c6-8a7f-4100-aa6c-657a37082704.75aea.json,hek,218,210
assets/SkinUGCTrait/import/7c/7c0d2a39-6e82-4e0f-b913-a08971420ffe.fe2f5.json,hek,221,213
assets/SkinUGCTrait/import/82/8252db89-6855-45d0-9eb3-8e341a405d66.68e8e.json,hek,223,215
assets/SkinUGCTrait/import/83/836f6893-11fc-4ced-9541-c47efd914bfc.23446.json,hek,215,207
assets/SkinUGCTrait/import/85/857001d5-7bd3-455e-aec5-9be48c9b632d.66a88.json,hek,223,215
assets/SkinUGCTrait/import/88/88055a29-81c9-4a06-8026-0ac8e50480ff.69d42.json,hek,3663,9052
assets/SkinUGCTrait/import/8c/8c93a6c2-fdff-46f0-a9a3-1bab76eb2284.8f050.json,hek,222,214
assets/SkinUGCTrait/import/98/9828f69a-a410-4d35-8b45-8c9d533dd548.14914.json,hek,206,198
assets/SkinUGCTrait/import/a2/a2615478-e6cd-486c-a01a-a71f81a293ed.e2657.json,hek,1619,3972
assets/SkinUGCTrait/import/a2/a2663124-f887-4e5c-9c5a-4b4f95fc6bc3.93721.json,hek,214,206
assets/SkinUGCTrait/import/a3/a306be1f-8791-424b-a73a-0f93148a3f7c.bf8be.json,hek,6124,14583
assets/SkinUGCTrait/import/af/afe6a7f0-52ae-4776-9f67-a32c565e491e.de2fb.json,hek,214,206
assets/SkinUGCTrait/import/b7/b7461bc8-d131-49bd-9233-9e57c24b4d1e.c6cfa.json,hek,212,204
assets/SkinUGCTrait/import/ba/ba6a8d4a-3ac8-4f4b-b935-4e99a042c35a.2ec20.json,hek,214,206
assets/SkinUGCTrait/import/bb/bb5ba3ac-2cf9-4986-9177-1bbc207e7f7a.8c8ec.json,hek,220,212
assets/SkinUGCTrait/import/c9/c97a4df9-fe33-4f28-906c-af99f31f122a.0c6ac.json,hek,207,199
assets/SkinUGCTrait/import/cb/cb7c5fa7-35d0-4c5e-aef4-142b09ad4fd6.bfb0c.json,hek,223,215
assets/SkinUGCTrait/import/d1/d197ed43-e498-400d-9c3d-431378bbf796.3e072.json,hek,218,210
assets/SkinUGCTrait/import/d4/d40abd6b-69ae-45d8-ab95-be935e11739d.7871f.json,hek,86,78
assets/SkinUGCTrait/import/d5/d5be0a45-6665-48e5-b1fb-8a1f08d1dddf.3941d.json,hek,206,198
assets/SkinUGCTrait/import/d8/d84d60d0-731d-49af-9c77-5a292bd5783c.ffd02.json,hek,222,214
assets/SkinUGCTrait/import/db/dbcbca73-ef60-455a-8d2a-dae2932a7f30.fd4c4.json,hek,214,206
assets/SkinUGCTrait/import/e4/e4a1afba-eb66-41a6-a3d5-c4c38a5dc282.224eb.json,hek,1110,2447
assets/SkinUGCTrait/import/ef/ef41f593-31bc-4248-a3aa-da5b671d3e02.7871f.json,hek,86,78
assets/SkinUGCTrait/import/f0/f0a2ae85-9f6e-425d-99ce-750fda72a0fa.91de0.json,hek,86,78
assets/SkinUGCTrait/import/f3/f3087c99-ff04-4c66-ab98-6b4bf8883a5a.cbf77.json,hek,218,210
assets/SkinUGCTrait/import/f3/f31d2257-5090-4fd7-af50-7314f1598f27.91b1a.json,hek,194,186
assets/SkinUGCTrait/import/f4/f4ba0bfa-20ba-4c28-9ec3-2b326cd423d7.03f02.json,hek,213,205
assets/SkinUGCTrait/import/f5/f5a6a0a1-d8d5-40e4-88c2-20438c529d46.e1988.json,hek,206,198
assets/SkinUGCTrait/import/f6/f62c8079-444c-472f-b6b8-4f98957517ab.72016.json,hek,216,208
assets/SkinUGCTrait/import/f6/f6dec21e-4beb-49f8-9070-6fbb08440264.7871f.json,hek,86,78
assets/SkinUGCTrait/import/f7/f7b25607-68dc-4af6-9e87-d43dffd88043.99151.json,hek,215,207
assets/SkinUGCTrait/import/fb/fb59bc74-2e20-4242-87c3-5324d0957599.1c034.json,hek,212,204
assets/SkinUGCTrait/index.b1af9.js,hek,14732,87118
assets/SkinUGCTrait/native/50/5005a41e-7d55-458e-861a-5aacb42dba08.2379c.png,hek,23609,23601
assets/SkinUGCTrait/native/d4/d40abd6b-69ae-45d8-ab95-be935e11739d.a496c.png,hek,104746,104738
assets/SkinUGCTrait/native/ef/ef41f593-31bc-4248-a3aa-da5b671d3e02.1f35a.png,hek,3034,3026
assets/SkinUGCTrait/native/f0/f0a2ae85-9f6e-425d-99ce-750fda72a0fa.6e85f.png,hek,552,2096
assets/SkinUGCTrait/native/f6/f6dec21e-4beb-49f8-9070-6fbb08440264.891ee.png,hek,1426,1418
assets/SkinUGCUseBtnTrait/config.0111d.json,hek,244,236
assets/SkinUGCUseBtnTrait/index.0111d.js,hek,876,1968
assets/SlowPacedUserInitBoardTrait/config.2ef5c.json,hek,253,245
assets/SlowPacedUserInitBoardTrait/index.2ef5c.js,hek,2040,5544
assets/SolidColorLevelOmitColorsTrait/config.6609b.json,hek,256,248
assets/SolidColorLevelOmitColorsTrait/index.6609b.js,hek,1588,4206
assets/SolveDiffProblemEncourageTrait/config.80bcb.json,hek,650,642
assets/SolveDiffProblemEncourageTrait/import/48/48deb975-c34d-4c8e-967b-ad1230a190f6.7871f.json,hek,86,78
assets/SolveDiffProblemEncourageTrait/import/63/637e8b0b-27d4-498b-83eb-46e7df09477b.caa64.json,hek,3738,34161
assets/SolveDiffProblemEncourageTrait/import/be/beca3e1c-c14b-4c90-b5f9-d0b8801b8ad1.74720.json,hek,1278,7555
assets/SolveDiffProblemEncourageTrait/import/f1/f11e06aa-53b5-47cc-93e6-599b680978f2.49ecd.json,hek,217,209
assets/SolveDiffProblemEncourageTrait/index.80bcb.js,hek,1624,4314
assets/SolveDiffProblemEncourageTrait/native/48/48deb975-c34d-4c8e-967b-ad1230a190f6.d5284.png,hek,147271,147263
assets/SolveDifficultProblemChangeSkinTrait/config.bfd54.json,hek,262,254
assets/SolveDifficultProblemChangeSkinTrait/index.bfd54.js,hek,1280,3238
assets/SwipeUpToContinueTrait/config.81af0.json,hek,830,822
assets/SwipeUpToContinueTrait/import/13/13cd904d-d7b5-4fb7-88a9-0c22e5dbb100.1223f.json,hek,211,203
assets/SwipeUpToContinueTrait/import/1e/1eb04090-e1ca-4d6d-b626-adb594fbebe4.7871f.json,hek,86,78
assets/SwipeUpToContinueTrait/import/44/4451c982-b1fd-4daa-9295-cc5e0d2f4ec4.7871f.json,hek,86,78
assets/SwipeUpToContinueTrait/import/4d/4d250a02-8c54-43e7-993b-fb3bf71a3502.7871f.json,hek,86,78
assets/SwipeUpToContinueTrait/import/66/66a2d8f2-1df1-4cd2-afd3-fdce58b3cfd2.5c78b.json,hek,196,188
assets/SwipeUpToContinueTrait/import/b6/b6295832-8b84-41c6-88bf-c81bca43693c.6113f.json,hek,196,188
assets/SwipeUpToContinueTrait/import/c5/c5aeddeb-9466-43ea-85e8-cd75f90627ea.ee190.json,hek,805,1562
assets/SwipeUpToContinueTrait/index.81af0.js,hek,2032,7727
assets/SwipeUpToContinueTrait/native/1e/1eb04090-e1ca-4d6d-b626-adb594fbebe4.963ab.png,hek,2818,2810
assets/SwipeUpToContinueTrait/native/44/4451c982-b1fd-4daa-9295-cc5e0d2f4ec4.271fa.png,hek,404,396
assets/SwipeUpToContinueTrait/native/4d/4d250a02-8c54-43e7-993b-fb3bf71a3502.ea78e.png,hek,641,633
assets/SwitchingSkinNameMotivationalWordTrait/config.eb40d.json,hek,5947,15426
assets/SwitchingSkinNameMotivationalWordTrait/import/02/02c105a8-edd6-447a-934b-a80b06a0549d.6c071.json,hek,215,207
assets/SwitchingSkinNameMotivationalWordTrait/import/03/03fd7575-56a1-442f-bd13-f3898892656e.7871f.json,hek,86,78
assets/SwitchingSkinNameMotivationalWordTrait/import/05/054cef27-72b2-46f5-87b5-894ba4ff6d4b.7871f.json,hek,86,78
assets/SwitchingSkinNameMotivationalWordTrait/import/05/05919578-2521-404a-8e32-9ffeb9a73d51.7871f.json,hek,86,78
assets/SwitchingSkinNameMotivationalWordTrait/import/05/05be44a0-d366-47e4-b654-1fbbf655f0e0.2d004.json,hek,218,210
assets/SwitchingSkinNameMotivationalWordTrait/import/06/06ab82bd-80b0-4dd1-aa66-da536d2294da.d5b64.json,hek,215,207
assets/SwitchingSkinNameMotivationalWordTrait/import/06/06db3b0e-ca17-4fe9-80d4-37d9eb3af3d2.7871f.json,hek,86,78
assets/SwitchingSkinNameMotivationalWordTrait/import/0a/0ac67afe-d8bb-4f72-95a1-dedfd09e5b6d.7871f.json,hek,86,78
assets/SwitchingSkinNameMotivationalWordTrait/import/0b/0be2c113-9c22-4b1e-bcec-4069424d7837.5faf0.json,hek,215,207
assets/SwitchingSkinNameMotivationalWordTrait/import/10/1040afcb-8b22-4f9e-ac87-2e08ba285454.3f9d5.json,hek,215,207
assets/SwitchingSkinNameMotivationalWordTrait/import/10/10a8244d-05aa-4ac3-bcc3-83faf4dd7c1b.569e2.json,hek,218,210
assets/SwitchingSkinNameMotivationalWordTrait/import/11/1149520a-bd22-4428-bbc9-8c498ce264d8.7871f.json,hek,86,78
assets/SwitchingSkinNameMotivationalWordTrait/import/12/1265af02-dd7c-42f6-9291-1d315b15a6d0.7871f.json,hek,86,78
assets/SwitchingSkinNameMotivationalWordTrait/import/13/13f4320d-e878-4846-bd62-fb694b81e29f.835b6.json,hek,218,210
assets/SwitchingSkinNameMotivationalWordTrait/import/14/1448f3ab-0266-4d0a-8c49-bdf0f965d522.7871f.json,hek,86,78
assets/SwitchingSkinNameMotivationalWordTrait/import/15/153b3e6e-7c6a-43b9-9f02-d8b87b4299c8.09c0a.json,hek,215,207
assets/SwitchingSkinNameMotivationalWordTrait/import/16/160e192f-9314-4a5d-bdfc-59371884b441.d0a67.json,hek,218,210
assets/SwitchingSkinNameMotivationalWordTrait/import/17/1718b6d1-c907-47a8-9b4b-5d4fdefe260f.60462.json,hek,218,210
assets/SwitchingSkinNameMotivationalWordTrait/import/17/17f9c3f8-a1bd-404c-9682-cf48760948a1.7871f.json,hek,86,78
assets/SwitchingSkinNameMotivationalWordTrait/import/18/18ac785b-84e9-4d0a-ae90-e641edc4b296.7871f.json,hek,86,78
assets/SwitchingSkinNameMotivationalWordTrait/import/19/1991c2ef-7c69-4d57-a293-da1dd2eb4516.7871f.json,hek,86,78
assets/SwitchingSkinNameMotivationalWordTrait/import/1b/1b6d95b2-9e02-4c6a-bd70-5e0e65e59822.1778d.json,hek,218,210
assets/SwitchingSkinNameMotivationalWordTrait/import/1c/1cbfb106-e6ec-4108-8e25-38b796440287.7871f.json,hek,86,78
assets/SwitchingSkinNameMotivationalWordTrait/import/1d/1de485f1-874e-457d-b616-8a15fffd4a91.7871f.json,hek,86,78
assets/SwitchingSkinNameMotivationalWordTrait/import/1f/1f6da6df-8b8e-4c29-9662-12dba857dfce.795a8.json,hek,218,210
assets/SwitchingSkinNameMotivationalWordTrait/import/20/20051ef0-122f-4ccd-904b-ca1e60b7b201.dbca8.json,hek,215,207
assets/SwitchingSkinNameMotivationalWordTrait/import/22/22fb8df4-fe7c-4965-9c2a-598652b15ebd.7871f.json,hek,86,78
assets/SwitchingSkinNameMotivationalWordTrait/import/26/260c121c-6510-47a8-b467-5c8a2bcb3926.c21eb.json,hek,215,207
assets/SwitchingSkinNameMotivationalWordTrait/import/28/2827ed70-d058-4475-9471-44f408101507.93fda.json,hek,218,210
assets/SwitchingSkinNameMotivationalWordTrait/import/2a/2af8d348-7b09-4f75-a24d-dab5b4840404.7871f.json,hek,86,78
assets/SwitchingSkinNameMotivationalWordTrait/import/2f/2f5845f4-0b70-49c2-8c13-3286b52cbc6d.5cbcf.json,hek,215,207
assets/SwitchingSkinNameMotivationalWordTrait/import/2f/2fd0204e-1f32-472a-9c8f-451ce572adba.f69d7.json,hek,218,210
assets/SwitchingSkinNameMotivationalWordTrait/import/31/312f6135-5a38-42f0-86b2-4c05700f1c4d.1f7ac.json,hek,215,207
assets/SwitchingSkinNameMotivationalWordTrait/import/34/34c55552-e9c1-4679-bb54-00846fb28ffc.ccfc7.json,hek,218,210
assets/SwitchingSkinNameMotivationalWordTrait/import/36/36149e87-b62c-4e5a-89ed-f37d7a15f4b6.7871f.json,hek,86,78
assets/SwitchingSkinNameMotivationalWordTrait/import/3a/3a35fe13-f910-43a6-bb10-23d7f1d08b2c.7871f.json,hek,86,78
assets/SwitchingSkinNameMotivationalWordTrait/import/3a/3ac711ef-540a-4eb6-b47a-33a6b0075016.7871f.json,hek,86,78
assets/SwitchingSkinNameMotivationalWordTrait/import/3d/3d3b7174-ecec-4b27-8067-3cbeaff818a9.7871f.json,hek,86,78
assets/SwitchingSkinNameMotivationalWordTrait/import/3d/3d90a1a9-31ad-44cb-963f-dbe2fe8f436c.b7c6d.json,hek,215,207
assets/SwitchingSkinNameMotivationalWordTrait/import/3d/3daca26b-d139-4ada-b034-207fbd4c1c0f.c6795.json,hek,218,210
assets/SwitchingSkinNameMotivationalWordTrait/import/3e/3e436cb8-f2a7-4af6-b763-c148ca86d6d6.da849.json,hek,215,207
assets/SwitchingSkinNameMotivationalWordTrait/import/3f/3f4349cb-5387-4d42-903f-a2aba3094429.7871f.json,hek,86,78
assets/SwitchingSkinNameMotivationalWordTrait/import/40/4022cf90-f1e4-416a-a1aa-892ac3a8facf.7871f.json,hek,86,78
assets/SwitchingSkinNameMotivationalWordTrait/import/40/403eae3f-f760-48b4-a1d6-fad3e567c394.7871f.json,hek,86,78
assets/SwitchingSkinNameMotivationalWordTrait/import/42/42468a20-e51e-49c9-bf92-22594e55a6a9.80e91.json,hek,215,207
assets/SwitchingSkinNameMotivationalWordTrait/import/44/44748f20-6f19-46dd-8829-c092d7e72427.2ca58.json,hek,215,207
assets/SwitchingSkinNameMotivationalWordTrait/import/44/44ca1d30-914b-4cbd-b6c2-7a1527d6e249.c2885.json,hek,215,207
assets/SwitchingSkinNameMotivationalWordTrait/import/4c/4ce9483e-3a1c-42d4-8f7c-b284fb9f5533.7871f.json,hek,86,78
assets/SwitchingSkinNameMotivationalWordTrait/import/4e/4e8b3813-441c-4d08-ad49-dd37f7c947ac.7871f.json,hek,86,78
assets/SwitchingSkinNameMotivationalWordTrait/import/50/50f22748-8428-4807-a108-9e4425d23260.7871f.json,hek,86,78
assets/SwitchingSkinNameMotivationalWordTrait/import/51/5168f712-0a4e-4fd0-8e54-a322f680ca0b.cd1cd.json,hek,215,207
assets/SwitchingSkinNameMotivationalWordTrait/import/52/52856a60-ebf6-4224-8b33-c724c26b7407.74465.json,hek,741,5374
assets/SwitchingSkinNameMotivationalWordTrait/import/53/5342ae0d-8410-4745-96ec-aa723b750683.7871f.json,hek,86,78
assets/SwitchingSkinNameMotivationalWordTrait/import/53/53b583da-0d57-4786-aa98-10a9d96c784b.7871f.json,hek,86,78
assets/SwitchingSkinNameMotivationalWordTrait/import/57/57d0cc9a-cf06-4739-80e3-51a98a69e39a.cbc2a.json,hek,218,210
assets/SwitchingSkinNameMotivationalWordTrait/import/5a/5aa92d15-8261-4e85-8580-399079856d69.c8e58.json,hek,215,207
assets/SwitchingSkinNameMotivationalWordTrait/import/61/6158c1fc-f47d-4e99-97b9-f592b9ca4235.06bf9.json,hek,215,207
assets/SwitchingSkinNameMotivationalWordTrait/import/62/6202009f-7f77-432c-84e6-7d35fb56ed0d.7871f.json,hek,86,78
assets/SwitchingSkinNameMotivationalWordTrait/import/62/62486314-b3d1-4a8d-be76-d71bbe520967.7871f.json,hek,86,78
assets/SwitchingSkinNameMotivationalWordTrait/import/63/63803120-6bfe-4691-af30-6ea0292f26ea.7871f.json,hek,86,78
assets/SwitchingSkinNameMotivationalWordTrait/import/64/64875f38-b8bf-4d99-8e59-1483dcabe580.3d16f.json,hek,218,210
assets/SwitchingSkinNameMotivationalWordTrait/import/65/652e6a8b-9f18-4b6c-aa0a-4e7657cae957.96a7b.json,hek,218,210
assets/SwitchingSkinNameMotivationalWordTrait/import/68/68a7da83-e2a9-4039-bdcd-a72b20ede8ee.7871f.json,hek,86,78
assets/SwitchingSkinNameMotivationalWordTrait/import/6a/6a1510b7-71b6-4061-82f8-dd0816bb96cb.7871f.json,hek,86,78
assets/SwitchingSkinNameMotivationalWordTrait/import/6e/6e0e7294-33bc-447a-abe9-5c5b35985cfb.276d5.json,hek,215,207
assets/SwitchingSkinNameMotivationalWordTrait/import/75/755f6f8a-26ff-4ed1-b9fd-5bcf5a1c9675.7871f.json,hek,86,78
assets/SwitchingSkinNameMotivationalWordTrait/import/76/76747710-da7b-48d7-ac00-5118eba900bc.aa227.json,hek,215,207
assets/SwitchingSkinNameMotivationalWordTrait/import/7a/7a0f23ac-fdf0-47a2-8242-78735099d116.7871f.json,hek,86,78
assets/SwitchingSkinNameMotivationalWordTrait/import/7a/7aa2f8f2-e8b8-47c4-84c3-5e5ff2a3c13b.7871f.json,hek,86,78
assets/SwitchingSkinNameMotivationalWordTrait/import/7c/7c9a155c-68ba-4a45-8a98-5900308ef4b0.95da9.json,hek,218,210
assets/SwitchingSkinNameMotivationalWordTrait/import/7d/7d105bd1-aabb-4a5d-a9f5-47e8eb19b9bc.511d6.json,hek,215,207
assets/SwitchingSkinNameMotivationalWordTrait/import/7d/7d30b3b5-100f-4f8f-ade1-40837fbdc0e1.06336.json,hek,218,210
assets/SwitchingSkinNameMotivationalWordTrait/import/7d/7d56097f-ac98-46fa-b314-62200b522c26.7871f.json,hek,86,78
assets/SwitchingSkinNameMotivationalWordTrait/import/7f/7fa511ab-9b2e-48c0-bad2-7283c07318c5.3414a.json,hek,215,207
assets/SwitchingSkinNameMotivationalWordTrait/import/82/82328994-e47c-4339-9b0c-f67580f8e1c8.9efd7.json,hek,215,207
assets/SwitchingSkinNameMotivationalWordTrait/import/84/843d6cf8-31e3-4bcf-bf4b-7eee88f2a87d.7871f.json,hek,86,78
assets/SwitchingSkinNameMotivationalWordTrait/import/85/852be295-2050-48a1-b5f8-4dc414868f7b.22016.json,hek,215,207
assets/SwitchingSkinNameMotivationalWordTrait/import/85/85e912c6-ffc7-45ba-89be-0cf03928c5df.7871f.json,hek,86,78
assets/SwitchingSkinNameMotivationalWordTrait/import/86/867165e5-15c6-49be-8094-f432edcc651c.7871f.json,hek,86,78
assets/SwitchingSkinNameMotivationalWordTrait/import/87/870e335a-0022-4793-bd60-b0a8d3171a79.96ab3.json,hek,215,207
assets/SwitchingSkinNameMotivationalWordTrait/import/87/875dbff7-027a-4dca-b7b1-eaf69ab470b7.7871f.json,hek,86,78
assets/SwitchingSkinNameMotivationalWordTrait/import/8d/8d36469e-516f-4f4c-b6ef-51334f56fd73.7c87a.json,hek,215,207
assets/SwitchingSkinNameMotivationalWordTrait/import/8e/8e6773a4-4c6c-413a-931a-1d1a288bca82.7871f.json,hek,86,78
assets/SwitchingSkinNameMotivationalWordTrait/import/8e/8ed5d1b8-6ff7-462f-8603-ec35362da222.7871f.json,hek,86,78
assets/SwitchingSkinNameMotivationalWordTrait/import/8f/8f373702-b3a5-4e88-b720-5bedd4f94c19.27c16.json,hek,218,210
assets/SwitchingSkinNameMotivationalWordTrait/import/90/90363bac-7e5f-4e0b-bf25-f9302344bf84.7871f.json,hek,86,78
assets/SwitchingSkinNameMotivationalWordTrait/import/92/924c23cf-9b0b-4764-98d1-e649bab6b226.6c98a.json,hek,215,207
assets/SwitchingSkinNameMotivationalWordTrait/import/95/955f0a6b-cffc-4494-955a-33325a4da32f.7871f.json,hek,86,78
assets/SwitchingSkinNameMotivationalWordTrait/import/95/9590a3d5-96c0-4cbd-a288-7ecefcda4eb1.7871f.json,hek,86,78
assets/SwitchingSkinNameMotivationalWordTrait/import/95/95e946f3-0f2d-4566-baf1-3643db13284d.44e92.json,hek,215,207
assets/SwitchingSkinNameMotivationalWordTrait/import/98/98396392-adda-40fb-8112-c2a597ec0a7f.9923f.json,hek,215,207
assets/SwitchingSkinNameMotivationalWordTrait/import/9a/9a1bf0e6-e0e4-476d-900c-9fe09599af4e.9b1b1.json,hek,218,210
assets/SwitchingSkinNameMotivationalWordTrait/import/9a/9ac31e4d-17f8-4dc3-b3da-cd8e6d128249.aa089.json,hek,965,957
assets/SwitchingSkinNameMotivationalWordTrait/import/9b/9bb6a662-39c8-4d76-95c3-2ba88a78a3d9.7871f.json,hek,86,78
assets/SwitchingSkinNameMotivationalWordTrait/import/9c/9ce58d40-be72-4159-9301-792202223697.985aa.json,hek,215,207
assets/SwitchingSkinNameMotivationalWordTrait/import/9d/9d0ac438-d91b-45ae-8967-05f5f5d647a9.7871f.json,hek,86,78
assets/SwitchingSkinNameMotivationalWordTrait/import/a1/a15e8f7d-375b-4ee3-a221-5de02da27cb0.c5d2d.json,hek,218,210
assets/SwitchingSkinNameMotivationalWordTrait/import/a2/a295a71c-39a9-4293-811f-07b6e61aa2f2.4cbdb.json,hek,215,207
assets/SwitchingSkinNameMotivationalWordTrait/import/a2/a2c7eddf-5e78-4d97-98e8-aa5e69df7b79.7871f.json,hek,86,78
assets/SwitchingSkinNameMotivationalWordTrait/import/a4/a477b4f9-2b5a-4eb5-afa2-63dc51f410b7.7871f.json,hek,86,78
assets/SwitchingSkinNameMotivationalWordTrait/import/a6/a6a174cd-da3f-46c9-b6d4-4ca50802f60c.e16e1.json,hek,218,210
assets/SwitchingSkinNameMotivationalWordTrait/import/a7/a72ccddf-985e-4bc4-b4f9-68036e9144b9.a8312.json,hek,218,210
assets/SwitchingSkinNameMotivationalWordTrait/import/ad/adcf982d-75ed-40ea-a5d1-2e89ef918b27.b2972.json,hek,218,210
assets/SwitchingSkinNameMotivationalWordTrait/import/b0/b07fc8d4-1aeb-4b9d-a6ab-32fdf073e2f1.7871f.json,hek,86,78
assets/SwitchingSkinNameMotivationalWordTrait/import/b1/b14531a0-dbb9-4b64-8891-5a5032eb00b5.7871f.json,hek,86,78
assets/SwitchingSkinNameMotivationalWordTrait/import/b6/b6afe76e-8cfb-4baa-bffc-256021756e62.37707.json,hek,218,210
assets/SwitchingSkinNameMotivationalWordTrait/import/b9/b95c2dc4-0cb0-4221-b0b8-6d58eafa08da.dc45a.json,hek,215,207
assets/SwitchingSkinNameMotivationalWordTrait/import/ba/ba99ac82-a4bd-4073-b1ab-dfaca67d5e64.afc50.json,hek,218,210
assets/SwitchingSkinNameMotivationalWordTrait/import/bc/bc597bc0-c621-49f0-b4fc-e928be6e9c0a.f0d9b.json,hek,218,210
assets/SwitchingSkinNameMotivationalWordTrait/import/bc/bccdb758-e5d0-4f6a-800b-ebcb767d2fda.7871f.json,hek,86,78
assets/SwitchingSkinNameMotivationalWordTrait/import/bd/bd8957b1-f45f-40f8-9544-8bc36edd8a60.5e67a.json,hek,215,207
assets/SwitchingSkinNameMotivationalWordTrait/import/bf/bfe5751d-5fbe-409a-83c2-3119d1073806.7871f.json,hek,86,78
assets/SwitchingSkinNameMotivationalWordTrait/import/c3/c324b8d9-62ba-400a-8f3b-a7e7409e2467.69311.json,hek,218,210
assets/SwitchingSkinNameMotivationalWordTrait/import/c4/c48174ed-d33f-407e-b3b5-f38c686bf1f5.7871f.json,hek,86,78
assets/SwitchingSkinNameMotivationalWordTrait/import/c4/c4b8969a-55fc-4333-8008-3b3acf7d1a31.4f008.json,hek,218,210
assets/SwitchingSkinNameMotivationalWordTrait/import/c5/c5370447-6664-4b87-93ec-41ff93942742.7871f.json,hek,86,78
assets/SwitchingSkinNameMotivationalWordTrait/import/c5/c565b2c0-e651-4890-983b-069f6f446311.c3c3d.json,hek,218,210
assets/SwitchingSkinNameMotivationalWordTrait/import/c5/c5762b67-773b-45b7-aadd-36b03724034e.7871f.json,hek,86,78
assets/SwitchingSkinNameMotivationalWordTrait/import/c5/c5ed1863-2fbc-4d4e-b45a-c15d35dfc6c1.7871f.json,hek,86,78
assets/SwitchingSkinNameMotivationalWordTrait/import/c6/c6df9dc0-685d-4701-a94d-abf4e99e349b.7871f.json,hek,86,78
assets/SwitchingSkinNameMotivationalWordTrait/import/c7/c7a13101-8a59-4889-afeb-d35860aaec7a.7871f.json,hek,86,78
assets/SwitchingSkinNameMotivationalWordTrait/import/c7/c7da7615-37e9-4bdf-92c4-5763fc251861.7871f.json,hek,86,78
assets/SwitchingSkinNameMotivationalWordTrait/import/c8/c86219db-5f7a-4d3e-800c-78e19e76704a.7871f.json,hek,86,78
assets/SwitchingSkinNameMotivationalWordTrait/import/c9/c9efa80e-9d08-4744-af60-76f7b977c516.f87cd.json,hek,215,207
assets/SwitchingSkinNameMotivationalWordTrait/import/ca/ca646347-315c-43c0-bf0f-dc7cc826aba2.7871f.json,hek,86,78
assets/SwitchingSkinNameMotivationalWordTrait/import/cb/cb578b13-f3da-43a2-9fc7-b64d5bfe8a11.35d71.json,hek,218,210
assets/SwitchingSkinNameMotivationalWordTrait/import/cd/cd2cb54a-44c5-4d29-9a8c-eb22ec3c49a7.bac67.json,hek,215,207
assets/SwitchingSkinNameMotivationalWordTrait/import/cd/cded99b4-a7e8-4fc8-9b18-502e41cd42a4.32a63.json,hek,218,210
assets/SwitchingSkinNameMotivationalWordTrait/import/cf/cf8fcafd-231e-4a55-b6b1-4b6f1a2ac999.3d4d9.json,hek,218,210
assets/SwitchingSkinNameMotivationalWordTrait/import/d2/d260fe3f-d4fc-4605-8694-aea59fdb102e.40970.json,hek,218,210
assets/SwitchingSkinNameMotivationalWordTrait/import/d3/d33794d2-ac84-434e-b10b-b43e8a6cdc82.d1669.json,hek,218,210
assets/SwitchingSkinNameMotivationalWordTrait/import/d3/d389c105-d9b8-4192-8c9b-538261089191.ac507.json,hek,215,207
assets/SwitchingSkinNameMotivationalWordTrait/import/d8/d843413d-de3a-410c-93e4-d1484d607195.7871f.json,hek,86,78
assets/SwitchingSkinNameMotivationalWordTrait/import/db/dbbf5225-e346-469f-bc87-baae85e9f066.c5974.json,hek,215,207
assets/SwitchingSkinNameMotivationalWordTrait/import/dc/dc12f176-1cc4-4584-8f7b-6f06d4dd47cb.e5626.json,hek,218,210
assets/SwitchingSkinNameMotivationalWordTrait/import/dc/dc5fac0e-5caf-41bc-8574-efb288c4862e.fe91f.json,hek,218,210
assets/SwitchingSkinNameMotivationalWordTrait/import/de/de6e8340-b39f-4996-b0a1-74ae1f6f0834.287d2.json,hek,215,207
assets/SwitchingSkinNameMotivationalWordTrait/import/de/de87cc2b-7449-4230-8531-0d25f2933f52.1fa53.json,hek,218,210
assets/SwitchingSkinNameMotivationalWordTrait/import/df/df7517f3-82e7-4bb1-a5d4-1bd7026a9fe7.4952c.json,hek,218,210
assets/SwitchingSkinNameMotivationalWordTrait/import/e0/e0177b2e-92d3-49b1-8e08-b45d1157438f.7871f.json,hek,86,78
assets/SwitchingSkinNameMotivationalWordTrait/import/e0/e09c2140-980c-4ffa-a68f-f575a6f39df7.7871f.json,hek,86,78
assets/SwitchingSkinNameMotivationalWordTrait/import/e2/e247fce1-7fbb-4622-9b43-34531cd6d6a2.7871f.json,hek,86,78
assets/SwitchingSkinNameMotivationalWordTrait/import/e2/e2fd4cc5-3bb2-4db9-825d-969cdb9e6ab3.7871f.json,hek,86,78
assets/SwitchingSkinNameMotivationalWordTrait/import/e3/e3709b27-0270-48af-a493-72253bea78d9.7871f.json,hek,86,78
assets/SwitchingSkinNameMotivationalWordTrait/import/e4/e447184b-80e9-49f4-bddf-3d143ad8f134.49634.json,hek,218,210
assets/SwitchingSkinNameMotivationalWordTrait/import/e5/e5d019f2-c04e-4860-ba35-b1c9c55d739d.7871f.json,hek,86,78
assets/SwitchingSkinNameMotivationalWordTrait/import/e6/e6750c7b-b08b-4803-b5e2-ce5b73ac8d00.10d0a.json,hek,215,207
assets/SwitchingSkinNameMotivationalWordTrait/import/e7/e7fbbec2-145f-4699-a709-2ccae7f3e4bb.24165.json,hek,215,207
assets/SwitchingSkinNameMotivationalWordTrait/import/ea/eafaac65-7c3b-4c7b-a988-ca4b41ce4ec1.7871f.json,hek,86,78
assets/SwitchingSkinNameMotivationalWordTrait/import/eb/eb4dcce8-b8ee-4e8e-bbfd-7ae0b97ec9fe.7871f.json,hek,86,78
assets/SwitchingSkinNameMotivationalWordTrait/import/ee/ee92b9d1-6076-41a7-ae47-2d292b9f06ac.7871f.json,hek,86,78
assets/SwitchingSkinNameMotivationalWordTrait/import/ee/eec3df29-43ae-4e56-bf1b-418061e8ba14.7871f.json,hek,86,78
assets/SwitchingSkinNameMotivationalWordTrait/import/f0/f0b8418f-9c5f-47fe-97dd-c272ebc25755.7871f.json,hek,86,78
assets/SwitchingSkinNameMotivationalWordTrait/import/f2/f2afac7e-963a-4194-aa52-21fd617d87fb.7871f.json,hek,86,78
assets/SwitchingSkinNameMotivationalWordTrait/import/f3/f32bd095-260c-435c-b0b4-c64a36c5980b.4c7c6.json,hek,2665,6430
assets/SwitchingSkinNameMotivationalWordTrait/import/f5/f5159b93-e9c5-4185-bd10-f2ef775afd62.7871f.json,hek,86,78
assets/SwitchingSkinNameMotivationalWordTrait/import/f6/f6543f01-63dc-4756-9850-58bd34e3ba86.7871f.json,hek,86,78
assets/SwitchingSkinNameMotivationalWordTrait/import/f8/f849d4e4-c4cf-4eb0-b37e-0853ab1e6ddc.7871f.json,hek,86,78
assets/SwitchingSkinNameMotivationalWordTrait/import/f8/f8981fc9-2367-4c18-90a1-a2d015b938bd.3e105.json,hek,218,210
assets/SwitchingSkinNameMotivationalWordTrait/import/fa/fa71ad2d-5e66-4642-b32c-83f5be2a7cfa.7871f.json,hek,86,78
assets/SwitchingSkinNameMotivationalWordTrait/import/fc/fc9b3c37-886a-478c-a18b-11f9891fe35f.c718f.json,hek,218,210
assets/SwitchingSkinNameMotivationalWordTrait/import/fe/fe8f762a-d24a-46ac-b7f4-c6f2432240cd.7871f.json,hek,86,78
assets/SwitchingSkinNameMotivationalWordTrait/import/ff/ff20c817-2c60-4e53-bd43-1ecd6937c3aa.008ea.json,hek,215,207
assets/SwitchingSkinNameMotivationalWordTrait/index.eb40d.js,hek,3732,14290
assets/SwitchingSkinNameMotivationalWordTrait/native/03/03fd7575-56a1-442f-bd13-f3898892656e.0fc33.png,hek,13087,13079
assets/SwitchingSkinNameMotivationalWordTrait/native/05/054cef27-72b2-46f5-87b5-894ba4ff6d4b.ca92d.png,hek,9282,9274
assets/SwitchingSkinNameMotivationalWordTrait/native/05/05919578-2521-404a-8e32-9ffeb9a73d51.2e138.png,hek,13520,13512
assets/SwitchingSkinNameMotivationalWordTrait/native/06/06db3b0e-ca17-4fe9-80d4-37d9eb3af3d2.a1278.png,hek,11048,11040
assets/SwitchingSkinNameMotivationalWordTrait/native/0a/0ac67afe-d8bb-4f72-95a1-dedfd09e5b6d.6f1a5.png,hek,13140,13132
assets/SwitchingSkinNameMotivationalWordTrait/native/11/1149520a-bd22-4428-bbc9-8c498ce264d8.63991.png,hek,7149,7141
assets/SwitchingSkinNameMotivationalWordTrait/native/12/1265af02-dd7c-42f6-9291-1d315b15a6d0.fca97.png,hek,14330,14322
assets/SwitchingSkinNameMotivationalWordTrait/native/14/1448f3ab-0266-4d0a-8c49-bdf0f965d522.14602.png,hek,10085,10077
assets/SwitchingSkinNameMotivationalWordTrait/native/17/17f9c3f8-a1bd-404c-9682-cf48760948a1.c0cde.png,hek,8436,8428
assets/SwitchingSkinNameMotivationalWordTrait/native/18/18ac785b-84e9-4d0a-ae90-e641edc4b296.6b543.png,hek,12065,12057
assets/SwitchingSkinNameMotivationalWordTrait/native/19/1991c2ef-7c69-4d57-a293-da1dd2eb4516.1ccc5.png,hek,12189,12181
assets/SwitchingSkinNameMotivationalWordTrait/native/1c/1cbfb106-e6ec-4108-8e25-38b796440287.c6f7d.png,hek,7131,7123
assets/SwitchingSkinNameMotivationalWordTrait/native/1d/1de485f1-874e-457d-b616-8a15fffd4a91.e8178.png,hek,15867,15859
assets/SwitchingSkinNameMotivationalWordTrait/native/22/22fb8df4-fe7c-4965-9c2a-598652b15ebd.61ce6.png,hek,8618,8610
assets/SwitchingSkinNameMotivationalWordTrait/native/2a/2af8d348-7b09-4f75-a24d-dab5b4840404.f1db7.png,hek,10763,10755
assets/SwitchingSkinNameMotivationalWordTrait/native/36/36149e87-b62c-4e5a-89ed-f37d7a15f4b6.5817c.png,hek,7024,7016
assets/SwitchingSkinNameMotivationalWordTrait/native/3a/3a35fe13-f910-43a6-bb10-23d7f1d08b2c.1d449.png,hek,10765,10757
assets/SwitchingSkinNameMotivationalWordTrait/native/3a/3ac711ef-540a-4eb6-b47a-33a6b0075016.507f6.png,hek,8070,8062
assets/SwitchingSkinNameMotivationalWordTrait/native/3d/3d3b7174-ecec-4b27-8067-3cbeaff818a9.f26a7.png,hek,9037,9029
assets/SwitchingSkinNameMotivationalWordTrait/native/3f/3f4349cb-5387-4d42-903f-a2aba3094429.67be8.png,hek,8733,8725
assets/SwitchingSkinNameMotivationalWordTrait/native/40/4022cf90-f1e4-416a-a1aa-892ac3a8facf.9236b.png,hek,5651,5643
assets/SwitchingSkinNameMotivationalWordTrait/native/40/403eae3f-f760-48b4-a1d6-fad3e567c394.039cd.png,hek,6061,6053
assets/SwitchingSkinNameMotivationalWordTrait/native/4c/4ce9483e-3a1c-42d4-8f7c-b284fb9f5533.695cd.png,hek,9952,9944
assets/SwitchingSkinNameMotivationalWordTrait/native/4e/4e8b3813-441c-4d08-ad49-dd37f7c947ac.1cd39.png,hek,8626,8618
assets/SwitchingSkinNameMotivationalWordTrait/native/50/50f22748-8428-4807-a108-9e4425d23260.91f29.png,hek,13114,13106
assets/SwitchingSkinNameMotivationalWordTrait/native/53/5342ae0d-8410-4745-96ec-aa723b750683.d0c42.png,hek,11019,11011
assets/SwitchingSkinNameMotivationalWordTrait/native/53/53b583da-0d57-4786-aa98-10a9d96c784b.ce39e.png,hek,10331,10323
assets/SwitchingSkinNameMotivationalWordTrait/native/62/6202009f-7f77-432c-84e6-7d35fb56ed0d.cead1.png,hek,6427,6419
assets/SwitchingSkinNameMotivationalWordTrait/native/62/62486314-b3d1-4a8d-be76-d71bbe520967.f2df0.png,hek,9121,9113
assets/SwitchingSkinNameMotivationalWordTrait/native/63/63803120-6bfe-4691-af30-6ea0292f26ea.d59a7.png,hek,10255,10247
assets/SwitchingSkinNameMotivationalWordTrait/native/68/68a7da83-e2a9-4039-bdcd-a72b20ede8ee.8b077.png,hek,12192,12184
assets/SwitchingSkinNameMotivationalWordTrait/native/6a/6a1510b7-71b6-4061-82f8-dd0816bb96cb.695cb.png,hek,12748,12740
assets/SwitchingSkinNameMotivationalWordTrait/native/75/755f6f8a-26ff-4ed1-b9fd-5bcf5a1c9675.0239f.png,hek,6771,6763
assets/SwitchingSkinNameMotivationalWordTrait/native/7a/7a0f23ac-fdf0-47a2-8242-78735099d116.71034.png,hek,13515,13507
assets/SwitchingSkinNameMotivationalWordTrait/native/7a/7aa2f8f2-e8b8-47c4-84c3-5e5ff2a3c13b.ca72b.png,hek,6229,6221
assets/SwitchingSkinNameMotivationalWordTrait/native/7d/7d56097f-ac98-46fa-b314-62200b522c26.55c17.png,hek,5980,5972
assets/SwitchingSkinNameMotivationalWordTrait/native/84/843d6cf8-31e3-4bcf-bf4b-7eee88f2a87d.9497a.png,hek,10994,10986
assets/SwitchingSkinNameMotivationalWordTrait/native/85/85e912c6-ffc7-45ba-89be-0cf03928c5df.e58aa.png,hek,7778,7770
assets/SwitchingSkinNameMotivationalWordTrait/native/86/867165e5-15c6-49be-8094-f432edcc651c.4aaeb.png,hek,12459,12451
assets/SwitchingSkinNameMotivationalWordTrait/native/87/875dbff7-027a-4dca-b7b1-eaf69ab470b7.1beb4.png,hek,8060,8052
assets/SwitchingSkinNameMotivationalWordTrait/native/8e/8e6773a4-4c6c-413a-931a-1d1a288bca82.4f911.png,hek,13663,13655
assets/SwitchingSkinNameMotivationalWordTrait/native/8e/8ed5d1b8-6ff7-462f-8603-ec35362da222.735ce.png,hek,12072,12064
assets/SwitchingSkinNameMotivationalWordTrait/native/90/90363bac-7e5f-4e0b-bf25-f9302344bf84.b497e.png,hek,10332,10324
assets/SwitchingSkinNameMotivationalWordTrait/native/95/955f0a6b-cffc-4494-955a-33325a4da32f.532df.png,hek,6945,6937
assets/SwitchingSkinNameMotivationalWordTrait/native/95/9590a3d5-96c0-4cbd-a288-7ecefcda4eb1.eee86.png,hek,9334,9326
assets/SwitchingSkinNameMotivationalWordTrait/native/9b/9bb6a662-39c8-4d76-95c3-2ba88a78a3d9.28ab6.png,hek,7781,7773
assets/SwitchingSkinNameMotivationalWordTrait/native/9d/9d0ac438-d91b-45ae-8967-05f5f5d647a9.2502b.png,hek,10693,10685
assets/SwitchingSkinNameMotivationalWordTrait/native/a2/a2c7eddf-5e78-4d97-98e8-aa5e69df7b79.06e4f.png,hek,8987,8979
assets/SwitchingSkinNameMotivationalWordTrait/native/a4/a477b4f9-2b5a-4eb5-afa2-63dc51f410b7.9d728.png,hek,12165,12157
assets/SwitchingSkinNameMotivationalWordTrait/native/b0/b07fc8d4-1aeb-4b9d-a6ab-32fdf073e2f1.257ed.png,hek,8936,8928
assets/SwitchingSkinNameMotivationalWordTrait/native/b1/b14531a0-dbb9-4b64-8891-5a5032eb00b5.ac21a.png,hek,10576,10568
assets/SwitchingSkinNameMotivationalWordTrait/native/bc/bccdb758-e5d0-4f6a-800b-ebcb767d2fda.904fd.png,hek,8691,8683
assets/SwitchingSkinNameMotivationalWordTrait/native/bf/bfe5751d-5fbe-409a-83c2-3119d1073806.ae6ef.png,hek,11264,11256
assets/SwitchingSkinNameMotivationalWordTrait/native/c4/c48174ed-d33f-407e-b3b5-f38c686bf1f5.8c0db.png,hek,8292,8284
assets/SwitchingSkinNameMotivationalWordTrait/native/c5/c5370447-6664-4b87-93ec-41ff93942742.05d60.png,hek,10629,10621
assets/SwitchingSkinNameMotivationalWordTrait/native/c5/c5762b67-773b-45b7-aadd-36b03724034e.4523f.png,hek,9353,9345
assets/SwitchingSkinNameMotivationalWordTrait/native/c5/c5ed1863-2fbc-4d4e-b45a-c15d35dfc6c1.76b0b.png,hek,16089,16081
assets/SwitchingSkinNameMotivationalWordTrait/native/c6/c6df9dc0-685d-4701-a94d-abf4e99e349b.9bf9c.png,hek,9987,9979
assets/SwitchingSkinNameMotivationalWordTrait/native/c7/c7a13101-8a59-4889-afeb-d35860aaec7a.28f17.png,hek,9644,9636
assets/SwitchingSkinNameMotivationalWordTrait/native/c7/c7da7615-37e9-4bdf-92c4-5763fc251861.a6f36.png,hek,10707,10699
assets/SwitchingSkinNameMotivationalWordTrait/native/c8/c86219db-5f7a-4d3e-800c-78e19e76704a.038ae.png,hek,9356,9348
assets/SwitchingSkinNameMotivationalWordTrait/native/ca/ca646347-315c-43c0-bf0f-dc7cc826aba2.e7a4e.png,hek,13985,13977
assets/SwitchingSkinNameMotivationalWordTrait/native/d8/d843413d-de3a-410c-93e4-d1484d607195.673ca.png,hek,7987,7979
assets/SwitchingSkinNameMotivationalWordTrait/native/e0/e0177b2e-92d3-49b1-8e08-b45d1157438f.ac735.png,hek,12034,12026
assets/SwitchingSkinNameMotivationalWordTrait/native/e0/e09c2140-980c-4ffa-a68f-f575a6f39df7.e6e13.png,hek,9862,9854
assets/SwitchingSkinNameMotivationalWordTrait/native/e2/e247fce1-7fbb-4622-9b43-34531cd6d6a2.2b074.png,hek,1784,1776
assets/SwitchingSkinNameMotivationalWordTrait/native/e2/e2fd4cc5-3bb2-4db9-825d-969cdb9e6ab3.ac2ef.png,hek,12501,12493
assets/SwitchingSkinNameMotivationalWordTrait/native/e3/e3709b27-0270-48af-a493-72253bea78d9.90451.png,hek,6000,5992
assets/SwitchingSkinNameMotivationalWordTrait/native/e5/e5d019f2-c04e-4860-ba35-b1c9c55d739d.da899.png,hek,9787,9779
assets/SwitchingSkinNameMotivationalWordTrait/native/ea/eafaac65-7c3b-4c7b-a988-ca4b41ce4ec1.63fc1.png,hek,15874,15866
assets/SwitchingSkinNameMotivationalWordTrait/native/eb/eb4dcce8-b8ee-4e8e-bbfd-7ae0b97ec9fe.04755.png,hek,12589,12581
assets/SwitchingSkinNameMotivationalWordTrait/native/ee/ee92b9d1-6076-41a7-ae47-2d292b9f06ac.0c7c1.png,hek,12833,12825
assets/SwitchingSkinNameMotivationalWordTrait/native/ee/eec3df29-43ae-4e56-bf1b-418061e8ba14.06b1c.png,hek,8892,8884
assets/SwitchingSkinNameMotivationalWordTrait/native/f0/f0b8418f-9c5f-47fe-97dd-c272ebc25755.4970a.png,hek,13692,13684
assets/SwitchingSkinNameMotivationalWordTrait/native/f2/f2afac7e-963a-4194-aa52-21fd617d87fb.cd402.png,hek,10009,10001
assets/SwitchingSkinNameMotivationalWordTrait/native/f5/f5159b93-e9c5-4185-bd10-f2ef775afd62.fac66.png,hek,12015,12007
assets/SwitchingSkinNameMotivationalWordTrait/native/f6/f6543f01-63dc-4756-9850-58bd34e3ba86.c3d7b.png,hek,6553,6545
assets/SwitchingSkinNameMotivationalWordTrait/native/f8/f849d4e4-c4cf-4eb0-b37e-0853ab1e6ddc.89f1f.png,hek,10550,10542
assets/SwitchingSkinNameMotivationalWordTrait/native/fa/fa71ad2d-5e66-4642-b32c-83f5be2a7cfa.24386.png,hek,10962,10954
assets/SwitchingSkinNameMotivationalWordTrait/native/fe/fe8f762a-d24a-46ac-b7f4-c6f2432240cd.4ec8d.png,hek,12548,12540
assets/TTwoHistoryHightScoreTrait/config.23597.json,hek,252,244
assets/TTwoHistoryHightScoreTrait/index.23597.js,hek,2620,8188
assets/ThanksAfterAdTrait/config.d52a9.json,hek,653,1215
assets/ThanksAfterAdTrait/import/11/11e326f0-266c-4262-9f3e-e2f91e2d6bc0.7871f.json,hek,86,78
assets/ThanksAfterAdTrait/import/27/278bb743-83f7-446e-ab78-53216caa9115.7871f.json,hek,86,78
assets/ThanksAfterAdTrait/import/40/4001e643-b56f-4839-b068-9cbe79b33cce.76a06.json,hek,747,1416
assets/ThanksAfterAdTrait/import/97/97665fef-f830-466a-abe6-e19c6f7ddc9a.9e73f.json,hek,604,4053
assets/ThanksAfterAdTrait/import/a1/a1e15930-d900-4307-b493-2a4d23d7393b.60827.json,hek,740,1417
assets/ThanksAfterAdTrait/import/b6/b6f1d72a-0812-48ff-aa9c-39001b8aa97e.c9574.json,hek,10182,41901
assets/ThanksAfterAdTrait/import/bc/bc70cb06-72fa-4e7d-a7ed-75e9d9f76cd2.0f428.json,hek,2173,17726
assets/ThanksAfterAdTrait/import/cf/cf7cc330-b828-4b05-b504-32fc6191d6b3.529ca.json,hek,666,2699
assets/ThanksAfterAdTrait/import/d0/d0ce7b8e-4feb-48bb-a126-de3fa919b642.72fef.json,hek,219,211
assets/ThanksAfterAdTrait/import/e4/e4e55052-1ba1-4962-96a6-c68beb032551.4bfe6.json,hek,219,211
assets/ThanksAfterAdTrait/index.d52a9.js,hek,1980,5853
assets/ThanksAfterAdTrait/native/11/11e326f0-266c-4262-9f3e-e2f91e2d6bc0.65ef7.png,hek,34890,34882
assets/ThanksAfterAdTrait/native/27/278bb743-83f7-446e-ab78-53216caa9115.21b70.png,hek,23139,23131
assets/TheMoreEliminateTheMoreGoodEffectFixRevertTrait/config.e0768.json,hek,273,265
assets/TheMoreEliminateTheMoreGoodEffectFixRevertTrait/index.e0768.js,hek,936,2236
assets/ThreeSkinRandomOneTrait/config.dc8f4.json,hek,1894,3129
assets/ThreeSkinRandomOneTrait/import/00/00535e90-422f-4675-9d73-5fbf699414f0.7871f.json,hek,86,78
assets/ThreeSkinRandomOneTrait/import/08/08713ce4-8aca-4b24-a78b-7e93435aebf2.c4598.json,hek,224,216
assets/ThreeSkinRandomOneTrait/import/08/0880cf17-0509-46fa-ad41-e894ecbf4fe6.e9406.json,hek,205,197
assets/ThreeSkinRandomOneTrait/import/0a/0afccb7a-0f76-47cb-a1f5-13c16c149c18.bf270.json,hek,205,197
assets/ThreeSkinRandomOneTrait/import/14/14fb5ee0-695f-4b8d-bf42-739b9942fded.bc6e3.json,hek,205,197
assets/ThreeSkinRandomOneTrait/import/15/15108ecd-0ecd-4e91-a51c-2202c8c158dd.8bc14.json,hek,207,199
assets/ThreeSkinRandomOneTrait/import/19/19bcf72c-3ecc-4258-9e41-e6b8bd50187d.970bf.json,hek,204,196
assets/ThreeSkinRandomOneTrait/import/1b/1becf578-25df-4f9f-80d2-b96eea894bb0.93208.json,hek,206,198
assets/ThreeSkinRandomOneTrait/import/1c/1cb33adf-de3f-439c-843a-557f8b6b8c17.a0b4f.json,hek,206,198
assets/ThreeSkinRandomOneTrait/import/22/22ecc89d-cc03-4d40-b2dd-0bc7bf461e7f.523c5.json,hek,2202,5076
assets/ThreeSkinRandomOneTrait/import/25/258565b5-e97c-4e08-b28c-45814d3939c3.8bb27.json,hek,204,196
assets/ThreeSkinRandomOneTrait/import/28/28ef7529-c98a-4b3e-b88d-c2ca113cece5.5deed.json,hek,205,197
assets/ThreeSkinRandomOneTrait/import/2c/2c7dadcd-f7d3-4fdb-9ef2-c25321b0c773.fe11b.json,hek,609,601
assets/ThreeSkinRandomOneTrait/import/31/31b80b40-9d75-4e61-9dbc-ed676d982c76.79505.json,hek,201,193
assets/ThreeSkinRandomOneTrait/import/31/31c2646d-7546-4337-b753-3d121177b245.91a76.json,hek,206,198
assets/ThreeSkinRandomOneTrait/import/34/34114341-debe-4b31-a0ef-939d67357439.9d05d.json,hek,206,198
assets/ThreeSkinRandomOneTrait/import/40/4030bbf9-d084-4c0b-89e7-55b6c975a4e5.6cd7f.json,hek,205,197
assets/ThreeSkinRandomOneTrait/import/42/42f1ddd1-c21c-4f33-93bc-d327bd35451c.7ab7d.json,hek,206,198
assets/ThreeSkinRandomOneTrait/import/46/46cd0739-653e-4395-91b2-7e8a058dd33a.54a5c.json,hek,207,199
assets/ThreeSkinRandomOneTrait/import/47/474d0fd1-4f34-4655-8552-edf9186458a9.53bdf.json,hek,207,199
assets/ThreeSkinRandomOneTrait/import/4c/4c491c62-0589-45a1-82f5-4d8810538a28.dffc0.json,hek,206,198
assets/ThreeSkinRandomOneTrait/import/4d/4dd1e003-4aa9-4d94-8c82-7e54120b436b.3a17f.json,hek,203,195
assets/ThreeSkinRandomOneTrait/import/52/52df2044-40b5-4abd-8312-06b67ceeaa8a.f8dcd.json,hek,205,197
assets/ThreeSkinRandomOneTrait/import/58/58ec5879-5e08-4d36-842d-df666d4a53f8.4d944.json,hek,221,213
assets/ThreeSkinRandomOneTrait/import/62/6220cfed-fe22-4d50-a4d3-dd9dc96505a7.51762.json,hek,206,198
assets/ThreeSkinRandomOneTrait/import/66/66dd813e-2ccb-40ef-baa8-93e579ac6793.05e77.json,hek,206,198
assets/ThreeSkinRandomOneTrait/import/69/69194224-fadb-4027-bd71-2eb8bcec3b9f.96af9.json,hek,203,195
assets/ThreeSkinRandomOneTrait/import/71/71ce3847-da7d-473a-8db2-2190ed9016fc.efe7c.json,hek,206,198
assets/ThreeSkinRandomOneTrait/import/72/72d6f8e0-65e6-4bea-a0c0-8a5184e2ba82.46b8f.json,hek,206,198
assets/ThreeSkinRandomOneTrait/import/77/7715337a-86e9-441b-8479-7ea1d14de21f.7871f.json,hek,86,78
assets/ThreeSkinRandomOneTrait/import/8d/8db87644-323a-481e-899f-1cd5f4f8a3b4.d22fe.json,hek,809,4647
assets/ThreeSkinRandomOneTrait/import/91/9137b3f7-cc41-42f6-880a-d561257f9701.b958e.json,hek,204,196
assets/ThreeSkinRandomOneTrait/import/9a/9a8bed54-04f6-41bb-8ff5-49bba1b3ce5e.3dedf.json,hek,203,195
assets/ThreeSkinRandomOneTrait/import/9b/9b43984d-a045-41ce-9fd3-247d72553894.7871f.json,hek,86,78
assets/ThreeSkinRandomOneTrait/import/9d/9dd73c3a-81ba-47c2-a3de-dd7e53a4e3ab.4cce5.json,hek,206,198
assets/ThreeSkinRandomOneTrait/import/a4/a4d8b389-b320-442c-9d9b-f686f6dc9c58.34516.json,hek,206,198
assets/ThreeSkinRandomOneTrait/import/a5/a567a5ed-3973-4f88-adf7-84d526bcbb3e.13d13.json,hek,205,197
assets/ThreeSkinRandomOneTrait/import/a9/a999076d-360b-4dfb-803d-00f12d187225.57cf2.json,hek,206,198
assets/ThreeSkinRandomOneTrait/import/ba/baebeda1-2985-49af-8358-7d889f1a8a0e.3663a.json,hek,205,197
assets/ThreeSkinRandomOneTrait/import/c8/c85d5307-5d6b-4e95-a65a-7aa3a199d18f.1dffa.json,hek,206,198
assets/ThreeSkinRandomOneTrait/import/c9/c9be15b4-d73f-499c-8c96-50a81b822acb.218ec.json,hek,203,195
assets/ThreeSkinRandomOneTrait/import/d5/d5c0aeb4-939f-4913-92b0-21ae0bd18539.b95c8.json,hek,1249,2475
assets/ThreeSkinRandomOneTrait/import/e0/e0209515-1aa2-4295-834b-0fb64e7d749e.0a1e1.json,hek,217,209
assets/ThreeSkinRandomOneTrait/import/e0/e02d2718-00e9-4746-8b97-0759cba6cb5e.41aa1.json,hek,206,198
assets/ThreeSkinRandomOneTrait/import/e0/e0933744-9417-482d-86a1-af58fb47ba79.f8978.json,hek,207,199
assets/ThreeSkinRandomOneTrait/import/e0/e0b64939-8d67-4f59-94d0-fc8703fa6c12.17874.json,hek,203,195
assets/ThreeSkinRandomOneTrait/import/e6/e6d761ad-0ea4-41a0-955b-e4b0e2b3fe7e.7871f.json,hek,86,78
assets/ThreeSkinRandomOneTrait/import/ee/ee567865-beeb-48f9-8afd-67e51917bc28.03cab.json,hek,204,196
assets/ThreeSkinRandomOneTrait/import/ef/ef36ea2a-6161-4ae5-9a10-c757c0d021b8.52ce5.json,hek,212,204
assets/ThreeSkinRandomOneTrait/import/f1/f13e915b-9a81-46ce-b0f4-65415f2340ad.cd404.json,hek,203,195
assets/ThreeSkinRandomOneTrait/import/f3/f37fcc4d-f4af-4e67-bb0e-004023725e9b.1d7ea.json,hek,718,710
assets/ThreeSkinRandomOneTrait/import/f5/f5e21ae6-e31f-4f15-b639-dd1427f9af27.7d5af.json,hek,204,196
assets/ThreeSkinRandomOneTrait/import/fa/fa149c04-51c3-455c-af5d-b91d974c0259.fe636.json,hek,205,197
assets/ThreeSkinRandomOneTrait/import/fa/fafdd92d-69f3-4ccb-949e-50be42c94674.7871f.json,hek,86,78
assets/ThreeSkinRandomOneTrait/index.dc8f4.js,hek,2996,9807
assets/ThreeSkinRandomOneTrait/native/00/00535e90-422f-4675-9d73-5fbf699414f0.910b7.png,hek,919,911
assets/ThreeSkinRandomOneTrait/native/77/7715337a-86e9-441b-8479-7ea1d14de21f.8d652.png,hek,6623,6615
assets/ThreeSkinRandomOneTrait/native/9b/9b43984d-a045-41ce-9fd3-247d72553894.fd010.png,hek,1370,1362
assets/ThreeSkinRandomOneTrait/native/e6/e6d761ad-0ea4-41a0-955b-e4b0e2b3fe7e.cec5a.png,hek,15263,15255
assets/ThreeSkinRandomOneTrait/native/fa/fafdd92d-69f3-4ccb-949e-50be42c94674.a644b.png,hek,346226,346218
assets/TravelMosaicProgressTrait/config.8468f.json,hek,676,1118
assets/TravelMosaicProgressTrait/import/39/399e6429-a6dd-4e6b-9b7a-0e8c35112737.e587e.json,hek,109,101
assets/TravelMosaicProgressTrait/import/55/55f23a50-bd00-42b6-8043-3f6ed08aa277.17282.json,hek,811,803
assets/TravelMosaicProgressTrait/import/59/5970924c-de18-4928-b6ed-e4016f210fa9.65d67.json,hek,204,196
assets/TravelMosaicProgressTrait/import/6f/6fb8d89c-77fe-4ced-918b-4a38a77f6a2f.7871f.json,hek,86,78
assets/TravelMosaicProgressTrait/import/81/810eb135-7806-4071-a28d-f3696a69185d.e773d.json,hek,684,1560
assets/TravelMosaicProgressTrait/import/95/9508be4c-0a74-4aa0-b212-4f041455bbca.7871f.json,hek,86,78
assets/TravelMosaicProgressTrait/import/b6/b6bf56cb-2187-4277-9141-a8dfc4494f5b.bdcfd.json,hek,1096,2223
assets/TravelMosaicProgressTrait/import/be/bef4d6de-3cf2-4911-a4f8-ed5b059dc444.1bccf.json,hek,208,200
assets/TravelMosaicProgressTrait/import/c9/c92da366-5317-4253-8dc9-beafe5750738.de678.json,hek,1300,8043
assets/TravelMosaicProgressTrait/import/f1/f1ec8692-f801-4e69-9a31-66b61160b87c.3c832.json,hek,113,105
assets/TravelMosaicProgressTrait/index.8468f.js,hek,3896,18113
assets/TravelMosaicProgressTrait/native/39/399e6429-a6dd-4e6b-9b7a-0e8c35112737.bad63.atlas,hek,195,187
assets/TravelMosaicProgressTrait/native/6f/6fb8d89c-77fe-4ced-918b-4a38a77f6a2f.5569f.png,hek,2591,2583
assets/TravelMosaicProgressTrait/native/95/9508be4c-0a74-4aa0-b212-4f041455bbca.f86ca.png,hek,8213,8205
assets/TravelMosaicProgressTrait/native/f1/f1ec8692-f801-4e69-9a31-66b61160b87c.6f8a8.atlas,hek,463,2119
assets/Travel_chapter_pushTrait/config.5de45.json,hek,250,242
assets/Travel_chapter_pushTrait/index.5de45.js,hek,1812,4720
assets/TwoHighScoreExperiencesTrait/config.469d1.json,hek,254,246
assets/TwoHighScoreExperiencesTrait/index.469d1.js,hek,2128,8983
assets/TwoStepGuideTrait/config.4b49c.json,hek,243,235
assets/TwoStepGuideTrait/index.4b49c.js,hek,1776,4915
assets/UEExploreBeginnerDragTargetHighlightTrait/config.35f5a.json,hek,730,722
assets/UEExploreBeginnerDragTargetHighlightTrait/import/0c/0c25cc21-33ac-48cf-976c-8a2d3fe077a8.ff421.json,hek,114,106
assets/UEExploreBeginnerDragTargetHighlightTrait/import/22/22a1ef8a-1eb9-4f1b-b1c2-fb1e9d37588b.f5a28.json,hek,1068,3234
assets/UEExploreBeginnerDragTargetHighlightTrait/import/7e/7eb5815d-0a0d-4117-84fa-fded2b126de4.7871f.json,hek,86,78
assets/UEExploreBeginnerDragTargetHighlightTrait/import/8c/8c035748-c9fe-4004-8296-f4fec53b4d1a.e56a3.json,hek,209,201
assets/UEExploreBeginnerDragTargetHighlightTrait/import/b1/b19cee88-6509-461d-a439-0cd9a143b9cf.e0914.json,hek,591,583
assets/UEExploreBeginnerDragTargetHighlightTrait/index.35f5a.js,hek,3020,12718
assets/UEExploreBeginnerDragTargetHighlightTrait/native/0c/0c25cc21-33ac-48cf-976c-8a2d3fe077a8.dfe9a.atlas,hek,489,481
assets/UEExploreBeginnerDragTargetHighlightTrait/native/7e/7eb5815d-0a0d-4117-84fa-fded2b126de4.f8e0d.png,hek,16401,16393
assets/UEExploreBlockLTrait/config.f8809.json,hek,246,238
assets/UEExploreBlockLTrait/index.f8809.js,hek,1172,3052
assets/UEExploreGuideCompleteLikeTrait/config.7bc40.json,hek,741,733
assets/UEExploreGuideCompleteLikeTrait/import/34/34de0059-3a86-46b6-97d6-3fbd297861dc.4a152.json,hek,600,592
assets/UEExploreGuideCompleteLikeTrait/import/64/64b0a30a-d1f5-4c12-9191-382dc001c9cd.7871f.json,hek,86,78
assets/UEExploreGuideCompleteLikeTrait/import/b4/b4e3da1f-481c-43e4-864d-1272d99c54b7.c4456.json,hek,119,111
assets/UEExploreGuideCompleteLikeTrait/import/d2/d2ba80b2-9483-4262-ae25-3a1a466f4c9a.84e7d.json,hek,214,206
assets/UEExploreGuideCompleteLikeTrait/import/df/df479717-e2a8-4b85-8903-7a2e9cce3151.4f957.json,hek,9810,77546
assets/UEExploreGuideCompleteLikeTrait/index.7bc40.js,hek,2192,5805
assets/UEExploreGuideCompleteLikeTrait/native/64/64b0a30a-d1f5-4c12-9191-382dc001c9cd.eadec.png,hek,92865,92857
assets/UEExploreGuideCompleteLikeTrait/native/b4/b4e3da1f-481c-43e4-864d-1272d99c54b7.abf9d.atlas,hek,556,1883
assets/UEExplorePopViewGuideTrait/config.2fc16.json,hek,867,1367
assets/UEExplorePopViewGuideTrait/import/10/10bd02fb-cf7c-4bf1-a35b-d9642714c48e.b6870.json,hek,206,198
assets/UEExplorePopViewGuideTrait/import/1c/1cf31ac8a.91de0.json,hek,86,78
assets/UEExplorePopViewGuideTrait/import/1f/1f358503-3e6c-4332-8639-062d03540c47.7871f.json,hek,86,78
assets/UEExplorePopViewGuideTrait/import/21/21343d2d-0443-4aaf-971e-261dac6a6509.9f073.json,hek,236,228
assets/UEExplorePopViewGuideTrait/import/53/535093aa-8812-4a5f-917a-f88917a99dd6.73d81.json,hek,208,200
assets/UEExplorePopViewGuideTrait/import/58/58b289fa-713f-4a08-b5e7-779de39b1409.40fc0.json,hek,1744,3758
assets/UEExplorePopViewGuideTrait/import/68/68793652-aae3-475e-ac06-4f36c2e43305.7871f.json,hek,86,78
assets/UEExplorePopViewGuideTrait/import/7d/7dfb0dac-b2c5-4240-8d8b-33177e6ed662.2d97a.json,hek,196,188
assets/UEExplorePopViewGuideTrait/import/bc/bcbfd088-b3cd-4399-9a3e-1e0709452602.7f593.json,hek,115,107
assets/UEExplorePopViewGuideTrait/import/be/be3c5673-93f6-43cb-8fd8-332f581eec5e.6e5e6.json,hek,210,202
assets/UEExplorePopViewGuideTrait/import/cb/cb684233-ebd7-478d-a1c7-576aafc371aa.5da6d.json,hek,1828,12168
assets/UEExplorePopViewGuideTrait/index.2fc16.js,hek,3340,13301
assets/UEExplorePopViewGuideTrait/native/1c/1cf31ac8a.749d2.png,hek,16395,16387
assets/UEExplorePopViewGuideTrait/native/1f/1f358503-3e6c-4332-8639-062d03540c47.b89ea.png,hek,22634,22626
assets/UEExplorePopViewGuideTrait/native/68/68793652-aae3-475e-ac06-4f36c2e43305.9f1bf.png,hek,18851,18843
assets/UEExplorePopViewGuideTrait/native/bc/bcbfd088-b3cd-4399-9a3e-1e0709452602.fd96f.atlas,hek,648,640
assets/UnlimitedReviveBeforeHighScoreTrait/config.c1f67.json,hek,261,253
assets/UnlimitedReviveBeforeHighScoreTrait/index.c1f67.js,hek,1128,2608
assets/WinStreakEffectAdjustTrait/config.66e09.json,hek,1145,2271
assets/WinStreakEffectAdjustTrait/import/00/00e7251e-ce89-44c9-9b1d-6cb3ffd19549.12c3c.json,hek,216,208
assets/WinStreakEffectAdjustTrait/import/07/0731c162-c969-446b-977f-0b994b6f6ba7.8421b.json,hek,584,576
assets/WinStreakEffectAdjustTrait/import/1c/1c3657c4-4260-48a7-9c18-1c2a5bfa20f7.c5208.json,hek,215,207
assets/WinStreakEffectAdjustTrait/import/28/28af9f2d-2dee-4fce-9b6e-7ca9e50e7403.ce8d3.json,hek,808,3848
assets/WinStreakEffectAdjustTrait/import/46/46400be8-17b8-4965-8163-a853fdba4b05.181f3.json,hek,1165,2353
assets/WinStreakEffectAdjustTrait/import/46/465f3630-ec8a-42ae-af67-873ddb2f3fcb.9eddb.json,hek,1314,2638
assets/WinStreakEffectAdjustTrait/import/50/5020ddc9-0f4e-4864-a62c-cb0066d03769.7871f.json,hek,86,78
assets/WinStreakEffectAdjustTrait/import/5a/5aed3f1d-9469-4667-acfb-f121fe5a8e55.78180.json,hek,228,220
assets/WinStreakEffectAdjustTrait/import/66/66197218-3d50-4b78-9aeb-05173639558e.44ec8.json,hek,212,204
assets/WinStreakEffectAdjustTrait/import/75/75f08d51-f8e3-4002-adde-c963c74a1c76.a97df.json,hek,575,567
assets/WinStreakEffectAdjustTrait/import/89/89a7b26d-23a7-42ea-86a4-cd72358b7bb3.a84aa.json,hek,1835,19459
assets/WinStreakEffectAdjustTrait/import/8b/8b1c00c0-66c6-4b22-8ffa-8d7a0b90378b.0a56a.json,hek,696,688
assets/WinStreakEffectAdjustTrait/import/8e/8e6da2a4-1736-4eab-9df3-85e626d644a3.17674.json,hek,213,205
assets/WinStreakEffectAdjustTrait/import/9a/9a2f74e3-d932-4218-802d-efe96c48728f.e1827.json,hek,221,213
assets/WinStreakEffectAdjustTrait/import/9e/9eb90ffa-10a8-4562-9cdd-b35980b51fc9.7871f.json,hek,86,78
assets/WinStreakEffectAdjustTrait/import/aa/aab8eb29-4568-4d0a-b891-f86442cb281a.63e2d.json,hek,223,215
assets/WinStreakEffectAdjustTrait/import/c1/c1b1c359-e740-48a2-a815-f45084c183dd.1ac9f.json,hek,381,1276
assets/WinStreakEffectAdjustTrait/import/c7/c777c982-7f02-4001-808c-75213668ea70.7871f.json,hek,86,78
assets/WinStreakEffectAdjustTrait/import/c9/c9ece4b3-b26a-4e29-8fed-191d4c9828dd.4f2de.json,hek,204,196
assets/WinStreakEffectAdjustTrait/import/d0/d0b0ac6b-a530-429b-97ec-8c16497e3c8d.7871f.json,hek,86,78
assets/WinStreakEffectAdjustTrait/import/d1/d13d0d29-8fc3-477d-97bc-7d11a4dc2e53.21bed.json,hek,2210,23883
assets/WinStreakEffectAdjustTrait/import/d6/d6369ff7-c321-46f7-9f02-1605fed1a7f1.27e0e.json,hek,206,198
assets/WinStreakEffectAdjustTrait/import/e7/e7e39231-0d8f-4f72-adae-6f67e1c6c94d.7871f.json,hek,86,78
assets/WinStreakEffectAdjustTrait/import/f0/f0d5baab-ce78-4fde-bb42-723e5a0d01ef.6ce1e.json,hek,941,5203
assets/WinStreakEffectAdjustTrait/import/fa/fa1c1a8e-ee92-45e1-b7f6-633aa3010270.4aae0.json,hek,215,207
assets/WinStreakEffectAdjustTrait/index.66e09.js,hek,3424,16155
assets/WinStreakEffectAdjustTrait/native/50/5020ddc9-0f4e-4864-a62c-cb0066d03769.78735.png,hek,11254,11246
assets/WinStreakEffectAdjustTrait/native/9e/9eb90ffa-10a8-4562-9cdd-b35980b51fc9.815d9.png,hek,30331,30323
assets/WinStreakEffectAdjustTrait/native/c7/c777c982-7f02-4001-808c-75213668ea70.bbf22.png,hek,8188,8180
assets/WinStreakEffectAdjustTrait/native/d0/d0b0ac6b-a530-429b-97ec-8c16497e3c8d.0f477.png,hek,1401,1393
assets/WinStreakEffectAdjustTrait/native/e7/e7e39231-0d8f-4f72-adae-6f67e1c6c94d.25829.png,hek,8889,8881
assets/ZeroReplayChangeBoardTrait/config.b1a27.json,hek,252,244
assets/ZeroReplayChangeBoardTrait/index.b1a27.js,hek,1724,6150
assets/baseV,明文,10,10
assets/chapter/config.e7bc3.json,hek,20718,56269
assets/chapter/import/00/00d0f8c2-3ff8-4fd4-84c6-dc850fc7a263.9edbd.json,hek,209,201
assets/chapter/import/00/00edeebd-1e3f-450b-82fe-609f053d3cf4.2d45c.json,hek,180,172
assets/chapter/import/01/012c7a04-dcac-4764-8575-261c82d197af.6e044.json,hek,181,173
assets/chapter/import/01/018792da-743c-499f-b1df-5c18c07240f6.ab4fb.json,hek,181,173
assets/chapter/import/01/01fcdca1-12ff-47d9-884e-89efaec1eef3.04b3a.json,hek,208,200
assets/chapter/import/02/0254b514-17d7-4ffc-b0fb-7e4564494492.6361c.json,hek,202,194
assets/chapter/import/02/02574c39-5e08-4e5e-a4cf-f5de7fb02c5f.e8be7.json,hek,202,194
assets/chapter/import/02/02ddb498-fafe-4e1e-99d3-86978d793823.dbd70.json,hek,760,752
assets/chapter/import/02/02df36d2-5468-4870-8832-f9c185031b2b.c42a3.json,hek,181,173
assets/chapter/import/03/0369c932-56e7-4e5c-92db-cc13ffd89d0c.dc11d.json,hek,181,173
assets/chapter/import/03/03a81381-6cf4-447a-888e-6421969e20d7.2edc1.json,hek,180,172
assets/chapter/import/03/03c83861-988e-4510-967a-16475a4d5c71.e29ce.json,hek,180,172
assets/chapter/import/03/03ce95f7-9deb-4749-84d8-b12eba6bfa1c.f9659.json,hek,934,4200
assets/chapter/import/04/0450584f-3c59-42a1-a25b-a6cf502d8a2e.4d923.json,hek,181,173
assets/chapter/import/04/04d91ca1-4e8d-4b8e-b056-f9dc4f45143b.6d4d3.json,hek,180,172
assets/chapter/import/05/05174d94-5330-4366-9900-a8463636d31c.5291f.json,hek,181,173
assets/chapter/import/05/05224380-dfb4-4315-a2cb-97e76dfa59b9.c28c4.json,hek,181,173
assets/chapter/import/05/054e936f-59a9-457f-8cbf-61b6d408062c.f9bea.json,hek,182,174
assets/chapter/import/05/05b107f8-3ca3-4754-bff4-3a430caf3707.97578.json,hek,182,174
assets/chapter/import/05/05d67ea0-4fb8-4274-82d2-12124e45007f.7871f.json,hek,86,78
assets/chapter/import/06/06040580-bc3f-4892-853b-f50e26e8dcfa.12bb8.json,hek,182,174
assets/chapter/import/06/066a42cd-86aa-49d0-8f5c-a4b111ce8110.7871f.json,hek,86,78
assets/chapter/import/06/069a68f5-8268-460c-86f0-a207f1eae018.3e097.json,hek,182,174
assets/chapter/import/06/06c98b1f-2347-4d59-8979-de6a65801fa3.7ce41.json,hek,182,174
assets/chapter/import/07/0749cab5-3fc5-410d-ac0a-94d6995d09af.9aeeb.json,hek,210,202
assets/chapter/import/07/075a3edc-77b2-4893-a568-c2a78cab2c6f.b32be.json,hek,179,171
assets/chapter/import/07/0789aa9f-5904-42c0-b259-202a2cbcf643.7871f.json,hek,86,78
assets/chapter/import/07/07b8796a-1bd2-4001-98f5-af5e29c3aa80.0e26f.json,hek,207,199
assets/chapter/import/07/07e62315-6e22-4ba4-8198-98909adaac21.24508.json,hek,180,172
assets/chapter/import/07/07ea0c4d-a3a9-4491-bfd6-15441ed0ac95.435c1.json,hek,182,174
assets/chapter/import/08/08635eae-64ed-49d3-9cdd-0439b3085e6d.d4736.json,hek,1047,4858
assets/chapter/import/08/08cc0f41-56f8-4fd4-8c7a-59d62fbb0985.0c520.json,hek,182,174
assets/chapter/import/09/095193de-4cac-4e66-9a67-c3e167ea9177.3b6a0.json,hek,181,173
assets/chapter/import/09/09e74a6b-0fa4-4c40-8aea-c3845f109eed.bfda9.json,hek,674,1268
assets/chapter/import/0a/0aa898b8-6557-4d9e-b3e8-bc9e5c6c6f5a.97efe.json,hek,181,173
assets/chapter/import/0a/0ab171da-21f3-4caa-964e-3869e6f2902f.99fd6.json,hek,182,174
assets/chapter/import/0b/0b450a5a-0ff7-4242-b351-80eb19d26956.b12cc.json,hek,182,174
assets/chapter/import/0c/0c09db0a-ec5f-4f63-ae2e-3a189c72d47f.0fce4.json,hek,182,174
assets/chapter/import/0c/0c1ad7d2-b3d8-4566-9104-230bcbf51808.e1dbe.json,hek,20758,255204
assets/chapter/import/0c/0c8ed655-ea47-4bfe-b811-65fb34c977f5.85587.json,hek,182,174
assets/chapter/import/0d/0d4a006d-9c9c-46d3-b6f0-c8298dfa6f36.746c6.json,hek,182,174
assets/chapter/import/0d/0d8bb0c1-4d67-4d6d-a51b-46063c47a73d.5e165.json,hek,182,174
assets/chapter/import/0e/0e3e0aca-1289-401b-82b2-b5101dd2421c.79db7.json,hek,183,175
assets/chapter/import/0e/0e509b5c-2eba-4af3-bf6c-9f004e6258cd.63bf0.json,hek,194,186
assets/chapter/import/0e/0ecb37ad-7a38-458c-8133-3691e668fc2f.b02b7.json,hek,141,133
assets/chapter/import/0e/0ef2dc87-01e6-4017-950e-b8aef4d50831.7871f.json,hek,86,78
assets/chapter/import/0f/0f3fc1a2-883e-40a6-baa9-2915ecc2b51d.2a9fe.json,hek,181,173
assets/chapter/import/0f/0f490a5f-070e-41c5-b901-eaf4e68f6884.f3c42.json,hek,183,175
assets/chapter/import/0f/0fae5144-f7b3-4357-95dc-3b6615ab7bc8.7871f.json,hek,86,78
assets/chapter/import/10/109e98c0-5254-4b92-8a67-1d8312d63e5c.c0985.json,hek,202,194
assets/chapter/import/11/11e60101-29ac-403d-9f7e-dd73d61d98df.f0859.json,hek,183,175
assets/chapter/import/12/122faff0-00e0-461b-a304-88c027d33c11.4128d.json,hek,181,173
assets/chapter/import/12/12c21635a.91de0.json,hek,86,78
assets/chapter/import/13/138bf705-7a85-4f40-9d82-9ed5be467d28.795cd.json,hek,181,173
assets/chapter/import/13/13926924-3685-407b-a3c6-d857b5c748fc.d5621.json,hek,183,175
assets/chapter/import/14/14267717-3727-4ebc-bbfd-4ec6345596cd.9c408.json,hek,197,189
assets/chapter/import/14/14476950-9ac1-4172-bc2b-58c3c41f2b3e.1becf.json,hek,183,175
assets/chapter/import/14/14a23978-c309-4a5e-babb-f155c97f9831.c222e.json,hek,183,175
assets/chapter/import/14/14f6401d-1fc6-40f8-9600-4d2c56e21590.8a9f8.json,hek,221,213
assets/chapter/import/15/157eac21-7e1c-4ea9-9ea1-b28a4171e907.54472.json,hek,183,175
assets/chapter/import/15/15ff0815-7e60-4944-8bd2-75eded9ba2fe.23852.json,hek,182,174
assets/chapter/import/16/16d9dd73-a9d5-476a-9caa-0b5fe8a9a320.fcebc.json,hek,202,194
assets/chapter/import/17/1794393b-7703-4170-a760-7426b28a93a5.738fb.json,hek,183,175
assets/chapter/import/18/188c644e-e82b-4c7e-b91a-68831d1ea438.52a19.json,hek,183,175
assets/chapter/import/19/193d52f1-d8b4-49f7-945d-9f9e1e4225ac.da05d.json,hek,182,174
assets/chapter/import/19/19a764f2-b8b9-4cc0-9a91-021abc7e8d59.7871f.json,hek,86,78
assets/chapter/import/19/19e5513b-daee-43b3-a974-8792bd83ed51.2f303.json,hek,183,175
assets/chapter/import/1a/1a09e732-8c6f-4a71-b9c4-989d08c6c3df.cd97d.json,hek,182,174
assets/chapter/import/1a/1a283251-46bf-48e5-b638-01995874a034.34d2c.json,hek,6807,77194
assets/chapter/import/1a/1ae23230-4785-4878-bd36-9cb646d9dfbe.d54cd.json,hek,184,176
assets/chapter/import/1b/1b23b933-e078-484e-a638-d4aaeeedc552.7871f.json,hek,86,78
assets/chapter/import/1b/1b72f3b1-619f-4fc6-bf2d-0c6ad4934e64.fe8a5.json,hek,1703,3848
assets/chapter/import/1b/1bbea8034.91de0.json,hek,86,78
assets/chapter/import/1b/1bde61b5-ccfc-4621-b828-ad1f922c43d3.18d98.json,hek,184,176
assets/chapter/import/1c/1c6382c9-e719-4af6-973b-2c88e4ba6ae4.87f39.json,hek,184,176
assets/chapter/import/1c/1c895216-3543-41e0-8155-af84a4e2fb77.7871f.json,hek,86,78
assets/chapter/import/1c/1c985dd1-74b6-4880-b91b-0c5d87b16090.035ef.json,hek,184,176
assets/chapter/import/1c/1cb2ca74-b3bd-46a0-8b68-c45b806c9f54.2dfd1.json,hek,182,174
assets/chapter/import/1c/1cbdb9a0-56cd-431c-b58a-5e9fb912cb49.7871f.json,hek,86,78
assets/chapter/import/1c/1cc151a1-a2c6-49a0-b2b4-394504f0f1b0.c12c7.json,hek,181,173
assets/chapter/import/1c/1cdc9e52-5d73-4e89-b75c-67bb58dddbf1.6cc5a.json,hek,183,175
assets/chapter/import/1e/1e9e087b-3888-460a-a96b-8cf9834ff652.29a99.json,hek,183,175
assets/chapter/import/1f/1fcfff7b-7ecc-48c7-9509-cfba40d544b8.5d526.json,hek,181,173
assets/chapter/import/1f/1fd7b37e-eb9c-40ae-a51e-ac0ee28a8891.8947d.json,hek,182,174
assets/chapter/import/1f/1fe901424.91de0.json,hek,86,78
assets/chapter/import/1f/1fff0731-de47-42fd-bffe-044f704cd1c5.b38ca.json,hek,182,174
assets/chapter/import/20/20aad64f-ba7e-435d-aa82-ae353da267a4.8fc41.json,hek,183,175
assets/chapter/import/22/226a4a4c-c3ca-4e7a-8a23-589f4c4af56f.7871f.json,hek,86,78
assets/chapter/import/23/23fdc16c-82a0-4bd5-941f-ac4687a02d04.42085.json,hek,183,175
assets/chapter/import/24/245442a5-fbd9-4f98-a521-2ac1828c3860.5a6bc.json,hek,183,175
assets/chapter/import/25/25cecdd8-fcc2-4bef-bee3-be07616756f9.9cdb2.json,hek,199,191
assets/chapter/import/26/262283a2-89c5-44af-aa36-86380490c1f8.2ae9f.json,hek,208,200
assets/chapter/import/27/270828de-580f-475b-ba2d-1ee43c078bb9.f63ca.json,hek,1461,3462
assets/chapter/import/27/279a00fd-bf5b-4241-9cb5-4aeaaf60340c.59ae8.json,hek,183,175
assets/chapter/import/28/2837ef49-05b4-4bfc-98a6-278170ee6a3b.ad10f.json,hek,613,605
assets/chapter/import/28/28757acd-e750-4e22-8bcb-80208a72656d.66b4d.json,hek,183,175
assets/chapter/import/28/28eec082-e3c8-431b-944d-66efd40a8eb8.75a31.json,hek,183,175
assets/chapter/import/29/292393b4-37c9-4f1c-b9e1-610975ab1024.51e05.json,hek,184,176
assets/chapter/import/2a/2a007c34-ee62-4ed6-919f-97b9908cdfff.4fd4c.json,hek,1013,1005
assets/chapter/import/2b/2b4ebc8b-204b-4084-8afb-4959430f7f12.7871f.json,hek,86,78
assets/chapter/import/2c/2c18d17b-ea2d-4d68-ab65-8eaad71c0d6e.7871f.json,hek,86,78
assets/chapter/import/2c/2c4c6d49-e70f-43bc-867a-b8d43fa9f0c5.cb197.json,hek,184,176
assets/chapter/import/2c/2ca1b2a0-49ca-4369-a4c8-30f505aa2649.e0322.json,hek,184,176
assets/chapter/import/2d/2d4bac1d-c172-43b6-8ec8-968b534325f2.a52da.json,hek,184,176
assets/chapter/import/2d/2d9630ae-305d-4dd3-b662-f0f2b7fca6bb.71f89.json,hek,181,173
assets/chapter/import/2d/2df7dd8d-26d1-46fe-9396-b679f055b54f.aede6.json,hek,181,173
assets/chapter/import/2d/2dff45de-5969-4a34-b55e-1f2ccc24cd23.a984a.json,hek,204,196
assets/chapter/import/2e/2e16943f-1c81-4a7f-8e7d-acc847c851b3.dd220.json,hek,149,141
assets/chapter/import/2e/2e3e04a7-047a-4eae-af19-db50c4e8abb8.7f6ce.json,hek,183,175
assets/chapter/import/2e/2e9ab9be-7991-47ab-a2f6-d01705f0d7fe.22349.json,hek,183,175
assets/chapter/import/2e/2e9f223b-4ccd-4f98-9992-e98230bf5062.3b495.json,hek,687,679
assets/chapter/import/2e/2ea3374e-ff9e-4137-8fae-34be033c54aa.913b2.json,hek,183,175
assets/chapter/import/2e/2eb0ae21-ac06-4fde-a542-c009304edcbb.86146.json,hek,183,175
assets/chapter/import/2f/2f5b4214-7283-4fb8-aa4b-3a07c2fdac71.7871f.json,hek,86,78
assets/chapter/import/2f/2fac0f32-fa40-475f-b4aa-4eecb70808cf.8ee42.json,hek,137,129
assets/chapter/import/2f/2fb1ea1f-359b-48b6-af81-bbd0f3fdf79f.10cdf.json,hek,182,174
assets/chapter/import/30/30113705-5d22-4a3c-9af0-7555a1ca4a5b.d1132.json,hek,266,258
assets/chapter/import/30/30186f85-2020-48c5-82b8-19bc95aecd8f.77d52.json,hek,641,3025
assets/chapter/import/30/30b4c395-9180-4b67-aa0e-deb08d3cc8b1.7871f.json,hek,86,78
assets/chapter/import/30/30f9366e-4784-4873-bf70-b0e8f776e937.01b5b.json,hek,218,210
assets/chapter/import/31/31698e73-dc84-4607-8a6c-7011ebf9d782.73d91.json,hek,183,175
assets/chapter/import/31/31a2d21f-fce2-4a1c-b486-42a3f19eb190.df69a.json,hek,183,175
assets/chapter/import/32/32737de4-68c0-4d0c-ae2a-46a4276de485.e64b7.json,hek,583,2229
assets/chapter/import/34/34160a99-e362-4631-bb54-b296f2de69cf.54d36.json,hek,683,675
assets/chapter/import/34/34a22f03-c389-4073-bfa4-1f89b1f3e59d.d73fe.json,hek,182,174
assets/chapter/import/35/353f492c-0a35-477e-b471-c2f5d17ef284.2afe4.json,hek,875,867
assets/chapter/import/36/36383831-ff36-459d-92d7-ad59c5198557.e511c.json,hek,214,206
assets/chapter/import/36/364ce76e-0942-4a51-bba0-41e3881fde6a.78c4b.json,hek,1489,3009
assets/chapter/import/36/366d1a0d-fbc6-42c2-a330-8d8ef6b4eae2.38dad.json,hek,183,175
assets/chapter/import/36/36eca76b-6c14-4876-b73b-97b2b08cdcaa.24ea3.json,hek,183,175
assets/chapter/import/36/36f69a2e-6aa2-4040-970d-1a7370de8ef3.b5b2e.json,hek,217,209
assets/chapter/import/37/37236167-7664-4c16-96af-cd617075a031.3a7fa.json,hek,184,176
assets/chapter/import/37/377420d4-2f8c-4b62-9a64-e59338d2c359.50a85.json,hek,184,176
assets/chapter/import/37/37b19687-a250-46bc-8aec-f539c279642c.7871f.json,hek,86,78
assets/chapter/import/38/383bf30a-2499-49f0-99da-4acafb1da68f.7871f.json,hek,86,78
assets/chapter/import/38/38ac13cb-d364-460d-b7c4-20b58003e381.91e56.json,hek,183,175
assets/chapter/import/39/3930bc1f-69cd-4910-b30f-83ca8448bc88.c5c2d.json,hek,211,203
assets/chapter/import/39/3933bc87-3b28-497d-8b95-dbf87388c337.4a032.json,hek,137,129
assets/chapter/import/39/3971591a-e912-4b58-9cc0-4ff4ae68abc7.3e38c.json,hek,184,176
assets/chapter/import/39/39c3b211-7e06-4490-a0d2-d7d335b983e7.b7b2c.json,hek,386,1247
assets/chapter/import/39/39e4bd41-1512-4948-b3c4-cf65ec0406c3.4e077.json,hek,147,139
assets/chapter/import/3a/3a155255-3f01-46e5-ada2-ab6f8c57c730.86327.json,hek,182,174
assets/chapter/import/3a/3a1c57f3-1676-410c-acba-b2fe533072d6.bafd7.json,hek,181,173
assets/chapter/import/3a/3a25e0b1-5397-4054-9e94-307c65a47b9d.f30f7.json,hek,183,175
assets/chapter/import/3a/3a3fd620-ce52-4390-87a5-4d68733c243c.7c894.json,hek,810,1639
assets/chapter/import/3a/3a888472-3206-4aad-ac8e-fa9e8fbe999a.6f601.json,hek,199,191
assets/chapter/import/3a/3adb1a23-16da-4b18-b133-502afd69307d.7bb6a.json,hek,183,175
assets/chapter/import/3b/3b77bae7-a32e-45f4-a4d2-81dbcfc44bd1.8a6a9.json,hek,182,174
assets/chapter/import/3c/3c700f83-a985-4b76-92e8-e69db577f323.0b17e.json,hek,211,203
assets/chapter/import/3c/3ca39389-d83e-4f7f-8fc6-59aa6819afa7.31ac1.json,hek,183,175
assets/chapter/import/3c/3cc51b89-241e-4126-85e7-50f6956df9ba.1f1b4.json,hek,182,174
assets/chapter/import/3d/3d337414-2e1a-4b02-993c-5e351d38c274.181ca.json,hek,182,174
assets/chapter/import/3d/3dbd1dc8-9dd4-4ce8-a98a-bb6b2860b343.74d92.json,hek,220,212
assets/chapter/import/3e/3e0dbe61-e93c-4cfb-afc8-7006d441db23.e97f6.json,hek,205,197
assets/chapter/import/3e/3e85d7ce-4534-4afb-bcfd-fb2d9a147a32.6bccf.json,hek,205,197
assets/chapter/import/3e/3eb51052-c243-433b-8c66-832b01151d0d.f3424.json,hek,190,182
assets/chapter/import/3e/3ecde172-b654-4914-9da2-4ac5cbbab1b4.4a388.json,hek,181,173
assets/chapter/import/3e/3ed90754-4b3b-49cc-ba42-370661c394d4.d3654.json,hek,183,175
assets/chapter/import/3e/3ee6308f-6c68-4053-bc19-09cbd3ad4a93.bf752.json,hek,182,174
assets/chapter/import/3e/3eebf2a8-d905-4eda-81a1-2be32f3d5391.a3efa.json,hek,396,1376
assets/chapter/import/3e/3ef8a760-2bca-4037-b5bb-259f6d97c983.73b4e.json,hek,182,174
assets/chapter/import/3f/3f38f6a5-844a-4da0-8c6c-120aa6da6c7b.30d95.json,hek,184,176
assets/chapter/import/3f/3f728e13-f4d5-4494-87b3-3336cbea8643.7871f.json,hek,86,78
assets/chapter/import/3f/3ff2cca9-0421-4615-adad-2c59e4f96131.fdc0b.json,hek,208,200
assets/chapter/import/40/40b3ac85-3d86-44f6-9ccf-b7521d2555c1.db556.json,hek,184,176
assets/chapter/import/41/4113d616-4d38-458e-8239-3b8ea571cf69.8c500.json,hek,183,175
assets/chapter/import/41/41157b5d-2c2f-44ae-9443-512f557e0526.ff108.json,hek,210,202
assets/chapter/import/41/417d16e0-fd4b-43e9-99d9-37ab8fd354f3.0249c.json,hek,184,176
assets/chapter/import/42/4248794a-f7b8-4753-b11f-3a7d3990fe8e.2dec6.json,hek,577,2091
assets/chapter/import/43/4358d12a-3e55-431d-b0f2-c19c1ebfcf52.6fe8b.json,hek,182,174
assets/chapter/import/43/4366f8ba-6a7a-44cc-9650-d473291d27f7.b6be5.json,hek,417,1356
assets/chapter/import/43/43bf0dd9-ac13-4672-a1cc-bd4b895f1a16.7871f.json,hek,86,78
assets/chapter/import/43/43f0e9d1-0a7c-40e9-b21d-3b4b3db7f383.b865d.json,hek,181,173
assets/chapter/import/44/448b027a-159a-468d-96d2-99a642085f3e.be80f.json,hek,183,175
assets/chapter/import/44/44b3fed5-96bc-440d-a748-07d48734b26d.d27fd.json,hek,182,174
assets/chapter/import/45/455779ce-7451-44ab-acea-60bb76880dd6.87e9e.json,hek,183,175
assets/chapter/import/46/46307760-b29f-4201-93ba-f6836dcc112c.b6b56.json,hek,183,175
assets/chapter/import/46/46ddfcb0-0763-4c70-ade0-bdbebb70ac7d.63af5.json,hek,220,212
assets/chapter/import/47/4751db33-8b6d-4855-8991-361ac292aba4.93a70.json,hek,183,175
assets/chapter/import/47/475996a4-0035-46d6-84ac-cef28bb4d06d.7871f.json,hek,86,78
assets/chapter/import/48/485d2a43-33c2-4632-995d-4a8029903242.4c175.json,hek,182,174
assets/chapter/import/48/48e24f43-c0d1-4248-8256-0bae91616496.25e16.json,hek,182,174
assets/chapter/import/48/48ee39b8-796a-4500-94ad-644e2c8e11e8.7871f.json,hek,86,78
assets/chapter/import/49/49a28de0-9023-4cdd-a8a9-87f76408b540.eb838.json,hek,183,175
assets/chapter/import/49/49c9211d-866f-4eb2-bf61-21d3b925e5ce.4fb73.json,hek,183,175
assets/chapter/import/4a/4adcab08-cd09-45df-ae11-66e71ca77f5f.0014b.json,hek,183,175
assets/chapter/import/4a/4af4d5d2-7262-480b-a7ab-7da2be6ef2d1.42356.json,hek,2564,24799
assets/chapter/import/4b/4bb7b110-d49b-4ffb-af75-c3defac56f5a.ce3eb.json,hek,116,108
assets/chapter/import/4c/4cbc1c97-960c-467c-b65a-aebd9d594226.b3359.json,hek,1034,2186
assets/chapter/import/4d/4d2a3127-6d20-4f9d-867f-b2cfc048fc0e.81b44.json,hek,183,175
assets/chapter/import/4d/4d300a93-a716-4bc6-89b2-3ad9ab6180b7.a8b61.json,hek,184,176
assets/chapter/import/4d/4d31b833-a27a-4b9e-bfb8-583fa6c67ded.f1da0.json,hek,533,1686
assets/chapter/import/4d/4d757bcc-606c-4959-b7bc-1e5b058c1e1c.10814.json,hek,184,176
assets/chapter/import/4d/4dfca3dc-6b54-4764-8c0b-15e6f53293eb.ddd5e.json,hek,184,176
assets/chapter/import/4e/4e1f6c05-891a-4da8-a778-5da77d9bd2ef.7871f.json,hek,86,78
assets/chapter/import/4e/4e704880-c950-4d5c-8af9-ae488333fa2d.858cb.json,hek,182,174
assets/chapter/import/4f/4f17cd4f-4c52-4295-a635-0714b6124b60.d9e8e.json,hek,181,173
assets/chapter/import/4f/4f2cd2a7-7fc0-4f61-8ab9-bacbd3058ccc.92bef.json,hek,183,175
assets/chapter/import/4f/4f89d6f6-c8c6-4695-bfa1-83d82c20fe35.7871f.json,hek,86,78
assets/chapter/import/50/5012bd22-d57e-4cb5-b2bc-5fbddfd0078e.224cc.json,hek,182,174
assets/chapter/import/50/5052d964-86a8-4146-9bda-36089b9cd24d.4327b.json,hek,183,175
assets/chapter/import/50/50eae079-7133-4415-8095-6010b69551fb.2b893.json,hek,7140,19060
assets/chapter/import/51/512bc971-f1fd-43a8-b7f1-a5d7af537315.f2aa5.json,hek,183,175
assets/chapter/import/51/5194907f-2da6-4e0b-9d6c-09a44c1265d2.6cedc.json,hek,1012,4690
assets/chapter/import/51/51bb0de9-6b2c-40f1-8c94-27b1932162ab.aad9b.json,hek,183,175
assets/chapter/import/51/51c55790-c2d1-49c9-b6d4-7b2d92479c48.9890f.json,hek,183,175
assets/chapter/import/52/52196127-9e4e-4115-ac3e-2eec52f23aca.30709.json,hek,183,175
assets/chapter/import/53/533f4e1e-6b47-494e-a331-75a0ef9b822b.75ba4.json,hek,183,175
assets/chapter/import/53/5340ce5b-5504-49eb-97c3-44e19ec5a924.ec75c.json,hek,198,190
assets/chapter/import/53/535d264f-2137-476c-a45d-ac819d7b36d5.d0402.json,hek,183,175
assets/chapter/import/53/536d8f96-dae5-489b-8883-eae81c00688c.7871f.json,hek,86,78
assets/chapter/import/53/53cd1fc6-b99e-445a-a9dc-21ce444d7be0.9b582.json,hek,657,2848
assets/chapter/import/53/53edeb7c-f9ab-45cb-9155-21352d5abc93.587b7.json,hek,182,174
assets/chapter/import/54/543c5d35-0b68-412f-b1c6-3a1fbbf284cc.0eca8.json,hek,183,175
assets/chapter/import/54/545fe0e9-f6ac-4a47-951d-5e9f5ed2fb04.063e8.json,hek,184,176
assets/chapter/import/55/5551a752-689b-4ebd-b511-df2cd55f5f01.255c2.json,hek,200,192
assets/chapter/import/55/5593d870-4edc-49ca-ad0c-f3a6fae66fd0.33c9b.json,hek,184,176
assets/chapter/import/55/55e84f03-fa2c-48cb-8273-9e7542beee6f.f5d1e.json,hek,575,1121
assets/chapter/import/55/55eb7422-a195-4058-bb06-ac872982be40.79fc9.json,hek,1164,6353
assets/chapter/import/56/564c7dce-6452-4101-b9a0-84fa92edc214.206be.json,hek,184,176
assets/chapter/import/56/56f8b507-c266-42f7-8216-53704f23e412.716a5.json,hek,182,174
assets/chapter/import/57/570c9bf8-6828-4bbd-916d-41334c3ac26e.6dc83.json,hek,181,173
assets/chapter/import/57/572144dc-bed7-4461-911d-09d15c651c61.372bc.json,hek,201,193
assets/chapter/import/57/57379737-7594-4643-a81d-350940c745a7.05757.json,hek,183,175
assets/chapter/import/57/578f7c08-5ae3-4899-b06d-a3e6329a8828.83713.json,hek,183,175
assets/chapter/import/57/57945fa2-9ea4-4ccc-9a1e-b8a89ce866d2.26c4a.json,hek,183,175
assets/chapter/import/57/57f1939e-9726-46e7-abfb-d500cc2eb1d7.67e7a.json,hek,183,175
assets/chapter/import/58/587815d8-2c7d-4e59-a571-26db1729b99f.b734a.json,hek,18623,351215
assets/chapter/import/59/5908dd68-ac0a-4012-a3b5-4a1497efaac5.58e31.json,hek,183,175
assets/chapter/import/59/5970ff44-b1c6-439c-a3a0-7d6e71e1a0d7.28afc.json,hek,192,184
assets/chapter/import/59/5998ac2c-14da-4dbf-9715-3d0ccb40f467.92682.json,hek,183,175
assets/chapter/import/5a/5a54776c-6d3f-4706-bfa4-efe6707dd122.abc62.json,hek,199,191
assets/chapter/import/5a/5a69ba2d-802b-412c-9cd1-75791b17e026.b6099.json,hek,182,174
assets/chapter/import/5b/5b70b1fb-cbb6-4492-83eb-b7d1cb71fd45.715a2.json,hek,183,175
assets/chapter/import/5b/5b834030-16e1-410e-b58b-70bb6478cb4d.91a58.json,hek,183,175
assets/chapter/import/5b/5b97fb3f-478b-4774-8f3e-2d1dbcbe8ae7.9ce11.json,hek,183,175
assets/chapter/import/5c/5c15dc0b-0970-45ae-8524-3bafbe058757.1c018.json,hek,184,176
assets/chapter/import/5c/5c469eec-92f1-4592-95c0-dac919f6b640.7c36f.json,hek,183,175
assets/chapter/import/5c/5c743c9e-2701-43df-9339-8d36d84df1f8.7871f.json,hek,86,78
assets/chapter/import/5d/5d014eed-a607-40f1-a8c8-6cb0164146ba.01e34.json,hek,1849,21588
assets/chapter/import/5d/5d92cdda-9701-410e-b1f2-af81f05d6644.94147.json,hek,184,176
assets/chapter/import/5e/5e74d2ed-d705-4fa2-bcbd-4ce0f5d3026c.53a74.json,hek,183,175
assets/chapter/import/5e/5e798aa1-9e37-4a98-85bf-9ce8d0cb1102.7871f.json,hek,86,78
assets/chapter/import/5e/5e99c987-124e-415a-bdca-b9f0b175c075.4e0c5.json,hek,189,181
assets/chapter/import/5f/5f7b809f-0a0f-4b68-80cd-af97a4fb1ce6.11014.json,hek,221,213
assets/chapter/import/5f/5fb09f96-2117-49e2-83a7-75f2429f0e47.287e0.json,hek,182,174
assets/chapter/import/5f/5fdaf715-81c2-46f2-8ac3-53eb309aa0d0.291e1.json,hek,474,466
assets/chapter/import/5f/5fe8bbdd-da36-4b6d-8931-e8d13b3e669b.769f5.json,hek,181,173
assets/chapter/import/60/6044b1e3-901e-40e7-8c6d-f582f418dd44.45035.json,hek,999,2130
assets/chapter/import/60/6057848e-82ef-4bd2-aa1f-1197d1349c48.f70f1.json,hek,182,174
assets/chapter/import/62/620c7804-05a8-42cd-8818-805ff0d75e93.a06be.json,hek,213,205
assets/chapter/import/63/63be3b6d-52bd-42cf-8fea-6a69303be19f.7871f.json,hek,86,78
assets/chapter/import/64/64e79df1-7c21-4ebf-a52d-54c1e6495ec7.4468c.json,hek,181,173
assets/chapter/import/64/64f444c6-f6de-435d-9b0c-0fcdacb89dcf.be73b.json,hek,213,205
assets/chapter/import/65/650f8b24-9c99-4e21-ae4d-f79a4d5e192b.212b9.json,hek,182,174
assets/chapter/import/65/65370831-2a46-46f7-9da6-f43c337e32a0.7871f.json,hek,86,78
assets/chapter/import/65/656a7b71-2a89-4009-a5ec-f6fd96396b86.8c807.json,hek,181,173
assets/chapter/import/65/6577ac5c-0a38-435e-8439-d9133a20d759.14850.json,hek,183,175
assets/chapter/import/65/65db1e2e-a3d3-4039-879c-403723d0204f.49b13.json,hek,181,173
assets/chapter/import/66/664db058-8ee1-4430-b7b4-0487a10b9066.3ef8b.json,hek,877,869
assets/chapter/import/66/665b8588-8c80-4e95-9f51-b48c843d3ade.d63ac.json,hek,183,175
assets/chapter/import/66/66afaf4b-0fc7-4df8-9eff-37c1862865ea.9e4dd.json,hek,472,1268
assets/chapter/import/66/66e0a226-a5e4-4d60-af16-e8c6acd5b8f7.9dcf8.json,hek,182,174
assets/chapter/import/67/674c159e-ae6e-4a6c-a11b-2414b7cc74d1.6fbc6.json,hek,183,175
assets/chapter/import/68/68103ca7-ff48-400b-a3c5-e203fa2f5935.7871f.json,hek,86,78
assets/chapter/import/68/68e0640f-db2c-4f80-88a7-c2027e9a9eb9.305f7.json,hek,181,173
assets/chapter/import/68/68ee204f-14df-42bb-b6cf-25a03fa60df1.3a1b2.json,hek,182,174
assets/chapter/import/69/6904fa1b-a8cb-4130-becb-1206ad5ddd82.96827.json,hek,656,1226
assets/chapter/import/69/69941d69-e60e-4a64-ba97-6f0f961fc7be.c4210.json,hek,182,174
assets/chapter/import/69/69f079a2-e92e-4b2c-9ec8-ad63c618cb6e.77887.json,hek,183,175
assets/chapter/import/6a/6a6b9d1e-c0f3-4200-91f2-a30dac9bdc88.6cead.json,hek,182,174
assets/chapter/import/6b/6b3e4cb3-877a-40d1-bb03-74259bc8f9fb.2b8cf.json,hek,183,175
assets/chapter/import/6b/6ba4af00-86f4-4e40-b9f8-d1d869463506.828ca.json,hek,182,174
assets/chapter/import/6c/6c35edc8-db05-4171-abb0-23952d8031ba.1c67a.json,hek,182,174
assets/chapter/import/6c/6c67260f-5673-40cd-99d9-c97a875a9c43.f27bf.json,hek,182,174
assets/chapter/import/6d/6dc1c669-f964-46b0-80d9-8fe07105273d.7871f.json,hek,86,78
assets/chapter/import/6e/6eaf82b1-ce30-4589-8413-538dccecae34.dd66f.json,hek,10368,19423
assets/chapter/import/6e/6ebf0c03-430d-4c98-be45-2b1c7f48a8fc.fcc49.json,hek,196,188
assets/chapter/import/6e/6ef2f129-9b4d-47e4-ba21-9f169340ac70.7871f.json,hek,86,78
assets/chapter/import/6f/6f6b13c4-ca58-4b94-a9cf-6a1c4be41b64.c8da5.json,hek,183,175
assets/chapter/import/70/706cc110-5277-491b-afca-b8e10df0b9e7.cb510.json,hek,182,174
assets/chapter/import/70/70bb0075-98e0-4160-994e-dd34092bda57.94de1.json,hek,182,174
assets/chapter/import/73/735c5f86-589e-4ef4-aed7-0b8f17dd3e03.105e3.json,hek,182,174
assets/chapter/import/73/73f1b4f1-8f8b-4e25-9df8-5e6d49564761.6f520.json,hek,183,175
assets/chapter/import/74/7439656a-5fac-4006-be09-94cccd45b341.7871f.json,hek,86,78
assets/chapter/import/74/74f8e52f-034f-4e89-915b-cb461ba65b08.ea680.json,hek,204,196
assets/chapter/import/75/7515dbaf-c025-412b-be19-4601a759ad1a.e5dea.json,hek,394,1370
assets/chapter/import/75/759b9ebd-8419-4f14-bacb-82c3cc9b6081.62239.json,hek,182,174
assets/chapter/import/76/760424a9-c16f-4184-8718-2f141f1da39a.80e03.json,hek,183,175
assets/chapter/import/77/7708a13f-3302-454c-8b9d-78e43ecfcdb3.98f79.json,hek,1041,2080
assets/chapter/import/77/77be09de-b68c-4aa4-bfef-5194042519db.18084.json,hek,181,173
assets/chapter/import/78/7804e742-fb33-4826-b55c-200e6464fd84.138c1.json,hek,182,174
assets/chapter/import/78/7831b6be-9ce6-485f-83eb-fe79b279dd3b.ffeb2.json,hek,2289,16659
assets/chapter/import/78/7837ac96-ca23-4a6f-ad2e-d14fff4e2aeb.ad2ca.json,hek,183,175
assets/chapter/import/78/7892a04e-fdba-40b9-b1c9-a09fa5d778fe.76bc1.json,hek,183,175
assets/chapter/import/78/78ef7581-d193-45b1-bf86-9f258fab6cbb.2b8e1.json,hek,188,180
assets/chapter/import/79/7931330f-d58a-48d8-8d61-13f6cfd13c57.5647e.json,hek,482,1690
assets/chapter/import/7a/7a51e192-8f41-4310-ba41-82704c10c65a.3d113.json,hek,184,176
assets/chapter/import/7a/7aff4db7-1d62-4bd9-b0a6-fc1c30a2c13b.e109f.json,hek,518,1426
assets/chapter/import/7b/7b02d360-a6c7-4b0e-823c-7864c87d0916.c1f40.json,hek,189,181
assets/chapter/import/7b/7b23cdd3-8267-4dc6-8d57-7c2ae7fb3ac2.368f3.json,hek,211,203
assets/chapter/import/7b/7b425eb0-926f-498c-8e66-0103f5eef99d.cd98c.json,hek,205,197
assets/chapter/import/7b/7b60430d-49fd-4b94-bf25-1887862f9bc8.557e8.json,hek,183,175
assets/chapter/import/7c/7c260f1e-a99f-4d8a-a796-5125510d01dd.73e08.json,hek,480,1690
assets/chapter/import/7c/7c3383ff-4cf8-4c91-8a9d-70b231af7ead.294f1.json,hek,183,175
assets/chapter/import/7c/7c7b7cf4-5e09-461e-98ca-c4477e341c93.dbfe5.json,hek,184,176
assets/chapter/import/7d/7d2a1d32-60ce-4f4c-8e4b-985f8cb47a05.34dd8.json,hek,184,176
assets/chapter/import/7e/7e296acd-d9f6-4933-8fad-f94356da8e9c.76bba.json,hek,184,176
assets/chapter/import/7e/7e8b218c-cc36-493c-a816-177f7d03c6ec.99d8b.json,hek,184,176
assets/chapter/import/7e/7efd4951-0016-4782-b3de-71a72456e83e.14d5b.json,hek,800,792
assets/chapter/import/7f/7f08b30a-81b2-46ec-85e2-320a99a4c6bc.1117c.json,hek,1145,2577
assets/chapter/import/7f/7f7f3e19-45ef-4aaf-b93f-6bd866475923.7871f.json,hek,86,78
assets/chapter/import/80/801a5581-9f56-432c-968a-3071a365d671.5e9e4.json,hek,184,176
assets/chapter/import/80/80b1cb81-1d8d-44d8-89b4-ddab8a01544a.ca4a4.json,hek,184,176
assets/chapter/import/80/80f08508-e077-49b5-a04f-cad8f2fe7863.b9bb4.json,hek,182,174
assets/chapter/import/81/81101d80-7552-4a96-ad02-c4dbc53a290e.0753a.json,hek,233,225
assets/chapter/import/81/81ca256c-82da-488b-b522-7b2b6982218a.65a77.json,hek,184,176
assets/chapter/import/82/82d5a4e3-6ec5-4b74-b6fe-089f41693b04.5c70b.json,hek,183,175
assets/chapter/import/82/82d9c95b-bc22-4277-bea9-e6913c8838e1.86103.json,hek,183,175
assets/chapter/import/83/8314a359-d69c-4f58-ade2-bfe08afd8440.6ee6f.json,hek,209,201
assets/chapter/import/83/8345ad1b-43fa-4ad7-ad83-92bd1d597377.f6fa8.json,hek,327,319
assets/chapter/import/83/8395d9ee-bdc8-459e-8100-e54d049f2706.449f7.json,hek,182,174
assets/chapter/import/84/841ceb05-74ea-4e9b-83dd-0fbcaa782351.8825e.json,hek,184,176
assets/chapter/import/84/84a43871-5f3a-4111-985a-6aa548d99f6a.a0dd4.json,hek,916,908
assets/chapter/import/84/84caa1a5-a433-4748-b0da-1c8bd5b00e7d.e4b32.json,hek,184,176
assets/chapter/import/85/852b7ec8-9347-4979-a243-84b3249db734.80a74.json,hek,184,176
assets/chapter/import/86/8644b0fa-c4cb-4389-9195-776f7fdc5ef7.7871f.json,hek,86,78
assets/chapter/import/86/86c9698d-e4d1-491f-b11d-8f45080a9c46.5bed3.json,hek,230,222
assets/chapter/import/87/873448a4-cc37-4c95-93c8-7911941afef4.3561e.json,hek,184,176
assets/chapter/import/87/8744df26-139f-4b5e-871d-6e4403fb6f1e.dccaf.json,hek,183,175
assets/chapter/import/87/879008e0-a8c3-4de1-918f-8c450fd4ef3d.bb5ec.json,hek,138,130
assets/chapter/import/87/87e59140-487a-4733-8313-db998d9d6229.47f20.json,hek,184,176
assets/chapter/import/87/87ffa2bd-0fbd-4977-a177-2fc0f8b90e6b.97985.json,hek,459,2093
assets/chapter/import/88/88238ac2-144b-4e8f-9f4a-fa510884cad7.3d631.json,hek,183,175
assets/chapter/import/88/88782322-48ab-4ac2-b82d-49a9cb308135.30ad4.json,hek,183,175
assets/chapter/import/88/88ea9a45-cba8-47ec-9b53-84959c274db5.58b53.json,hek,184,176
assets/chapter/import/89/8909aaab-2180-4094-9c49-f97f3107ab70.47d5c.json,hek,393,385
assets/chapter/import/89/89d704fc-609b-4f25-8313-36d50f6a9152.24606.json,hek,184,176
assets/chapter/import/8a/8a523c89-dbc4-4f52-a4c4-1d8406ef5f45.b968b.json,hek,184,176
assets/chapter/import/8b/8b4850b0-08ed-46f1-b2bd-7d5b9ef5cb69.850f3.json,hek,182,174
assets/chapter/import/8b/8b75e888-c113-4531-a6cf-aad8864ff6dd.dac5b.json,hek,182,174
assets/chapter/import/8b/8baac601-5faa-40de-91ec-a25cde3d8e3c.c35e8.json,hek,393,1372
assets/chapter/import/8b/8baf0ba5-c7b3-4d37-ad9e-7b547e840ee7.db8da.json,hek,181,173
assets/chapter/import/8b/8bffc07c-13a3-4ef9-9fb1-266c1f296046.66f0a.json,hek,184,176
assets/chapter/import/8c/8ce1896d-8eab-4eaa-85a2-a781b9880926.9157d.json,hek,184,176
assets/chapter/import/8d/8d4fdc31-f21f-41b9-a65f-811dd57130a0.83ab0.json,hek,184,176
assets/chapter/import/8d/8db904e8-0fc9-4ebe-a144-49386b58a334.7871f.json,hek,86,78
assets/chapter/import/8d/8dd30a66-2695-4bce-8111-8ec71732eaa6.ded14.json,hek,183,175
assets/chapter/import/8e/8e31b0ae-ea36-4759-a3c7-0f0ed26bbc23.d4574.json,hek,184,176
assets/chapter/import/8e/8e746272-7094-45ea-a455-7d4efe0aac5b.6284e.json,hek,379,1192
assets/chapter/import/8e/8ee330fb-5f30-4e5a-98b1-790a263f6cc4.f9ff9.json,hek,184,176
assets/chapter/import/8e/8ee40375-0830-4706-9af9-a41cd3ba4ad7.e42e5.json,hek,184,176
assets/chapter/import/8e/8efc935a-531d-4cc1-b4a9-396c5cb088c5.0a21d.json,hek,184,176
assets/chapter/import/8f/8fbd3a0a-cba8-4c39-85a0-0adeca01c35c.f20ee.json,hek,184,176
assets/chapter/import/90/908e8e46-a373-48e1-b014-7e61f4d46be7.57b1b.json,hek,184,176
assets/chapter/import/90/90adc139-0317-45a2-a3d1-ba973c3b0406.1b670.json,hek,182,174
assets/chapter/import/90/90e021bf-4f46-4d0a-af7a-72080c03ebd3.6a81a.json,hek,183,175
assets/chapter/import/91/9127697b-29d4-4b25-991e-0265cf906d67.ca7fb.json,hek,183,175
assets/chapter/import/91/914a09c3-2e1c-4ff1-8641-0c847dd6d0c8.2725d.json,hek,182,174
assets/chapter/import/92/926c6771-dc8b-4b62-bd66-6db82e5bf6c1.f11b7.json,hek,182,174
assets/chapter/import/93/93575017-daa0-41a1-b91f-094c62bade30.f4510.json,hek,202,194
assets/chapter/import/93/9363f0fa-736a-458b-9e3a-68e745c97402.ccdec.json,hek,182,174
assets/chapter/import/93/937e8428-f23e-4bcb-b7aa-f007637c14b0.2a0b2.json,hek,183,175
assets/chapter/import/94/941f785c-bd8b-403d-ac77-ca5c5e7be83b.02d48.json,hek,183,175
assets/chapter/import/94/9461181f-da55-453c-a031-15066ebd3a7a.5198d.json,hek,184,176
assets/chapter/import/94/94e8dcc3-802c-48cd-80c4-e8d0a20ed595.a6d93.json,hek,1831,3958
assets/chapter/import/95/950f5078-d233-4388-9d6d-b613c462e831.7a38c.json,hek,184,176
assets/chapter/import/95/951f1388-7c0f-48ba-9a76-3c9ba469deec.84a04.json,hek,184,176
assets/chapter/import/95/95445624-74a4-4206-af97-8a0464d9edcf.53b2f.json,hek,1161,6495
assets/chapter/import/95/95526bbc-f29e-497a-923f-4aabd54cbca5.231bf.json,hek,184,176
assets/chapter/import/95/95d65b72-4875-4f61-bde8-86645460b796.43268.json,hek,216,208
assets/chapter/import/96/96778173-c51a-4a41-8dc5-94f6e0f60c01.a730a.json,hek,183,175
assets/chapter/import/96/96a15ca2-cd04-4c56-bf0e-d16ab019b728.aac0b.json,hek,182,174
assets/chapter/import/96/96a6e5db-5dfd-4430-86f8-7500d7670e5a.ae775.json,hek,182,174
assets/chapter/import/96/96aaa241-a506-4c65-b267-ad9917b9c5b1.b674e.json,hek,182,174
assets/chapter/import/96/96c011c8-937a-414b-bc67-8f734ac13632.1e861.json,hek,182,174
assets/chapter/import/96/96c23ef0-3db5-43f2-afd3-8201b0cd7e6f.a7623.json,hek,183,175
assets/chapter/import/96/96e4015b-8300-429a-ae87-fd874334372e.db11d.json,hek,183,175
assets/chapter/import/96/96f52fca-da76-4c72-ae64-3d7bd96f6817.42194.json,hek,184,176
assets/chapter/import/97/976bf34a-af2c-4edc-930d-d3df3961b174.fd1b5.json,hek,184,176
assets/chapter/import/98/981f7883-4d05-4cba-8d69-36176fa15f1e.4e232.json,hek,184,176
assets/chapter/import/98/983cba93-ba7e-43e2-83fb-8c1adb29eafc.7e11d.json,hek,184,176
assets/chapter/import/98/987ec484-7519-467e-b51b-c9a82dce4383.b5850.json,hek,374,366
assets/chapter/import/98/98f5f329-5430-404b-a1cc-3dd5df978e48.a3573.json,hek,182,174
assets/chapter/import/99/9909151e-2f4f-4c79-86d1-8a4e9d0da6f3.1198c.json,hek,183,175
assets/chapter/import/99/99ac8cb4-cb41-4bd5-9179-c19bc1d553fc.3cd6a.json,hek,210,202
assets/chapter/import/99/99da686e-c444-41cb-a250-a0a39dd2f177.65958.json,hek,183,175
assets/chapter/import/9a/9a9f338c-5bbc-4a47-98d0-1855195ed8ef.1a39d.json,hek,435,1371
assets/chapter/import/9a/9aaff9a3-f54d-454a-9d83-d6f2272f6811.3dfe1.json,hek,182,174
assets/chapter/import/9a/9afb5176-50be-4318-95ff-220481695e16.8fed3.json,hek,182,174
assets/chapter/import/9b/9bd4370d-eebc-4680-81e7-72c996d4d84c.7871f.json,hek,86,78
assets/chapter/import/9c/9c146f97-5171-4464-af28-55f487b38b8f.017f9.json,hek,183,175
assets/chapter/import/9c/9c2cf3fe-3849-4deb-9b31-1ec7b9b56cbc.5841f.json,hek,183,175
assets/chapter/import/9c/9c38506d-4cdc-4cf1-928a-5fc607a34015.6e1e8.json,hek,1375,3018
assets/chapter/import/9c/9c5289a3-9c64-479c-b96e-03436ff50ebe.1f482.json,hek,184,176
assets/chapter/import/9d/9d0d5cc9-0192-467e-975f-6f9d1f944555.052d2.json,hek,1419,9758
assets/chapter/import/9d/9d2397ad-95ff-4ecb-acd3-00d863d5afe6.152d2.json,hek,200,192
assets/chapter/import/9d/9d758cfa-6f73-4b06-beed-8dc552b01b32.4afde.json,hek,184,176
assets/chapter/import/9e/9e25eed7-6276-4ae0-8aad-680bde6ec8b1.569b6.json,hek,184,176
assets/chapter/import/9e/9ed3d69e-dad1-4781-b1ae-556683d53c62.4a477.json,hek,391,1372
assets/chapter/import/9f/9f1661a3-b6f7-41ad-b888-7ea9758bc43c.4b0c5.json,hek,183,175
assets/chapter/import/9f/9f36f676-2682-41e8-95df-6eb74c14bb71.ea770.json,hek,183,175
assets/chapter/import/a0/a023e48e-99cf-4b5b-aeae-f91f88264497.7871f.json,hek,86,78
assets/chapter/import/a0/a0bf1a8f-a8ce-4529-8484-22cefc20f7df.c281b.json,hek,184,176
assets/chapter/import/a1/a1014d98-bb67-4bae-9f36-c2e0ead7414a.bec2b.json,hek,183,175
assets/chapter/import/a1/a146be68-426d-46f5-822b-f959bbac2bda.0907d.json,hek,184,176
assets/chapter/import/a1/a17cab9b-d376-4d88-9863-7ed890610f28.abda6.json,hek,184,176
assets/chapter/import/a1/a198b857-9e00-4ebe-bdc0-faeea945a6fc.4dc66.json,hek,216,208
assets/chapter/import/a2/a27434c1-5de9-4992-987f-ed2b013add6f.90b6a.json,hek,463,1614
assets/chapter/import/a2/a2c62e7d-ae9b-49f0-85d8-702782a5e66d.8b16c.json,hek,717,2804
assets/chapter/import/a3/a312a32b-615f-4a37-9b41-1cab9f339ccc.78038.json,hek,201,193
assets/chapter/import/a4/a42dd0bc-3e2b-403f-b91d-734fa5f4db2e.86c95.json,hek,183,175
assets/chapter/import/a4/a44c89ea-1b25-404b-9e5a-a9bed24b9300.1c4f2.json,hek,184,176
assets/chapter/import/a4/a45f8281-bd57-4d42-bf80-49a96334c0bc.6c0c5.json,hek,205,197
assets/chapter/import/a4/a4964f19-74ae-4592-8ab0-4ac93ff0ac25.ef258.json,hek,202,194
assets/chapter/import/a5/a58212d1-6152-41c1-bc05-03aff8525d89.cc57c.json,hek,185,177
assets/chapter/import/a5/a5a50dc3-7172-4cbc-9682-20a949222ec3.25ac0.json,hek,185,177
assets/chapter/import/a5/a5bd4a43-62bf-4a1b-94b6-550bd0015b83.ff455.json,hek,210,202
assets/chapter/import/a6/a63b6c18-8f88-49fa-9534-50a9f993e383.5a7c6.json,hek,185,177
assets/chapter/import/a6/a6917a45-2a69-4f50-bb37-db087037c3c9.5e8d9.json,hek,1275,2908
assets/chapter/import/a7/a77a2cb6-4b72-4fe7-8466-74dad1d37321.f7447.json,hek,185,177
assets/chapter/import/a7/a79c5d14-156e-40fd-afe5-d6be30fcc5f3.7871f.json,hek,86,78
assets/chapter/import/a7/a7fd76cb-3e2c-46b0-88a9-f8543d23cb79.af7ce.json,hek,183,175
assets/chapter/import/a8/a8289d58-ec86-4bc1-9e7f-86d4bad2db62.4552a.json,hek,183,175
assets/chapter/import/a8/a86fd420-9210-43b3-bdfc-ffd3aa496484.d7624.json,hek,184,176
assets/chapter/import/a8/a8c7cd58-c453-4b6f-bc09-cb6a4c869136.7b337.json,hek,184,176
assets/chapter/import/a8/a8eb6100-bca5-4d22-ba36-fd0053a59902.fe8c3.json,hek,184,176
assets/chapter/import/a9/a9177c3b-ae22-4c55-a049-5ca22a02d2a6.6218a.json,hek,184,176
assets/chapter/import/a9/a932b95e-f5ef-49c1-922a-a56dc7f9a81d.c194d.json,hek,184,176
assets/chapter/import/a9/a9a135b6-7a51-40d3-a461-dc14a4ca1497.f78ec.json,hek,2193,4883
assets/chapter/import/a9/a9f00ba5-85ed-4668-90f1-8e69a12e3e76.78486.json,hek,184,176
assets/chapter/import/aa/aa465259-c25b-4815-a00a-dfc0a67f7aa3.0f138.json,hek,392,1376
assets/chapter/import/aa/aaf4d2e1-af84-44f3-a7f3-f6a1cb7fecf6.ecc0b.json,hek,184,176
assets/chapter/import/ab/ab5146a9-2399-47cf-a499-c74ded084931.bf81a.json,hek,184,176
assets/chapter/import/ab/ab5b0634-af1b-4cb9-a8a8-51dd9d1da0a7.7cfe8.json,hek,183,175
assets/chapter/import/ab/ab8497bf-05f5-40ff-bcb1-ed5adcc9e7ed.58860.json,hek,13407,184517
assets/chapter/import/ac/ac5ec5db-b6ab-4009-ab5f-81baa0d2d054.7871f.json,hek,86,78
assets/chapter/import/ac/ac9f442f-a0d2-4ef9-bca7-fc7aa9a941ff.e4503.json,hek,184,176
assets/chapter/import/ad/ad8cbbbd-b4f7-43ff-a1cc-731b7c746b88.2f2ea.json,hek,184,176
assets/chapter/import/ad/adba0921-dbab-4861-8eda-28dd099e84fd.b154d.json,hek,184,176
assets/chapter/import/ad/add024fc-fa8f-4eab-a7b9-f5c399c4178e.16e56.json,hek,184,176
assets/chapter/import/ae/ae1ce155-b434-40c0-9313-64683454efff.18ff1.json,hek,183,175
assets/chapter/import/ae/ae2fac9f-edb0-452b-a855-69c886aadeda.4e71f.json,hek,185,177
assets/chapter/import/ae/ae7cb263-c977-43ca-aa65-48c41b08500f.b580f.json,hek,199,191
assets/chapter/import/ae/aeba8940-8953-420e-a4bf-f30fb952131b.77909.json,hek,185,177
assets/chapter/import/ae/aef2ef19-13e7-4c00-8a27-79d4519ea897.0ff9e.json,hek,183,175
assets/chapter/import/ae/aefc9f39-bc29-4f36-9998-6ddf201e79dc.bc256.json,hek,183,175
assets/chapter/import/b0/b0939439-8476-4552-b43d-19483373aeb1.40491.json,hek,185,177
assets/chapter/import/b0/b0c5dc67-e573-43f2-939c-59c7eef32543.f17d1.json,hek,183,175
assets/chapter/import/b1/b1ff72ed-07e5-43c3-b962-cf939c185ff1.2346e.json,hek,184,176
assets/chapter/import/b2/b28ef244-124d-4f21-af8b-adc024aea290.33ec1.json,hek,1060,7034
assets/chapter/import/b2/b2b3d895-0d49-4da6-bbf5-12d516f4f99e.dd935.json,hek,191,183
assets/chapter/import/b3/b3fb7cbd-039a-4c65-8d6d-bfd78c1ade9a.d6e11.json,hek,197,189
assets/chapter/import/b4/b454f9ea-1e21-4885-b3b4-e44ed727102a.7871f.json,hek,86,78
assets/chapter/import/b4/b4645eda-aa6b-4618-a0d9-0c97d126b3c4.beb41.json,hek,184,176
assets/chapter/import/b4/b4fa1cf9-4600-4664-9094-501c80eb6a0f.7871f.json,hek,86,78
assets/chapter/import/b5/b53579dc-0718-4076-be46-4385ec8c4d73.c8614.json,hek,183,175
assets/chapter/import/b5/b5f3d32b-60e6-463d-9cd9-06f608574ee6.313a3.json,hek,184,176
assets/chapter/import/b6/b680ce38-3557-4ffd-a22e-b14e8586bc7e.37423.json,hek,184,176
assets/chapter/import/b6/b6dd55ae-f1dd-4f94-b610-871361d3b89d.3d959.json,hek,184,176
assets/chapter/import/b7/b754304f-318e-46ca-9088-c7551de60aaa.8fe09.json,hek,1229,2491
assets/chapter/import/b8/b8217496-d99a-4fa7-8f17-239b12ab6dc1.d148d.json,hek,184,176
assets/chapter/import/b8/b8aa3605-0186-4e7b-ba5d-e8289ee4d772.539b3.json,hek,450,442
assets/chapter/import/b8/b8ef1ae6-0111-4c36-8a50-595065f6a71e.22f7d.json,hek,183,175
assets/chapter/import/b9/b9b736a5-20ce-44bb-81d6-5c6039022c21.eb54b.json,hek,183,175
assets/chapter/import/b9/b9d7ccdc-65df-4400-aeae-e189bf6529d7.b3241.json,hek,184,176
assets/chapter/import/ba/baa0def8-9da2-4552-997d-315e71702023.86701.json,hek,195,187
assets/chapter/import/ba/bafd5278-20e7-44de-8877-ec71bfda27f6.5681b.json,hek,184,176
assets/chapter/import/bb/bb95d2cd-2bc3-409c-b35d-d7ed91d377d9.b418f.json,hek,185,177
assets/chapter/import/bc/bca259b5-247e-4a37-a2c0-75328c99e781.7871f.json,hek,86,78
assets/chapter/import/bd/bd840759-a116-4ef8-88c1-26d5cd413127.24e89.json,hek,204,196
assets/chapter/import/be/be7aa27b-ef8f-4fab-9680-09c16159e2a3.d5135.json,hek,184,176
assets/chapter/import/be/bee26656-d180-4c19-8946-1f822df7267c.5df19.json,hek,184,176
assets/chapter/import/bf/bf667766-1ba6-4f8c-9477-95eb74507c83.e17b6.json,hek,184,176
assets/chapter/import/bf/bfd756c6-3f9d-4b98-8665-27560b427426.dea11.json,hek,183,175
assets/chapter/import/c0/c0735da5-f4af-4cbf-81ea-20cb1683ceed.0ccec.json,hek,781,773
assets/chapter/import/c0/c077d976-2bd6-468c-8257-9a393fb78892.eb830.json,hek,184,176
assets/chapter/import/c0/c0c928b9-f767-47ec-8f30-5db722cc63eb.4a42a.json,hek,185,177
assets/chapter/import/c1/c1417f28-5bcb-4759-bde2-c11cfc89585b.9bf7b.json,hek,213,205
assets/chapter/import/c1/c187c60b-b767-4aee-971c-f5ba4225d5c1.c3c93.json,hek,184,176
assets/chapter/import/c2/c2f581c8-2073-4066-9d6b-6d1a9fb1cb19.91440.json,hek,40332,503260
assets/chapter/import/c4/c42d5d9a-402a-422d-a8d3-f38378940a37.dd2c9.json,hek,184,176
assets/chapter/import/c4/c4c026c1-6fe5-4fd9-8c50-679f39c2fca8.7871f.json,hek,86,78
assets/chapter/import/c5/c50d605b-fd07-41aa-93c9-f48114e978e8.82587.json,hek,184,176
assets/chapter/import/c6/c60e537f-6800-4230-a0f2-2f8c38bc1a2e.3ab9d.json,hek,183,175
assets/chapter/import/c6/c639ac4a-addd-40d3-97f0-423d5ae06fdc.70514.json,hek,184,176
assets/chapter/import/c7/c74c34fd-171b-4e4d-b2d0-c22151259580.68962.json,hek,206,198
assets/chapter/import/c7/c7f0b8af-8e94-4731-9fda-2c9599cc906c.51464.json,hek,184,176
assets/chapter/import/c8/c8714e66-b981-4820-b78d-7664b8fd6ee2.77baa.json,hek,680,1321
assets/chapter/import/c8/c8b7114a-18f1-4d48-8ae3-b1714f8a75e4.71985.json,hek,184,176
assets/chapter/import/c8/c8e11049-8776-4084-91f8-f37c51c37f28.42cfb.json,hek,183,175
assets/chapter/import/c9/c9a5d1a5-979b-40ab-a882-459e01e5576c.ddf08.json,hek,142,134
assets/chapter/import/c9/c9ae463b-87d8-480d-bcb7-77b4309d775d.7871f.json,hek,86,78
assets/chapter/import/ca/caa4fbaf-62bd-4c87-9032-7a459ee68ef0.4e1b8.json,hek,184,176
assets/chapter/import/ca/cafbc301-74f8-4eb4-bdc6-aa8cb0364034.a26b0.json,hek,183,175
assets/chapter/import/cb/cb096c45-fc5d-40a9-bde0-5f720fa80d00.7871f.json,hek,86,78
assets/chapter/import/cc/cc2580f5-afe9-4c34-b27c-e628dc63e259.4827c.json,hek,184,176
assets/chapter/import/cc/cc26d5ef-9276-47f5-a91a-ccbea2f3248f.6404b.json,hek,184,176
assets/chapter/import/cc/cceef3bf-2f45-4374-9ec8-e1e2fa2141c6.7871f.json,hek,86,78
assets/chapter/import/cd/cd0c0714-e3b6-4fc7-a97e-8d43d85de1c8.892dd.json,hek,184,176
assets/chapter/import/cd/cd1bf835-484e-45d1-8ccf-aa8021653b1c.ec4f5.json,hek,183,175
assets/chapter/import/cd/cd5d5c07-8b51-4373-9510-dd8658e01c55.a1d24.json,hek,1385,2775
assets/chapter/import/cd/cd5f7c68-14cf-4af7-a0ce-f2e0babab656.a7a0c.json,hek,191,183
assets/chapter/import/cd/cd787635-4c4e-4cd3-9e03-3bcb900abd97.d8f06.json,hek,185,177
assets/chapter/import/cd/cdf11861-326a-41a6-9187-e761c651cbe0.7b05a.json,hek,2027,15325
assets/chapter/import/ce/ce8c5225-dd00-4587-9d14-0ebdfcb037ce.725ed.json,hek,185,177
assets/chapter/import/cf/cf00c279-051b-4abd-a5aa-33a6cbc0dd75.401db.json,hek,1673,3664
assets/chapter/import/d1/d127e2df-a325-4e5c-b386-1b1707f5a44c.93aa0.json,hek,210,202
assets/chapter/import/d2/d2123801-8423-4c35-b042-8334312dd90a.9477b.json,hek,185,177
assets/chapter/import/d2/d2230c92-d25e-4c75-84e7-cfd76e4c962e.788d8.json,hek,185,177
assets/chapter/import/d2/d247c6df-ca1c-4e05-bef1-2dc149979d2a.34d85.json,hek,205,197
assets/chapter/import/d2/d254cc74-4b98-4abf-8693-bda11a6ee4f4.a3a5f.json,hek,184,176
assets/chapter/import/d2/d2b22c84-3f65-46bc-8946-8038398e47f9.449f3.json,hek,666,658
assets/chapter/import/d3/d32e4d2b-747d-41e7-bebb-6197331ec20c.b962f.json,hek,184,176
assets/chapter/import/d3/d3c7f89c-fa84-43de-b758-fa9f7d1bc101.f49d9.json,hek,184,176
assets/chapter/import/d4/d4ea3a6f-b825-4faf-9040-6a9b38f2a46b.0efc7.json,hek,212,204
assets/chapter/import/d5/d57142ff-5c42-416b-a697-1999bed09ea9.5d74f.json,hek,206,198
assets/chapter/import/d5/d5d0f461-ba07-4913-965a-d289a171f0cc.cf950.json,hek,6870,77225
assets/chapter/import/d6/d63d4bbf-1930-494e-ae07-695996b89a85.5637e.json,hek,183,175
assets/chapter/import/d6/d6499676-b8c2-47e7-8728-09284cff331c.7e4dc.json,hek,184,176
assets/chapter/import/d6/d68a14f7-5f02-4d64-8638-c2fb9dacaf8c.c8607.json,hek,145,137
assets/chapter/import/d6/d6bbc6a9-41a3-44ae-aac4-588c2c388f33.85f1d.json,hek,184,176
assets/chapter/import/d7/d70aaeee-24a0-44af-ab9d-4e7ffac3c416.1346a.json,hek,183,175
assets/chapter/import/d8/d83093a5-6e0f-4d52-8b7a-dea6cfb84700.af66e.json,hek,193,185
assets/chapter/import/d8/d8c9acc1-eb3b-462e-b76d-f12669579de1.31714.json,hek,279,271
assets/chapter/import/d9/d904949f-fb67-4245-9805-f5021eb23dee.74308.json,hek,764,1522
assets/chapter/import/d9/d90d11fc-08ac-4ab9-9584-c8b1802549cd.d7437.json,hek,188,180
assets/chapter/import/d9/d973311d-c337-487e-9207-39d4588a43d7.7871f.json,hek,86,78
assets/chapter/import/d9/d97ec4b7-194e-4b96-907e-0c8901b34a5d.9c700.json,hek,184,176
assets/chapter/import/dc/dc1a1ef4-8a71-42e2-b734-603bbe8153be.d6ff1.json,hek,199,191
assets/chapter/import/dd/dd8d718a-1c8f-4eb5-8b49-5c99146e2a2c.df9c1.json,hek,184,176
assets/chapter/import/dd/ddc4d462-526e-4f15-95ff-ab33f9914a24.20d10.json,hek,184,176
assets/chapter/import/dd/ddfe3a3b-b76d-4dea-bf7d-046500a9583a.a2b34.json,hek,185,177
assets/chapter/import/df/df202fe5-8f93-4bf7-a02b-6255f30c01ca.5eee7.json,hek,185,177
assets/chapter/import/df/dff31109-f800-429e-8c9c-4efbd37d9505.4584f.json,hek,185,177
assets/chapter/import/df/dffc8012-dcd8-48e9-9a22-5cb408bc3137.2a61b.json,hek,200,192
assets/chapter/import/e1/e11c7618-bb7c-44af-8770-aa8800b6c5fe.a1970.json,hek,208,200
assets/chapter/import/e1/e1a8d2b0-fbd3-442a-90e9-402872e77dc8.03107.json,hek,646,2201
assets/chapter/import/e2/e215325c-af7a-4e47-ba37-954b74b1a66d.7871f.json,hek,86,78
assets/chapter/import/e2/e2cc9cf9-971c-4783-8365-326124ecdf18.90553.json,hek,396,388
assets/chapter/import/e2/e2e22656-ab54-4a99-8b99-91a66ececf23.210ce.json,hek,184,176
assets/chapter/import/e3/e3bff78e-5af4-4fd4-b7ad-b81b2cc0edf8.eac52.json,hek,184,176
assets/chapter/import/e4/e415a73c-7581-4898-ac96-c31a24f011f7.7efe0.json,hek,184,176
assets/chapter/import/e4/e42bde4c-4384-4b20-a097-8ceaf51d18c4.4fd07.json,hek,184,176
assets/chapter/import/e4/e44adbb8-50b4-4108-80fa-d78e8576fa43.aee0a.json,hek,184,176
assets/chapter/import/e4/e4504e91-fd23-42fc-a6ae-706b5b92c774.7871f.json,hek,86,78
assets/chapter/import/e4/e453487a-581f-4aeb-b482-338b365422bb.671d0.json,hek,207,199
assets/chapter/import/e5/e5539bba-4456-46f6-aa15-9d0fc6f7de8b.1ca9e.json,hek,184,176
assets/chapter/import/e5/e5829be3-3163-4cf5-9dc0-618c18504346.a0d53.json,hek,668,1198
assets/chapter/import/e5/e5b34693-5801-4380-8374-b872c31b129a.7df21.json,hek,182,174
assets/chapter/import/e5/e5e14933-862f-475f-8c03-98cbbb123e71.7871f.json,hek,86,78
assets/chapter/import/e5/e5e9a75a-2fdc-4a61-a65c-c402b308d5c9.44967.json,hek,183,175
assets/chapter/import/e5/e5f24d85-2d70-46a1-a1ba-a5f8aff0cbdc.f7596.json,hek,184,176
assets/chapter/import/e6/e6acfda7-0fca-4b47-bc5b-1d9996bcfc10.810b7.json,hek,185,177
assets/chapter/import/e6/e6f10afa-b089-4fe7-82e2-b10defb4053e.5a4ac.json,hek,185,177
assets/chapter/import/e6/e6f55089-dc5b-46e9-98dd-eaa935ab1a5d.b6fab.json,hek,185,177
assets/chapter/import/e7/e71382c7-163f-4dc4-9cb3-a40983053a79.3c52a.json,hek,185,177
assets/chapter/import/e7/e7a8bfbf-391f-41e7-afc7-3bc22e3141a8.8fa6a.json,hek,184,176
assets/chapter/import/e8/e8326d2d-8c6e-447d-a9a4-5384e1df5a76.ca9b6.json,hek,184,176
assets/chapter/import/e8/e85c6789-bedd-474d-8853-706f560bf03d.7871f.json,hek,86,78
assets/chapter/import/e8/e8fc1f7e-ea18-4f06-80a9-bc0371ab2769.9d0bf.json,hek,184,176
assets/chapter/import/e9/e969effa-46d5-4e78-851f-b55b74717172.d8e35.json,hek,183,175
assets/chapter/import/e9/e96c665a-795b-4550-8edf-9910461b430c.b51a7.json,hek,208,200
assets/chapter/import/e9/e9833c9d-c2c9-420d-9752-629a487b6b28.7871f.json,hek,86,78
assets/chapter/import/ea/ea3d9921-53fc-4aa5-9000-b2e28f6ff7a0.646d2.json,hek,4894,12524
assets/chapter/import/ea/ea87fee9-b2fe-42cd-9551-0ad204408e53.5d513.json,hek,183,175
assets/chapter/import/eb/eb188962-4b31-4336-8435-808ce249de5c.7871f.json,hek,86,78
assets/chapter/import/eb/eb57bf32-cf1b-4b6b-b6fb-2e1137a73231.c4ad7.json,hek,184,176
assets/chapter/import/eb/ebfa6aa0-2039-4372-9f5f-6b217ac5774d.c1bc7.json,hek,1703,3719
assets/chapter/import/ec/ecebb503-a3e8-46b5-afcc-cea801983177.f8cd7.json,hek,185,177
assets/chapter/import/ed/edb8c97f-eaf8-4a64-b949-9e9d50e57007.3068f.json,hek,1484,3085
assets/chapter/import/ed/edba1ef3-3464-4bb9-88db-6d0a945185bb.3a44f.json,hek,196,188
assets/chapter/import/ee/ee052ee1-296d-4401-9cad-51b501e2d3cd.86c11.json,hek,185,177
assets/chapter/import/ee/ee1dc779-b40b-427b-bc7c-4a816c38d399.2302c.json,hek,185,177
assets/chapter/import/ee/eed76c85-5e68-4814-943f-ce1325d6381b.da2ec.json,hek,205,197
assets/chapter/import/ef/effcbcd0-8c79-413f-a75f-780c5210ea88.7871f.json,hek,86,78
assets/chapter/import/f0/f033fa3a-f323-4dae-ab96-dedac9323e0e.683b1.json,hek,185,177
assets/chapter/import/f0/f08ac0a6-43d7-4cbf-97bd-708ae97530e2.f1f25.json,hek,184,176
assets/chapter/import/f0/f0aca681-76f9-4d46-b3d4-2ed2ee6f2e24.a0a2d.json,hek,32425,684365
assets/chapter/import/f0/f0ad3ce8-5f85-418b-a19d-3dc33ea4e639.c812d.json,hek,184,176
assets/chapter/import/f0/f0d2fb76-fcab-4078-8ee1-f6f07a256ac3.7871f.json,hek,86,78
assets/chapter/import/f1/f155788c-c33b-4521-ade8-dce65cecd381.eeade.json,hek,2433,5432
assets/chapter/import/f1/f1f32c8c-c1cc-4520-bc2a-84c1252a80ce.574c0.json,hek,204,196
assets/chapter/import/f2/f2b3393f-5312-4be4-b305-84f3707682ec.f8521.json,hek,183,175
assets/chapter/import/f3/f3981a1a-d682-4518-a9c1-f26d80f37e54.632d1.json,hek,184,176
assets/chapter/import/f4/f40f62b2-8a38-432a-8e24-4a912c7519a7.80f17.json,hek,1978,12743
assets/chapter/import/f4/f458692a-165a-4233-90f9-e38119cf5d3f.5ee5f.json,hek,182,174
assets/chapter/import/f4/f4c618f4-93f0-4763-820d-ea77acd8cf3f.bb8c0.json,hek,185,177
assets/chapter/import/f5/f53fb341-3be4-4180-aa6b-e6634556fc7c.7871f.json,hek,86,78
assets/chapter/import/f6/f61c3169-a91c-4609-9ee9-b374c2e8e5c1.4ff19.json,hek,184,176
assets/chapter/import/f6/f646e20d-e120-41e9-8eb2-c6bea5ad7baf.99c02.json,hek,185,177
assets/chapter/import/f6/f6e4b56c-6d02-4464-b85b-fbd337f55158.1cc1e.json,hek,191,183
assets/chapter/import/f7/f7160b4e-2f5f-4595-b8c6-5fc69d069d7d.7871f.json,hek,86,78
assets/chapter/import/f7/f7b767c9-aaf7-44b8-aba1-d8656b0ddd7b.ccc75.json,hek,185,177
assets/chapter/import/f7/f7bbb083-afa7-470a-9b0d-a44dc21dfd08.f47d0.json,hek,147,139
assets/chapter/import/f8/f87e5e7c-0998-4389-bb67-32fb01fa6c84.45c09.json,hek,796,1520
assets/chapter/import/fa/fa2ec9e4-bd89-45c9-bf8c-6e0c9939c1c6.88536.json,hek,185,177
assets/chapter/import/fa/fa5c7233-2d8b-49ea-992c-1c757d96907a.3d66b.json,hek,185,177
assets/chapter/import/fa/fab78c65-13dc-4cb2-aab3-bea201329cfe.f60b3.json,hek,185,177
assets/chapter/import/fa/facd8d75-9ca4-4c23-aa45-d91c7b6495e5.1b05f.json,hek,184,176
assets/chapter/import/fc/fc3c9c30-3ad4-4131-b969-ec352aaf97cd.60d5f.json,hek,212,204
assets/chapter/import/fc/fc8376e8-9da2-418e-8154-530be343eaff.1dd7f.json,hek,185,177
assets/chapter/import/fc/fc840ae2-6904-43fb-a91f-c633c46d7c60.634aa.json,hek,210,202
assets/chapter/import/fc/fccabbe5-e501-4f67-a86c-5b9f3f19f0c4.0c95c.json,hek,185,177
assets/chapter/import/fd/fd2c7aa9-9d1e-47f0-85c3-61f7be875198.673bc.json,hek,188,180
assets/chapter/import/fd/fde60ea9-8333-4f5d-87ff-c3bfd9ed360c.813a0.json,hek,185,177
assets/chapter/import/fe/fe576403-88eb-4c87-b9c5-e1f4bc24383b.c3af0.json,hek,185,177
assets/chapter/import/fe/fec541d1-2f8f-4519-a07c-2820e54d40d6.65370.json,hek,185,177
assets/chapter/import/fe/fef2b210-2289-4567-a2a2-b7f548aec85b.83528.json,hek,198,190
assets/chapter/import/ff/ff26e44a-155d-46be-b6bd-91a1cbda1925.7871f.json,hek,86,78
assets/chapter/import/ff/ff489c93-9770-40f6-b38a-41fdc4bf89ff.fd7d9.json,hek,142,134
assets/chapter/import/ff/ff4bd76a-9bde-49a8-b3d1-07a350eeef76.80509.json,hek,209,201
assets/chapter/import/ff/ff724ee7-35cd-4540-9ced-820712a1ae30.66865.json,hek,183,175
assets/chapter/import/ff/ff748fed-e13e-4251-a9b0-0a0b13e72330.07ac3.json,hek,185,177
assets/chapter/import/ff/ff9a70db-66e0-484d-99ce-2db8e6498d2c.7871f.json,hek,86,78
assets/chapter/import/ff/ffb74689-d4ea-47ba-b2aa-ce378d1416e5.f88b5.json,hek,185,177
assets/chapter/import/ff/fff9f2d5-5602-4396-8c52-4d74ccabf860.de4a9.json,hek,185,177
assets/chapter/index.e7bc3.js,hek,150880,1517534
assets/chapter/native/05/05d67ea0-4fb8-4274-82d2-12124e45007f.c43f2.png,hek,1094,1086
assets/chapter/native/06/066a42cd-86aa-49d0-8f5c-a4b111ce8110.92e66.png,hek,45936,45928
assets/chapter/native/07/0789aa9f-5904-42c0-b259-202a2cbcf643.96302.png,hek,30094,30086
assets/chapter/native/0e/0ecb37ad-7a38-458c-8133-3691e668fc2f.56e22.ogg,明文,16337,16337
assets/chapter/native/0e/0ef2dc87-01e6-4017-950e-b8aef4d50831.80e6b.png,hek,3200,3192
assets/chapter/native/0f/0fae5144-f7b3-4357-95dc-3b6615ab7bc8.ce790.png,hek,9565,9557
assets/chapter/native/12/12c21635a.b675e.png,hek,149281,149273
assets/chapter/native/19/19a764f2-b8b9-4cc0-9a91-021abc7e8d59.1597a.png,hek,6291,6283
assets/chapter/native/1b/1b23b933-e078-484e-a638-d4aaeeedc552.f5598.png,hek,43982,43974
assets/chapter/native/1b/1bbea8034.1f373.png,hek,613951,613943
assets/chapter/native/1c/1c895216-3543-41e0-8155-af84a4e2fb77.62b03.png,hek,37835,37827
assets/chapter/native/1c/1cbdb9a0-56cd-431c-b58a-5e9fb912cb49.0780d.png,hek,70550,70542
assets/chapter/native/1f/1fe901424.7a723.png,hek,9120,9112
assets/chapter/native/22/226a4a4c-c3ca-4e7a-8a23-589f4c4af56f.eacc5.png,hek,3043,3035
assets/chapter/native/2b/2b4ebc8b-204b-4084-8afb-4959430f7f12.8b00d.png,hek,1906,1898
assets/chapter/native/2c/2c18d17b-ea2d-4d68-ab65-8eaad71c0d6e.16539.png,hek,8540,8532
assets/chapter/native/2e/2e16943f-1c81-4a7f-8e7d-acc847c851b3.206ba.ogg,明文,19814,19814
assets/chapter/native/2f/2f5b4214-7283-4fb8-aa4b-3a07c2fdac71.fea96.png,hek,3580,3572
assets/chapter/native/2f/2fac0f32-fa40-475f-b4aa-4eecb70808cf.7789e.ogg,明文,106841,106841
assets/chapter/native/30/30b4c395-9180-4b67-aa0e-deb08d3cc8b1.5ce81.png,hek,10772,10764
assets/chapter/native/37/37b19687-a250-46bc-8aec-f539c279642c.7af1a.png,hek,22989,22981
assets/chapter/native/38/383bf30a-2499-49f0-99da-4acafb1da68f.9fca1.png,hek,2847,2839
assets/chapter/native/39/3933bc87-3b28-497d-8b95-dbf87388c337.50a60.ogg,明文,30801,30801
assets/chapter/native/39/39e4bd41-1512-4948-b3c4-cf65ec0406c3.024c8.ogg,明文,8701,8701
assets/chapter/native/3f/3f728e13-f4d5-4494-87b3-3336cbea8643.f65e6.png,hek,2654,2646
assets/chapter/native/43/43bf0dd9-ac13-4672-a1cc-bd4b895f1a16.d4aef.png,hek,132,124
assets/chapter/native/47/475996a4-0035-46d6-84ac-cef28bb4d06d.afd10.png,hek,13480,13472
assets/chapter/native/48/48ee39b8-796a-4500-94ad-644e2c8e11e8.6fa14.png,hek,29303,29295
assets/chapter/native/4b/4bb7b110-d49b-4ffb-af75-c3defac56f5a.eee73.textclipping,hek,215,207
assets/chapter/native/4e/4e1f6c05-891a-4da8-a778-5da77d9bd2ef.2157e.png,hek,22038,22030
assets/chapter/native/4f/4f89d6f6-c8c6-4695-bfa1-83d82c20fe35.4f1e7.png,hek,219,211
assets/chapter/native/53/536d8f96-dae5-489b-8883-eae81c00688c.709d1.png,hek,2702,2694
assets/chapter/native/5c/5c743c9e-2701-43df-9339-8d36d84df1f8.9b6ba.png,hek,10050,10042
assets/chapter/native/5e/5e798aa1-9e37-4a98-85bf-9ce8d0cb1102.690bb.png,hek,33072,33064
assets/chapter/native/63/63be3b6d-52bd-42cf-8fea-6a69303be19f.500d6.png,hek,28976,28968
assets/chapter/native/65/65370831-2a46-46f7-9da6-f43c337e32a0.1c951.png,hek,3535,3527
assets/chapter/native/68/68103ca7-ff48-400b-a3c5-e203fa2f5935.9ead2.png,hek,16814,16806
assets/chapter/native/6d/6dc1c669-f964-46b0-80d9-8fe07105273d.e377d.png,hek,9591,9583
assets/chapter/native/6e/6ef2f129-9b4d-47e4-ba21-9f169340ac70.38d60.png,hek,11434,11426
assets/chapter/native/74/7439656a-5fac-4006-be09-94cccd45b341.a5dc1.png,hek,23039,23031
assets/chapter/native/7f/7f7f3e19-45ef-4aaf-b93f-6bd866475923.9a301.png,hek,11343,11335
assets/chapter/native/86/8644b0fa-c4cb-4389-9195-776f7fdc5ef7.63be9.png,hek,15499,15491
assets/chapter/native/87/879008e0-a8c3-4de1-918f-8c450fd4ef3d.e6c51.ogg,明文,33643,33643
assets/chapter/native/8d/8db904e8-0fc9-4ebe-a144-49386b58a334.95be0.png,hek,4134,4126
assets/chapter/native/9b/9bd4370d-eebc-4680-81e7-72c996d4d84c.16b80.png,hek,17912,17904
assets/chapter/native/a0/a023e48e-99cf-4b5b-aeae-f91f88264497.e913a.png,hek,14698,14690
assets/chapter/native/a7/a79c5d14-156e-40fd-afe5-d6be30fcc5f3.3e5ea.png,hek,20679,20671
assets/chapter/native/ac/ac5ec5db-b6ab-4009-ab5f-81baa0d2d054.a7bd7.png,hek,103262,103254
assets/chapter/native/b4/b454f9ea-1e21-4885-b3b4-e44ed727102a.58dcb.png,hek,23148,23140
assets/chapter/native/b4/b4fa1cf9-4600-4664-9094-501c80eb6a0f.8652c.png,hek,21428,21420
assets/chapter/native/bc/bca259b5-247e-4a37-a2c0-75328c99e781.a648d.png,hek,24313,24305
assets/chapter/native/c4/c4c026c1-6fe5-4fd9-8c50-679f39c2fca8.3c5bb.png,hek,311,303
assets/chapter/native/c9/c9a5d1a5-979b-40ab-a882-459e01e5576c.54a92.ogg,明文,5166,5166
assets/chapter/native/c9/c9ae463b-87d8-480d-bcb7-77b4309d775d.3fc52.png,hek,40932,40924
assets/chapter/native/cb/cb096c45-fc5d-40a9-bde0-5f720fa80d00.2a21d.png,hek,8281,8273
assets/chapter/native/cc/cceef3bf-2f45-4374-9ec8-e1e2fa2141c6.14252.png,hek,11121,11113
assets/chapter/native/d6/d68a14f7-5f02-4d64-8638-c2fb9dacaf8c.6f8ec.ogg,明文,12019,12019
assets/chapter/native/d9/d973311d-c337-487e-9207-39d4588a43d7.c87b2.png,hek,4890,4882
assets/chapter/native/e2/e215325c-af7a-4e47-ba37-954b74b1a66d.c2115.png,hek,15835,15827
assets/chapter/native/e4/e4504e91-fd23-42fc-a6ae-706b5b92c774.de03e.png,hek,33334,33326
assets/chapter/native/e5/e5e14933-862f-475f-8c03-98cbbb123e71.0c678.png,hek,2549,2541
assets/chapter/native/e8/e85c6789-bedd-474d-8853-706f560bf03d.148ad.png,hek,17569,17561
assets/chapter/native/e9/e9833c9d-c2c9-420d-9752-629a487b6b28.721f6.png,hek,63299,63291
assets/chapter/native/eb/eb188962-4b31-4336-8435-808ce249de5c.70549.png,hek,922,914
assets/chapter/native/ef/effcbcd0-8c79-413f-a75f-780c5210ea88.9f529.png,hek,23247,23239
assets/chapter/native/f0/f0d2fb76-fcab-4078-8ee1-f6f07a256ac3.8ea38.png,hek,23450,23442
assets/chapter/native/f5/f53fb341-3be4-4180-aa6b-e6634556fc7c.25df1.png,hek,9908,9900
assets/chapter/native/f7/f7160b4e-2f5f-4595-b8c6-5fc69d069d7d.efe3a.png,hek,196192,196184
assets/chapter/native/f7/f7bbb083-afa7-470a-9b0d-a44dc21dfd08.455ba.ogg,明文,12316,12316
assets/chapter/native/ff/ff26e44a-155d-46be-b6bd-91a1cbda1925.f4e92.png,hek,5646,5638
assets/chapter/native/ff/ff489c93-9770-40f6-b38a-41fdc4bf89ff.1998d.ogg,明文,8674,8674
assets/chapter/native/ff/ff9a70db-66e0-484d-99ce-2db8e6498d2c.3683d.png,hek,677,669
assets/class/config.2da9b.json,hek,5906,14710
assets/class/import/04/04f6f3ca-cf90-4ea5-8695-0f218a2ba7e2.1cb6c.json,hek,1704,8435
assets/class/import/0e/0ef6a186-2598-4b71-b91c-9bf63c31a60a.277bf.json,hek,498,490
assets/class/import/0e/0efd224e-2aaa-4067-8671-281c5c6ce35f.812b7.json,hek,2232,19822
assets/class/import/0f/0f38cc5f-18b1-44ab-800a-3c8ecf010df5.dce4a.json,hek,1194,6123
assets/class/import/12/1270d5d5-281d-45f9-9862-e5e380e28955.56a65.json,hek,520,2361
assets/class/import/15/153a00c60.91de0.json,hek,86,78
assets/class/import/15/15ec39be-5b2f-465c-af97-7d055a1793e8.0436f.json,hek,1836,29767
assets/class/import/17/179b7c36-6c52-4e1d-a844-e35d1c2bef6d.70d2b.json,hek,8736,104486
assets/class/import/18/18301e307.91de0.json,hek,86,78
assets/class/import/1c/1c2ed0b32.91de0.json,hek,86,78
assets/class/import/1e/1e2bdf40-ba85-433a-8216-6cef18334d8a.4739b.json,hek,221,213
assets/class/import/1e/1e8379eb-2a97-4eac-b09c-2c2e8f554e4d.03f2b.json,hek,226,218
assets/class/import/1e/1e8bffc3-f81c-4966-b86e-89699e2cfb50.f51d5.json,hek,979,971
assets/class/import/1e/1e9501ac-ff9e-4e32-8383-da4b6091074a.2bd5a.json,hek,323,315
assets/class/import/20/20332b3d-e6a5-43e7-a4c2-a8ed72e9896c.a1f6d.json,hek,215,207
assets/class/import/22/225dfeab-58d7-448f-8b87-f008ee0a1dde.0c022.json,hek,207,199
assets/class/import/22/226a4a4c-c3ca-4e7a-8a23-589f4c4af56f.7871f.json,hek,86,78
assets/class/import/23/23ba30c5-13c4-4bab-b902-fc7b6f5b0240.7871f.json,hek,86,78
assets/class/import/23/23bb4a46-b9da-4b9e-85ec-f9541a13dec7.33318.json,hek,210,202
assets/class/import/24/24faed49-19ba-4f68-b145-64c516949e1c.5af52.json,hek,804,796
assets/class/import/25/25a48c43-a98e-4721-b23e-94bc4ecafdca.da999.json,hek,496,1658
assets/class/import/27/27343ac9-1e57-41fc-bbeb-e72c5b6e4c3b.953dd.json,hek,12820,162340
assets/class/import/2a/2a178683-8ee2-486c-9734-7c48e76c52e7.3c070.json,hek,466,458
assets/class/import/2a/2a42d7d3-b455-4c37-a8a9-5c346a4f28f4.0caf7.json,hek,465,2219
assets/class/import/2c/2c2f3086-5ead-4d94-9d2c-2863d0fda5e6.4534e.json,hek,212,204
assets/class/import/2c/2cfe93b1-4da4-48d5-bf6c-2dadb7d7ccea.51694.json,hek,206,198
assets/class/import/2e/2e464530-6780-4ef7-9c79-7f9f37a1ae89.78e6c.json,hek,2279,5096
assets/class/import/2f/2f7b4ac0-18a1-4ca5-9e61-d9615c8f5ba4.7871f.json,hek,86,78
assets/class/import/2f/2fb7e6e7-7f3c-491e-b19e-83a84bde690d.5fdb7.json,hek,810,1580
assets/class/import/32/32006d52-e936-41b8-8f7b-b05475f7f321.7871f.json,hek,86,78
assets/class/import/33/33ef1665-9b96-4dfb-aeef-07582bcb97bb.26b83.json,hek,1366,3068
assets/class/import/34/34249e28-e4ad-40ec-803e-8493792baecc.f4ffb.json,hek,745,2983
assets/class/import/36/36417490-098f-4922-b3d8-89a2cba86363.eaecd.json,hek,608,1079
assets/class/import/37/37ff970e-05e6-4b10-bfaa-7893b9f0a4ba.7871f.json,hek,86,78
assets/class/import/3b/3be824f6-6269-46ed-8997-fd0dd4c144b5.2da94.json,hek,226,218
assets/class/import/3e/3edf41f7-5b1d-4b40-8264-6bf12f821147.cb92f.json,hek,226,218
assets/class/import/3f/3f78acfe-7333-4d51-a95a-b7b67a895863.1f910.json,hek,209,201
assets/class/import/41/41991487-a4cf-405b-adcf-e9d8a77852aa.c0b86.json,hek,391,383
assets/class/import/43/43e5fbbc-5ca0-4957-a4ea-ee5439735bed.298be.json,hek,210,202
assets/class/import/46/467269ce-7fd2-476f-8548-7843d29608aa.2c638.json,hek,204,196
assets/class/import/48/481ee97f-638c-461f-b4d7-83263083109a.cdb2c.json,hek,860,1858
assets/class/import/48/48792db1-3891-4cf0-80b7-fd3d1509c78c.369e8.json,hek,459,1480
assets/class/import/4f/4fab2141-827c-4efd-99fd-4bece523c68c.5e476.json,hek,221,213
assets/class/import/51/5123a335-3871-4bf5-adf2-9d2e78fca80f.f9776.json,hek,245,237
assets/class/import/51/51bbf2b4-9a58-463a-8c78-8f72fc57993d.8ed8f.json,hek,342,1164
assets/class/import/52/52ff3cab-ddce-45dc-bd61-941f8695c3a4.78028.json,hek,1058,2322
assets/class/import/58/58e831f0-aeb5-4e3f-ad83-b06546c352ed.39cfd.json,hek,207,199
assets/class/import/59/59a69d4a-64e6-4b4c-a1b1-c7a6a07045ae.7c7f3.json,hek,1840,29767
assets/class/import/5a/5a676d15-be55-4676-bc37-fff28d8f9e1e.7871f.json,hek,86,78
assets/class/import/60/6026d75e-f0ea-455c-943d-ad9d4a180c7e.10e05.json,hek,821,4735
assets/class/import/60/60fd963a-44c4-421f-9292-30cdb10e7f04.b9473.json,hek,374,1070
assets/class/import/61/611597ba-e664-41b5-aa16-f208f6c44230.7871f.json,hek,86,78
assets/class/import/61/61346528-3e29-402f-91bd-be961d4cee4a.7871f.json,hek,86,78
assets/class/import/64/64b3db0b-e5fb-47c7-a6c9-3c331d6dbaa0.7871f.json,hek,86,78
assets/class/import/65/65225ff6-1909-4c43-8024-3cd2ab8e727d.22e4c.json,hek,211,203
assets/class/import/67/67b7e2e5-c371-4c51-9b5f-b969ec4f33a2.3b0ca.json,hek,731,1349
assets/class/import/68/68952694-8963-4d0b-a208-c0b1fac8915d.5f6a4.json,hek,1691,3687
assets/class/import/6d/6dea8e59-8896-43e8-8be6-1697964d8fdc.7ce0a.json,hek,666,3315
assets/class/import/6e/6e2df0db-1a7e-41ed-b82f-24cbe3564469.7871f.json,hek,86,78
assets/class/import/6f/6f93a416-ae70-4e2c-803a-f3c696022958.dd3a4.json,hek,329,321
assets/class/import/76/760a1d0e-ff8a-40ed-b62c-1aa3137712cd.4ffe4.json,hek,137,129
assets/class/import/7d/7d7104d0-c0db-4779-bb80-5d3b6aa6a4d3.7871f.json,hek,86,78
assets/class/import/7d/7dc4e4df-2d0f-46f6-b3c7-2320b1a120cd.5b28e.json,hek,261,253
assets/class/import/7f/7f9e0d83-7b19-43e9-9e50-de870b182e27.7f080.json,hek,340,1163
assets/class/import/86/862b12f0-01a0-45b6-9d61-4810e6d78f75.7871f.json,hek,86,78
assets/class/import/87/87f9faa6-1565-433f-9bfe-f8b9133bf5fe.aff47.json,hek,803,795
assets/class/import/88/88dd51fa-9c3f-4013-84ee-df569997d2b5.b8283.json,hek,128,120
assets/class/import/8b/8b4c5f01-3af6-40d0-ad8b-23001ac9a1ff.7b144.json,hek,979,971
assets/class/import/8c/8ca9c464-93c4-463c-8131-b5dabe42fd55.924f5.json,hek,128,120
assets/class/import/8c/8ceab0fa-b145-4fb8-9561-0ddfe4cd7996.257c2.json,hek,227,219
assets/class/import/8e/8e801e66-cf83-43f9-b294-18b3a074868a.7871f.json,hek,86,78
assets/class/import/92/9218b47a-0467-4f5e-98f7-353ee85788b5.7871f.json,hek,86,78
assets/class/import/92/926c0b1c-1409-45ca-b764-a8805200408c.b1541.json,hek,342,1163
assets/class/import/97/97db5e46-0e53-4a62-b1e6-f9afa788c967.7871f.json,hek,86,78
assets/class/import/99/99787e74-6204-4499-a653-e7a70bb28089.7871f.json,hek,86,78
assets/class/import/9c/9cbe0a9a-ac96-4dd8-9938-ae054239e6ca.7871f.json,hek,86,78
assets/class/import/9d/9d877ea2-4b96-446b-8a2a-249413e462b3.9bb46.json,hek,584,1039
assets/class/import/9f/9fa5d5cd-540d-4742-a029-ae979b49467c.e0837.json,hek,207,199
assets/class/import/a1/a1510a38-8a7f-431d-9701-541ee5c2c52c.87ef4.json,hek,551,1783
assets/class/import/a1/a1bbe6a1-52bb-4979-8e4d-5629fd8bdf86.7871f.json,hek,86,78
assets/class/import/a1/a1f5177a-fcef-4847-b714-08d629ad3a4a.97f35.json,hek,313,305
assets/class/import/a6/a61ef944-1e44-4ce1-9a8f-1b173e3b4994.cae47.json,hek,236,228
assets/class/import/a8/a894e3e8-ff37-48ce-9d74-1803740b51ea.3f061.json,hek,1760,3987
assets/class/import/a9/a9593a55-80f6-4c5d-bab4-f4f2d360b461.ab60f.json,hek,629,621
assets/class/import/ac/ac53d32c-ca0e-4efe-8239-4a2c1ed60cdf.85d9e.json,hek,909,901
assets/class/import/ad/ad18db6b-f408-439d-b03b-8c88da898bee.73ed9.json,hek,3350,43231
assets/class/import/ad/ada76c31-ca3f-4aed-95b5-8de688df04aa.4bb53.json,hek,2158,18510
assets/class/import/ad/adeedeb0-c104-4b32-bdea-e2464dde7094.9ca63.json,hek,1408,21589
assets/class/import/af/af19de27-4309-44b1-96ac-65daf1b83c5e.7575d.json,hek,779,771
assets/class/import/b0/b0be87c7-2abe-479a-91a4-79ab84ee482e.fe8e0.json,hek,210,202
assets/class/import/b0/b0be95e8-143f-4401-8113-0390dbaf310e.7871f.json,hek,86,78
assets/class/import/b6/b63e3426-d340-46c1-a88f-40cb39d1a732.2b229.json,hek,5515,75822
assets/class/import/b7/b7df62f6-4b19-4b32-8866-c8cc6f640dd8.119ef.json,hek,380,1359
assets/class/import/b8/b8a6fb56-0419-4637-870f-4942f80fd814.5f110.json,hek,201,193
assets/class/import/b8/b8fdc46e-4ea9-42e7-9280-aa135c93b75b.fb60d.json,hek,233,225
assets/class/import/bc/bc9e3341-508d-431b-9427-48866d94286c.5b6eb.json,hek,201,193
assets/class/import/c0/c091b38a-f160-40ea-937d-622c4e65ed40.5087d.json,hek,199,191
assets/class/import/c2/c25bab4d-cf5d-40f5-859f-d3b04f7cafa7.c02e9.json,hek,211,203
assets/class/import/c5/c54d7f48-accd-496f-9b8e-5d8e0a9ab1fb.3fcf3.json,hek,39093,688850
assets/class/import/c9/c92f3022-086e-4fa4-8cf9-499286683943.5ba49.json,hek,676,2989
assets/class/import/ca/ca9c106e-a2f5-4d94-81bf-9e57d4b8875f.c7193.json,hek,212,204
assets/class/import/cd/cd381e56-3fb5-4edc-994c-d351765bec7e.cc03c.json,hek,203,195
assets/class/import/d4/d45e7dd0-f1ba-41e9-b9cb-23e225c8f720.7871f.json,hek,86,78
assets/class/import/d6/d667ada1-f5f2-4dd9-bd3f-11ced29fdcb6.7871f.json,hek,86,78
assets/class/import/d9/d956a452-631f-4f85-a381-f333b3d93866.1afc6.json,hek,235,227
assets/class/import/dc/dc2dcc7c-49a5-4dd7-beb0-e8d87790c3e4.40ec8.json,hek,91,83
assets/class/import/dc/dcfa15dc-033c-4e88-af18-a4291d95d320.7871f.json,hek,86,78
assets/class/import/dd/ddbfa6a1-4b96-4158-8df4-0fc7c6a3661c.aba24.json,hek,206,198
assets/class/import/e3/e3b27ac4-5c71-4cd7-a0ad-fd83484ab4de.e0174.json,hek,203,195
assets/class/import/e4/e453487a-581f-4aeb-b482-338b365422bb.671d0.json,hek,207,199
assets/class/import/e5/e565c3c7-7cfb-4db6-93ba-e6f324636153.7871f.json,hek,86,78
assets/class/import/e6/e6340d19-f512-4597-9bd8-b73b3e3a1eab.3ba35.json,hek,216,208
assets/class/import/e8/e8e83b48-3085-409d-ad23-4bf2184158a6.0cdac.json,hek,209,201
assets/class/import/eb/eb571ce4-6651-421c-adda-e2816e94d6d7.b7210.json,hek,589,1044
assets/class/import/ec/ec4cc42f-03c7-4ae5-a1a1-dfc4f6664ce7.c0139.json,hek,195,187
assets/class/import/ec/ec6d423b-88ff-4d8a-8e8e-47a966cd9ab9.60d1e.json,hek,128,120
assets/class/import/ec/ec8e271e-db66-4055-80b2-263ef47c2e49.90523.json,hek,213,205
assets/class/import/ee/ee556453-26d3-422b-94de-2895774f7b66.ae093.json,hek,778,1497
assets/class/import/ee/ee7c7704-aa7c-4fe6-9e7b-516326b535a7.40ec8.json,hek,91,83
assets/class/import/f1/f19ed216-25bf-4537-9d92-031cd7008e32.3ea05.json,hek,784,776
assets/class/import/f3/f3af155f-94bc-4f79-a560-4923083f1106.89c72.json,hek,1762,3760
assets/class/import/f6/f63d9371-2462-409b-a5e5-483315335968.c0a3e.json,hek,1917,4538
assets/class/import/f8/f8adc154-ea4e-46f2-be41-6d14cc94d637.9c305.json,hek,523,515
assets/class/import/fa/fa9e27f5-e508-4258-877c-37494a632ce7.fa804.json,hek,372,1368
assets/class/import/fa/fa9f21c1-c3b7-46a5-acd7-5db8b9310a78.4f0f3.json,hek,1014,16346
assets/class/import/fd/fdf1c4d8-0772-4e4c-adb9-aaeaeeb6c72c.7871f.json,hek,86,78
assets/class/import/ff/ff385114-fbf1-4381-9bea-c4cbafc053b0.b7b81.json,hek,184,176
assets/class/import/ff/ff7249c7-9e7a-48d7-a04c-b6751c940e4d.2d59d.json,hek,219,211
assets/class/index.2da9b.js,hek,224264,2670423
assets/class/native/15/153a00c60.237bd.png,hek,13959,13951
assets/class/native/18/18301e307.34fa7.png,hek,9487,9479
assets/class/native/1c/1c2ed0b32.ee747.png,hek,37079,37071
assets/class/native/22/226a4a4c-c3ca-4e7a-8a23-589f4c4af56f.eacc5.png,hek,3043,3035
assets/class/native/23/23ba30c5-13c4-4bab-b902-fc7b6f5b0240.4836f.png,hek,233921,233913
assets/class/native/2f/2f7b4ac0-18a1-4ca5-9e61-d9615c8f5ba4.53aa3.png,hek,8265,8257
assets/class/native/32/32006d52-e936-41b8-8f7b-b05475f7f321.74d04.png,hek,7623,7615
assets/class/native/37/37ff970e-05e6-4b10-bfaa-7893b9f0a4ba.1b093.png,hek,89293,89285
assets/class/native/5a/5a676d15-be55-4676-bc37-fff28d8f9e1e.53b5f.png,hek,21875,21867
assets/class/native/61/611597ba-e664-41b5-aa16-f208f6c44230.67169.png,hek,1975,1967
assets/class/native/61/61346528-3e29-402f-91bd-be961d4cee4a.39198.png,hek,2240,2232
assets/class/native/64/64b3db0b-e5fb-47c7-a6c9-3c331d6dbaa0.eff15.png,hek,40659,40651
assets/class/native/6e/6e2df0db-1a7e-41ed-b82f-24cbe3564469.a4941.png,hek,8817,8809
assets/class/native/76/760a1d0e-ff8a-40ed-b62c-1aa3137712cd.570c8.ogg,明文,15717,15717
assets/class/native/7d/7d7104d0-c0db-4779-bb80-5d3b6aa6a4d3.20628.png,hek,13048,13040
assets/class/native/86/862b12f0-01a0-45b6-9d61-4810e6d78f75.74ad7.png,hek,1593,1585
assets/class/native/88/88dd51fa-9c3f-4013-84ee-df569997d2b5.b9681.ogg,明文,32181,32181
assets/class/native/8c/8ca9c464-93c4-463c-8131-b5dabe42fd55.7f88f.ogg,明文,38022,38022
assets/class/native/8e/8e801e66-cf83-43f9-b294-18b3a074868a.ef1cc.png,hek,22285,22277
assets/class/native/92/9218b47a-0467-4f5e-98f7-353ee85788b5.aaa23.png,hek,17389,17381
assets/class/native/97/97db5e46-0e53-4a62-b1e6-f9afa788c967.bc456.png,hek,18509,18501
assets/class/native/99/99787e74-6204-4499-a653-e7a70bb28089.4f40a.png,hek,23193,23185
assets/class/native/9c/9cbe0a9a-ac96-4dd8-9938-ae054239e6ca.a1001.png,hek,24637,24629
assets/class/native/a1/a1bbe6a1-52bb-4979-8e4d-5629fd8bdf86.8774d.png,hek,4078,4070
assets/class/native/b0/b0be95e8-143f-4401-8113-0390dbaf310e.55112.png,hek,10526,10518
assets/class/native/d4/d45e7dd0-f1ba-41e9-b9cb-23e225c8f720.6a373.png,hek,9607,9599
assets/class/native/d6/d667ada1-f5f2-4dd9-bd3f-11ced29fdcb6.aac0d.png,hek,17578,17570
assets/class/native/dc/dc2dcc7c-49a5-4dd7-beb0-e8d87790c3e4.88e63.pkm,hek,6437,47120
assets/class/native/dc/dcfa15dc-033c-4e88-af18-a4291d95d320.c54e8.png,hek,3794,3786
assets/class/native/e5/e565c3c7-7cfb-4db6-93ba-e6f324636153.b5c9e.png,hek,21200,21192
assets/class/native/ec/ec6d423b-88ff-4d8a-8e8e-47a966cd9ab9.82926.ogg,明文,35743,35743
assets/class/native/ee/ee7c7704-aa7c-4fe6-9e7b-516326b535a7.00103.pkm,hek,664,656
assets/class/native/fd/fdf1c4d8-0772-4e4c-adb9-aaeaeeb6c72c.dca79.png,hek,48052,48044
assets/gl_fruit/config.705cf.json,hek,9414,22471
assets/gl_fruit/import/00/000a362b-f2e6-46c6-804e-cdcff0fb7e98.a90e6.json,hek,124,116
assets/gl_fruit/import/00/0023d8b1-9414-4056-85ef-5d771d5133dc.42915.json,hek,889,3302
assets/gl_fruit/import/00/0099e057-b0f3-4f8c-a5e1-677ab2868dff.6d903.json,hek,137,129
assets/gl_fruit/import/02/027ac8f2-ac6a-4d0f-b290-78746b3d0cb0.2022f.json,hek,906,3528
assets/gl_fruit/import/02/028a5dba-56d2-438b-85b0-8dbef707768c.cb4e3.json,hek,804,1609
assets/gl_fruit/import/03/033e7005-d5f7-44de-86ba-396b9240ea4c.ef638.json,hek,875,3262
assets/gl_fruit/import/03/039dc6a5-ccd2-437b-a97a-ee15e624f6f2.7871f.json,hek,86,78
assets/gl_fruit/import/05/055185ea-8686-47ee-a535-9630c29f5f1d.7871f.json,hek,86,78
assets/gl_fruit/import/08/081e3ef4-b88d-4c14-bc2c-76d2fd561747.7871f.json,hek,86,78
assets/gl_fruit/import/08/084e9d6d-4f35-4501-8616-d35f9f4b23f5.7871f.json,hek,86,78
assets/gl_fruit/import/08/085145d5-3d61-4dbb-a68d-a2f631dd2ece.03d22.json,hek,209,201
assets/gl_fruit/import/08/08b1f0a9-6f8b-40ef-b8d0-f82706bbbf43.0b04d.json,hek,208,200
assets/gl_fruit/import/08/08d17cbc-928e-4627-8332-f66a34f96751.7871f.json,hek,86,78
assets/gl_fruit/import/0b/0bc37905-5311-42ec-ab0c-4679b3e5802d.dd30a.json,hek,203,195
assets/gl_fruit/import/0e/0e7e4c40-b4e9-480c-aaf1-7bf7cf04f72d.f6c05.json,hek,204,196
assets/gl_fruit/import/0e/0ef1c3e1-02d0-46c3-a11b-ec70f3416bfb.7871f.json,hek,86,78
assets/gl_fruit/import/0f/0f4b2b10-5677-4cf4-a98e-765c2da84fb0.b7027.json,hek,106,98
assets/gl_fruit/import/0f/0fe29786-5917-4b91-9381-c0174a9dc22e.20b19.json,hek,212,204
assets/gl_fruit/import/10/10a37b38-781f-4cc2-8014-0d75ede01a2a.10975.json,hek,120,112
assets/gl_fruit/import/11/11258771-8fc4-4b3a-a7bd-74c92bc09df0.7871f.json,hek,86,78
assets/gl_fruit/import/13/13c79737-2233-43fe-ba79-c8c3eeb12e3f.7871f.json,hek,86,78
assets/gl_fruit/import/14/14ddf710-40da-426d-ae2b-a48be205b4eb.29970.json,hek,208,200
assets/gl_fruit/import/17/1771e852-84cc-4d02-a3ee-9bb63915bd32.b0413.json,hek,198,190
assets/gl_fruit/import/18/18e1c372-f940-4721-935f-8452e08f71c7.7871f.json,hek,86,78
assets/gl_fruit/import/19/198a52da-5b23-4a33-8be7-51b3eee22a71.abf50.json,hek,106,98
assets/gl_fruit/import/19/19986626-8679-4126-bed7-8579a8471557.0c7d0.json,hek,465,457
assets/gl_fruit/import/1d/1da9c635-82f9-4374-98ee-772499bafa09.7871f.json,hek,86,78
assets/gl_fruit/import/1f/1f14796d-b898-4e15-8d16-8959ea8cde28.71f30.json,hek,105,97
assets/gl_fruit/import/22/2298e2da-b1ba-4004-8dea-919596654be0.dce25.json,hek,217,209
assets/gl_fruit/import/23/233db74e-717c-4fd2-b750-5a149f331589.7112e.json,hek,206,198
assets/gl_fruit/import/23/2395fda8-76dc-47ac-9d35-d7635f1d2bac.7871f.json,hek,86,78
assets/gl_fruit/import/24/24d5f116-8221-466a-ad97-df01cb01f92f.7871f.json,hek,86,78
assets/gl_fruit/import/25/25bf3b3d-3aaa-48c3-8a48-736ef9199637.90151.json,hek,215,207
assets/gl_fruit/import/25/25e52aa3-d913-4876-9404-54831cb97312.7871f.json,hek,86,78
assets/gl_fruit/import/26/264f6b51-9dcf-441e-88fc-dd75c564dacf.17fbc.json,hek,210,202
assets/gl_fruit/import/26/265d84f5-e4ed-4e9f-bd0f-f3d4042b7544.1ec3a.json,hek,206,198
assets/gl_fruit/import/26/26802cc7-30e7-4ec7-99d5-1743d13bcb68.84a1b.json,hek,798,790
assets/gl_fruit/import/28/288a6839-59be-45d8-a5cf-82775bcb1b16.99e01.json,hek,759,2300
assets/gl_fruit/import/29/29158224-f8dd-4661-a796-1ffab537140e.6dda3.json,hek,213,205
assets/gl_fruit/import/2a/2a2ee337-9a3a-45b7-a46e-67c1c53325a9.7871f.json,hek,86,78
assets/gl_fruit/import/2a/2a7f4048-2722-4126-be04-7396bdf35798.4455c.json,hek,377,2863
assets/gl_fruit/import/2e/2e4ee6ba-3f57-4758-9fee-604840161b4b.1de49.json,hek,203,195
assets/gl_fruit/import/2f/2f197d61-41af-4f01-a235-2beeaa527e55.7871f.json,hek,86,78
assets/gl_fruit/import/2f/2f2ffc47-262f-449f-be83-8e73f9eab79c.bc8be.json,hek,208,200
assets/gl_fruit/import/34/346cb2b5-830e-41c6-b8be-c93a5a4044f2.7871f.json,hek,86,78
assets/gl_fruit/import/34/34905043-ab5b-4a9d-a267-8db665001363.d4501.json,hek,217,209
assets/gl_fruit/import/36/3609c9a7-09c8-4154-9160-e5fc90a4cf5c.7871f.json,hek,86,78
assets/gl_fruit/import/38/38175732-c3ff-4fe9-a1cb-0fbee2ad2518.7871f.json,hek,86,78
assets/gl_fruit/import/38/388090e5-2ef5-4f6e-a1b0-cd7d174c35f9.c779f.json,hek,202,194
assets/gl_fruit/import/3b/3b3461d7-40db-4300-ad7e-1ace339e08b9.8b912.json,hek,141,133
assets/gl_fruit/import/3b/3be53a6f-c5bd-464c-adb4-933aca7a03e6.a7c4d.json,hek,141,133
assets/gl_fruit/import/3b/3bf6a8c4-be0e-4a03-94a4-75ceb0c1d3ca.58650.json,hek,204,196
assets/gl_fruit/import/40/401c87f2-e59a-483e-adb6-b78aa1d39864.47403.json,hek,212,204
assets/gl_fruit/import/41/41917061-3394-44a4-a9f6-2e65ae888724.71208.json,hek,198,190
assets/gl_fruit/import/41/41ff98c6-3fdf-4971-afcf-92348fd61c2d.a7099.json,hek,195,187
assets/gl_fruit/import/43/433bbd4a-03f9-4468-a728-284dd8327de0.07c51.json,hek,2289,12498
assets/gl_fruit/import/44/440ac015-ebe8-4371-b321-be99d6686037.226fc.json,hek,205,197
assets/gl_fruit/import/45/456dcd4e-dec2-4026-ac0b-c6df5e30b754.7871f.json,hek,86,78
assets/gl_fruit/import/46/46634182-fa59-4f96-941f-7f489928f731.efd10.json,hek,106,98
assets/gl_fruit/import/47/476db0f7-5638-4378-8477-ae6792c56481.7871f.json,hek,86,78
assets/gl_fruit/import/49/49a9dc5e-54f9-4c52-a546-4d96924374c9.7871f.json,hek,86,78
assets/gl_fruit/import/49/49fc9d6f-d330-48e6-9272-89df7ee78d43.f7f03.json,hek,752,1365
assets/gl_fruit/import/4a/4a29d18c-f955-4a50-b98d-68952f55b842.811e1.json,hek,2481,5772
assets/gl_fruit/import/4a/4a649a90-b121-4a2d-9574-9436160cbe3b.f0973.json,hek,562,1039
assets/gl_fruit/import/4c/4cc5e7d6-8001-44a2-b8b0-a57e565423c9.09526.json,hek,149,141
assets/gl_fruit/import/4c/4ced71ac-0646-4ce0-a881-ec67f2f5f116.59a89.json,hek,205,197
assets/gl_fruit/import/4d/4d4e9691-3c4c-4feb-bc21-5285d811ebb3.7bbd1.json,hek,206,198
assets/gl_fruit/import/4d/4dd0c047-9be7-4972-addc-2b95561a8df8.21d58.json,hek,212,204
assets/gl_fruit/import/4f/4f6f64f5-c724-43bf-9b50-61d8bee12397.fdf03.json,hek,206,198
assets/gl_fruit/import/51/51509a6e-0507-4bc2-a131-362e572f453f.322f3.json,hek,412,404
assets/gl_fruit/import/54/547163cf-4538-4681-96bb-ec736ef48008.7871f.json,hek,86,78
assets/gl_fruit/import/54/54d4d3c9-7a7a-4b42-b679-248ec4bde53e.3d235.json,hek,1004,4666
assets/gl_fruit/import/57/571f1938-3f78-462d-a52b-0587b7bf6b99.7871f.json,hek,86,78
assets/gl_fruit/import/57/57faf05d-ce65-447b-80bc-c7096b070338.7871f.json,hek,86,78
assets/gl_fruit/import/58/5854a329-1bca-44b5-9c9c-3059b69fdcd4.39226.json,hek,213,205
assets/gl_fruit/import/59/590c82b2-5435-4fac-bd6d-527e00a87f3f.7871f.json,hek,86,78
assets/gl_fruit/import/59/598b5caa-6854-45c8-a5a0-5242908f55e8.71af4.json,hek,53344,143569
assets/gl_fruit/import/59/59eadc69-38c5-4f6a-94ad-1d16ea19e92b.28338.json,hek,209,201
assets/gl_fruit/import/5b/5b28e7e3-a745-4abc-97c6-f256296406af.db633.json,hek,137,129
assets/gl_fruit/import/5b/5b859a4c-7e86-4fdf-832d-dc682a58ee85.c7898.json,hek,207,199
assets/gl_fruit/import/5c/5ca3cd7f-cb09-4d0d-9aa8-6c730886c0a2.d897d.json,hek,204,196
assets/gl_fruit/import/5d/5d1d7efd-83f2-41d7-ba74-0bcd540c9639.10294.json,hek,113,105
assets/gl_fruit/import/5d/5d9afa69-6012-4506-ad2e-592432342bca.09141.json,hek,200,192
assets/gl_fruit/import/5d/5da5d2a9-8122-42d9-93f9-5fec1ed24c5e.93244.json,hek,13041,88634
assets/gl_fruit/import/63/63cc35d3-a0dc-487a-9a4a-745086f7304d.1af1d.json,hek,837,829
assets/gl_fruit/import/64/647c06e2-0566-4a29-915d-a92bf30e1872.ee2dc.json,hek,156,148
assets/gl_fruit/import/65/65d77333-8418-4e09-a930-2160e960453d.40dcd.json,hek,207,199
assets/gl_fruit/import/66/663b13f7-8242-4f22-ae46-b35f2877021b.f0baa.json,hek,794,786
assets/gl_fruit/import/67/677b900f-bbf9-4f51-8f92-93567c412909.7871f.json,hek,86,78
assets/gl_fruit/import/67/67810b17-0afc-41b7-8a4a-cbf662157602.7871f.json,hek,86,78
assets/gl_fruit/import/67/67815fd5-e094-4e5b-89ca-e290ace9befa.ba7a2.json,hek,106,98
assets/gl_fruit/import/6a/6a281c50-15cb-46c8-8269-4c9b072c074b.bc248.json,hek,215,207
assets/gl_fruit/import/6c/6cc99b29-ef59-484b-8c3e-58152afafec1.7871f.json,hek,86,78
assets/gl_fruit/import/6d/6d91de5b-ff3e-486f-b9a3-5fea7293f641.7871f.json,hek,86,78
assets/gl_fruit/import/6e/6e2d0b98-ca62-4808-bfa2-3dcc8a3a0c2a.dc3e1.json,hek,207,199
assets/gl_fruit/import/6f/6fca14e5-a9d4-4c92-a5c5-5aa9c34c51f7.73d27.json,hek,112,104
assets/gl_fruit/import/70/703dcab9-6f90-46cd-9cfe-ccc16c851541.129bc.json,hek,618,610
assets/gl_fruit/import/71/71561142-4c83-4933-afca-cb7a17f67053.7871f.json,hek,86,78
assets/gl_fruit/import/73/73cf5d48-a4e4-49e9-8f0b-1d8e578ea44d.0ab41.json,hek,604,1089
assets/gl_fruit/import/75/752ac943-e5a5-4966-81cd-c6d42897fe49.ac5c8.json,hek,140,132
assets/gl_fruit/import/76/76137420-3a4f-4cee-a8e2-90a110b2ee08.e02e8.json,hek,648,1232
assets/gl_fruit/import/76/76ffabaf-fb96-4b83-9eeb-dc0ace37e95e.7871f.json,hek,86,78
assets/gl_fruit/import/77/7700dfbc-a752-4bed-9658-574398a97330.7871f.json,hek,86,78
assets/gl_fruit/import/77/770a3208-b0d1-4ee9-a27a-d81dde6b4411.7871f.json,hek,86,78
assets/gl_fruit/import/77/77cfe8d5-ea37-4426-badc-438c8837b381.6f62a.json,hek,106,98
assets/gl_fruit/import/78/783c623f-28dd-4783-9568-3ead141daf83.7861d.json,hek,208,200
assets/gl_fruit/import/78/78734f28-f377-4d8b-b8b4-f6821390a6ee.bdd20.json,hek,973,4736
assets/gl_fruit/import/78/788ce6cd-f362-4fd9-81b1-efc3c7d5dff4.0d34d.json,hek,591,583
assets/gl_fruit/import/7a/7ac48044-f3fc-439c-94a6-580d9bbc8676.e9d17.json,hek,4989,31364
assets/gl_fruit/import/7c/7c260cf7-95dc-483d-93ba-11bd489498f6.dbf4e.json,hek,393,1296
assets/gl_fruit/import/7c/7c56aa2a-b14e-4859-93fe-5942a26a2529.b2f36.json,hek,1930,11064
assets/gl_fruit/import/7d/7db95698-5fdb-4368-be73-551156572da9.ab887.json,hek,207,199
assets/gl_fruit/import/7f/7f82b0e5-c385-4fd2-896f-9955b9c8bcf1.7871f.json,hek,86,78
assets/gl_fruit/import/80/80d93c5f-7f34-445e-a483-4010390cafa4.ae6ca.json,hek,136,128
assets/gl_fruit/import/80/80f20de5-3c31-430e-a106-a2be97e5954d.530d5.json,hek,800,792
assets/gl_fruit/import/81/8145ec67-1271-415e-b194-48df0cbac5ee.7871f.json,hek,86,78
assets/gl_fruit/import/81/81a55b0c-5a7b-4bea-962f-7f079a119675.e9a92.json,hek,509,501
assets/gl_fruit/import/81/81c03770-2ae1-4dbe-8df7-5b5b2d05a506.eccec.json,hek,950,4681
assets/gl_fruit/import/82/8240d814-f141-4e6d-aa66-4a21ac1ea6ae.9c5d6.json,hek,606,598
assets/gl_fruit/import/82/824b9d9c-8a43-4f62-b27c-380dabc2a0c0.33d5a.json,hek,209,201
assets/gl_fruit/import/83/83b78260-db92-4894-8054-19f07a848fb1.08ee7.json,hek,8252,19956
assets/gl_fruit/import/84/843a19f6-e2e0-458a-bf86-d0397c20b51e.f9ccb.json,hek,141,133
assets/gl_fruit/import/85/859191c1-8646-43de-95f0-677abe3151e9.18972.json,hek,497,489
assets/gl_fruit/import/85/85cdabc5-c1df-477b-9b79-e646fd882f75.d3caa.json,hek,1121,2308
assets/gl_fruit/import/86/8613dd6d-6656-4fb8-8d72-8a3f93b2e2d0.4be70.json,hek,132,124
assets/gl_fruit/import/86/8625cd50-72cc-4ca9-90ab-6c79d61819e8.8e98c.json,hek,1759,9492
assets/gl_fruit/import/87/87575973-6d42-40b8-9d93-66fd6ff974b2.fdabd.json,hek,204,196
assets/gl_fruit/import/8c/8c00c06c-ec08-4167-82d3-0bc2feab6fa9.510d5.json,hek,113,105
assets/gl_fruit/import/8c/8c6224e9-4e6e-4c95-8860-25ac7abbc461.e1bdb.json,hek,987,979
assets/gl_fruit/import/8d/8d272786-879c-45ca-bf07-c089f2bc0c19.a04fb.json,hek,211,203
assets/gl_fruit/import/8e/8efc86f0-2336-45fe-8d8d-b94d050ab67e.7871f.json,hek,86,78
assets/gl_fruit/import/8f/8f0bea51-1c07-4ab6-b57a-384fb3f21315.170cc.json,hek,797,789
assets/gl_fruit/import/92/92063ba6-b5d0-46b6-b6e9-c69466908955.fb8ab.json,hek,1807,18498
assets/gl_fruit/import/93/93e3a30c-d53e-48f4-bd61-4f6aca037d00.c2a49.json,hek,137,129
assets/gl_fruit/import/96/9619694b-386d-4e02-aebf-5beefd4891e8.11d80.json,hek,198,190
assets/gl_fruit/import/96/969cdd6b-a7db-42c4-9d58-ca3eb22000c1.daf3d.json,hek,111,103
assets/gl_fruit/import/97/97789740-67ea-40eb-af70-9d194fff7fe4.7871f.json,hek,86,78
assets/gl_fruit/import/98/98389b0c-38e9-4db5-a48f-669b9897c1d2.86105.json,hek,205,197
assets/gl_fruit/import/99/9981045d-2928-4dd1-ba7f-620c1d38aa4a.f306f.json,hek,637,1200
assets/gl_fruit/import/99/99da6a8d-8f79-4fe5-bd43-7c9b94f94356.4bb7e.json,hek,136,128
assets/gl_fruit/import/9d/9d73c6d2-7147-4307-a31b-453e37514369.d29e7.json,hek,639,1202
assets/gl_fruit/import/a1/a1538cb0-8ac6-49b1-9e35-1f9d8213ec95.7871f.json,hek,86,78
assets/gl_fruit/import/a2/a23235d1-15db-4b95-8439-a2e005bfff91.43d76.json,hek,206,198
assets/gl_fruit/import/a2/a25e07e9-1660-4ad6-a83c-cfcedd6f09a8.df3f8.json,hek,206,198
assets/gl_fruit/import/a2/a2702879-e03a-4350-8beb-f8e65a4278ec.7871f.json,hek,86,78
assets/gl_fruit/import/a2/a2f54662-9a76-4593-b66f-57a854e4131a.05d8d.json,hek,24921,326588
assets/gl_fruit/import/a4/a4156955-0a3a-4014-b781-bcbbe71c14fd.7f5cc.json,hek,1386,2948
assets/gl_fruit/import/a4/a479b953-bb4b-45a9-a534-422c21466a6d.d6081.json,hek,106,98
assets/gl_fruit/import/a5/a5fbe694-f5f2-41a9-8e27-022e268b9b5e.b86fe.json,hek,200,192
assets/gl_fruit/import/a6/a60b50de-1eaa-46ee-9201-213e083aaf59.522d9.json,hek,957,4702
assets/gl_fruit/import/a6/a6af8ab8-7b65-4106-a4cd-1be1653ed7c6.b54ea.json,hek,133,125
assets/gl_fruit/import/a7/a7abf0d1-5e7b-4c26-bb47-1b154b808d8f.7e841.json,hek,211,203
assets/gl_fruit/import/a8/a84efdac-fc71-4e5f-b0a3-45d9efbb2cbe.7871f.json,hek,86,78
assets/gl_fruit/import/a8/a8def949-189d-4980-bc3c-4349878d60cf.9cfdb.json,hek,5529,37123
assets/gl_fruit/import/a9/a90b4675-a678-4f6e-9c5d-b4c1d6b88b1a.9dc00.json,hek,112,104
assets/gl_fruit/import/aa/aad3640d-458b-4ce3-b1d6-438337561644.4eea6.json,hek,106,98
assets/gl_fruit/import/ad/ad0df0e1-8079-48dc-b5d4-6ae61da30c00.af15d.json,hek,817,1505
assets/gl_fruit/import/ad/ad351156-623e-4541-8ebb-ba3a24053634.9e7b0.json,hek,208,200
assets/gl_fruit/import/ad/ada7d885-68bf-4a9d-9a8d-2cd908588d64.2d696.json,hek,122,114
assets/gl_fruit/import/ae/ae60eb8e-7b25-44ca-8d22-9b106127c7c6.7871f.json,hek,86,78
assets/gl_fruit/import/af/af35879b-7c0f-442f-9501-32b85d76b82e.79afb.json,hek,204,196
assets/gl_fruit/import/af/af701972-1dba-4371-b054-169c0f992b8f.7871f.json,hek,86,78
assets/gl_fruit/import/b2/b2ac987d-a438-4b5d-94d2-f218672d3dce.3c76f.json,hek,141,133
assets/gl_fruit/import/b4/b404de14-13e9-4480-80df-913b89e6a135.2a4f8.json,hek,610,602
assets/gl_fruit/import/b4/b43ff3c2-02bb-4874-81f7-f2dea6970f18.7871f.json,hek,86,78
assets/gl_fruit/import/b6/b62b53ea-b3d1-47cc-8d53-37ff6c5854b7.c3e0c.json,hek,207,199
assets/gl_fruit/import/b7/b706be5b-915e-4411-ad42-b40f765824cc.fb9ad.json,hek,203,195
assets/gl_fruit/import/b8/b822a120-904f-436f-b453-dfb81cf77758.2c382.json,hek,136,128
assets/gl_fruit/import/b8/b865972c-406d-4f01-8a40-abde30ef2e3a.7871f.json,hek,86,78
assets/gl_fruit/import/b9/b908c91e-692e-4ecb-a9fa-14112a10ba68.7871f.json,hek,86,78
assets/gl_fruit/import/b9/b92ff7b0-d453-4d19-850b-6d26d1bcb5d1.7871f.json,hek,86,78
assets/gl_fruit/import/ba/ba063eef-1a65-4135-8a70-a69ab6b4173a.7871f.json,hek,86,78
assets/gl_fruit/import/bb/bb54dd84-7bdb-42d4-9498-fa262d38f70c.81ae9.json,hek,106,98
assets/gl_fruit/import/bc/bc137f8e-06b3-420d-95c8-1169dfa7ce4a.7871f.json,hek,86,78
assets/gl_fruit/import/bc/bc729ff5-41a1-4563-977b-1d11511f3492.7cd44.json,hek,117,109
assets/gl_fruit/import/bd/bd6ad53a-2c32-4750-89f4-65cd4548f567.a8930.json,hek,116,108
assets/gl_fruit/import/be/bebf4c36-ed39-436e-b104-797b991c6ee5.d6008.json,hek,200,192
assets/gl_fruit/import/bf/bf310fe2-bc34-417b-9331-3ce2bc9ce25a.d0105.json,hek,8063,19270
assets/gl_fruit/import/bf/bfd1166d-b0de-47c8-937c-f04f6db4c4a9.7871f.json,hek,86,78
assets/gl_fruit/import/bf/bff8f280-83a9-4a22-bf93-2281eaff5501.aa91f.json,hek,206,198
assets/gl_fruit/import/c0/c0127fd5-df8e-40e7-9be0-59c4d1189e24.a4421.json,hek,796,4210
assets/gl_fruit/import/c0/c07ae489-78a5-4d37-991e-f38e7b3d54f0.4ae98.json,hek,198,190
assets/gl_fruit/import/c0/c0ddd4da-899f-41aa-b146-067242737a21.c7255.json,hek,209,201
assets/gl_fruit/import/c1/c19e8ae6-6125-4034-90ca-9ef728a53aba.7871f.json,hek,86,78
assets/gl_fruit/import/c2/c280d6f2-85e1-4672-827b-39e5bc3a9d12.f0f6f.json,hek,141,133
assets/gl_fruit/import/c4/c4432431-9c6b-4ce9-a9fd-f1e40581d249.2eb33.json,hek,106,98
assets/gl_fruit/import/c7/c792ec94-63fa-4c6a-92cb-af96ba8c314c.4ffab.json,hek,204,196
assets/gl_fruit/import/c8/c899c588-86d7-4130-951e-d149e96f4441.cb408.json,hek,160,152
assets/gl_fruit/import/c9/c99dceb6-73c5-47fd-a5bd-76aac61d3b5c.87431.json,hek,29771,254304
assets/gl_fruit/import/ca/cacbee7a-860c-4042-9f72-852a4fa87e40.7871f.json,hek,86,78
assets/gl_fruit/import/cb/cba272fb-b411-413c-aa27-ad586a21686a.7871f.json,hek,86,78
assets/gl_fruit/import/cb/cba59ace-551c-40b2-ae15-5832837934a9.7871f.json,hek,86,78
assets/gl_fruit/import/cc/cc210014-555f-4e59-a21c-00568ab1854f.e737e.json,hek,136,128
assets/gl_fruit/import/cc/ccc00ce2-3620-4418-bdd3-9889c1543f60.969ab.json,hek,315,2274
assets/gl_fruit/import/cf/cfb7f272-c0f2-4d58-a412-33ed9db6397d.c4c64.json,hek,612,1097
assets/gl_fruit/import/d4/d4c4a18d-c3c4-4a32-9f66-d59e8178fec9.010a0.json,hek,207,199
assets/gl_fruit/import/d5/d5cf3ea2-3287-4fe1-a996-c780c3657649.b614f.json,hek,572,564
assets/gl_fruit/import/d7/d798c83c-7220-45ac-86a0-9d9568c71399.6d159.json,hek,619,611
assets/gl_fruit/import/d7/d7e8588d-9231-41b4-89f9-861b2c628bd1.7871f.json,hek,86,78
assets/gl_fruit/import/d8/d839ebe9-12a2-4faa-97f4-a7f9686c420d.66856.json,hek,213,205
assets/gl_fruit/import/d8/d8e29200-50dc-4f7f-9f36-4b31f0663652.7871f.json,hek,86,78
assets/gl_fruit/import/d9/d9467e39-0fba-4efc-8596-e9c64f227d6a.7871f.json,hek,86,78
assets/gl_fruit/import/d9/d965419c-042e-4719-a81f-a064f4bf3249.72770.json,hek,206,198
assets/gl_fruit/import/da/dadf4362-ecd9-4149-96d4-aeab99ca7728.7871f.json,hek,86,78
assets/gl_fruit/import/db/dbf29895-96bf-4fd6-bab8-61bdf824cd67.7871f.json,hek,86,78
assets/gl_fruit/import/dc/dc5fed21-8b7d-479a-92cf-8b6e15ab4a01.17ce9.json,hek,194,186
assets/gl_fruit/import/dc/dccd2c18-74be-4e83-aa97-1a656fe112a6.58437.json,hek,209,201
assets/gl_fruit/import/df/df3b53b9-d602-4463-b3d8-69b9e3209116.a0520.json,hek,919,4366
assets/gl_fruit/import/e2/e248237f-c701-49f7-a740-23d7f49ed13e.4e18e.json,hek,106,98
assets/gl_fruit/import/e2/e2b08fa5-1206-442c-a824-6a6c9b67aca9.02553.json,hek,975,4673
assets/gl_fruit/import/e2/e2eabc4a-6766-4906-b057-4cc0b51795a9.31ff7.json,hek,956,4705
assets/gl_fruit/import/e3/e3c6cce8-cfe8-474a-bb76-68c4dba0f194.f6034.json,hek,110,102
assets/gl_fruit/import/e4/e453ebfb-54f0-4657-bacd-c4e4c3d0541e.77065.json,hek,136,128
assets/gl_fruit/import/e4/e491e342-9282-4b8e-91d3-6d9a19e1db3b.18b56.json,hek,138,130
assets/gl_fruit/import/e4/e4c4713d-f68c-4ccc-9d27-a79ee350e1f8.c362b.json,hek,785,1721
assets/gl_fruit/import/e5/e5018fae-457b-4609-a3e0-a8dc8b40fa67.803f6.json,hek,797,789
assets/gl_fruit/import/e5/e5107a4f-9197-4a63-b3c7-a0f437c4c068.7871f.json,hek,86,78
assets/gl_fruit/import/e5/e5e6fa81-9ded-4b80-acbd-410921dc8181.f3d8c.json,hek,141,133
assets/gl_fruit/import/e7/e773b151-7fe9-4265-be86-2d80bf8b0004.b3d3f.json,hek,400,1302
assets/gl_fruit/import/e8/e84a05b1-e346-43a2-8df5-afa2e8cd5108.7871f.json,hek,86,78
assets/gl_fruit/import/e8/e84cd859-a93f-4ac4-9146-8cef5008532d.56b79.json,hek,149,141
assets/gl_fruit/import/e8/e851e89b-faa2-4484-bea6-5c01dd9f06e2.7871f.json,hek,86,78
assets/gl_fruit/import/e9/e9112635-699a-418f-89ad-8dd7a582b8b7.be3d6.json,hek,948,940
assets/gl_fruit/import/e9/e9ec654c-97a2-4787-9325-e6a10375219a.12f08.json,hek,212,204
assets/gl_fruit/import/ea/eacab1ad-2285-4c9d-bd7a-32bc031742eb.7871f.json,hek,86,78
assets/gl_fruit/import/ea/eaccef5c-be79-4121-be1e-80cab3cb3241.73142.json,hek,7253,17855
assets/gl_fruit/import/eb/ebf146cf-d6c8-46ec-a7b1-afd9f590775f.70016.json,hek,141,133
assets/gl_fruit/import/ed/ed161c2d-2732-4032-ae5a-2e40f7cd835c.10a6c.json,hek,221,213
assets/gl_fruit/import/ed/ed2cf0be-669a-4164-9588-c20737a9ba1c.ba0f4.json,hek,799,2735
assets/gl_fruit/import/ed/eda43a63-d9d8-4a34-b63f-3357049a54e8.e7cf9.json,hek,198,190
assets/gl_fruit/import/ee/eebf1ba0-6a45-48b2-b140-ef9f4f24e209.5af40.json,hek,106,98
assets/gl_fruit/import/ef/ef049321-bf2f-4686-81f0-7e5b20baecdf.4b432.json,hek,205,197
assets/gl_fruit/import/ef/ef096000-3e67-4357-b9a2-a9d49c3b8583.62fd7.json,hek,106,98
assets/gl_fruit/import/ef/efe543f3-c574-4a76-bc45-fd50245ccdb7.75220.json,hek,205,197
assets/gl_fruit/import/f0/f0048c10-f03e-4c97-b9d3-3506e1d58952.35a1e.json,hek,211,203
assets/gl_fruit/import/f0/f0c8de13-176e-4e2a-b974-bc870dab72ee.7871f.json,hek,86,78
assets/gl_fruit/import/f0/f0e37d77-d1ec-405e-9dec-b14110252874.b9def.json,hek,636,1196
assets/gl_fruit/import/f1/f1c4f633-2864-404e-8417-57120027941a.7871f.json,hek,86,78
assets/gl_fruit/import/f1/f1cebc94-3632-4e31-86fa-c0303945aa34.ddc95.json,hek,106,98
assets/gl_fruit/import/f2/f2a1b10c-d9eb-4c18-8ffb-f29bcce0450b.7871f.json,hek,86,78
assets/gl_fruit/import/f5/f52aa804-b345-4979-a1ba-4cd15af2f196.78d3f.json,hek,136,128
assets/gl_fruit/import/f6/f6381caf-bc27-4361-8362-ff6986b9bf3b.1def1.json,hek,797,789
assets/gl_fruit/import/fa/fab0b81f-49f7-4486-9527-30e6aef6d220.875bd.json,hek,897,3306
assets/gl_fruit/import/fa/fac002fa-b8aa-45da-ace4-52990c265df7.a7e7d.json,hek,793,785
assets/gl_fruit/import/fc/fc633600-5206-4466-8107-b4023be09ffb.7871f.json,hek,86,78
assets/gl_fruit/import/fc/fcc1023c-3376-4ec6-9a41-709f7d9390e9.a277f.json,hek,199,191
assets/gl_fruit/import/ff/ff7c37f8-0e8d-4073-b790-69119e654adb.7e4e2.json,hek,208,200
assets/gl_fruit/index.705cf.jsc,jsc,84800,443343
assets/gl_fruit/native/00/000a362b-f2e6-46c6-804e-cdcff0fb7e98.7409e.atlas,hek,400,392
assets/gl_fruit/native/00/0099e057-b0f3-4f8c-a5e1-677ab2868dff.18e65.ogg,明文,10896,10896
assets/gl_fruit/native/03/039dc6a5-ccd2-437b-a97a-ee15e624f6f2.a9c22.png,hek,219262,219254
assets/gl_fruit/native/05/055185ea-8686-47ee-a535-9630c29f5f1d.e736b.png,hek,1149,1141
assets/gl_fruit/native/08/081e3ef4-b88d-4c14-bc2c-76d2fd561747.53278.png,hek,16571,16563
assets/gl_fruit/native/08/084e9d6d-4f35-4501-8616-d35f9f4b23f5.a5e1d.png,hek,26795,26787
assets/gl_fruit/native/08/08d17cbc-928e-4627-8332-f66a34f96751.9b89f.png,hek,1941,1933
assets/gl_fruit/native/0e/0ef1c3e1-02d0-46c3-a11b-ec70f3416bfb.87646.png,hek,14233,14225
assets/gl_fruit/native/0f/0f4b2b10-5677-4cf4-a98e-765c2da84fb0.5c093.atlas,hek,616,608
assets/gl_fruit/native/10/10a37b38-781f-4cc2-8014-0d75ede01a2a.8c911/Roboto-Bold.ttf,明文,146768,146768
assets/gl_fruit/native/11/11258771-8fc4-4b3a-a7bd-74c92bc09df0.1f39c.png,hek,563,555
assets/gl_fruit/native/13/13c79737-2233-43fe-ba79-c8c3eeb12e3f.fa822.png,hek,938,930
assets/gl_fruit/native/18/18e1c372-f940-4721-935f-8452e08f71c7.45dc4.png,hek,4020,4012
assets/gl_fruit/native/19/198a52da-5b23-4a33-8be7-51b3eee22a71.61725.atlas,hek,513,505
assets/gl_fruit/native/1d/1da9c635-82f9-4374-98ee-772499bafa09.e30b4.png,hek,129,121
assets/gl_fruit/native/1f/1f14796d-b898-4e15-8d16-8959ea8cde28.b0991.atlas,hek,417,409
assets/gl_fruit/native/23/2395fda8-76dc-47ac-9d35-d7635f1d2bac.cbff3.png,hek,54529,54521
assets/gl_fruit/native/24/24d5f116-8221-466a-ad97-df01cb01f92f.c9914.png,hek,586,578
assets/gl_fruit/native/25/25e52aa3-d913-4876-9404-54831cb97312.c0b44.png,hek,37885,37877
assets/gl_fruit/native/2a/2a2ee337-9a3a-45b7-a46e-67c1c53325a9.669d4.png,hek,164285,164277
assets/gl_fruit/native/2f/2f197d61-41af-4f01-a235-2beeaa527e55.df206.png,hek,369,361
assets/gl_fruit/native/34/346cb2b5-830e-41c6-b8be-c93a5a4044f2.b2941.png,hek,126616,126608
assets/gl_fruit/native/36/3609c9a7-09c8-4154-9160-e5fc90a4cf5c.16022.png,hek,181525,181517
assets/gl_fruit/native/38/38175732-c3ff-4fe9-a1cb-0fbee2ad2518.104ab.png,hek,478,470
assets/gl_fruit/native/3b/3b3461d7-40db-4300-ad7e-1ace339e08b9.36f35.ogg,明文,11622,11622
assets/gl_fruit/native/3b/3be53a6f-c5bd-464c-adb4-933aca7a03e6.804a9.ogg,明文,10435,10435
assets/gl_fruit/native/45/456dcd4e-dec2-4026-ac0b-c6df5e30b754.20ae8.png,hek,44188,44180
assets/gl_fruit/native/46/46634182-fa59-4f96-941f-7f489928f731.ceec5.atlas,hek,610,602
assets/gl_fruit/native/47/476db0f7-5638-4378-8477-ae6792c56481.b8756.png,hek,331,323
assets/gl_fruit/native/49/49a9dc5e-54f9-4c52-a546-4d96924374c9.c8ba0.png,hek,10084,10076
assets/gl_fruit/native/4c/4cc5e7d6-8001-44a2-b8b0-a57e565423c9.01849.ogg,明文,24902,24902
assets/gl_fruit/native/54/547163cf-4538-4681-96bb-ec736ef48008.55b22.png,hek,15597,15589
assets/gl_fruit/native/57/571f1938-3f78-462d-a52b-0587b7bf6b99.4f40d.png,hek,542,534
assets/gl_fruit/native/57/57faf05d-ce65-447b-80bc-c7096b070338.ee309.png,hek,7056,7048
assets/gl_fruit/native/59/590c82b2-5435-4fac-bd6d-527e00a87f3f.72859.png,hek,1710,1702
assets/gl_fruit/native/5b/5b28e7e3-a745-4abc-97c6-f256296406af.c87fe.ogg,明文,20356,20356
assets/gl_fruit/native/5d/5d1d7efd-83f2-41d7-ba74-0bcd540c9639.9d9d8.atlas,hek,474,466
assets/gl_fruit/native/64/647c06e2-0566-4a29-915d-a92bf30e1872.09587.ogg,明文,16286,16286
assets/gl_fruit/native/67/677b900f-bbf9-4f51-8f92-93567c412909.415ee.png,hek,4524,4516
assets/gl_fruit/native/67/67810b17-0afc-41b7-8a4a-cbf662157602.3474a.png,hek,216201,216193
assets/gl_fruit/native/67/67815fd5-e094-4e5b-89ca-e290ace9befa.4a160.atlas,hek,511,503
assets/gl_fruit/native/6c/6cc99b29-ef59-484b-8c3e-58152afafec1.b93ef.png,hek,4044,4036
assets/gl_fruit/native/6d/6d91de5b-ff3e-486f-b9a3-5fea7293f641.7dbf1.png,hek,43139,43131
assets/gl_fruit/native/6f/6fca14e5-a9d4-4c92-a5c5-5aa9c34c51f7.db2d7.atlas,hek,623,2105
assets/gl_fruit/native/71/71561142-4c83-4933-afca-cb7a17f67053.c06a9.png,hek,732,1050
assets/gl_fruit/native/75/752ac943-e5a5-4966-81cd-c6d42897fe49.28bac.ogg,明文,10886,10886
assets/gl_fruit/native/76/76ffabaf-fb96-4b83-9eeb-dc0ace37e95e.bd38f.png,hek,8085,8077
assets/gl_fruit/native/77/7700dfbc-a752-4bed-9658-574398a97330.2a980.png,hek,1004,996
assets/gl_fruit/native/77/770a3208-b0d1-4ee9-a27a-d81dde6b4411.029c4.png,hek,47316,47308
assets/gl_fruit/native/77/77cfe8d5-ea37-4426-badc-438c8837b381.8392b.atlas,hek,610,602
assets/gl_fruit/native/7f/7f82b0e5-c385-4fd2-896f-9955b9c8bcf1.182f1.png,hek,884,876
assets/gl_fruit/native/80/80d93c5f-7f34-445e-a483-4010390cafa4.2296a.ogg,明文,29456,29456
assets/gl_fruit/native/81/8145ec67-1271-415e-b194-48df0cbac5ee.f2931.png,hek,875,867
assets/gl_fruit/native/84/843a19f6-e2e0-458a-bf86-d0397c20b51e.852ee.ogg,明文,11618,11618
assets/gl_fruit/native/86/8613dd6d-6656-4fb8-8d72-8a3f93b2e2d0.d069b.ogg,明文,5426,5426
assets/gl_fruit/native/8c/8c00c06c-ec08-4167-82d3-0bc2feab6fa9.632b0.atlas,hek,523,1699
assets/gl_fruit/native/8e/8efc86f0-2336-45fe-8d8d-b94d050ab67e.0bdb9.png,hek,8447,8439
assets/gl_fruit/native/93/93e3a30c-d53e-48f4-bd61-4f6aca037d00.f38b2.ogg,明文,15262,15262
assets/gl_fruit/native/96/969cdd6b-a7db-42c4-9d58-ca3eb22000c1.835d3.atlas,hek,272,264
assets/gl_fruit/native/97/97789740-67ea-40eb-af70-9d194fff7fe4.02ed5.png,hek,27022,27014
assets/gl_fruit/native/99/99da6a8d-8f79-4fe5-bd43-7c9b94f94356.f2e80.ogg,明文,19230,19230
assets/gl_fruit/native/a1/a1538cb0-8ac6-49b1-9e35-1f9d8213ec95.a9103.png,hek,48811,48803
assets/gl_fruit/native/a2/a2702879-e03a-4350-8beb-f8e65a4278ec.e4371.png,hek,1138,1130
assets/gl_fruit/native/a4/a479b953-bb4b-45a9-a534-422c21466a6d.0e13b.atlas,hek,513,505
assets/gl_fruit/native/a6/a6af8ab8-7b65-4106-a4cd-1be1653ed7c6.e481b.ogg,明文,5380,5380
assets/gl_fruit/native/a8/a84efdac-fc71-4e5f-b0a3-45d9efbb2cbe.89636.png,hek,77957,77949
assets/gl_fruit/native/a9/a90b4675-a678-4f6e-9c5d-b4c1d6b88b1a.01692.atlas,hek,939,931
assets/gl_fruit/native/aa/aad3640d-458b-4ce3-b1d6-438337561644.de830.atlas,hek,381,373
assets/gl_fruit/native/ad/ada7d885-68bf-4a9d-9a8d-2cd908588d64.e4af4.atlas,hek,605,597
assets/gl_fruit/native/ae/ae60eb8e-7b25-44ca-8d22-9b106127c7c6.483aa.png,hek,132,124
assets/gl_fruit/native/af/af701972-1dba-4371-b054-169c0f992b8f.87fa7.png,hek,68839,68831
assets/gl_fruit/native/b2/b2ac987d-a438-4b5d-94d2-f218672d3dce.4f127.ogg,明文,10447,10447
assets/gl_fruit/native/b4/b43ff3c2-02bb-4874-81f7-f2dea6970f18.83fcc.png,hek,1122,1114
assets/gl_fruit/native/b8/b822a120-904f-436f-b453-dfb81cf77758.20536.ogg,明文,18383,18383
assets/gl_fruit/native/b8/b865972c-406d-4f01-8a40-abde30ef2e3a.b9fe0.png,hek,491,483
assets/gl_fruit/native/b9/b908c91e-692e-4ecb-a9fa-14112a10ba68.b51a4.png,hek,27352,27344
assets/gl_fruit/native/b9/b92ff7b0-d453-4d19-850b-6d26d1bcb5d1.0db45.png,hek,1217,1209
assets/gl_fruit/native/ba/ba063eef-1a65-4135-8a70-a69ab6b4173a.e05a2.png,hek,14635,14627
assets/gl_fruit/native/bb/bb54dd84-7bdb-42d4-9498-fa262d38f70c.9da38.atlas,hek,511,503
assets/gl_fruit/native/bc/bc137f8e-06b3-420d-95c8-1169dfa7ce4a.e9829.png,hek,870,862
assets/gl_fruit/native/bc/bc729ff5-41a1-4563-977b-1d11511f3492.a9abc.atlas,hek,676,668
assets/gl_fruit/native/bd/bd6ad53a-2c32-4750-89f4-65cd4548f567.d5f15.atlas,hek,674,666
assets/gl_fruit/native/bf/bfd1166d-b0de-47c8-937c-f04f6db4c4a9.d0deb.png,hek,106,98
assets/gl_fruit/native/c1/c19e8ae6-6125-4034-90ca-9ef728a53aba.292bd.png,hek,8282,8274
assets/gl_fruit/native/c2/c280d6f2-85e1-4672-827b-39e5bc3a9d12.df217.ogg,明文,13300,13300
assets/gl_fruit/native/c4/c4432431-9c6b-4ce9-a9fd-f1e40581d249.3d4c0.atlas,hek,511,503
assets/gl_fruit/native/c8/c899c588-86d7-4130-951e-d149e96f4441.7f622.ogg,明文,34289,34289
assets/gl_fruit/native/ca/cacbee7a-860c-4042-9f72-852a4fa87e40.17518.png,hek,28859,28851
assets/gl_fruit/native/cb/cba272fb-b411-413c-aa27-ad586a21686a.f7278.png,hek,87959,87951
assets/gl_fruit/native/cb/cba59ace-551c-40b2-ae15-5832837934a9.5b9cb.png,hek,538,530
assets/gl_fruit/native/cc/cc210014-555f-4e59-a21c-00568ab1854f.1dba8.ogg,明文,15476,15476
assets/gl_fruit/native/d7/d7e8588d-9231-41b4-89f9-861b2c628bd1.a4833.png,hek,277,269
assets/gl_fruit/native/d8/d8e29200-50dc-4f7f-9f36-4b31f0663652.057d8.png,hek,71988,71980
assets/gl_fruit/native/d9/d9467e39-0fba-4efc-8596-e9c64f227d6a.b9203.png,hek,3854,3846
assets/gl_fruit/native/da/dadf4362-ecd9-4149-96d4-aeab99ca7728.b51d1.png,hek,42311,42303
assets/gl_fruit/native/db/dbf29895-96bf-4fd6-bab8-61bdf824cd67.e955f.png,hek,96480,96472
assets/gl_fruit/native/e2/e248237f-c701-49f7-a740-23d7f49ed13e.e91bc.atlas,hek,555,2345
assets/gl_fruit/native/e3/e3c6cce8-cfe8-474a-bb76-68c4dba0f194.661f4.atlas,hek,185,177
assets/gl_fruit/native/e4/e453ebfb-54f0-4657-bacd-c4e4c3d0541e.4fd53.ogg,明文,17395,17395
assets/gl_fruit/native/e4/e491e342-9282-4b8e-91d3-6d9a19e1db3b.66971.ogg,明文,5871,5871
assets/gl_fruit/native/e5/e5107a4f-9197-4a63-b3c7-a0f437c4c068.41dd9.png,hek,1256,1248
assets/gl_fruit/native/e5/e5e6fa81-9ded-4b80-acbd-410921dc8181.1f15f.ogg,明文,11453,11453
assets/gl_fruit/native/e8/e84a05b1-e346-43a2-8df5-afa2e8cd5108.66296.png,hek,450070,450062
assets/gl_fruit/native/e8/e84cd859-a93f-4ac4-9146-8cef5008532d.477ea.ogg,明文,10208,10208
assets/gl_fruit/native/e8/e851e89b-faa2-4484-bea6-5c01dd9f06e2.90cf4.png,hek,761,1082
assets/gl_fruit/native/ea/eacab1ad-2285-4c9d-bd7a-32bc031742eb.b6921.png,hek,24048,24040
assets/gl_fruit/native/eb/ebf146cf-d6c8-46ec-a7b1-afd9f590775f.06c5a.ogg,明文,11852,11852
assets/gl_fruit/native/ee/eebf1ba0-6a45-48b2-b140-ef9f4f24e209.d6a12.atlas,hek,513,505
assets/gl_fruit/native/ef/ef096000-3e67-4357-b9a2-a9d49c3b8583.1ced6.atlas,hek,512,504
assets/gl_fruit/native/f0/f0c8de13-176e-4e2a-b974-bc870dab72ee.d478c.png,hek,419,411
assets/gl_fruit/native/f1/f1c4f633-2864-404e-8417-57120027941a.034cb.png,hek,121,113
assets/gl_fruit/native/f1/f1cebc94-3632-4e31-86fa-c0303945aa34.37d15.atlas,hek,511,503
assets/gl_fruit/native/f2/f2a1b10c-d9eb-4c18-8ffb-f29bcce0450b.4523d.png,hek,1521,1513
assets/gl_fruit/native/f5/f52aa804-b345-4979-a1ba-4cd15af2f196.81cac.ogg,明文,18224,18224
assets/gl_fruit/native/fc/fc633600-5206-4466-8107-b4023be09ffb.b0ed5.png,hek,31300,31292
assets/gl_hall/config.b6be2.json,hek,8853,20260
assets/gl_hall/import/02/025c639e-b5d9-46d5-85e5-6364ff319a39.7871f.json,hek,86,78
assets/gl_hall/import/03/0314ad07-6f7e-4eb1-b1b1-ca28f7300b8c.7e391.json,hek,2090,4773
assets/gl_hall/import/04/0470c487-f688-4e8b-825c-f8a78945b9e9.1b470.json,hek,1663,8366
assets/gl_hall/import/05/05330d16-c039-4822-8e04-2a09ce915cb1.8ed64.json,hek,539,531
assets/gl_hall/import/08/080b5484-9b8a-490a-956a-a6005a4c7e33.7871f.json,hek,86,78
assets/gl_hall/import/08/08d86be3-bb12-4aa5-8a30-4687dcf3ab8d.7871f.json,hek,86,78
assets/gl_hall/import/09/09aae8bc-7aa7-4292-98d3-e329679a506b.d0752.json,hek,216,208
assets/gl_hall/import/0c/0c63b14b-3fa4-47b8-b223-e2256b247d21.36762.json,hek,140,132
assets/gl_hall/import/0d/0d102ceb-2cf6-41d1-82ab-aa7ca1911b85.7871f.json,hek,86,78
assets/gl_hall/import/0f/0f9eca24-ca36-49ea-a40f-98d5cb6354a8.4b3a3.json,hek,86,78
assets/gl_hall/import/11/1188a177-8ee7-4a0f-b7c1-87c4b2424527.8809e.json,hek,210,202
assets/gl_hall/import/17/17160433-ed1f-45e1-8841-c2b8ab184b82.541e6.json,hek,202,194
assets/gl_hall/import/17/173a9c98-a32d-40e2-8885-f33758409b60.4b3a3.json,hek,86,78
assets/gl_hall/import/17/174b6707-48f3-4a1a-9db0-f8a2dcddb515.0b42b.json,hek,201,193
assets/gl_hall/import/17/176fd7da-5306-4745-ac0b-43b831eb3c10.7871f.json,hek,86,78
assets/gl_hall/import/19/196378ab-e945-4d16-8272-dcd6e973e6e2.bce98.json,hek,203,195
assets/gl_hall/import/1b/1b1ada0b-1aa2-43b3-82cb-bf4692eeceb5.7871f.json,hek,86,78
assets/gl_hall/import/1c/1c391349-4570-4db5-8049-2fffcd55cf55.7871f.json,hek,86,78
assets/gl_hall/import/1d/1ddeff92-8de0-4494-a688-02a0292eaf62.c4f43.json,hek,210,202
assets/gl_hall/import/1e/1e30996b-1cf8-4a86-acc5-7b9b3f6edd2b.fa104.json,hek,206,198
assets/gl_hall/import/1e/1eb2dc29-6e97-4000-8fb2-e7db68c8463e.5f802.json,hek,204,196
assets/gl_hall/import/20/20e417b0-8765-4c53-beb2-d4bb60faa01d.113a2.json,hek,205,197
assets/gl_hall/import/22/22351de5-0ca3-41b6-8b3b-e6e75624a12e.7871f.json,hek,86,78
assets/gl_hall/import/22/22a93283-32bf-48ff-ae5a-be1185cd0b55.7871f.json,hek,86,78
assets/gl_hall/import/22/22ea7439-e563-4118-be83-64620ac3f60f.5f902.json,hek,204,196
assets/gl_hall/import/22/22fbd34a-d708-442e-aa26-123046a26187.4b8c0.json,hek,203,195
assets/gl_hall/import/23/235723db-85b4-4c0d-a864-109ee342b174.4b3a3.json,hek,86,78
assets/gl_hall/import/23/23691b51-84b6-45a9-9e40-6d33ff65f367.55f42.json,hek,201,193
assets/gl_hall/import/23/239835e6-0e27-4784-a36d-8c5c25de7ac6.10975.json,hek,120,112
assets/gl_hall/import/24/24086b01-b4b3-42c9-8dbd-f6f57b87b44d.7871f.json,hek,86,78
assets/gl_hall/import/24/2456529d-9e8f-4e3d-a4ed-afd1d92a6848.72449.json,hek,4172,10092
assets/gl_hall/import/25/25c834ae-7edb-4176-a610-f74d79c255cd.4b3a3.json,hek,86,78
assets/gl_hall/import/26/265f9f88-694a-4399-bfae-5d7c8408eae8.890bd.json,hek,206,198
assets/gl_hall/import/28/280025cd-0776-44c3-a634-c4787a830d56.0c6ac.json,hek,211,203
assets/gl_hall/import/28/283cee8a-507e-4ee1-9492-f6d3592f416b.7871f.json,hek,86,78
assets/gl_hall/import/29/29158224-f8dd-4661-a796-1ffab537140e.6dda3.json,hek,213,205
assets/gl_hall/import/2b/2be88b0b-b24a-4162-a186-bc6988c7ad57.b2270.json,hek,1132,2220
assets/gl_hall/import/2e/2e139e90-8991-454e-953e-0a58c79f3e0b.7871f.json,hek,86,78
assets/gl_hall/import/2e/2ece9525-e86f-41f8-9872-8284dd9a4184.e21b9.json,hek,211,203
assets/gl_hall/import/2f/2f7f7844-5d0f-4d5c-9fc1-3ccda4d0a0d0.c9cd5.json,hek,198,190
assets/gl_hall/import/30/303464aa-c4de-42e6-836b-3236865b01fe.7871f.json,hek,86,78
assets/gl_hall/import/31/31e3c1be-3d96-429f-999a-43ebceac929f.6fef4.json,hek,205,197
assets/gl_hall/import/32/3295e315-d746-45ba-8d21-52112f8bbc9e.35670.json,hek,199,191
assets/gl_hall/import/33/33b9ea98-cc40-441a-b46b-f18f7f30e131.abb1d.json,hek,205,197
assets/gl_hall/import/35/3502b55b-6958-4099-82ed-b702df5002e4.7871f.json,hek,86,78
assets/gl_hall/import/35/3511ea79-af7f-40b5-bb3d-dc6602b12139.4b3a3.json,hek,86,78
assets/gl_hall/import/35/352435b8-dcf9-4795-93ea-7c4a19ea3a8f.247d3.json,hek,137,129
assets/gl_hall/import/35/3571c954-a27b-405a-996b-904a5242703d.fe6ab.json,hek,105,97
assets/gl_hall/import/38/384a59da-d464-47ff-a0ee-772e4c801c19.303d4.json,hek,202,194
assets/gl_hall/import/38/38acafcd-14ae-4b69-836e-d56c5753ce81.7871f.json,hek,86,78
assets/gl_hall/import/39/39294ab7-5deb-44ed-86e0-c751abb566f1.7871f.json,hek,86,78
assets/gl_hall/import/39/39472e2c-5c4a-4a34-bddb-cb45430ba6ef.7871f.json,hek,86,78
assets/gl_hall/import/3a/3a67cb70-67c6-456d-9145-56804da88d1b.7871f.json,hek,86,78
assets/gl_hall/import/3b/3be8147c-e358-46e6-9020-9c40016647aa.c0b79.json,hek,962,1909
assets/gl_hall/import/3c/3cb00a54-3299-4962-9256-8f519aa15ffc.7871f.json,hek,86,78
assets/gl_hall/import/3d/3d0ad01f-9819-4ac8-8a9c-00aeb2c2850b.bd4a6.json,hek,221,213
assets/gl_hall/import/3d/3d1795b7-bcf7-4151-99a0-f37db551c9cf.238a8.json,hek,210,202
assets/gl_hall/import/3d/3d9f774b-c23f-4c4e-b76e-c7efb5b5bb90.412f5.json,hek,2089,4777
assets/gl_hall/import/3e/3e20624a-dc0f-4d2b-ac46-6a8b6fee3260.f4d86.json,hek,210,202
assets/gl_hall/import/3f/3fd7a458-0e2d-4479-8dcf-bd116ed40800.7e007.json,hek,202,194
assets/gl_hall/import/41/416c0629-12f2-4b8e-9459-e94ba857190b.4b3a3.json,hek,86,78
assets/gl_hall/import/44/44195dcd-ae8a-47c1-b7d9-4c245d5f8663.6e578.json,hek,662,1206
assets/gl_hall/import/45/45b78c7f-61c6-4aa1-822a-b1d5f42096f6.5c059.json,hek,203,195
assets/gl_hall/import/47/47a32abd-6e2b-48aa-a16d-1287e47b4f60.7871f.json,hek,86,78
assets/gl_hall/import/48/48794ba4-8d3b-4057-977f-283059f295f1.2a816.json,hek,200,192
assets/gl_hall/import/48/48ce643b-26f7-4d29-b515-2762a7251bf7.7871f.json,hek,86,78
assets/gl_hall/import/4a/4a0700a8-e1da-4d25-80cc-bbdd377ad1aa.80d8a.json,hek,206,198
assets/gl_hall/import/4a/4ad39bbe-8ce6-4e42-a19d-17ba5ae7d1b9.2aa0d.json,hek,479,471
assets/gl_hall/import/4c/4c918c31-a9cc-41cb-8d5c-b764fed7b172.af288.json,hek,199,191
assets/gl_hall/import/4d/4d0f69f0-2c00-4ff7-bd55-111564545651.fbf74.json,hek,190,182
assets/gl_hall/import/4f/4f390ed8-569b-43f4-a613-8cc9b302bab9.ecba0.json,hek,2084,4766
assets/gl_hall/import/51/51114046-d6df-45b9-bb81-e0544fea5569.7871f.json,hek,86,78
assets/gl_hall/import/51/516a14aa-58e2-47c9-9733-2e4a0208e08e.3a365.json,hek,207,199
assets/gl_hall/import/51/51734d46-f615-4c9a-847a-be84a75da086.c93ec.json,hek,211,203
assets/gl_hall/import/52/52e3c8d1-4900-4db0-b5ec-a6c0aca27827.d6c4b.json,hek,104,96
assets/gl_hall/import/53/53a7776d-0889-4b4c-b658-eb81d34e3cc5.c3eb2.json,hek,196,188
assets/gl_hall/import/54/546f796e-e14f-4af2-8a2b-489e843553da.4b3a3.json,hek,86,78
assets/gl_hall/import/56/56a2386d-0248-45e1-9835-dba3cb365542.ad4b5.json,hek,210,202
assets/gl_hall/import/56/56aecd66-d6a7-41f0-b6b5-adea7c8dc892.6bcef.json,hek,142,134
assets/gl_hall/import/56/56de2428-d6c3-4433-9b8a-6a6d5bf4d2be.7871f.json,hek,86,78
assets/gl_hall/import/59/59271762-e651-46e2-9024-d0e9b777ef93.950da.json,hek,2532,5597
assets/gl_hall/import/59/59ac732e-5fad-4959-bd7e-e885ffa4f8f3.cc107.json,hek,1455,6081
assets/gl_hall/import/59/59c217f1-0a2d-418e-8872-0a15f79be9c5.4b3a3.json,hek,86,78
assets/gl_hall/import/5b/5b9113cf-e5e9-4bfd-b5d3-213025466d10.a257e.json,hek,204,196
assets/gl_hall/import/5d/5dfb0fc7-b585-42cc-8ece-5c6cc16ca570.ab0e2.json,hek,209,201
assets/gl_hall/import/5f/5f390cbd-6ab9-4429-a424-7be05043edb0.db43a.json,hek,2092,4783
assets/gl_hall/import/60/60e09a0e-7b31-4330-a7ee-0a1906459f18.7871f.json,hek,86,78
assets/gl_hall/import/61/611cd3a2-273f-48b8-8661-cd6a93371684.4b3a3.json,hek,86,78
assets/gl_hall/import/61/618fec74-3076-4af6-b4c1-90852d540860.b1e9c.json,hek,5528,35305
assets/gl_hall/import/61/619b2293-1760-4dfd-990c-6272b6272487.831a4.json,hek,278,270
assets/gl_hall/import/61/61a97b73-9dd2-4fd2-8cf4-cf00f02b387e.63ea3.json,hek,202,194
assets/gl_hall/import/61/61b04626-6c77-4e56-9611-da7c8791d9a2.0373a.json,hek,214,206
assets/gl_hall/import/62/621b7bc1-955e-4e33-910c-eba51741f09a.7871f.json,hek,86,78
assets/gl_hall/import/62/62692e9b-f41e-462e-97f8-28b17d90a131.7871f.json,hek,86,78
assets/gl_hall/import/63/63f83f6b-4592-4bac-84a6-6f5974121f09.f1c84.json,hek,139,131
assets/gl_hall/import/64/64ea9314-0b78-488e-8e13-64c00a370896.7871f.json,hek,86,78
assets/gl_hall/import/65/6510e59d-b0d9-4e7c-9378-2ac2c3dba47d.7871f.json,hek,86,78
assets/gl_hall/import/66/661bfb4e-2d59-45e1-872e-6e8d785dd89f.26bf9.json,hek,198,190
assets/gl_hall/import/66/66506d02-85e3-4b7a-801a-719ea66434dc.18733.json,hek,2440,13513
assets/gl_hall/import/66/667a9861-39e9-4c8d-9524-8a8f1812c19e.bc4f1.json,hek,871,1708
assets/gl_hall/import/66/66ffdeb0-d9ce-420e-8609-12a0861e2aa6.3ecac.json,hek,2090,4779
assets/gl_hall/import/67/67238e9f-c57c-4715-9e80-55c909499633.86a0f.json,hek,1336,2698
assets/gl_hall/import/6a/6a7f7ebc-5d6f-4864-9de3-a9124cadab44.d99ce.json,hek,122,114
assets/gl_hall/import/6a/6a876686-e834-4016-ba06-99946118639d.7871f.json,hek,86,78
assets/gl_hall/import/6a/6ab071ba-93bf-4410-a1c7-84c5b20def7f.34452.json,hek,204,196
assets/gl_hall/import/6b/6bc3f2d4-6d55-487c-9f43-87e8c312bb23.0d876.json,hek,206,198
assets/gl_hall/import/6c/6c57dc30-a6ef-473b-8b78-dcfdacf42bd1.2a5e4.json,hek,200,192
assets/gl_hall/import/6d/6df5f2ae-c37d-44de-845b-e7d747621784.ce8d7.json,hek,200,192
assets/gl_hall/import/6f/6f578a35-a55d-45cd-9083-b2eb83e3a246.88270.json,hek,103,95
assets/gl_hall/import/70/70336ea6-09a7-4393-b1ef-640e4f1c7ec3.7871f.json,hek,86,78
assets/gl_hall/import/71/711c4783-c483-4659-a296-26c2bf2cec00.7871f.json,hek,86,78
assets/gl_hall/import/71/71561142-4c83-4933-afca-cb7a17f67053.7871f.json,hek,86,78
assets/gl_hall/import/72/72fc2ab2-33f8-4c63-b2d7-f8f506eb5cc5.cdd53.json,hek,209,201
assets/gl_hall/import/74/74183721-bd81-4936-9ae0-9b7fcda3a54e.7871f.json,hek,86,78
assets/gl_hall/import/74/74672bf0-6c68-4b6a-8550-659b7d1b61dc.7871f.json,hek,86,78
assets/gl_hall/import/76/76aa03cb-ba32-464e-bdb0-9c5964b0b7ac.7871f.json,hek,86,78
assets/gl_hall/import/78/78c4bb7d-9064-46f6-9a1e-748738fb55ff.aaec2.json,hek,202,194
assets/gl_hall/import/79/79a464be-ee63-4c34-9aae-da89e859f1f6.7871f.json,hek,86,78
assets/gl_hall/import/7a/7a19d0aa-e52a-487d-bc62-bca4e9dc885d.7871f.json,hek,86,78
assets/gl_hall/import/7a/7a55c013-d358-4c21-a81f-a3788f732c9c.f72ff.json,hek,204,196
assets/gl_hall/import/7c/7c0e8621-db7a-4cba-8bf7-7a33d03d820b.c5f2d.json,hek,197,189
assets/gl_hall/import/7c/7c9d4954-c787-46ca-8992-bc0a7171e779.7871f.json,hek,86,78
assets/gl_hall/import/7d/7dcb40f7-59d5-4bb9-a321-05192f60d177.07b26.json,hek,202,194
assets/gl_hall/import/7e/7e62a93e-ee2b-48c3-9dac-987fa73df2b1.4b751.json,hek,199,191
assets/gl_hall/import/7e/7e6beaec-8e5c-4bc5-bc7e-9599ab4cb77c.7871f.json,hek,86,78
assets/gl_hall/import/80/80f5c8e7-b044-45ae-bbb5-5aa2f246c428.df965.json,hek,1284,5407
assets/gl_hall/import/82/823daada-c4ac-49bb-b171-fa1fce0d25be.8766a.json,hek,206,198
assets/gl_hall/import/83/8359896f-78ed-4f66-a12f-70b16baa89b4.4b3a3.json,hek,86,78
assets/gl_hall/import/83/83edc9da-6743-4587-a8f1-b521f25cb366.7871f.json,hek,86,78
assets/gl_hall/import/84/8426150d-b74a-499c-8e0a-ea4748ab16a7.66c31.json,hek,203,195
assets/gl_hall/import/86/862143ce-e220-4bad-961a-63fb4d829e9c.7871f.json,hek,86,78
assets/gl_hall/import/88/88a57816-485a-4ad4-b00c-ae6ac2ffe8a3.7871f.json,hek,86,78
assets/gl_hall/import/89/89153d1e-bb22-4d04-b063-0e1044428aeb.f529c.json,hek,204,196
assets/gl_hall/import/89/898aa02f-ebab-4aa3-a7b6-59e902300c01.bd262.json,hek,215,207
assets/gl_hall/import/8c/8c6bc36d-b60d-40d4-84ff-58a9dca5533b.97e3d.json,hek,215,207
assets/gl_hall/import/8c/8ceea138-0488-411a-a4f8-0daabdfe0dc8.403e1.json,hek,111,103
assets/gl_hall/import/8e/8ed24086-36b0-4400-a801-0a95d6e669a6.7871f.json,hek,86,78
assets/gl_hall/import/91/91de2b86-f54f-4906-a90f-cddb8aee8a03.e73bd.json,hek,450,1091
assets/gl_hall/import/92/924c7cb2-14fc-4311-b997-4bf94e7cd659.80f8e.json,hek,201,193
assets/gl_hall/import/94/94eb0944-7017-497e-8e18-34c99be72e9a.4b3a3.json,hek,86,78
assets/gl_hall/import/96/961d8c54-f773-40c9-9df7-a783b9745f8c.202d1.json,hek,205,197
assets/gl_hall/import/96/96297586-b1b1-4825-921a-b8730a9a7c72.4625e.json,hek,211,203
assets/gl_hall/import/98/98c6e732-4d25-456c-9d04-2a9b797f1bf3.4b3a3.json,hek,86,78
assets/gl_hall/import/98/98d791ab-0cf6-4693-917a-843d0dd532e7.6a716.json,hek,139,131
assets/gl_hall/import/9d/9da18743-a087-49fb-8494-7687d6d0a21e.e24c8.json,hek,202,194
assets/gl_hall/import/9e/9e727e9d-1a88-4c65-b0c7-a43aa467fa44.7871f.json,hek,86,78
assets/gl_hall/import/9f/9f49d1c0-efb5-454c-8dc0-1c13187c3885.a847f.json,hek,2084,4766
assets/gl_hall/import/9f/9f51a86b-15bf-4f6e-80e9-cfe890793744.7871f.json,hek,86,78
assets/gl_hall/import/9f/9fa46c17-4613-45fb-891f-b0b61b11901e.7871f.json,hek,86,78
assets/gl_hall/import/a2/a23235d1-15db-4b95-8439-a2e005bfff91.43d76.json,hek,206,198
assets/gl_hall/import/a2/a2452bb4-9099-4fc2-9a23-c6482925d77c.6d016.json,hek,1001,2036
assets/gl_hall/import/a2/a2500efb-e1f5-4259-8080-15cc7d8f1bb8.d8cce.json,hek,204,196
assets/gl_hall/import/a3/a39599f5-c56e-4781-afc0-6ea9f5f2e73b.7871f.json,hek,86,78
assets/gl_hall/import/a3/a3a25cb1-76ff-4b60-ba8d-92f950f16c4b.7871f.json,hek,86,78
assets/gl_hall/import/a3/a3e6d5e6-0ea5-4557-b92b-7335d85a1069.f01ad.json,hek,1975,4244
assets/gl_hall/import/a4/a484121d-7004-4d13-89ba-ef3bf411381a.7871f.json,hek,86,78
assets/gl_hall/import/a5/a557e779-8d48-43e0-9456-c797237e1a1d.ac98d.json,hek,137,129
assets/gl_hall/import/a6/a6765c9b-48f8-46e3-8a0d-2790d73a03ca.53622.json,hek,698,1958
assets/gl_hall/import/a6/a6f7c326-9848-43e6-bbb0-a67c40e55044.57536.json,hek,212,204
assets/gl_hall/import/a8/a87a3485-38a7-47c8-be19-984708a6fe38.7871f.json,hek,86,78
assets/gl_hall/import/ad/adbb90da-b6e5-46ef-b8f4-7a684020207c.f093e.json,hek,205,197
assets/gl_hall/import/af/afaf8ee3-f45f-4271-8d99-12f066eb8fc5.f7e1c.json,hek,401,393
assets/gl_hall/import/b1/b1ee3942-d447-4ada-aa84-6805c33b3c50.b76ad.json,hek,148,140
assets/gl_hall/import/b3/b32285e3-c3ed-496b-9ec5-c52d83691530.e0ce9.json,hek,203,195
assets/gl_hall/import/b4/b43ff3c2-02bb-4874-81f7-f2dea6970f18.7871f.json,hek,86,78
assets/gl_hall/import/b5/b5bbb6b1-bf17-4d3d-a7c3-727e48deb079.fad92.json,hek,204,196
assets/gl_hall/import/b7/b725c0f3-259d-4d17-a728-846d4aa2fee8.4da61.json,hek,7940,37309
assets/gl_hall/import/b8/b87a1ae7-f395-41aa-9b48-883b173bda6c.7871f.json,hek,86,78
assets/gl_hall/import/b9/b97692bd-4afa-42d8-8180-057792610955.b7eb8.json,hek,204,196
assets/gl_hall/import/b9/b99e43fe-2a28-4f2e-b872-92a337a4a11b.63c4c.json,hek,122,114
assets/gl_hall/import/ba/bada24d7-ec03-40ce-b88c-3e94793ca0f3.4005a.json,hek,211,203
assets/gl_hall/import/ba/baea7d3d-5998-48d4-ad06-2cdfded459f5.4b3a3.json,hek,86,78
assets/gl_hall/import/bc/bc3717a1-37c0-4950-b281-9b77f39d6252.b396d.json,hek,152,144
assets/gl_hall/import/bc/bcd8a4be-9dc7-4efe-87d9-769236f90467.bfd4f.json,hek,204,196
assets/gl_hall/import/be/be3b96db-069f-45d2-939d-f6c8e5042645.ac03c.json,hek,200,192
assets/gl_hall/import/be/bed1e03a-17fb-44f8-a6f5-b61da36981a1.2c8c2.json,hek,204,196
assets/gl_hall/import/c0/c06fc39c-c50c-4140-a25d-b6a2618365ce.5798f.json,hek,203,195
assets/gl_hall/import/c1/c19b47e8-0fc5-43fd-a89b-6724dd7544f6.7871f.json,hek,86,78
assets/gl_hall/import/c2/c2f7c863-d726-4a2e-9850-eebf7f96e056.a396c.json,hek,963,4048
assets/gl_hall/import/c7/c730ce9d-260e-4419-84f9-0ff5b9a46bdc.5a0a9.json,hek,1476,3348
assets/gl_hall/import/c7/c756d6a4-5971-41c7-945c-2ba57004a40f.732d4.json,hek,2792,7206
assets/gl_hall/import/c7/c7f2e035-9f28-426f-bf83-aa2af8dea667.7871f.json,hek,86,78
assets/gl_hall/import/ca/ca32d74e-5970-4af0-815d-3b711414ff82.84922.json,hek,1408,7726
assets/gl_hall/import/ca/caf7ecb9-e3da-40fd-a700-c4dac16ba14d.b74bd.json,hek,214,206
assets/gl_hall/import/cf/cf9ec00c-7be5-40bc-ab3a-a5fa2feade17.7871f.json,hek,86,78
assets/gl_hall/import/cf/cfc07099-fcd9-428b-8ebf-15680dbab6fd.7871f.json,hek,86,78
assets/gl_hall/import/d0/d09f8a86-332a-49b9-92d9-e1f31b56163e.d6e95.json,hek,213,205
assets/gl_hall/import/d0/d0c6f3ee-23a7-49e8-9b7b-9723eb0cc1d8.7871f.json,hek,86,78
assets/gl_hall/import/d1/d1663ac0-eefc-4205-bab0-2edfa04c77b5.709ac.json,hek,197,189
assets/gl_hall/import/d2/d2268c7e-81a2-49ca-9d2a-421df66b6e2c.4dd25.json,hek,202,194
assets/gl_hall/import/d2/d256ac27-12e9-4c03-b063-949751337fcb.4b3a3.json,hek,86,78
assets/gl_hall/import/d3/d318b6d1-7dc5-4357-842c-59de074cd782.59c8b.json,hek,1005,1908
assets/gl_hall/import/d3/d3d4b7ca-7154-4c11-a628-598a3be42e2c.7871f.json,hek,86,78
assets/gl_hall/import/d5/d51b890c-4b1a-4a2d-8e73-e6743aed5a57.7871f.json,hek,86,78
assets/gl_hall/import/d8/d8c36f04-0429-44d6-adb0-293c318e46e4.0c47f.json,hek,199,191
assets/gl_hall/import/db/db83d120-d136-4728-b25e-b863a8d8e034.4b3a3.json,hek,86,78
assets/gl_hall/import/db/dba5a97f-edb5-4aef-92a8-843d45b68c4a.7871f.json,hek,86,78
assets/gl_hall/import/dc/dc491aa2-d7da-4a34-8179-2ac13fcbb00a.ea537.json,hek,204,196
assets/gl_hall/import/dc/dca7e6fb-b05d-4ece-a0e6-ff9ae1937015.870f8.json,hek,210,202
assets/gl_hall/import/dc/dccbb8ae-c06d-406d-890d-7cf1af279506.7871f.json,hek,86,78
assets/gl_hall/import/de/de93cf2c-20a8-4319-9de3-c20779d824fb.b0eb9.json,hek,209,201
assets/gl_hall/import/df/df38cdb5-8f83-426d-8634-e72a980fdb50.7871f.json,hek,86,78
assets/gl_hall/import/df/df67356d-a024-440f-bfab-602fd349b2d9.7871f.json,hek,86,78
assets/gl_hall/import/e0/e009249d-bd4e-4aac-aaed-7edb921d1447.ec8e3.json,hek,3540,15172
assets/gl_hall/import/e3/e3e8640d-49fc-48ac-9ce1-6549e01b3691.d1a13.json,hek,222,214
assets/gl_hall/import/e3/e3f27e93-a967-4562-ab25-51d9f90fffb9.5dc8b.json,hek,144,136
assets/gl_hall/import/e4/e472a355-9818-4fa4-b3b8-2f3cc8b067c7.7871f.json,hek,86,78
assets/gl_hall/import/e5/e57a3ef9-fa31-4f76-b5b7-7b52f4269c12.d479e.json,hek,201,193
assets/gl_hall/import/e5/e5da748e-e093-490a-921d-6ab334786695.7871f.json,hek,86,78
assets/gl_hall/import/e6/e6bd9f37-bd67-4f81-a933-40beaa8bb841.7871f.json,hek,86,78
assets/gl_hall/import/e8/e851e89b-faa2-4484-bea6-5c01dd9f06e2.7871f.json,hek,86,78
assets/gl_hall/import/e8/e879eb63-ca5b-40e0-ad9b-44ce74f0b57c.cdf9d.json,hek,201,193
assets/gl_hall/import/e9/e9ec654c-97a2-4787-9325-e6a10375219a.12f08.json,hek,212,204
assets/gl_hall/import/ea/eae7ca1b-2b10-4b52-b135-3a51bf32f68b.8dff2.json,hek,138,130
assets/gl_hall/import/ec/ec43e0ca-ee6f-41b1-a40e-d7731424c629.5ddb4.json,hek,6097,54240
assets/gl_hall/import/ee/ee2ef7f4-0612-43ef-97eb-470a9250db0e.585e6.json,hek,7113,41766
assets/gl_hall/import/ef/ef4d1439-7eef-4626-83eb-9ab12360b9c5.0decd.json,hek,197,189
assets/gl_hall/import/ef/ef6be648-6ed5-4e30-9473-64daf3f4f184.a17d7.json,hek,204,196
assets/gl_hall/import/ef/eff18e2a-5e1d-4983-b423-9100887ecb79.62d30.json,hek,198,190
assets/gl_hall/import/f0/f0048c10-f03e-4c97-b9d3-3506e1d58952.35a1e.json,hek,211,203
assets/gl_hall/import/f1/f13261d7-8f70-47ae-8e8b-551fc6891b36.7871f.json,hek,86,78
assets/gl_hall/import/f1/f13e9cf5-9107-4861-b0be-edf011231573.9b7ed.json,hek,204,196
assets/gl_hall/import/f2/f20e8137-47e6-4410-b965-092e225a6d3e.7871f.json,hek,86,78
assets/gl_hall/import/f2/f22ec93e-1b02-48ab-942a-b009dab62992.e9ac0.json,hek,568,2100
assets/gl_hall/import/f3/f3079dac-cfd9-43d0-9b31-3c5637980e5c.7871f.json,hek,86,78
assets/gl_hall/import/f5/f53351a0-8a64-4fd7-b41b-6319777f536b.e47c0.json,hek,204,196
assets/gl_hall/import/f5/f5ef3a84-833d-41bd-af4f-15dcda1ac102.fbc87.json,hek,206,198
assets/gl_hall/import/f5/f5fdd7b2-3f5b-4475-968e-459f6b559df1.7871f.json,hek,86,78
assets/gl_hall/import/f7/f78802a0-47fc-4629-9cd8-1db7284a6318.4d45a.json,hek,201,193
assets/gl_hall/import/fb/fba1dd84-4dc4-4525-89cf-96ff4669ea8f.7871f.json,hek,86,78
assets/gl_hall/import/fb/fbc8d016-e5f0-4097-80a3-ac4e326e0377.8d9a3.json,hek,946,1982
assets/gl_hall/import/fb/fbf307b8-6c75-444f-b135-ed869e1e964d.4b3a3.json,hek,86,78
assets/gl_hall/import/fd/fd020788-34a9-4f03-b94e-cc667a0ca6dc.7274d.json,hek,2193,5098
assets/gl_hall/import/fe/feb9a115-76ac-4aad-be73-189f4add3bc4.b0e73.json,hek,217,209
assets/gl_hall/import/ff/ff9da828-3a18-4337-8725-b099ca606d8c.7871f.json,hek,86,78
assets/gl_hall/index.b6be2.jsc,jsc,46052,221153
assets/gl_hall/native/02/025c639e-b5d9-46d5-85e5-6364ff319a39.9d8b0.png,hek,2799,2791
assets/gl_hall/native/08/080b5484-9b8a-490a-956a-a6005a4c7e33.060d5.png,hek,1259,1251
assets/gl_hall/native/08/08d86be3-bb12-4aa5-8a30-4687dcf3ab8d.61356.png,hek,12724,12716
assets/gl_hall/native/0c/0c63b14b-3fa4-47b8-b223-e2256b247d21.6944d.ogg,明文,23591,23591
assets/gl_hall/native/0d/0d102ceb-2cf6-41d1-82ab-aa7ca1911b85.f20dc.png,hek,16613,16605
assets/gl_hall/native/0f/0f9eca24-ca36-49ea-a40f-98d5cb6354a8.395e2.jpg,hek,31032,31024
assets/gl_hall/native/17/173a9c98-a32d-40e2-8885-f33758409b60.6cf46.jpg,hek,26870,26862
assets/gl_hall/native/17/176fd7da-5306-4745-ac0b-43b831eb3c10.49119.png,hek,3736,3728
assets/gl_hall/native/1b/1b1ada0b-1aa2-43b3-82cb-bf4692eeceb5.87ee9.png,hek,1611,1603
assets/gl_hall/native/1c/1c391349-4570-4db5-8049-2fffcd55cf55.2a892.png,hek,599,591
assets/gl_hall/native/22/22351de5-0ca3-41b6-8b3b-e6e75624a12e.64e1e.png,hek,871,863
assets/gl_hall/native/22/22a93283-32bf-48ff-ae5a-be1185cd0b55.3c358.png,hek,2228,2220
assets/gl_hall/native/23/235723db-85b4-4c0d-a864-109ee342b174.acc8c.jpg,hek,26005,25997
assets/gl_hall/native/23/239835e6-0e27-4784-a36d-8c5c25de7ac6.8c911/Roboto-Bold.ttf,明文,146768,146768
assets/gl_hall/native/24/24086b01-b4b3-42c9-8dbd-f6f57b87b44d.71677.png,hek,1850,1842
assets/gl_hall/native/25/25c834ae-7edb-4176-a610-f74d79c255cd.b7782.jpg,hek,13769,13761
assets/gl_hall/native/28/283cee8a-507e-4ee1-9492-f6d3592f416b.f3ab8.png,hek,2822,2814
assets/gl_hall/native/2e/2e139e90-8991-454e-953e-0a58c79f3e0b.87fd6.png,hek,23084,23076
assets/gl_hall/native/30/303464aa-c4de-42e6-836b-3236865b01fe.f67bf.png,hek,11025,11017
assets/gl_hall/native/35/3502b55b-6958-4099-82ed-b702df5002e4.42359.png,hek,965,957
assets/gl_hall/native/35/3511ea79-af7f-40b5-bb3d-dc6602b12139.c6407.jpg,hek,42068,42060
assets/gl_hall/native/35/352435b8-dcf9-4795-93ea-7c4a19ea3a8f.ac08f.ogg,明文,4903,4903
assets/gl_hall/native/35/3571c954-a27b-405a-996b-904a5242703d.921fb.atlas,hek,735,727
assets/gl_hall/native/38/38acafcd-14ae-4b69-836e-d56c5753ce81.aafc7.png,hek,1006,998
assets/gl_hall/native/39/39294ab7-5deb-44ed-86e0-c751abb566f1.1c06c.png,hek,9562,9554
assets/gl_hall/native/39/39472e2c-5c4a-4a34-bddb-cb45430ba6ef.d2546.png,hek,2147,2139
assets/gl_hall/native/3a/3a67cb70-67c6-456d-9145-56804da88d1b.8e058.png,hek,302,294
assets/gl_hall/native/3c/3cb00a54-3299-4962-9256-8f519aa15ffc.ebe0e.png,hek,3569,3561
assets/gl_hall/native/41/416c0629-12f2-4b8e-9459-e94ba857190b.62ac2.jpg,hek,48805,48797
assets/gl_hall/native/47/47a32abd-6e2b-48aa-a16d-1287e47b4f60.9fc64.png,hek,11700,11692
assets/gl_hall/native/48/48ce643b-26f7-4d29-b515-2762a7251bf7.02a36.png,hek,1183,1175
assets/gl_hall/native/51/51114046-d6df-45b9-bb81-e0544fea5569.75be3.png,hek,4437,4429
assets/gl_hall/native/52/52e3c8d1-4900-4db0-b5ec-a6c0aca27827.76bfe.atlas,hek,429,1425
assets/gl_hall/native/54/546f796e-e14f-4af2-8a2b-489e843553da.d9c9b.jpg,hek,24767,24759
assets/gl_hall/native/56/56aecd66-d6a7-41f0-b6b5-adea7c8dc892.ac779/NotoSansKhmer-SemiBold.ttf,明文,106224,106224
assets/gl_hall/native/56/56de2428-d6c3-4433-9b8a-6a6d5bf4d2be.c69c6.png,hek,978,970
assets/gl_hall/native/59/59c217f1-0a2d-418e-8872-0a15f79be9c5.02132.jpg,hek,12306,18023
assets/gl_hall/native/60/60e09a0e-7b31-4330-a7ee-0a1906459f18.77ff3.png,hek,9819,9811
assets/gl_hall/native/61/611cd3a2-273f-48b8-8661-cd6a93371684.9b8b3.jpg,hek,71607,71599
assets/gl_hall/native/62/621b7bc1-955e-4e33-910c-eba51741f09a.95cfc.png,hek,1393,1385
assets/gl_hall/native/62/62692e9b-f41e-462e-97f8-28b17d90a131.08f34.png,hek,23037,23029
assets/gl_hall/native/63/63f83f6b-4592-4bac-84a6-6f5974121f09.dbe8e.ogg,明文,246527,246527
assets/gl_hall/native/64/64ea9314-0b78-488e-8e13-64c00a370896.8f033.png,hek,10539,10531
assets/gl_hall/native/65/6510e59d-b0d9-4e7c-9378-2ac2c3dba47d.95c6b.png,hek,1037,1029
assets/gl_hall/native/6a/6a7f7ebc-5d6f-4864-9de3-a9124cadab44.e785a/Rubik-Medium.ttf,明文,208204,208204
assets/gl_hall/native/6a/6a876686-e834-4016-ba06-99946118639d.86f92.png,hek,13620,13612
assets/gl_hall/native/6f/6f578a35-a55d-45cd-9083-b2eb83e3a246.81b2d.atlas,hek,371,1102
assets/gl_hall/native/70/70336ea6-09a7-4393-b1ef-640e4f1c7ec3.bcf58.png,hek,881573,881565
assets/gl_hall/native/71/711c4783-c483-4659-a296-26c2bf2cec00.3c3e1.png,hek,2069,2061
assets/gl_hall/native/71/71561142-4c83-4933-afca-cb7a17f67053.c06a9.png,hek,732,1050
assets/gl_hall/native/74/74183721-bd81-4936-9ae0-9b7fcda3a54e.95490.png,hek,2524,2516
assets/gl_hall/native/74/74672bf0-6c68-4b6a-8550-659b7d1b61dc.76f2a.png,hek,2347,2339
assets/gl_hall/native/76/76aa03cb-ba32-464e-bdb0-9c5964b0b7ac.cea68.png,hek,90,82
assets/gl_hall/native/79/79a464be-ee63-4c34-9aae-da89e859f1f6.1e054.png,hek,2933,2925
assets/gl_hall/native/7a/7a19d0aa-e52a-487d-bc62-bca4e9dc885d.efce7.png,hek,31022,31014
assets/gl_hall/native/7c/7c9d4954-c787-46ca-8992-bc0a7171e779.0dce3.png,hek,937,929
assets/gl_hall/native/7e/7e6beaec-8e5c-4bc5-bc7e-9599ab4cb77c.51883.png,hek,6922,6914
assets/gl_hall/native/83/8359896f-78ed-4f66-a12f-70b16baa89b4.7d2ab.jpg,hek,22831,22823
assets/gl_hall/native/83/83edc9da-6743-4587-a8f1-b521f25cb366.fd44f.png,hek,4070,4062
assets/gl_hall/native/86/862143ce-e220-4bad-961a-63fb4d829e9c.04ebf.png,hek,12285,12277
assets/gl_hall/native/88/88a57816-485a-4ad4-b00c-ae6ac2ffe8a3.b6ac6.png,hek,133065,133057
assets/gl_hall/native/8c/8ceea138-0488-411a-a4f8-0daabdfe0dc8.36e6b.atlas,hek,554,2118
assets/gl_hall/native/8e/8ed24086-36b0-4400-a801-0a95d6e669a6.c2c6f.png,hek,15981,15973
assets/gl_hall/native/94/94eb0944-7017-497e-8e18-34c99be72e9a.32134.jpg,hek,32501,32493
assets/gl_hall/native/98/98c6e732-4d25-456c-9d04-2a9b797f1bf3.01312.jpg,hek,23747,23739
assets/gl_hall/native/98/98d791ab-0cf6-4693-917a-843d0dd532e7.d104a.ogg,明文,13727,13727
assets/gl_hall/native/9e/9e727e9d-1a88-4c65-b0c7-a43aa467fa44.01555.png,hek,9551,9543
assets/gl_hall/native/9f/9f51a86b-15bf-4f6e-80e9-cfe890793744.c7d65.png,hek,9259,9251
assets/gl_hall/native/9f/9fa46c17-4613-45fb-891f-b0b61b11901e.a5aa5.png,hek,1926,1918
assets/gl_hall/native/a3/a39599f5-c56e-4781-afc0-6ea9f5f2e73b.061e7.png,hek,2186,2178
assets/gl_hall/native/a3/a3a25cb1-76ff-4b60-ba8d-92f950f16c4b.47973.png,hek,976,968
assets/gl_hall/native/a4/a484121d-7004-4d13-89ba-ef3bf411381a.c1747.png,hek,1456,1448
assets/gl_hall/native/a5/a557e779-8d48-43e0-9456-c797237e1a1d.fffb5.ogg,明文,4832,4832
assets/gl_hall/native/a8/a87a3485-38a7-47c8-be19-984708a6fe38.e37c3.png,hek,5644,5636
assets/gl_hall/native/b1/b1ee3942-d447-4ada-aa84-6805c33b3c50.ddf6c/NotoSansArmenian-SemiBold.ttf,明文,49972,49972
assets/gl_hall/native/b4/b43ff3c2-02bb-4874-81f7-f2dea6970f18.83fcc.png,hek,1122,1114
assets/gl_hall/native/b8/b87a1ae7-f395-41aa-9b48-883b173bda6c.1d110.png,hek,10670,10662
assets/gl_hall/native/b9/b99e43fe-2a28-4f2e-b872-92a337a4a11b.2fedc/Kanit-Medium.ttf,明文,171336,171336
assets/gl_hall/native/ba/baea7d3d-5998-48d4-ad06-2cdfded459f5.914bb.jpg,hek,10630,15412
assets/gl_hall/native/bc/bc3717a1-37c0-4950-b281-9b77f39d6252.f246b/NotoSansDevanagari-SemiBold.ttf,明文,221752,221752
assets/gl_hall/native/c1/c19b47e8-0fc5-43fd-a89b-6724dd7544f6.be673.png,hek,2055,2047
assets/gl_hall/native/c7/c7f2e035-9f28-426f-bf83-aa2af8dea667.64e1e.png,hek,871,863
assets/gl_hall/native/cf/cf9ec00c-7be5-40bc-ab3a-a5fa2feade17.8e49c.png,hek,1247,1239
assets/gl_hall/native/cf/cfc07099-fcd9-428b-8ebf-15680dbab6fd.3dceb.png,hek,18562,18554
assets/gl_hall/native/d0/d0c6f3ee-23a7-49e8-9b7b-9723eb0cc1d8.6bc47.png,hek,639,631
assets/gl_hall/native/d2/d256ac27-12e9-4c03-b063-949751337fcb.46a58.jpg,hek,24955,24947
assets/gl_hall/native/d3/d3d4b7ca-7154-4c11-a628-598a3be42e2c.8a9d4.png,hek,170027,170019
assets/gl_hall/native/d5/d51b890c-4b1a-4a2d-8e73-e6743aed5a57.42359.png,hek,965,957
assets/gl_hall/native/db/db83d120-d136-4728-b25e-b863a8d8e034.a06d2.jpg,hek,78411,78403
assets/gl_hall/native/db/dba5a97f-edb5-4aef-92a8-843d45b68c4a.fd6e7.png,hek,12080,12072
assets/gl_hall/native/dc/dccbb8ae-c06d-406d-890d-7cf1af279506.fdc8f.png,hek,16184,16176
assets/gl_hall/native/df/df38cdb5-8f83-426d-8634-e72a980fdb50.90433.png,hek,12662,12654
assets/gl_hall/native/df/df67356d-a024-440f-bfab-602fd349b2d9.23a70.png,hek,7332,7324
assets/gl_hall/native/e3/e3f27e93-a967-4562-ab25-51d9f90fffb9.87941.ogg,明文,26208,26208
assets/gl_hall/native/e4/e472a355-9818-4fa4-b3b8-2f3cc8b067c7.3fdd7.png,hek,7052,7044
assets/gl_hall/native/e5/e5da748e-e093-490a-921d-6ab334786695.9717e.png,hek,2607,2599
assets/gl_hall/native/e6/e6bd9f37-bd67-4f81-a933-40beaa8bb841.42359.png,hek,965,957
assets/gl_hall/native/e8/e851e89b-faa2-4484-bea6-5c01dd9f06e2.90cf4.png,hek,761,1082
assets/gl_hall/native/ea/eae7ca1b-2b10-4b52-b135-3a51bf32f68b.60a7b.ogg,明文,32222,32222
assets/gl_hall/native/f1/f13261d7-8f70-47ae-8e8b-551fc6891b36.63a9e.png,hek,4566,4558
assets/gl_hall/native/f2/f20e8137-47e6-4410-b965-092e225a6d3e.dad81.png,hek,909,901
assets/gl_hall/native/f3/f3079dac-cfd9-43d0-9b31-3c5637980e5c.93a89.png,hek,8788,8780
assets/gl_hall/native/f5/f5fdd7b2-3f5b-4475-968e-459f6b559df1.d964a.png,hek,9606,9598
assets/gl_hall/native/fb/fba1dd84-4dc4-4525-89cf-96ff4669ea8f.642e3.png,hek,1274,1266
assets/gl_hall/native/fb/fbf307b8-6c75-444f-b135-ed869e1e964d.31b03.jpg,hek,32782,32774
assets/gl_hall/native/ff/ff9da828-3a18-4337-8725-b099ca606d8c.69ba5.png,hek,7900,7892
assets/gl_mahjong/config.66f0b.json,hek,11568,27114
assets/gl_mahjong/import/00/008acc30-96da-4a5d-9efd-e1739883f80e.7871f.json,hek,86,78
assets/gl_mahjong/import/00/00c45392-5193-4d94-9bc9-6d5deb544f5e.26419.json,hek,203,195
assets/gl_mahjong/import/02/0239e0ba-a951-4f8b-a395-90f59a97238c.ce6a1.json,hek,199,191
assets/gl_mahjong/import/03/031140a0-2a9e-4ee9-acfb-8303fcea06a7.0434f.json,hek,2012,16619
assets/gl_mahjong/import/03/03aa066b-dd21-46c1-85cc-6841470119a5.7871f.json,hek,86,78
assets/gl_mahjong/import/04/04b95b71-d18c-403d-bc0c-91d8396f2653.9ea6e.json,hek,2325,11924
assets/gl_mahjong/import/04/04bf26dc-05a2-4917-9a6f-e3bf706ac487.715c2.json,hek,5014,16787
assets/gl_mahjong/import/04/04cdb69c-b2ef-48d3-9320-803756c5488e.7871f.json,hek,86,78
assets/gl_mahjong/import/05/0502ffbb-4282-4188-a1e9-3298e86c85a1.b7a93.json,hek,1454,6276
assets/gl_mahjong/import/08/08191744-249c-404d-acfe-56dfdfea9105.12b9e.json,hek,199,191
assets/gl_mahjong/import/09/094f4143-e2c9-4cb1-bdb1-496133cd740e.e3229.json,hek,1910,11465
assets/gl_mahjong/import/09/095f7404-af60-4d16-ad84-18787d553366.f961b.json,hek,647,5939
assets/gl_mahjong/import/09/0971da6b-d87a-45e1-a85d-47499866f1ad.57cbf.json,hek,130,122
assets/gl_mahjong/import/09/0999c42e-08e9-4902-9f43-96aba19d071a.0f1fe.json,hek,203,195
assets/gl_mahjong/import/0b/0b7375ad-b82e-4c38-943d-5bed5a5650e6.8febc.json,hek,4840,16969
assets/gl_mahjong/import/0b/0b92346c-5a45-4058-9904-9eae9c4fe5af.d7473.json,hek,2465,14238
assets/gl_mahjong/import/0c/0c1146ea-14bf-4048-8ed3-10d505ac6cd6.66070.json,hek,201,193
assets/gl_mahjong/import/0c/0c266a6d-6e0f-408a-905c-0ab049decf8a.ff361.json,hek,616,3783
assets/gl_mahjong/import/0d/0d1b1ba6-c982-431d-994b-9a6f58460079.2810e.json,hek,1577,7415
assets/gl_mahjong/import/0d/0d1bd8bb-a158-4469-a825-10cee733e636.50a70.json,hek,632,1093
assets/gl_mahjong/import/0e/0e9dbcf7-4302-4be7-a859-8d00682a8388.15e22.json,hek,317,309
assets/gl_mahjong/import/0f/0f481c47-acbe-4241-a9f5-2df3c17dba59.2ac1d.json,hek,4517,11025
assets/gl_mahjong/import/10/1007b6c6-e625-40ac-a6f1-baef0f09fa69.7d2de.json,hek,3567,19154
assets/gl_mahjong/import/11/11bef511-15d3-412c-8b6b-c0f6d0ddbd3c.7871f.json,hek,86,78
assets/gl_mahjong/import/11/11e967f3-8faa-4dfb-8eaf-5495b9758527.9a8a4.json,hek,216,208
assets/gl_mahjong/import/12/12f97322-581e-4be9-ae7f-8ef0599de051.722cf.json,hek,20987,111180
assets/gl_mahjong/import/13/133ce683-a3d9-4656-b8b4-c22e07311d59.eaeed.json,hek,3759,16359
assets/gl_mahjong/import/16/167a7b89-fc58-412b-8d54-7fef1e9de1bd.28543.json,hek,1422,4167
assets/gl_mahjong/import/17/1774c7fa-c617-4387-8af0-ecde2e9e5b5f.82c29.json,hek,437,1353
assets/gl_mahjong/import/17/17bb864d-2022-4c03-ab69-a7b2f9862802.a0a7e.json,hek,117,109
assets/gl_mahjong/import/18/18c6feed-a520-4abd-ba38-f14ec430c22e.f3c8e.json,hek,212,204
assets/gl_mahjong/import/1a/1a2f175c-1e4c-48cc-9777-96e0a7e93af4.bcbb0.json,hek,203,195
assets/gl_mahjong/import/1a/1a4a9d08-4bdf-4423-907e-9177919c7bac.0d8a2.json,hek,205,197
assets/gl_mahjong/import/1a/1ac90062-1d83-4fc9-a1a4-dad87c887ba1.488d4.json,hek,215,207
assets/gl_mahjong/import/1a/1ae4e665-309e-4b17-a82c-719f9a6a12a6.7871f.json,hek,86,78
assets/gl_mahjong/import/1b/1b57ed19-6b50-469a-b0ee-839bace36324.dc493.json,hek,524,1456
assets/gl_mahjong/import/1b/1be2746f-3746-4125-96e5-f82d207c01c1.7871f.json,hek,86,78
assets/gl_mahjong/import/1d/1d6a3d86-8847-4e43-bf7b-86d4cc8003b1.7871f.json,hek,86,78
assets/gl_mahjong/import/1d/1dca80af-ca63-4024-ba19-7da2b9568f07.7871f.json,hek,86,78
assets/gl_mahjong/import/1f/1f72d9c4-8c63-43cf-9995-357a1705b107.7a262.json,hek,200,192
assets/gl_mahjong/import/1f/1ff98489-f2f6-4218-a9e1-3f8ac4b0a0c1.7871f.json,hek,86,78
assets/gl_mahjong/import/21/21ea528c-27e5-4b8c-9341-1700d46ccec4.904df.json,hek,4248,10525
assets/gl_mahjong/import/22/222f38a4-555b-47e4-869b-26478235a2c2.7871f.json,hek,86,78
assets/gl_mahjong/import/23/233b8150-9e48-417f-864c-0a1f756a611d.4b5d9.json,hek,197,189
assets/gl_mahjong/import/24/24083579-66ec-4113-a1e1-86a3b244d34a.7871f.json,hek,86,78
assets/gl_mahjong/import/24/248c9515-d4d4-4572-937c-a63b4548aeee.073d2.json,hek,127,119
assets/gl_mahjong/import/25/25480e28-b438-41b6-bbc4-fe87cdf983e2.56c3f.json,hek,530,1251
assets/gl_mahjong/import/26/26bdfd0d-13f9-40ef-8ba1-9136e426b830.4c5e4.json,hek,120,112
assets/gl_mahjong/import/27/27057472-f187-475d-8ac0-c7c6af6b75f7.7871f.json,hek,86,78
assets/gl_mahjong/import/27/27d38f4c-600b-4715-a950-8d7580ff86fb.9fffc.json,hek,5777,22835
assets/gl_mahjong/import/28/281a52a3-a207-4131-a96a-edf1504e6a1b.a2edb.json,hek,123,115
assets/gl_mahjong/import/28/2820850e-e37f-48a0-b0c0-425fb5156a12.bfe16.json,hek,224,216
assets/gl_mahjong/import/29/29158224-f8dd-4661-a796-1ffab537140e.6dda3.json,hek,213,205
assets/gl_mahjong/import/29/296c7fc2-67a9-42c2-9de1-a866863d8921.7871f.json,hek,86,78
assets/gl_mahjong/import/29/2984db20-d4e4-40f6-a084-f3e7477eb9a8.52edc.json,hek,5417,22515
assets/gl_mahjong/import/29/29b3640b-b5cb-4ae8-ade4-a81c1ec8f1b0.49aad.json,hek,197,189
assets/gl_mahjong/import/2b/2b08685f-a9ee-451a-a6d1-2e6d2f58c769.5f280.json,hek,195,187
assets/gl_mahjong/import/2b/2b1363f1-3743-4ee7-abe1-7c041cb3980a.68604.json,hek,199,191
assets/gl_mahjong/import/2c/2ce62833-c9de-4e07-98db-4c2250ed03d2.09f76.json,hek,214,206
assets/gl_mahjong/import/2e/2e326bb4-2764-4afe-a77d-31c2fdaf909c.bbd2f.json,hek,125,117
assets/gl_mahjong/import/2e/2ec61f07-ff14-4fea-9ff3-f714bfac1d37.7871f.json,hek,86,78
assets/gl_mahjong/import/2e/2ef7d341-af1c-4296-90a7-780719fa242f.30604.json,hek,195,187
assets/gl_mahjong/import/2f/2f80cf60-559a-449b-a22f-59d39ff64223.109ce.json,hek,203,195
assets/gl_mahjong/import/2f/2fc01440-0d47-428e-8431-bdba6ae29db5.7871f.json,hek,86,78
assets/gl_mahjong/import/30/302a60bc-4f31-491d-a753-949e4a4615f5.ed3b1.json,hek,5718,20352
assets/gl_mahjong/import/30/306425fd-84d2-4fc4-80a9-318d47e39c93.e678a.json,hek,210,202
assets/gl_mahjong/import/31/31434c61-8314-41cd-a7a3-c603f0f351a5.d820c.json,hek,559,1268
assets/gl_mahjong/import/33/333311e7-f817-42e9-8313-155ad2f33f85.1af92.json,hek,207,199
assets/gl_mahjong/import/34/34912ec0-a4eb-4ab9-83d8-c080e457a00e.e2a71.json,hek,197,189
assets/gl_mahjong/import/34/34c50ddb-38f3-4c42-9922-948a9638df99.66001.json,hek,125,117
assets/gl_mahjong/import/35/355f08f2-65d5-4533-9b58-f277f0bda1d6.7871f.json,hek,86,78
assets/gl_mahjong/import/35/35bbdba3-f349-42ae-82e6-f86bd64d5cab.59144.json,hek,4409,15594
assets/gl_mahjong/import/36/3609cd79-ca48-4ed5-a503-bf50ec36a2a3.06d69.json,hek,197,189
assets/gl_mahjong/import/37/3761a21b-21e5-497f-82fa-6b000e1d0b92.10197.json,hek,2602,13785
assets/gl_mahjong/import/37/37c28643-002d-4dca-84f1-56b873dd4461.539e8.json,hek,195,187
assets/gl_mahjong/import/38/38b0de56-cc0c-4749-bec0-e43399a8a727.fafbf.json,hek,202,194
assets/gl_mahjong/import/38/38f4bb54-5b0b-4c5b-90c9-9ecb682f3884.14493.json,hek,200,192
assets/gl_mahjong/import/39/390fae5d-b076-4e45-a68f-3c11a05d83d8.327e0.json,hek,197,189
assets/gl_mahjong/import/39/39612611-d386-45a1-ac2d-c14d64a69622.0308b.json,hek,201,193
assets/gl_mahjong/import/39/39ae70d5-2f87-43a9-9d84-eaa0a15d5dc6.3d304.json,hek,494,486
assets/gl_mahjong/import/3a/3a61100b-99ce-4307-9a04-467a030c6a7c.9d922.json,hek,318,310
assets/gl_mahjong/import/3b/3b44a908-9374-43a5-9fc0-420e3f7eb14a.13418.json,hek,199,191
assets/gl_mahjong/import/3b/3b4cda8e-9cc7-452d-acf5-701a0b9f5b28.c2802.json,hek,940,8538
assets/gl_mahjong/import/3c/3cc87c41-6b35-4aad-a6a9-153b592e2b27.d5328.json,hek,135,127
assets/gl_mahjong/import/3d/3dede86b-8bc7-42ab-bf7d-35397bab898d.a765b.json,hek,134,126
assets/gl_mahjong/import/3f/3ff866b7-38a9-40c3-b91d-2b828aa6ec0c.cf372.json,hek,199,191
assets/gl_mahjong/import/41/4139a682-1344-4897-8f43-b07cbf5feafa.7871f.json,hek,86,78
assets/gl_mahjong/import/41/41f7ca5e-0835-4989-85a3-41a19f134ad8.a3b45.json,hek,206,198
assets/gl_mahjong/import/42/421ad564-8ee8-4a4a-95fb-5e6324526c5c.d4b60.json,hek,122,114
assets/gl_mahjong/import/42/42fbbd38-32c1-4c60-9c73-7723eb4f536f.7871f.json,hek,86,78
assets/gl_mahjong/import/43/435bfd1f-1a4a-4095-bfee-46ebf8f35044.f1f7d.json,hek,132,124
assets/gl_mahjong/import/44/44143138-edd7-4514-a754-56a55dcbec1e.1510b.json,hek,199,191
assets/gl_mahjong/import/44/443ee50c-5643-4a3a-af72-ccaaccbf8cc7.7871f.json,hek,86,78
assets/gl_mahjong/import/44/4480c6b8-9294-45c6-a587-388133ec7fa5.f5625.json,hek,553,545
assets/gl_mahjong/import/44/44d7533f-196a-46f5-b3c7-54d1e3572651.b2766.json,hek,207,199
assets/gl_mahjong/import/44/44eefcad-732a-4d32-b83a-eae13c1a77e7.e8839.json,hek,206,198
assets/gl_mahjong/import/45/45022bb7-b17c-450d-bdb2-5461c2ee0aed.4b098.json,hek,202,194
assets/gl_mahjong/import/47/47b2f2c4-96fc-459d-84a1-87f5904dc5f7.dd46c.json,hek,199,191
assets/gl_mahjong/import/49/496ec8b0-f8dd-415a-b8d2-9a199cd86723.44f02.json,hek,722,714
assets/gl_mahjong/import/4a/4a6df79f-287c-4a5e-a79e-a8f442f16395.6b175.json,hek,202,194
assets/gl_mahjong/import/4a/4a9ccf72-27c5-43f6-a284-3206a67ff5b1.a68a0.json,hek,1274,3643
assets/gl_mahjong/import/4a/4aaeb84e-b797-42a6-bbd2-b3fca624dd42.e2511.json,hek,819,2800
assets/gl_mahjong/import/4d/4d1d3883-8694-4504-8bca-82a89d876e58.b3b39.json,hek,202,194
assets/gl_mahjong/import/4d/4d5b6569-e7c7-48e3-9c1d-f055f8a565b1.d22a2.json,hek,222,214
assets/gl_mahjong/import/4d/4d70fe3a-5228-4887-acf1-61f64c3a7760.f0982.json,hek,134,126
assets/gl_mahjong/import/4e/4e5693d2-cfdd-49ca-92a4-ebc361ba0fd9.6ee1f.json,hek,219,211
assets/gl_mahjong/import/4e/4ea68163-4fbc-4a2d-83ac-85631c992b65.6ba42.json,hek,208,200
assets/gl_mahjong/import/4e/4eb31cd4-0c74-4005-a591-f3badad80b65.3d4b8.json,hek,130,122
assets/gl_mahjong/import/4f/4f43cdae-d2b1-45f0-a52c-e9bc181eb50d.c1386.json,hek,205,197
assets/gl_mahjong/import/51/511eb097-0c11-4978-8cf9-4c38f2544bd9.00aa8.json,hek,201,193
assets/gl_mahjong/import/51/518673cf-dd4c-4492-94dd-4a4a3661d980.7871f.json,hek,86,78
assets/gl_mahjong/import/52/52b4536c-8c53-4905-9bbd-67cbcda45e1e.7871f.json,hek,86,78
assets/gl_mahjong/import/53/53a0a524-6343-456f-8a60-1c83102badf3.792ca.json,hek,5503,19815
assets/gl_mahjong/import/53/53f911bc-2a31-4a18-9e63-9a44072eb1b2.7871f.json,hek,86,78
assets/gl_mahjong/import/54/54210b85-0621-4fbf-a8f4-2d794e44b5b9.43038.json,hek,201,193
assets/gl_mahjong/import/54/5442fff2-c979-4395-a8c2-732441bdfc6e.b7ff9.json,hek,601,593
assets/gl_mahjong/import/55/55c4288d-b81c-42f1-b5c3-cfc79bddfa0f.96e6b.json,hek,3393,13038
assets/gl_mahjong/import/56/56dc9c6e-ea00-46df-a047-333e6ab87bf8.f6e5d.json,hek,3230,21184
assets/gl_mahjong/import/57/57c9754c-726e-4783-b0c7-2dcb966cfe84.7871f.json,hek,86,78
assets/gl_mahjong/import/57/57f90665-4ebb-446d-a7bd-971bcee32646.55ec7.json,hek,119,111
assets/gl_mahjong/import/59/597345c4-7860-4f8a-9d44-1292635c0493.3c2bb.json,hek,756,1406
assets/gl_mahjong/import/5a/5a761315-4562-4ee7-be9c-f03a3124bd78.6e9be.json,hek,2217,11650
assets/gl_mahjong/import/5b/5b3c9193-1b55-4380-b1c5-dbb052df56b0.c1e55.json,hek,197,189
assets/gl_mahjong/import/5b/5bc2586a-ffb1-442b-b0a7-85635c134d8b.7871f.json,hek,86,78
assets/gl_mahjong/import/5c/5c8f6e6f-f5de-4f6a-bfed-8447b7fc0f65.24b16.json,hek,199,191
assets/gl_mahjong/import/5c/5ce91fa3-7bed-459b-93e0-798ac16efc49.cbb89.json,hek,594,586
assets/gl_mahjong/import/5e/5ecb19e0-2543-42b0-9ba9-12e6b7c1d92b.42cad.json,hek,3749,16332
assets/gl_mahjong/import/5f/5f06b3c9-bd0c-4e8a-8d17-62511012dd99.2c4a2.json,hek,208,200
assets/gl_mahjong/import/5f/5f372e69-ef68-49bc-af69-ae85d84fe667.4a62c.json,hek,195,187
assets/gl_mahjong/import/60/6054cba1-0e8c-4bf9-906c-f7a4e9e201fb.5f05c.json,hek,312,304
assets/gl_mahjong/import/60/60956b82-7605-4fae-ae32-a2352530ee5a.e07ac.json,hek,3619,13854
assets/gl_mahjong/import/62/622ea46b-7f09-4f19-a359-073f95c1d56c.d4aee.json,hek,121,113
assets/gl_mahjong/import/62/629ac84e-ed23-40d1-b7b3-c734c60f3a5c.814bc.json,hek,204,196
assets/gl_mahjong/import/62/62aada0d-1c6b-4ea8-a45a-2c9c776a8ffa.b9398.json,hek,807,1510
assets/gl_mahjong/import/63/63594b0c-fdf1-4dc2-a568-b847ba60d1bd.36a16.json,hek,5163,18446
assets/gl_mahjong/import/65/6534c30e-0d61-4a91-a426-8e7609c141ea.7871f.json,hek,86,78
assets/gl_mahjong/import/65/65c20286-688d-41a7-b4fc-ecfbcb8281e4.08f57.json,hek,5864,20371
assets/gl_mahjong/import/65/65c43f41-ca09-4be4-ac17-804226049c0c.3e425.json,hek,203,195
assets/gl_mahjong/import/65/65cc0cf5-829d-4b8e-a1c0-05b2d2b355ee.7871f.json,hek,86,78
assets/gl_mahjong/import/65/65f37e92-ac60-4387-9d4e-064f28acd69e.7871f.json,hek,86,78
assets/gl_mahjong/import/67/67670969-36ae-4f1e-8f8e-20af68bf9831.7871f.json,hek,86,78
assets/gl_mahjong/import/67/676ed114-b213-4e5c-bf5b-1bcb1f81ce3a.57ec9.json,hek,2264,31443
assets/gl_mahjong/import/67/679cb1c2-d567-4189-a25c-baf10000a03f.7871f.json,hek,86,78
assets/gl_mahjong/import/67/67bf5bb5-df07-4f5d-8252-67746a588833.ff9ed.json,hek,1291,2189
assets/gl_mahjong/import/6b/6b220ac0-f5dd-469d-907d-c19f8d61601b.7871f.json,hek,86,78
assets/gl_mahjong/import/6c/6c9eaeb4-100f-4bd0-aaf9-42252d90e1c5.2cf38.json,hek,2270,12895
assets/gl_mahjong/import/6e/6e92dd8c-ef10-480e-884f-9dbedc52f6fd.a7dbf.json,hek,1769,10474
assets/gl_mahjong/import/6f/6f97e3a7-ec3f-4131-9329-760665023ce0.7871f.json,hek,86,78
assets/gl_mahjong/import/70/706ff79b-3f45-4902-b9a3-dcacaf857aa9.968e6.json,hek,584,576
assets/gl_mahjong/import/70/707242bf-1bec-4068-badd-8da2b4ea6472.51ab7.json,hek,5624,44438
assets/gl_mahjong/import/70/70cec906-72a7-4e9d-a9eb-d87eae080f00.97641.json,hek,5590,19710
assets/gl_mahjong/import/70/70e8ae82-950b-4414-989d-d76fe986d66a.c09f2.json,hek,117,109
assets/gl_mahjong/import/71/71561142-4c83-4933-afca-cb7a17f67053.7871f.json,hek,86,78
assets/gl_mahjong/import/71/718ef12b-ea5c-48ea-ab0d-b79476e7b612.2a9f5.json,hek,552,544
assets/gl_mahjong/import/71/71b96d21-64e8-4e1f-be23-c8c65e23a2f0.e7c5f.json,hek,195,187
assets/gl_mahjong/import/72/724ce7ef-9bee-4d81-97e8-08a377d33d70.f7926.json,hek,196,188
assets/gl_mahjong/import/72/72ee5157-1f19-4b76-a6c7-d91cb15cb01f.ccbe7.json,hek,602,594
assets/gl_mahjong/import/74/747d9712-c8da-4432-b5c7-8c19ec1e69bf.7871f.json,hek,86,78
assets/gl_mahjong/import/76/763d655d-af73-4d08-a3ec-e711601d19ae.58525.json,hek,198,190
assets/gl_mahjong/import/76/765e4427-fb08-4ec0-8ad8-08ab56b4902a.01021.json,hek,199,191
assets/gl_mahjong/import/78/780c2092-de84-48ea-94be-04975942a14f.c52d1.json,hek,199,191
assets/gl_mahjong/import/78/78307d89-cc26-49f0-adb6-45b1a017867d.7871f.json,hek,86,78
assets/gl_mahjong/import/79/79267fc4-b327-49aa-84f9-47390ea01881.87f45.json,hek,199,191
assets/gl_mahjong/import/7b/7bab3e45-9ba5-4667-9a11-8cc777197688.2f799.json,hek,308,300
assets/gl_mahjong/import/7c/7c09e72c-1568-4f1e-bc4d-062b1b4daf31.7871f.json,hek,86,78
assets/gl_mahjong/import/7c/7ce820e1-545f-47be-ad88-03ed0e7feb1e.0f549.json,hek,199,191
assets/gl_mahjong/import/7d/7d0e89d3-b656-47fd-9f52-f19351dac4e4.d9dc5.json,hek,189,181
assets/gl_mahjong/import/7e/7ec12ba0-b5ec-446a-8638-08963d5f2b96.7871f.json,hek,86,78
assets/gl_mahjong/import/7f/7fce848a-7210-4115-b346-108757ef509e.2c1ab.json,hek,199,191
assets/gl_mahjong/import/81/8179e702-d89d-4f9e-9c6a-06ffe8bf75f6.d0003.json,hek,199,191
assets/gl_mahjong/import/81/81bed122-20fd-49ad-8067-8dc8220d946d.ad115.json,hek,199,191
assets/gl_mahjong/import/82/82444340-a6c4-4b3c-b3e8-9103812aac70.3ba86.json,hek,135,127
assets/gl_mahjong/import/82/82eaa579-4d56-4751-b6b9-5601008b0f1a.0ef10.json,hek,2483,13869
assets/gl_mahjong/import/83/83857772-c08e-46d9-a354-ae21f673e0fe.788d5.json,hek,112,104
assets/gl_mahjong/import/83/83a22bc6-dff8-4c12-aff6-dde2c3e96eec.965db.json,hek,208,200
assets/gl_mahjong/import/83/83c0f835-739e-4727-a0f7-324093b6cc69.fa430.json,hek,1226,2723
assets/gl_mahjong/import/86/86d0aeb8-2e7f-4ebd-9d94-67ee1c617806.f6f41.json,hek,202,194
assets/gl_mahjong/import/87/8714f71d-b1ea-4032-a7ad-023192ba8fa6.7871f.json,hek,86,78
assets/gl_mahjong/import/87/87167af4-d8c5-4108-b070-4252ec93e99a.cc0fe.json,hek,2464,13857
assets/gl_mahjong/import/87/872f2ea0-d08c-4c2c-98d0-691383a6c265.001de.json,hek,805,1336
assets/gl_mahjong/import/88/888d734a-6ce5-4956-bb6d-8fd4e52a4cd1.edff4.json,hek,4241,18600
assets/gl_mahjong/import/89/895c1324-6061-4e50-90f9-04bc0fdfb1cb.46857.json,hek,197,189
assets/gl_mahjong/import/8b/8b38cf05-3481-448c-904b-824ceaadf1cc.7871f.json,hek,86,78
assets/gl_mahjong/import/8b/8bc2962e-a6dd-4f27-ae26-7b3755c7af37.f4c2b.json,hek,322,314
assets/gl_mahjong/import/8e/8ea47db8-b344-4e7d-aec5-fc3c5891d886.9a6e2.json,hek,137,129
assets/gl_mahjong/import/8e/8ecb12d7-1f75-40e4-b76e-d71e438d8b97.7871f.json,hek,86,78
assets/gl_mahjong/import/8f/8ff30074-5617-4c2c-940c-3c68e1f07afa.7871f.json,hek,86,78
assets/gl_mahjong/import/91/917b3113-d8e8-4339-997e-e220821cd630.73770.json,hek,201,193
assets/gl_mahjong/import/91/919200ca-0d76-4bf5-8983-24258b84d4cc.599a4.json,hek,209,201
assets/gl_mahjong/import/91/919b7cec-4253-4456-aed5-31cb60015556.40065.json,hek,212,204
assets/gl_mahjong/import/93/934d5431-e375-4027-9ad3-194d9056987b.99e7d.json,hek,199,191
assets/gl_mahjong/import/94/94f3c33c-3d94-4a0e-8d3c-24a0baeb8de8.7871f.json,hek,86,78
assets/gl_mahjong/import/95/95c5d9ea-043f-4de6-bb74-21f148cf9e8e.7871f.json,hek,86,78
assets/gl_mahjong/import/95/95d28aee-0ee2-4017-a550-3ab2f8230840.9d2ad.json,hek,1780,10424
assets/gl_mahjong/import/97/9701c2f3-7cbb-48c1-935b-822146a9e0c9.c5a07.json,hek,199,191
assets/gl_mahjong/import/97/977b7961-8abb-4e5f-aae1-9602106324f8.e9dec.json,hek,5017,20316
assets/gl_mahjong/import/97/97b0b3f3-a8fa-40bd-a71b-b03d96b3edc6.4993f.json,hek,206,198
assets/gl_mahjong/import/98/9819571a-e54e-451f-b619-da8217cc7413.8c63c.json,hek,195,187
assets/gl_mahjong/import/98/98e82ec9-b5af-40e0-bff1-e835ace8dd96.dd168.json,hek,199,191
assets/gl_mahjong/import/99/99f0cb7c-9807-4a53-b388-22897d278e17.7871f.json,hek,86,78
assets/gl_mahjong/import/9a/9a24e081-ea41-449c-bd9e-1eec7f85051b.14010.json,hek,1327,3713
assets/gl_mahjong/import/9b/9b6d15ee-5667-440a-815f-8b9c95ae1232.2b5bc.json,hek,137,129
assets/gl_mahjong/import/9d/9d607252-67a1-45d8-8ce0-7a6017cb9bc1.21338.json,hek,2209,11925
assets/gl_mahjong/import/9d/9deb70c3-0bd5-4263-8669-537cef1fa946.7871f.json,hek,86,78
assets/gl_mahjong/import/9e/9e83255a-0342-4eb7-9b7b-ed0cfe073c76.5c920.json,hek,197,189
assets/gl_mahjong/import/9e/9e96d0e8-9a25-45cc-8882-cb022aeca431.c954a.json,hek,199,191
assets/gl_mahjong/import/9f/9f02b6f9-16ac-47b5-9c04-f662ba0630a4.27df1.json,hek,195,187
assets/gl_mahjong/import/9f/9f392979-006b-4e24-baa5-5939d57f11e4.7871f.json,hek,86,78
assets/gl_mahjong/import/9f/9f52a28b-a6ab-4c22-b28f-bdb1a261b612.7871f.json,hek,86,78
assets/gl_mahjong/import/a0/a0941c3c-3a23-4925-8792-e41f7ee9649e.ae0c3.json,hek,6992,22291
assets/gl_mahjong/import/a0/a09be94f-e4bb-469b-a8f2-031b3782df99.3fd0b.json,hek,745,1350
assets/gl_mahjong/import/a0/a0ecd9be-ca46-4bba-a563-be8d59dd9220.d59c1.json,hek,5421,18808
assets/gl_mahjong/import/a2/a23235d1-15db-4b95-8439-a2e005bfff91.43d76.json,hek,206,198
assets/gl_mahjong/import/a2/a28094f2-64b0-4d88-acc5-b5da490780d3.4ad3c.json,hek,6412,20667
assets/gl_mahjong/import/a3/a30f992b-7687-496c-b5ae-2e1ff52d496a.7871f.json,hek,86,78
assets/gl_mahjong/import/a3/a36141fd-6ad5-4823-be3b-b2d651c07723.d44bb.json,hek,120,112
assets/gl_mahjong/import/a4/a4db5b56-33df-4f1b-8094-a7179ea9ceca.7871f.json,hek,86,78
assets/gl_mahjong/import/a5/a5f78c88-0179-4500-8b03-ec6521f01baa.976ca.json,hek,313,305
assets/gl_mahjong/import/a6/a6505390-b651-4858-9071-2d0f077655fa.2c9f3.json,hek,2997,16223
assets/gl_mahjong/import/a6/a66059b9-9096-450e-9fcf-cb4abe9adaa0.0f41c.json,hek,197,189
assets/gl_mahjong/import/a7/a7b83d02-dac3-4780-bab1-08c7af0bea50.83333.json,hek,126,118
assets/gl_mahjong/import/a7/a7c4ef7d-253f-481a-8fed-6078ea2ca0b4.9d602.json,hek,199,191
assets/gl_mahjong/import/a7/a7ed6f10-0a20-4027-8985-d826c4c28a5e.3dbdf.json,hek,198,190
assets/gl_mahjong/import/a8/a89b1dac-cb67-472a-8323-c681bc618d9d.12328.json,hek,2377,18184
assets/gl_mahjong/import/a8/a8de0325-08ce-4589-a96f-cfac1ff74cfe.af8ff.json,hek,216,208
assets/gl_mahjong/import/a9/a9a892b9-a7ff-43e4-9e6d-a3f48829880a.c840b.json,hek,115,107
assets/gl_mahjong/import/aa/aa2f341f-cee1-4d04-a2fc-91f5e16daa5f.7871f.json,hek,86,78
assets/gl_mahjong/import/ab/ab90ad6a-3cbe-44d4-9576-13e6951836c9.eb5bb.json,hek,594,586
assets/gl_mahjong/import/ac/ac9b7169-be7a-412a-873c-f92503303b97.7871f.json,hek,86,78
assets/gl_mahjong/import/ae/ae738611-1624-40fa-85b0-d8f1fc6230f7.7871f.json,hek,86,78
assets/gl_mahjong/import/ae/aeac71ab-513f-4208-b969-50fb10759d09.a3e6f.json,hek,1942,15007
assets/gl_mahjong/import/af/af4358e2-47d7-45b3-ae37-a0f23bb67b2b.148a3.json,hek,212,204
assets/gl_mahjong/import/af/af52d843-e1d9-45dc-a81b-50a7baedc9d7.2a56f.json,hek,807,1629
assets/gl_mahjong/import/af/affbe86a-7679-43a8-bcd4-969843c53377.fdd3d.json,hek,2712,16322
assets/gl_mahjong/import/b0/b0227b60-e5c7-46b7-bf6e-4fe7e1467bee.f25e8.json,hek,199,191
assets/gl_mahjong/import/b3/b32bcf59-3cac-4cf2-9f4e-6db1d8bac7cf.6fc14.json,hek,135,127
assets/gl_mahjong/import/b3/b39ba1f3-d730-4345-b243-0da8fe8bea8a.7871f.json,hek,86,78
assets/gl_mahjong/import/b4/b43ff3c2-02bb-4874-81f7-f2dea6970f18.7871f.json,hek,86,78
assets/gl_mahjong/import/b5/b5c215fd-3e37-4d92-a8d1-6552ca17b768.d7154.json,hek,203,195
assets/gl_mahjong/import/b6/b63142bb-7839-4a3c-b383-0cc125f64757.72e9d.json,hek,745,737
assets/gl_mahjong/import/b6/b6508f09-9272-4c3b-9c6f-c35d50d30356.7871f.json,hek,86,78
assets/gl_mahjong/import/b6/b6cca099-ca56-41c1-948c-54474778e026.249be.json,hek,209,201
assets/gl_mahjong/import/b7/b7983f11-6d05-4265-9f48-72e60a8dbbca.da743.json,hek,545,537
assets/gl_mahjong/import/b7/b7e58669-9580-4d22-bdd4-8286aa854b51.c3f2f.json,hek,199,191
assets/gl_mahjong/import/b7/b7ea8e61-518d-4e36-974d-a788065e1725.fcaff.json,hek,1013,3530
assets/gl_mahjong/import/b8/b8f67597-f47d-4507-8012-aeaee396a9b5.e2172.json,hek,5469,19438
assets/gl_mahjong/import/ba/bae6916a-fe66-4abe-a47a-80d4b7fdf34b.7871f.json,hek,86,78
assets/gl_mahjong/import/bc/bc179466-2944-481e-bfb2-5d99d6b9c8b1.7871f.json,hek,86,78
assets/gl_mahjong/import/c2/c2a77128-a0af-415b-8e73-1c84cafc14b0.7871f.json,hek,86,78
assets/gl_mahjong/import/c3/c3528404-d788-443d-91cb-a3ef5da1e18b.99262.json,hek,138,130
assets/gl_mahjong/import/c4/c4cd7d07-2b88-4674-b9df-538154ad0525.a8adf.json,hek,212,204
assets/gl_mahjong/import/c4/c4dd4f49-aaaf-4382-8506-fb94a50ccd68.5a889.json,hek,206,198
assets/gl_mahjong/import/c6/c613375c-f8e2-4cb0-a7cc-49323e1cad3d.7871f.json,hek,86,78
assets/gl_mahjong/import/c6/c6388873-b0ee-4d00-aaf7-522ad7f69aa4.10975.json,hek,120,112
assets/gl_mahjong/import/c6/c6b33139-738e-4e33-b4ec-891b2a891649.96367.json,hek,5422,34472
assets/gl_mahjong/import/c6/c6f0ca36-f544-46c2-b47c-5734645d5704.f567a.json,hek,3062,14172
assets/gl_mahjong/import/c6/c6f54876-e7b9-453b-b8d4-00b9914e76b8.9ccef.json,hek,3346,14827
assets/gl_mahjong/import/c7/c7a45931-d977-482f-9e28-ebb6d8c71884.7871f.json,hek,86,78
assets/gl_mahjong/import/c8/c8206e26-c795-4a57-b91e-f657481a83f7.8fc25.json,hek,127,119
assets/gl_mahjong/import/c8/c825b3b3-c021-40b5-ac6a-9ad4bde629e6.8cc90.json,hek,112,104
assets/gl_mahjong/import/c9/c936395d-f74b-41e4-918a-be8a8161e498.7871f.json,hek,86,78
assets/gl_mahjong/import/ca/cad4503a-6807-4fc1-8357-b00c85e6e124.6f880.json,hek,198,190
assets/gl_mahjong/import/ca/caf2cd39-983c-4f85-97f1-48848faa1ac8.7871f.json,hek,86,78
assets/gl_mahjong/import/cc/cc623b34-51dd-4cb7-8e83-a34c86ce9c39.7871f.json,hek,86,78
assets/gl_mahjong/import/cc/cc8bae47-66c5-47b3-ba7b-0909fd83a0c4.f3539.json,hek,202,194
assets/gl_mahjong/import/cc/ccaa344f-4bcd-4ca5-943e-db039d66c11c.a8d0c.json,hek,111,103
assets/gl_mahjong/import/cd/cd983f97-e0a4-4755-8c7a-ae9dbe22763f.4b0e9.json,hek,479,471
assets/gl_mahjong/import/cd/cd9de1ab-d0ba-4aaa-87a6-aae45f8ce09b.7871f.json,hek,86,78
assets/gl_mahjong/import/cd/cd9ef9b7-e99f-4386-aa71-c6d602b9e6e0.54875.json,hek,197,189
assets/gl_mahjong/import/cd/cdb33827-a892-4ccd-835f-71b006d87088.7871f.json,hek,86,78
assets/gl_mahjong/import/cf/cf0c276a-76a9-405b-8725-65ec6fe7fe9d.64c26.json,hek,204,196
assets/gl_mahjong/import/cf/cf595106-5e1f-445f-8532-a55e82bf9e00.1eccb.json,hek,207,199
assets/gl_mahjong/import/d1/d10c417a-48b4-4600-b72e-6e1ccb82bd38.53498.json,hek,117,109
assets/gl_mahjong/import/d1/d1fe7bbc-349a-43c5-91be-c6964ad7bfd3.37b36.json,hek,4841,28260
assets/gl_mahjong/import/d2/d25c1857-0426-4e65-a7a4-6b9eff42bf89.d580d.json,hek,205,197
assets/gl_mahjong/import/d2/d263eb59-2da2-45c3-83c8-6c85b1fc72ff.b1c55.json,hek,200,192
assets/gl_mahjong/import/d2/d2e77b83-dc06-4542-80be-09172f73f586.7871f.json,hek,86,78
assets/gl_mahjong/import/d3/d36106f0-b3b6-425b-a839-7b184fe5753e.f75d8.json,hek,4916,17905
assets/gl_mahjong/import/d6/d614c49e-856e-4dce-96b1-32aa254adf76.d96fa.json,hek,2037,11082
assets/gl_mahjong/import/d6/d64489f7-bb8b-4da1-8720-36c1fe76f716.69e38.json,hek,198,190
assets/gl_mahjong/import/d7/d78b7a14-b83b-4b11-a1ee-b0d001b722cc.1bd93.json,hek,124,116
assets/gl_mahjong/import/da/da335d47-fdd4-4c29-9d14-760147df4e84.67c08.json,hek,195,187
assets/gl_mahjong/import/da/daf6a3cd-fcde-4194-b384-6c6118c18828.93ae3.json,hek,202,194
assets/gl_mahjong/import/db/dbb12f27-b078-4768-b098-d31d0bd040b9.c3dbf.json,hek,967,3580
assets/gl_mahjong/import/dc/dc5864fb-7d22-496c-9b18-60a90c0235b4.03b94.json,hek,5882,22229
assets/gl_mahjong/import/df/df90f8e6-65c5-4807-a212-ddf7b3562f6a.63a06.json,hek,127,119
assets/gl_mahjong/import/df/df92eaec-db16-40b8-8616-ef870cb624b8.59ded.json,hek,2440,5511
assets/gl_mahjong/import/e0/e0584f52-7dd5-4114-8805-698aa5310ee9.7871f.json,hek,86,78
assets/gl_mahjong/import/e0/e0731c71-2312-4166-8328-efa8c57f8be8.9609e.json,hek,136,128
assets/gl_mahjong/import/e1/e15bd032-4bc9-4457-9427-fb005ba043d9.dab5b.json,hek,209,201
assets/gl_mahjong/import/e1/e1a066fb-2309-40c1-8f46-067ecf14b13a.7871f.json,hek,86,78
assets/gl_mahjong/import/e2/e20a8733-2cbe-4597-9673-9e6c70b8f79f.9838c.json,hek,202,194
assets/gl_mahjong/import/e2/e23388c1-3ca1-4271-9bd7-a5086fd54db6.c92c2.json,hek,197,189
assets/gl_mahjong/import/e2/e23fb1d0-c3b0-4681-bd7e-89050dc334bc.bca5b.json,hek,135,127
assets/gl_mahjong/import/e2/e248b0d0-6a29-42da-8675-122cb0e6ef89.7871f.json,hek,86,78
assets/gl_mahjong/import/e4/e4a737e1-52e9-4e87-84c6-855c3366cb0a.7871f.json,hek,86,78
assets/gl_mahjong/import/e6/e6991506-3a5b-4b56-84fa-a489df00f582.f49c5.json,hek,4679,11404
assets/gl_mahjong/import/e7/e70495c5-5873-4c15-8eb6-de740cc7c407.4e014.json,hek,6328,23973
assets/gl_mahjong/import/e7/e7a0b234-8679-485a-8d9c-2735ff2abf2e.9c590.json,hek,136,128
assets/gl_mahjong/import/e7/e7d5d3cf-9141-489c-bb5a-45a980cba748.21406.json,hek,199,191
assets/gl_mahjong/import/e7/e7e9131d-cfd3-4ea9-abd7-8af157c4989c.c41a1.json,hek,209,201
assets/gl_mahjong/import/e8/e851e89b-faa2-4484-bea6-5c01dd9f06e2.7871f.json,hek,86,78
assets/gl_mahjong/import/e9/e9ec654c-97a2-4787-9325-e6a10375219a.12f08.json,hek,212,204
assets/gl_mahjong/import/eb/eb7b7cec-cd7d-4871-b90c-794f97a2b5a6.762e9.json,hek,207,199
assets/gl_mahjong/import/eb/ebfedaaf-8aaa-4e1d-ba07-672b76fb85d0.8f46a.json,hek,204,196
assets/gl_mahjong/import/ec/ec724d2d-20eb-4d09-8208-94d243483e34.f92ef.json,hek,929,921
assets/gl_mahjong/import/ec/ec9a76a1-2bfc-4b51-863f-0bb484cf4e26.31bd0.json,hek,436,1675
assets/gl_mahjong/import/ed/edbbda2a-73c7-45f1-aeb3-f97d5961d9a9.efc59.json,hek,726,2756
assets/gl_mahjong/import/ee/ee427711-1d97-4dcb-aafe-c17ade88d19a.2a18c.json,hek,334,1193
assets/gl_mahjong/import/ee/eec193e8-b8cd-47b2-bff0-f2ded27081c3.f9804.json,hek,197,189
assets/gl_mahjong/import/ee/eee172a7-1332-4b98-a8cc-4e9b5ff05148.154eb.json,hek,197,189
assets/gl_mahjong/import/ef/ef8e8d78-cf82-4e2c-bb29-b51c72ae91c6.8d9db.json,hek,202,194
assets/gl_mahjong/import/f0/f0048c10-f03e-4c97-b9d3-3506e1d58952.35a1e.json,hek,211,203
assets/gl_mahjong/import/f1/f16f61f2-fab7-420e-b098-5b8cae8bc0d5.df862.json,hek,197,189
assets/gl_mahjong/import/f1/f185452a-9f40-46b6-be22-ddf388aaad19.e296b.json,hek,4749,16704
assets/gl_mahjong/import/f3/f32030a3-69e5-4ec0-b8fe-18845aa2974e.7871f.json,hek,86,78
assets/gl_mahjong/import/f4/f44c4440-4c87-4675-8ff3-ab6f4fc2ec7f.49cd4.json,hek,197,189
assets/gl_mahjong/import/f5/f5c466ac-10c2-41f5-bdbb-d11ba24cbf18.48d0d.json,hek,3061,17790
assets/gl_mahjong/import/f6/f6275b51-8f96-428f-b789-6c1732a9cfc2.742ab.json,hek,2466,20165
assets/gl_mahjong/import/f7/f72aea17-b423-4c96-ba71-070e644e4615.5a170.json,hek,2674,19831
assets/gl_mahjong/import/fa/fa31b3f2-ad55-4544-8d07-ab0db37c6f97.9aa6e.json,hek,127,119
assets/gl_mahjong/import/fb/fb312d9c-9c21-4d2f-be55-0d4bfa4c5aea.e9691.json,hek,128,120
assets/gl_mahjong/import/fb/fb461195-05e0-4673-b120-793656b0f522.e1f70.json,hek,195,187
assets/gl_mahjong/import/fc/fc2a593d-31d3-4095-8cc2-2b560b54760a.e0364.json,hek,22528,63102
assets/gl_mahjong/import/fc/fc7339de-a019-4827-a84d-687aeeb2d977.25927.json,hek,199,191
assets/gl_mahjong/import/fc/fc9050c6-f42f-4b7b-826d-267d1c216b57.74ec2.json,hek,662,1256
assets/gl_mahjong/import/fe/fe6e4af0-3f43-491b-91da-6009176b1bce.268bb.json,hek,2995,12004
assets/gl_mahjong/import/fe/fef56174-0158-4a9d-8827-982aa1e75eea.7e2b4.json,hek,2111,10663
assets/gl_mahjong/import/fe/feff00c4-f3cc-4b4e-ba56-923869c6e57e.69667.json,hek,4209,15151
assets/gl_mahjong/index.66f0b.jsc,jsc,85336,439317
assets/gl_mahjong/native/00/008acc30-96da-4a5d-9efd-e1739883f80e.8675e.png,hek,25501,25493
assets/gl_mahjong/native/03/03aa066b-dd21-46c1-85cc-6841470119a5.0be9a.png,hek,21133,21125
assets/gl_mahjong/native/04/04cdb69c-b2ef-48d3-9320-803756c5488e.19f7b.png,hek,840,832
assets/gl_mahjong/native/11/11bef511-15d3-412c-8b6b-c0f6d0ddbd3c.82604.png,hek,5331,5323
assets/gl_mahjong/native/17/17bb864d-2022-4c03-ab69-a7b2f9862802.6a76c.atlas,hek,516,508
assets/gl_mahjong/native/1a/1ae4e665-309e-4b17-a82c-719f9a6a12a6.fbd97.png,hek,4796,4788
assets/gl_mahjong/native/1b/1be2746f-3746-4125-96e5-f82d207c01c1.0740c.png,hek,860,852
assets/gl_mahjong/native/1d/1d6a3d86-8847-4e43-bf7b-86d4cc8003b1.6beff.png,hek,11568,11560
assets/gl_mahjong/native/1d/1dca80af-ca63-4024-ba19-7da2b9568f07.94e49.png,hek,18952,18944
assets/gl_mahjong/native/1f/1ff98489-f2f6-4218-a9e1-3f8ac4b0a0c1.2f835.png,hek,18733,18725
assets/gl_mahjong/native/22/222f38a4-555b-47e4-869b-26478235a2c2.771fa.png,hek,1062,1054
assets/gl_mahjong/native/24/24083579-66ec-4113-a1e1-86a3b244d34a.26db4.png,hek,145042,145034
assets/gl_mahjong/native/24/248c9515-d4d4-4572-937c-a63b4548aeee.76716.ogg,明文,20367,20367
assets/gl_mahjong/native/26/26bdfd0d-13f9-40ef-8ba1-9136e426b830.1871e.bin,hek,5071,13570
assets/gl_mahjong/native/27/27057472-f187-475d-8ac0-c7c6af6b75f7.ec973.png,hek,13234,13226
assets/gl_mahjong/native/29/296c7fc2-67a9-42c2-9de1-a866863d8921.6b6d9.png,hek,445,437
assets/gl_mahjong/native/2e/2ec61f07-ff14-4fea-9ff3-f714bfac1d37.f39ed.png,hek,29701,29693
assets/gl_mahjong/native/2f/2fc01440-0d47-428e-8431-bdba6ae29db5.2320a.png,hek,34952,34944
assets/gl_mahjong/native/34/34c50ddb-38f3-4c42-9922-948a9638df99.53a4e.atlas,hek,880,872
assets/gl_mahjong/native/35/355f08f2-65d5-4533-9b58-f277f0bda1d6.78cbb.png,hek,709,701
assets/gl_mahjong/native/3c/3cc87c41-6b35-4aad-a6a9-153b592e2b27.0113a.ogg,明文,11097,11097
assets/gl_mahjong/native/3d/3dede86b-8bc7-42ab-bf7d-35397bab898d.44fcf.ogg,明文,16630,16630
assets/gl_mahjong/native/41/4139a682-1344-4897-8f43-b07cbf5feafa.6bdda.png,hek,19195,19187
assets/gl_mahjong/native/42/42fbbd38-32c1-4c60-9c73-7723eb4f536f.5d428.png,hek,1808,1800
assets/gl_mahjong/native/43/435bfd1f-1a4a-4095-bfee-46ebf8f35044.61a29.ogg,明文,23342,23342
assets/gl_mahjong/native/44/443ee50c-5643-4a3a-af72-ccaaccbf8cc7.1f3f3.png,hek,957,949
assets/gl_mahjong/native/4d/4d70fe3a-5228-4887-acf1-61f64c3a7760.cbf2a.ogg,明文,5542,5542
assets/gl_mahjong/native/4e/4eb31cd4-0c74-4005-a591-f3badad80b65.c9ad8.ogg,明文,22204,22204
assets/gl_mahjong/native/51/518673cf-dd4c-4492-94dd-4a4a3661d980.6ea0d.png,hek,1056,1048
assets/gl_mahjong/native/52/52b4536c-8c53-4905-9bbd-67cbcda45e1e.00d2f.png,hek,928,920
assets/gl_mahjong/native/53/53f911bc-2a31-4a18-9e63-9a44072eb1b2.1f39c.png,hek,563,555
assets/gl_mahjong/native/57/57c9754c-726e-4783-b0c7-2dcb966cfe84.126bf.png,hek,8419,8411
assets/gl_mahjong/native/57/57f90665-4ebb-446d-a7bd-971bcee32646.e1197.atlas,hek,418,410
assets/gl_mahjong/native/5b/5bc2586a-ffb1-442b-b0a7-85635c134d8b.6c33b.png,hek,11764,11756
assets/gl_mahjong/native/65/6534c30e-0d61-4a91-a426-8e7609c141ea.9b2cc.png,hek,63057,63049
assets/gl_mahjong/native/65/65cc0cf5-829d-4b8e-a1c0-05b2d2b355ee.7037d.png,hek,53074,53066
assets/gl_mahjong/native/65/65f37e92-ac60-4387-9d4e-064f28acd69e.de324.png,hek,149254,149246
assets/gl_mahjong/native/67/67670969-36ae-4f1e-8f8e-20af68bf9831.5737c.png,hek,39933,39925
assets/gl_mahjong/native/67/679cb1c2-d567-4189-a25c-baf10000a03f.314b6.png,hek,14265,14257
assets/gl_mahjong/native/6b/6b220ac0-f5dd-469d-907d-c19f8d61601b.21d39.png,hek,767,759
assets/gl_mahjong/native/6f/6f97e3a7-ec3f-4131-9329-760665023ce0.dcf2f.png,hek,10232,10224
assets/gl_mahjong/native/70/70e8ae82-950b-4414-989d-d76fe986d66a.723ff.atlas,hek,792,784
assets/gl_mahjong/native/71/71561142-4c83-4933-afca-cb7a17f67053.c06a9.png,hek,732,1050
assets/gl_mahjong/native/74/747d9712-c8da-4432-b5c7-8c19ec1e69bf.714e8.png,hek,1503,1495
assets/gl_mahjong/native/78/78307d89-cc26-49f0-adb6-45b1a017867d.72739.png,hek,120,112
assets/gl_mahjong/native/7c/7c09e72c-1568-4f1e-bc4d-062b1b4daf31.74618.png,hek,15369,15361
assets/gl_mahjong/native/7e/7ec12ba0-b5ec-446a-8638-08963d5f2b96.88e0f.png,hek,19195,19187
assets/gl_mahjong/native/82/82444340-a6c4-4b3c-b3e8-9103812aac70.4cdca.ogg,明文,4693,4693
assets/gl_mahjong/native/83/83857772-c08e-46d9-a354-ae21f673e0fe.77a35.atlas,hek,984,976
assets/gl_mahjong/native/87/8714f71d-b1ea-4032-a7ad-023192ba8fa6.406a0.png,hek,865,857
assets/gl_mahjong/native/8b/8b38cf05-3481-448c-904b-824ceaadf1cc.dad81.png,hek,909,901
assets/gl_mahjong/native/8e/8ea47db8-b344-4e7d-aec5-fc3c5891d886.6f479.ogg,明文,5222,5222
assets/gl_mahjong/native/8e/8ecb12d7-1f75-40e4-b76e-d71e438d8b97.c66ba.png,hek,43698,43690
assets/gl_mahjong/native/8f/8ff30074-5617-4c2c-940c-3c68e1f07afa.75e7c.png,hek,1097,1089
assets/gl_mahjong/native/94/94f3c33c-3d94-4a0e-8d3c-24a0baeb8de8.3fbad.png,hek,434,426
assets/gl_mahjong/native/95/95c5d9ea-043f-4de6-bb74-21f148cf9e8e.0ba7b.png,hek,13388,13380
assets/gl_mahjong/native/99/99f0cb7c-9807-4a53-b388-22897d278e17.b3f81.png,hek,142123,142115
assets/gl_mahjong/native/9b/9b6d15ee-5667-440a-815f-8b9c95ae1232.0e8b7.ogg,明文,15165,15165
assets/gl_mahjong/native/9d/9deb70c3-0bd5-4263-8669-537cef1fa946.9ec87.png,hek,2679,2671
assets/gl_mahjong/native/9f/9f392979-006b-4e24-baa5-5939d57f11e4.0fb9c.png,hek,38598,38590
assets/gl_mahjong/native/9f/9f52a28b-a6ab-4c22-b28f-bdb1a261b612.b8756.png,hek,331,323
assets/gl_mahjong/native/a3/a30f992b-7687-496c-b5ae-2e1ff52d496a.2f580.png,hek,344,336
assets/gl_mahjong/native/a3/a36141fd-6ad5-4823-be3b-b2d651c07723.e5565.atlas,hek,580,572
assets/gl_mahjong/native/a4/a4db5b56-33df-4f1b-8094-a7179ea9ceca.9ba78.png,hek,1298,1290
assets/gl_mahjong/native/a9/a9a892b9-a7ff-43e4-9e6d-a3f48829880a.e76ea.atlas,hek,197,189
assets/gl_mahjong/native/aa/aa2f341f-cee1-4d04-a2fc-91f5e16daa5f.a9b9c.png,hek,1210,1202
assets/gl_mahjong/native/ac/ac9b7169-be7a-412a-873c-f92503303b97.a8648.png,hek,1495,1487
assets/gl_mahjong/native/ae/ae738611-1624-40fa-85b0-d8f1fc6230f7.8d621.png,hek,93782,93774
assets/gl_mahjong/native/b3/b32bcf59-3cac-4cf2-9f4e-6db1d8bac7cf.c4942.ogg,明文,22751,22751
assets/gl_mahjong/native/b3/b39ba1f3-d730-4345-b243-0da8fe8bea8a.5843d.png,hek,11735,11727
assets/gl_mahjong/native/b4/b43ff3c2-02bb-4874-81f7-f2dea6970f18.83fcc.png,hek,1122,1114
assets/gl_mahjong/native/b6/b6508f09-9272-4c3b-9c6f-c35d50d30356.8dcd2.png,hek,72962,72954
assets/gl_mahjong/native/ba/bae6916a-fe66-4abe-a47a-80d4b7fdf34b.63e7a.png,hek,2317,2309
assets/gl_mahjong/native/bc/bc179466-2944-481e-bfb2-5d99d6b9c8b1.447c1.png,hek,237118,237110
assets/gl_mahjong/native/c2/c2a77128-a0af-415b-8e73-1c84cafc14b0.a79ee.png,hek,26219,26211
assets/gl_mahjong/native/c3/c3528404-d788-443d-91cb-a3ef5da1e18b.37706.ogg,明文,29839,29839
assets/gl_mahjong/native/c6/c613375c-f8e2-4cb0-a7cc-49323e1cad3d.96128.png,hek,237053,237045
assets/gl_mahjong/native/c6/c6388873-b0ee-4d00-aaf7-522ad7f69aa4.8c911/Roboto-Bold.ttf,明文,146768,146768
assets/gl_mahjong/native/c7/c7a45931-d977-482f-9e28-ebb6d8c71884.aafc7.png,hek,1006,998
assets/gl_mahjong/native/c8/c8206e26-c795-4a57-b91e-f657481a83f7.ef4d3.ogg,明文,451744,451744
assets/gl_mahjong/native/c8/c825b3b3-c021-40b5-ac6a-9ad4bde629e6.68a21.bin,hek,508438,989638
assets/gl_mahjong/native/c9/c936395d-f74b-41e4-918a-be8a8161e498.23897.png,hek,968,960
assets/gl_mahjong/native/ca/caf2cd39-983c-4f85-97f1-48848faa1ac8.2a969.png,hek,16484,16476
assets/gl_mahjong/native/cc/cc623b34-51dd-4cb7-8e83-a34c86ce9c39.45f32.png,hek,14647,14639
assets/gl_mahjong/native/cc/ccaa344f-4bcd-4ca5-943e-db039d66c11c.146ef.atlas,hek,390,382
assets/gl_mahjong/native/cd/cd9de1ab-d0ba-4aaa-87a6-aae45f8ce09b.e3b09.png,hek,25520,25512
assets/gl_mahjong/native/cd/cdb33827-a892-4ccd-835f-71b006d87088.3d568.png,hek,30499,30491
assets/gl_mahjong/native/d1/d10c417a-48b4-4600-b72e-6e1ccb82bd38.96cb9.atlas,hek,301,293
assets/gl_mahjong/native/d2/d2e77b83-dc06-4542-80be-09172f73f586.824a3.png,hek,24011,24003
assets/gl_mahjong/native/d7/d78b7a14-b83b-4b11-a1ee-b0d001b722cc.17d6d.atlas,hek,414,1699
assets/gl_mahjong/native/e0/e0584f52-7dd5-4114-8805-698aa5310ee9.0ffbd.png,hek,10752,10744
assets/gl_mahjong/native/e0/e0731c71-2312-4166-8328-efa8c57f8be8.60c75.ogg,明文,5340,5340
assets/gl_mahjong/native/e1/e1a066fb-2309-40c1-8f46-067ecf14b13a.8d45f.png,hek,41979,41971
assets/gl_mahjong/native/e2/e23fb1d0-c3b0-4681-bd7e-89050dc334bc.f8656.ogg,明文,7989,7989
assets/gl_mahjong/native/e2/e248b0d0-6a29-42da-8675-122cb0e6ef89.8db32.png,hek,31150,31142
assets/gl_mahjong/native/e4/e4a737e1-52e9-4e87-84c6-855c3366cb0a.5b807.png,hek,17637,17629
assets/gl_mahjong/native/e7/e7a0b234-8679-485a-8d9c-2735ff2abf2e.15f6f.ogg,明文,5241,5241
assets/gl_mahjong/native/e8/e851e89b-faa2-4484-bea6-5c01dd9f06e2.90cf4.png,hek,761,1082
assets/gl_mahjong/native/f3/f32030a3-69e5-4ec0-b8fe-18845aa2974e.2b7a0.png,hek,10601,10593
assets/gl_mahjong/native/fa/fa31b3f2-ad55-4544-8d07-ab0db37c6f97.76732.atlas,hek,489,481
assets/gl_mahjong/native/fb/fb312d9c-9c21-4d2f-be55-0d4bfa4c5aea.9f1a3.ogg,明文,25468,25468
assets/gl_oneline/config.a6f3d.json,hek,9994,24313
assets/gl_oneline/import/00/0076dfdd-9b0f-47a6-8cbd-f32e6cd0f19d.7871f.json,hek,86,78
assets/gl_oneline/import/01/01581dff-ee3e-4a1e-af14-a3d27726a094.7871f.json,hek,86,78
assets/gl_oneline/import/05/051265bc-ecf8-44ed-ac40-5291e8cfd3e8.7871f.json,hek,86,78
assets/gl_oneline/import/06/06795736-9c8c-4adc-a5c4-ab6ac7d67be2.fcb1e.json,hek,134,126
assets/gl_oneline/import/07/07062436-67c7-4d6a-956c-68d5f7598314.7871f.json,hek,86,78
assets/gl_oneline/import/07/077c5bca-1d69-4c15-9cec-8b0c4ec9c1b1.e7211.json,hek,210,202
assets/gl_oneline/import/07/07ec6b26-4744-440b-9fca-a6f4c692f923.68716.json,hek,206,198
assets/gl_oneline/import/07/07fae933-25c5-4688-ae50-eb146343e8e3.5e583.json,hek,199,191
assets/gl_oneline/import/08/08cf7e06-828c-43e4-abdd-a9ef0e3f48c6.7871f.json,hek,86,78
assets/gl_oneline/import/08/08f28acd-ec87-441c-adf4-6019c516cdb6.7871f.json,hek,86,78
assets/gl_oneline/import/09/09af726b-6991-46f6-b095-37289f05b58f.c0cf3.json,hek,200,192
assets/gl_oneline/import/09/09c501b1-b0bd-462c-accf-a9fd85b7c07c.ffdd7.json,hek,200,192
assets/gl_oneline/import/0a/0a52cd10-b6c7-4aa5-8730-1e7a60fc2e2a.89d73.json,hek,203,195
assets/gl_oneline/import/0a/0a57476e-ea26-49a0-b4eb-c935e77949af.7871f.json,hek,86,78
assets/gl_oneline/import/0b/0beaec3f-0c94-405b-9d17-04638c3a4ff9.7871f.json,hek,86,78
assets/gl_oneline/import/0c/0c77fdcc-eb5b-4b92-96bc-c7a6ba8366b6.f927a.json,hek,383,1057
assets/gl_oneline/import/0d/0d52a240-1b98-40d4-97b5-90e104d50e2a.9efeb.json,hek,194,186
assets/gl_oneline/import/0e/0eb96047-2731-41b2-8016-85a48a2e94c1.7871f.json,hek,86,78
assets/gl_oneline/import/0e/0efad84a-c42f-44c3-80a9-5697ab272536.fc082.json,hek,134,126
assets/gl_oneline/import/0f/0f9e2d93-764e-40a0-a542-41b59007fdfb.7871f.json,hek,86,78
assets/gl_oneline/import/10/101d7432-7755-45e8-9d0e-6c973742247c.4c920.json,hek,748,3673
assets/gl_oneline/import/10/10aecaf7-5d07-4c72-8b62-887ff57ec87e.7871f.json,hek,86,78
assets/gl_oneline/import/10/10f6aa70-3bda-4401-bb6b-dbb1022c43b2.2c5c8.json,hek,1143,2436
assets/gl_oneline/import/11/117187b4-2fdb-4d9c-9405-d27b9d545eff.3d872.json,hek,211,203
assets/gl_oneline/import/13/13a9e1ff-290f-45bd-9e23-4a45f37e2f70.2aec8.json,hek,200,192
assets/gl_oneline/import/13/13cb8157-13ea-4196-8fdf-4c9be81f200d.46652.json,hek,134,126
assets/gl_oneline/import/17/1700fb67-911c-4d63-a866-1ce6e3f3e5b7.4b6ab.json,hek,209,201
assets/gl_oneline/import/17/1724ae7a-5cdd-490b-bb9a-3a1b607daab4.7871f.json,hek,86,78
assets/gl_oneline/import/18/18d401b0-761c-4edf-9cb4-a900510760b4.01448.json,hek,400,1162
assets/gl_oneline/import/18/18ff7312-35ca-48e8-8a7e-a1fa6e98dcb8.afe1f.json,hek,203,195
assets/gl_oneline/import/19/195bd260-4bd2-4fc4-a7d8-04fca075302c.209f1.json,hek,202,194
assets/gl_oneline/import/19/19d17073-4c96-4aaa-8665-4aeee744a5d8.7871f.json,hek,86,78
assets/gl_oneline/import/1a/1a741983-ae7b-40b4-b447-a967cc776814.7871f.json,hek,86,78
assets/gl_oneline/import/1a/1a88d924-0551-45c4-bf22-77f8df83d16b.7871f.json,hek,86,78
assets/gl_oneline/import/1c/1c08e23b-a824-4d56-b51d-9f31ef799f05.7871f.json,hek,86,78
assets/gl_oneline/import/1c/1cb1ce7c-1564-4083-b004-67c7384c861d.77fd5.json,hek,134,126
assets/gl_oneline/import/1e/1ea562dc-b53a-4582-8b6e-c942b770156b.7871f.json,hek,86,78
assets/gl_oneline/import/1e/1ec84584-441c-4686-8175-d75f46c40749.7871f.json,hek,86,78
assets/gl_oneline/import/20/205918db-4021-45db-9d51-a04caeef6862.7871f.json,hek,86,78
assets/gl_oneline/import/20/20847b7f-6e95-4937-bef4-814a4f5851a5.8dc27.json,hek,200,192
assets/gl_oneline/import/21/211f939d-d04e-4348-9f1a-8044a4134038.13d6f.json,hek,212,204
assets/gl_oneline/import/21/21aa5c10-470a-4d11-a4bf-0a91098b2995.d6823.json,hek,134,126
assets/gl_oneline/import/22/22b55f6b-b73b-416d-9455-f3619bdc1d84.7871f.json,hek,86,78
assets/gl_oneline/import/24/2479ecaf-5633-4eb5-8de1-6b6e55b3e002.335a0.json,hek,761,1432
assets/gl_oneline/import/27/27be7a44-05a9-4b8f-9b64-c9b3250a11c4.545a2.json,hek,196,188
assets/gl_oneline/import/27/27c71783-278e-44c0-b0ae-6bf7d2c33d0e.7871f.json,hek,86,78
assets/gl_oneline/import/28/28396a56-541b-4e59-9d4d-5afd7a31033b.3e580.json,hek,134,126
assets/gl_oneline/import/28/2878a178-1919-49b4-9ba4-66840a763cff.78e06.json,hek,204,196
assets/gl_oneline/import/28/288585a5-a7c3-42e4-8581-afaba04ad8af.15406.json,hek,873,1754
assets/gl_oneline/import/28/28952f81-ddfd-46df-9440-8f97d461a54f.7871f.json,hek,86,78
assets/gl_oneline/import/28/28e985e6-2e6b-49bb-a441-2d71f5cea2af.7871f.json,hek,86,78
assets/gl_oneline/import/29/29917b0e-3f4e-4e46-96b3-8a7ba7ec1807.7871f.json,hek,86,78
assets/gl_oneline/import/2a/2a64653b-49ea-4de3-8a3f-85754557027d.1db45.json,hek,226,218
assets/gl_oneline/import/2b/2b0a1212-d57a-4734-96e7-3f3f4a125d38.7871f.json,hek,86,78
assets/gl_oneline/import/2b/2b843799-903e-4074-8a36-390f49154c94.cd61d.json,hek,204,196
assets/gl_oneline/import/2c/2c03d664-301b-4a5f-9754-c6d025695723.4382e.json,hek,210,202
assets/gl_oneline/import/2c/2c90f376-820b-4ff8-889a-9c25f8ba40f9.0015e.json,hek,214,206
assets/gl_oneline/import/2d/2d81c92c-7a70-4ee3-8d82-7a5bd6beb672.7d619.json,hek,204,196
assets/gl_oneline/import/2e/2e1f7f2b-50c5-4868-a746-99eca7dda231.e2db8.json,hek,134,126
assets/gl_oneline/import/2e/2e6305c4-2a18-4c4e-9bb1-30c9f13047cb.b0d3f.json,hek,204,196
assets/gl_oneline/import/30/302fb2c7-8436-48b8-a839-cb6f129fe3ca.8cd35.json,hek,197,189
assets/gl_oneline/import/31/3106d04c-9e53-470b-8c95-614b5153c8f1.8b20b.json,hek,210,202
assets/gl_oneline/import/31/31a5bfa6-7747-4baa-badd-552372e356b9.cddb8.json,hek,201,193
assets/gl_oneline/import/32/32056e32-62f7-4500-b8bb-5e82700f497f.7871f.json,hek,86,78
assets/gl_oneline/import/32/32a9ac09-fb42-49cb-ad3d-1a112d2a3624.d3ec8.json,hek,134,126
assets/gl_oneline/import/34/34bcf765-e386-40ba-a1fb-b58cdb7372af.54e3b.json,hek,199,191
assets/gl_oneline/import/35/3505dc88-59c4-4eb3-8be9-70a951c58c6a.0a6b5.json,hek,119,111
assets/gl_oneline/import/36/36ba71b2-2a3a-46df-b1dd-9e04b93f9d5c.742e9.json,hek,202,194
assets/gl_oneline/import/38/38b34c02-8274-423d-981b-f7603d5ce23a.a986c.json,hek,132,124
assets/gl_oneline/import/39/39117336-3971-408e-8f19-385c56c5de01.7871f.json,hek,86,78
assets/gl_oneline/import/39/39467cbc-4fc8-47c0-bbf2-14268ee2c684.7871f.json,hek,86,78
assets/gl_oneline/import/39/3956325a-9322-415e-8d3f-c7f42d17b297.7871f.json,hek,86,78
assets/gl_oneline/import/3d/3d60b09f-2fcd-4ad4-a8eb-aa67f7fd2ddf.8d2b4.json,hek,216,208
assets/gl_oneline/import/3f/3f6dfee4-ee01-4770-8ab6-faaabad794a0.7871f.json,hek,86,78
assets/gl_oneline/import/40/40216108-6f94-44ce-9baa-b761cdd9b2ad.7871f.json,hek,86,78
assets/gl_oneline/import/40/407af0a2-5f7f-465e-b61d-d4e1e8464d5e.c295f.json,hek,202,194
assets/gl_oneline/import/40/40dd0d20-2471-47ce-9585-c4274a225774.7871f.json,hek,86,78
assets/gl_oneline/import/40/40e93ae2-f8f7-4585-ba47-5d410e2f8c16.7871f.json,hek,86,78
assets/gl_oneline/import/41/4147f36c-56f4-4342-b637-084a1f44d2af.ad8de.json,hek,134,126
assets/gl_oneline/import/41/416d8d4a-5425-4cb2-b9cb-d9bf5848515c.7871f.json,hek,86,78
assets/gl_oneline/import/43/43aa7603-4187-446f-9dc6-2c2aaff87342.7871f.json,hek,86,78
assets/gl_oneline/import/46/465fe975-78e9-4d5b-ba74-83f876b4f490.06c9c.json,hek,137,129
assets/gl_oneline/import/47/472ea8e4-d9fb-40b4-b39a-8c1a15a444b0.7871f.json,hek,86,78
assets/gl_oneline/import/47/47cbb4b7-617a-4d71-9cf8-d4f888776204.20678.json,hek,197,189
assets/gl_oneline/import/48/481b1447-c5c5-4550-91fc-eda2ba45ed5d.7871f.json,hek,86,78
assets/gl_oneline/import/48/48c92ce7-f7b7-417f-a472-39f30dfae5bb.7871f.json,hek,86,78
assets/gl_oneline/import/49/493e82dc-61ef-49af-a83e-9c59a10d3934.7871f.json,hek,86,78
assets/gl_oneline/import/49/4944126c-da4a-4b4a-996c-232e5025edbf.47e71.json,hek,209,201
assets/gl_oneline/import/4a/4ada27c4-602e-4cb1-be14-a80b4979bb36.664be.json,hek,139,131
assets/gl_oneline/import/4f/4fff3435-033e-4b45-bef1-c301da264c7f.1fa50.json,hek,199,191
assets/gl_oneline/import/52/5238a145-e503-4ed9-9951-b547d847b571.03134.json,hek,205,197
assets/gl_oneline/import/52/52516df3-edb1-4609-8193-ca49f17e9d99.7871f.json,hek,86,78
assets/gl_oneline/import/52/5296ce1e-4974-4f33-b3cc-74e6a513fa95.10975.json,hek,120,112
assets/gl_oneline/import/54/542f31fb-7d2c-45b0-9ac7-425add30088c.7871f.json,hek,86,78
assets/gl_oneline/import/55/558436cf-639d-4dcb-a36c-a088b929ff18.7871f.json,hek,86,78
assets/gl_oneline/import/55/55ac3a60-2e93-4473-949a-5cb7317a28ce.7871f.json,hek,86,78
assets/gl_oneline/import/57/57ac3206-f943-4f81-99af-5032b9a2a57e.51935.json,hek,211,203
assets/gl_oneline/import/5a/5a332ab7-f9ab-4d98-a12f-424e24f99e52.70b56.json,hek,214,206
assets/gl_oneline/import/5a/5a904023-13a3-4df5-858b-e9c0211e8483.7871f.json,hek,86,78
assets/gl_oneline/import/5c/5c270b07-4dc4-480f-9da7-2b73a39983ae.7871f.json,hek,86,78
assets/gl_oneline/import/5e/5e6c6ac4-2d42-40ca-952d-2d7476396d50.66cfc.json,hek,204,196
assets/gl_oneline/import/60/607dcf5d-36d7-48b8-a450-0827d2b451fd.7871f.json,hek,86,78
assets/gl_oneline/import/62/6242ae77-56fa-40f2-abb5-0ad6b94bd0e1.ac457.json,hek,199,191
assets/gl_oneline/import/62/628b07e1-bcee-4674-b3a1-d85cb1d0e914.7871f.json,hek,86,78
assets/gl_oneline/import/62/628cf049-0b0d-4b99-acbf-5f425f75712b.9a887.json,hek,795,3283
assets/gl_oneline/import/62/62ef972c-c8a4-4fd4-a12e-3edb156d3a44.dba4d.json,hek,134,126
assets/gl_oneline/import/63/63ab199b-1fa7-4076-bff9-d30bf15453d8.7871f.json,hek,86,78
assets/gl_oneline/import/64/640fee9d-9f5b-4299-bc72-c38742695914.99ace.json,hek,1461,6666
assets/gl_oneline/import/65/659428fa-f2c8-4688-ae55-4d30c2987bc2.1723b.json,hek,189,181
assets/gl_oneline/import/69/69b886ee-2a18-49ad-8415-beb003aa6362.b8906.json,hek,213,205
assets/gl_oneline/import/6e/6eacde41-e6e1-46ca-8991-0ce1b247bb76.7871f.json,hek,86,78
assets/gl_oneline/import/6f/6ffa45e5-8f2b-436f-8739-a0ee07fa59ab.9689e.json,hek,206,198
assets/gl_oneline/import/70/700ba5ce-5623-4ecc-afd3-6ddd7dd9ce29.7871f.json,hek,86,78
assets/gl_oneline/import/70/70f5cd59-996c-4d2f-8978-710efce714b8.7871f.json,hek,86,78
assets/gl_oneline/import/72/72553ad0-f662-4d2e-8d52-1a570a6e1341.983c7.json,hek,210,202
assets/gl_oneline/import/72/727bc58a-5368-489e-92a5-31a1e0e62271.7871f.json,hek,86,78
assets/gl_oneline/import/72/727f807a-e6df-4e4e-b0c2-e6bb1e3a8a51.b29db.json,hek,134,126
assets/gl_oneline/import/72/728dfc2f-12ba-4abb-9363-66d95f238546.7871f.json,hek,86,78
assets/gl_oneline/import/72/72e8bf8f-93a4-47ad-8145-d4c5429fa436.7871f.json,hek,86,78
assets/gl_oneline/import/73/73b0267f-f340-454b-ab3f-7d2425596226.431e3.json,hek,209,201
assets/gl_oneline/import/74/743b8f23-7ad3-49b7-862b-b0118964b336.905d3.json,hek,194,186
assets/gl_oneline/import/76/7601e2ef-0888-4a87-b071-d06001d82032.df2ac.json,hek,204,196
assets/gl_oneline/import/76/76147a2a-4d62-4ec9-baeb-8601d5e5af08.7871f.json,hek,86,78
assets/gl_oneline/import/76/762d7f65-9596-4259-8f2f-fe4a58e516e4.94167.json,hek,207,199
assets/gl_oneline/import/76/76fbe0e8-fd45-4896-b0fb-f861136cab8a.7871f.json,hek,86,78
assets/gl_oneline/import/77/7716a98b-9174-4514-8cdb-d78f9295ad5a.d53fd.json,hek,204,196
assets/gl_oneline/import/77/77838c7e-5910-4492-ab0f-a38096aaa857.fa86a.json,hek,134,126
assets/gl_oneline/import/77/77a83f19-df74-4e7f-93a4-3bc77df6cdb4.e7a49.json,hek,203,195
assets/gl_oneline/import/78/78484d40-7838-4340-bdb1-c1acc2d81359.7871f.json,hek,86,78
assets/gl_oneline/import/7b/7b196a3a-1c84-4b48-88bd-a49adf77bf24.42e05.json,hek,200,192
assets/gl_oneline/import/7b/7b5f82a5-b8cb-474b-93c1-1d2fb632249d.7871f.json,hek,86,78
assets/gl_oneline/import/7b/7b6997e0-4028-4bdf-aef6-f39656aa7c66.9fc5e.json,hek,201,193
assets/gl_oneline/import/7d/7d9924a3-bff5-4dbc-85a8-bbbbaf25c044.19149.json,hek,211,203
assets/gl_oneline/import/7d/7db0dd77-8ab1-428c-a436-5d3348f892ee.46223.json,hek,203,195
assets/gl_oneline/import/7e/7e690e5e-1021-4246-a442-6921e3f1e289.9e84c.json,hek,134,126
assets/gl_oneline/import/7f/7fa8ebd2-9c9e-4537-93b3-3d20932a60a0.8c8e4.json,hek,204,196
assets/gl_oneline/import/7f/7fb0c024-1de9-4045-b6ba-00b499164d59.1fb03.json,hek,134,126
assets/gl_oneline/import/7f/7fe9f3e7-33d4-4b79-aeb9-8fa45fd6f832.f9166.json,hek,211,203
assets/gl_oneline/import/82/824593c2-9d19-44c1-aa24-1523ae3a664e.9ff46.json,hek,207,199
assets/gl_oneline/import/82/82953ad9-5f66-43d2-8493-d49e348a5bbb.b416c.json,hek,202,194
assets/gl_oneline/import/83/831cd971-584a-4dbe-a148-89ac9ec0e7bf.31f68.json,hek,388,380
assets/gl_oneline/import/83/83c2f26d-a934-426e-ba25-00d3816e8c91.7871f.json,hek,86,78
assets/gl_oneline/import/84/84408187-0cf1-4e20-9a09-dae17889fcfb.e7509.json,hek,1235,2387
assets/gl_oneline/import/86/8615d8bc-62d4-45d7-addd-1cce44f3d8d5.98080.json,hek,1271,5573
assets/gl_oneline/import/86/86f6f536-249b-4291-884a-559acdcd3231.22e22.json,hek,199,191
assets/gl_oneline/import/87/87575018-d51f-49dc-8c90-77cad5666282.5570f.json,hek,202,194
assets/gl_oneline/import/88/8885877f-072c-4c76-9c38-7a3912bb44c4.3a0d5.json,hek,204,196
assets/gl_oneline/import/8a/8a50cdc9-e6aa-4ab0-944c-0a6a0a8b7d5f.7871f.json,hek,86,78
assets/gl_oneline/import/8c/8ca42b7a-8516-4c69-8b84-8e6cf26baa40.ae013.json,hek,211,203
assets/gl_oneline/import/8c/8caa54a3-0b80-4df9-bad2-7e071473acb8.0ad89.json,hek,205,197
assets/gl_oneline/import/8c/8cc277b9-a3c2-4383-832c-3a6e80956827.7871f.json,hek,86,78
assets/gl_oneline/import/8d/8dbad84d-3f60-4b74-b8b4-bbc73bf02920.7871f.json,hek,86,78
assets/gl_oneline/import/8f/8feba84b-3d7b-494d-a11e-76c34b1de7cd.7871f.json,hek,86,78
assets/gl_oneline/import/8f/8fff4985-f82b-4da8-961f-288a5a674a6d.d123d.json,hek,122,114
assets/gl_oneline/import/90/905513a6-9f89-4484-b1aa-90c4765c6402.fe2b6.json,hek,202,194
assets/gl_oneline/import/96/96dec589-ea0c-4107-be82-c9a68e388987.22b47.json,hek,201,193
assets/gl_oneline/import/98/986af9f5-baa0-46bd-9c90-f4b6b129c316.2b535.json,hek,201,193
assets/gl_oneline/import/98/98e8c420-fe69-4686-9c17-5a7bfe2cd245.cbfe6.json,hek,399,1284
assets/gl_oneline/import/9c/9c291d0a-fd44-487e-9540-2f5245670256.13ac2.json,hek,637,1159
assets/gl_oneline/import/9c/9c39ef59-8b7a-4560-a837-a2c2d4d1f79f.7871f.json,hek,86,78
assets/gl_oneline/import/9c/9c93f5c5-cb56-4827-a68c-3ea60f32d043.ee180.json,hek,137,129
assets/gl_oneline/import/9c/9cb2c919-c768-4929-8be5-3fb1fbe36f00.7871f.json,hek,86,78
assets/gl_oneline/import/9e/9edd4ddd-4260-48ee-8b5a-573fb11dd28b.a202f.json,hek,209,201
assets/gl_oneline/import/9f/9f364403-c98e-463c-b7d0-85eb1a5bf41c.e48c0.json,hek,7612,18233
assets/gl_oneline/import/9f/9f82aaa6-8a4c-47ed-9914-fcc7c589fcc7.943f2.json,hek,212,204
assets/gl_oneline/import/9f/9f8d28ef-4874-4754-abbf-cd4db8e87fee.a1904.json,hek,213,205
assets/gl_oneline/import/9f/9fcdb287-0248-43ee-911b-3f94ad3c25b5.63c74.json,hek,200,192
assets/gl_oneline/import/a0/a0712984-f7a9-448d-a31e-fa306280061c.7871f.json,hek,86,78
assets/gl_oneline/import/a1/a1041a9f-8a2e-4122-aa90-f930f5e5ab28.330c1.json,hek,6329,16321
assets/gl_oneline/import/a2/a204c196-a2a6-4051-80b3-0a559c470f3c.a3dd0.json,hek,134,126
assets/gl_oneline/import/a2/a23235d1-15db-4b95-8439-a2e005bfff91.43d76.json,hek,206,198
assets/gl_oneline/import/a3/a3753f71-c08f-4545-a534-72bae11831ec.fd232.json,hek,729,721
assets/gl_oneline/import/a3/a3a0842c-59db-48cb-a283-988e28874ef2.7871f.json,hek,86,78
assets/gl_oneline/import/a7/a74f340e-9c76-4ad4-8bed-5b2c56b6cb4e.7871f.json,hek,86,78
assets/gl_oneline/import/a7/a788f8c2-18a9-411b-b67f-46e20ddc225b.d19e0.json,hek,210,202
assets/gl_oneline/import/a8/a8fc7a08-0a3e-4cd6-ae5e-4f2e408c8f06.76d12.json,hek,134,126
assets/gl_oneline/import/a9/a90a03ba-221a-4c59-953b-0d8c7c121906.7871f.json,hek,86,78
assets/gl_oneline/import/a9/a98abbd3-6725-44fd-93ad-1ec3daf5df00.5e4d0.json,hek,206,198
assets/gl_oneline/import/aa/aaa1f0bc-9a4a-4f66-ae0c-e58364259139.5260e.json,hek,1740,7948
assets/gl_oneline/import/ab/ab5c86a1-e9ce-45f9-903a-1f98881f143e.4c5e4.json,hek,120,112
assets/gl_oneline/import/ae/ae3ef359-de6c-4546-bd51-e396f8af44a0.74af1.json,hek,134,126
assets/gl_oneline/import/af/af31ed85-d1f4-4b63-884a-65acc2b89088.7871f.json,hek,86,78
assets/gl_oneline/import/af/af53d884-a01d-4f4b-9df2-fa0eb4a8702e.faa4c.json,hek,263,255
assets/gl_oneline/import/b0/b02814aa-e42e-419f-841b-2674adb31647.ca5d1.json,hek,204,196
assets/gl_oneline/import/b0/b028b5ca-6ecd-43bd-8f1c-e7a1939b99b7.9d196.json,hek,134,126
assets/gl_oneline/import/b0/b0568066-5003-4c8c-8fab-9c346c774fde.7871f.json,hek,86,78
assets/gl_oneline/import/b0/b07fd10f-78f9-4482-8454-bc18eac9e473.7871f.json,hek,86,78
assets/gl_oneline/import/b0/b0c3a403-8a31-42b7-baf9-e0945b02520a.7871f.json,hek,86,78
assets/gl_oneline/import/b0/b0c49029-5a2f-4aa1-a13f-5d676374a6ff.7871f.json,hek,86,78
assets/gl_oneline/import/b1/b1a830d2-adb5-4d40-a0e6-0cb39cb31c1b.37e19.json,hek,134,126
assets/gl_oneline/import/b1/b1cdd613-48e3-416a-a4e9-dadbd7ee9258.7871f.json,hek,86,78
assets/gl_oneline/import/b2/b2bc95c1-f959-47bc-b5b4-840f23077c89.7871f.json,hek,86,78
assets/gl_oneline/import/b2/b2fe0193-5d6c-4795-81f9-73d7d6a5c571.0ab11.json,hek,124,116
assets/gl_oneline/import/b3/b31c2e9d-98a5-4133-b4c4-558a6fa7d811.2871b.json,hek,199,191
assets/gl_oneline/import/b4/b426dfbc-d47e-420d-9e4d-14d7cc97af68.7871f.json,hek,86,78
assets/gl_oneline/import/b4/b4b93943-6962-4dc9-8f4f-8b7ae4d16e4c.70792.json,hek,200,192
assets/gl_oneline/import/b5/b56daeab-449c-4bc8-9d42-0cbdaf77cb4a.c3159.json,hek,200,192
assets/gl_oneline/import/b7/b77c2199-8ac0-414a-8e0b-92cd08711ce5.00d67.json,hek,4987,31361
assets/gl_oneline/import/b7/b7f107b6-22cd-43bf-92f0-226f7c9a20cf.9f6c6.json,hek,213,205
assets/gl_oneline/import/b8/b82beddc-28cc-4c47-bbf2-26f170aadc9b.baccd.json,hek,119,111
assets/gl_oneline/import/b8/b8b75381-71f8-4b45-954f-6bd60bb93ede.7871f.json,hek,86,78
assets/gl_oneline/import/b9/b92f0e99-6668-42ab-80fd-9b92c57de060.ead6d.json,hek,577,1042
assets/gl_oneline/import/b9/b94a15e9-be99-473b-ad6b-90c3711ca910.788ac.json,hek,206,198
assets/gl_oneline/import/b9/b9bbf3fd-c7cb-42b1-ae4e-801617214e3c.7871f.json,hek,86,78
assets/gl_oneline/import/ba/ba72a073-15b0-44b6-b7a8-27015f15e6e5.771bb.json,hek,206,198
assets/gl_oneline/import/bb/bbc33d03-2d3b-4f1e-b536-1aaee199d8a0.7871f.json,hek,86,78
assets/gl_oneline/import/bd/bd291081-75c9-4bef-8983-58fb8a957a1f.dac79.json,hek,213,205
assets/gl_oneline/import/bd/bd61374c-2cf3-4135-a985-24d51020312e.f2b80.json,hek,216,208
assets/gl_oneline/import/bd/bd7d642c-b188-48ba-ad7c-205d073a3b22.7871f.json,hek,86,78
assets/gl_oneline/import/bd/bdfb7e2e-82b7-4c55-aff7-d000a092acec.48a8f.json,hek,207,199
assets/gl_oneline/import/c0/c07768f6-211a-402e-80cd-4fda361b7f53.7871f.json,hek,86,78
assets/gl_oneline/import/c1/c16f1cfa-19dd-4d44-a0bb-ca84a6701cdb.7871f.json,hek,86,78
assets/gl_oneline/import/c2/c246ec56-6025-4ee4-9200-a41698c9b314.84db2.json,hek,217,209
assets/gl_oneline/import/c3/c3505714-dd8b-4913-8ccc-c8b23ab8ba14.e5873.json,hek,1063,5222
assets/gl_oneline/import/c4/c4bae8e7-919a-4c94-a903-7f0732a93660.fa334.json,hek,207,199
assets/gl_oneline/import/c5/c58b23f7-2a3a-49fc-b8e2-cdbd4a41ecb1.c8227.json,hek,410,402
assets/gl_oneline/import/c5/c5ab1c42-a190-4056-961a-f37ce99e2364.7871f.json,hek,86,78
assets/gl_oneline/import/c7/c761f32c-97c9-4fc9-a4ad-f5ea14fc3a2a.ced56.json,hek,207,199
assets/gl_oneline/import/c8/c8842f28-8c5b-4d8a-8c84-725fcf09d613.7871f.json,hek,86,78
assets/gl_oneline/import/ca/ca24f2bf-b5e1-4cfe-a087-7cc08061c123.b337c.json,hek,206,198
assets/gl_oneline/import/ca/ca5e01f3-20b1-43b9-a156-535d144c627c.8cc90.json,hek,112,104
assets/gl_oneline/import/cb/cb24766e-98d2-46b1-a24b-df1c9a4764bf.7871f.json,hek,86,78
assets/gl_oneline/import/cb/cb3be145-a8bf-468d-b80e-4a6030990db3.7871f.json,hek,86,78
assets/gl_oneline/import/cb/cba6e86a-bf30-417e-a642-49091909bccc.5d6e2.json,hek,207,199
assets/gl_oneline/import/cc/cca31905-e043-46e5-9648-a9f9d454051b.812ec.json,hek,212,204
assets/gl_oneline/import/cc/ccd6df47-ccde-43e8-b808-7166df817e31.a235c.json,hek,209,201
assets/gl_oneline/import/cc/ccf69613-d239-439c-850c-c2d94354e299.7871f.json,hek,86,78
assets/gl_oneline/import/ce/ceec0a60-0cc9-4fa9-a3e7-c4c18ffa5e77.75ba7.json,hek,203,195
assets/gl_oneline/import/ce/cefaf4ee-a6c8-4148-a2aa-15aa840f9bcf.ed523.json,hek,981,973
assets/gl_oneline/import/cf/cfc16f06-e6d3-4fe6-820d-0f4a95f542dd.33f2c.json,hek,134,126
assets/gl_oneline/import/d0/d04855bf-99dc-43a7-b5c6-8f8c59764bd4.7871f.json,hek,86,78
assets/gl_oneline/import/d1/d1ea2006-2c09-4664-b4d3-171b86d06875.8b4be.json,hek,204,196
assets/gl_oneline/import/d3/d3405f8d-0a1a-4c29-bdfe-318e0c70b9a2.7871f.json,hek,86,78
assets/gl_oneline/import/d3/d3a6ab62-05f1-4038-ab98-1d22f6017d3c.7871f.json,hek,86,78
assets/gl_oneline/import/d7/d75184e0-0659-4ab7-98c5-97cb187b8ce5.7871f.json,hek,86,78
assets/gl_oneline/import/d7/d758fdb9-7920-4682-a8ba-e8a1c1e65a41.3e459.json,hek,134,126
assets/gl_oneline/import/d7/d7e9248e-0345-45de-962b-131f687d6826.1d322.json,hek,206,198
assets/gl_oneline/import/d8/d804ba62-672b-4068-aa26-07929dd350d1.ff06b.json,hek,765,1714
assets/gl_oneline/import/d9/d91fec59-2b9f-4417-99dc-766a038bf223.4f635.json,hek,205,197
assets/gl_oneline/import/d9/d9bc298d-16cc-4086-b7ef-ac42d9576fbe.d0414.json,hek,597,589
assets/gl_oneline/import/db/db368a0f-fe44-41bc-8e59-4c4f7d84c2ea.01a0c.json,hek,210,202
assets/gl_oneline/import/db/dbf5d6db-a184-4564-95c6-c9da0ae83514.4676f.json,hek,207,199
assets/gl_oneline/import/dc/dc1e28da-badd-4527-8c63-c70b5bd7d13e.d8a38.json,hek,209,201
assets/gl_oneline/import/dc/dc7d0a52-8076-45e3-818e-3bdc1ad0af14.7871f.json,hek,86,78
assets/gl_oneline/import/de/de62531d-657b-4125-a0fc-adbcda5d52d6.7871f.json,hek,86,78
assets/gl_oneline/import/de/deba8a88-f838-47e0-804e-9d37646ccf64.ebdf3.json,hek,196,188
assets/gl_oneline/import/df/dfb57f87-22d1-44c6-9827-79be7ca4bdd3.7871f.json,hek,86,78
assets/gl_oneline/import/e0/e0d20618-ada5-433c-84a4-ef2487ed9486.7871f.json,hek,86,78
assets/gl_oneline/import/e1/e169abb0-bf34-49e7-97f9-c816eaef1ff6.9b3b7.json,hek,134,126
assets/gl_oneline/import/e6/e6261a9f-580f-414a-90e4-1f8d5a525ae9.69aeb.json,hek,207,199
assets/gl_oneline/import/e6/e62dd4d6-c748-4aa7-82e1-d2ed161fc327.7eb88.json,hek,206,198
assets/gl_oneline/import/e7/e74d2133-e569-4ffc-a864-9e25ba2bfaf9.aa8b1.json,hek,206,198
assets/gl_oneline/import/e7/e7a0762c-e2ca-4a7c-b372-ff91de2d01a7.7871f.json,hek,86,78
assets/gl_oneline/import/e8/e870f86b-0a74-4451-b48c-f450bce0e1b7.5dae1.json,hek,199,191
assets/gl_oneline/import/ec/ecdb52f9-fa46-4a66-a564-85fb21ed4c08.a56ae.json,hek,202,194
assets/gl_oneline/import/ee/eede35f9-56c5-4540-9108-2fc8ae1fab24.d3e6b.json,hek,211,203
assets/gl_oneline/import/ef/ef79aff6-17c7-47c1-bc70-340848f87305.7871f.json,hek,86,78
assets/gl_oneline/import/f0/f01dc50d-9db7-45bc-a991-ae13939dd5b7.d74a2.json,hek,134,126
assets/gl_oneline/import/f1/f1e6d903-db2d-4dc4-81c4-18d04739858a.7871f.json,hek,86,78
assets/gl_oneline/import/f2/f2168aab-d75e-4852-93c4-c39b8ea8b076.73c42.json,hek,1196,2450
assets/gl_oneline/import/f2/f2f3b4b6-bfd5-4559-9e8a-026388a77783.6764e.json,hek,212,204
assets/gl_oneline/import/f7/f793ae7d-d1cf-40ca-8e4a-05f6fc56da83.7871f.json,hek,86,78
assets/gl_oneline/import/f7/f7a170d2-cfb5-446c-8d34-81ff60ce47db.d2062.json,hek,1704,7728
assets/gl_oneline/import/f7/f7a7bbd2-e137-4eb3-bb0d-226e2e2de07c.7871f.json,hek,86,78
assets/gl_oneline/import/f9/f9545412-d801-46ac-9b4a-6e49330f8238.346f7.json,hek,206,198
assets/gl_oneline/import/fb/fb15f503-257d-4f2c-bd98-5e7dd7a1cb4a.7871f.json,hek,86,78
assets/gl_oneline/import/fb/fb459593-e8d1-49ff-81ad-f151200bcbc0.ebac7.json,hek,200,192
assets/gl_oneline/import/fd/fd7ba092-81fb-4802-8050-4645e05f7a25.7871f.json,hek,86,78
assets/gl_oneline/index.a6f3d.jsc,jsc,69388,384384
assets/gl_oneline/native/00/0076dfdd-9b0f-47a6-8cbd-f32e6cd0f19d.aa421.png,hek,1799,1791
assets/gl_oneline/native/01/01581dff-ee3e-4a1e-af14-a3d27726a094.42359.png,hek,965,957
assets/gl_oneline/native/05/051265bc-ecf8-44ed-ac40-5291e8cfd3e8.c2dfb.png,hek,5230,5222
assets/gl_oneline/native/06/06795736-9c8c-4adc-a5c4-ab6ac7d67be2.361c5.ogg,明文,7166,7166
assets/gl_oneline/native/07/07062436-67c7-4d6a-956c-68d5f7598314.75d81.png,hek,1264,1256
assets/gl_oneline/native/08/08cf7e06-828c-43e4-abdd-a9ef0e3f48c6.64e1e.png,hek,871,863
assets/gl_oneline/native/08/08f28acd-ec87-441c-adf4-6019c516cdb6.392b1.png,hek,1264,1256
assets/gl_oneline/native/0a/0a57476e-ea26-49a0-b4eb-c935e77949af.59388.png,hek,36530,36522
assets/gl_oneline/native/0b/0beaec3f-0c94-405b-9d17-04638c3a4ff9.9967a.png,hek,1954,1946
assets/gl_oneline/native/0e/0eb96047-2731-41b2-8016-85a48a2e94c1.5bfd2.png,hek,980,972
assets/gl_oneline/native/0e/0efad84a-c42f-44c3-80a9-5697ab272536.ecb83.ogg,明文,8562,8562
assets/gl_oneline/native/0f/0f9e2d93-764e-40a0-a542-41b59007fdfb.0e238.png,hek,1568,1560
assets/gl_oneline/native/10/10aecaf7-5d07-4c72-8b62-887ff57ec87e.83e17.png,hek,744,736
assets/gl_oneline/native/13/13cb8157-13ea-4196-8fdf-4c9be81f200d.dfc78.ogg,明文,7348,7348
assets/gl_oneline/native/17/1724ae7a-5cdd-490b-bb9a-3a1b607daab4.93720.png,hek,5286,5278
assets/gl_oneline/native/19/19d17073-4c96-4aaa-8665-4aeee744a5d8.b28c3.png,hek,359,351
assets/gl_oneline/native/1a/1a741983-ae7b-40b4-b447-a967cc776814.1b0ad.png,hek,1751,1743
assets/gl_oneline/native/1a/1a88d924-0551-45c4-bf22-77f8df83d16b.631fe.png,hek,2344,2336
assets/gl_oneline/native/1c/1c08e23b-a824-4d56-b51d-9f31ef799f05.7cabb.png,hek,1341,1333
assets/gl_oneline/native/1c/1cb1ce7c-1564-4083-b004-67c7384c861d.92844.ogg,明文,7492,7492
assets/gl_oneline/native/1e/1ea562dc-b53a-4582-8b6e-c942b770156b.f0f36.png,hek,1198,1190
assets/gl_oneline/native/1e/1ec84584-441c-4686-8175-d75f46c40749.22213.png,hek,5274,5266
assets/gl_oneline/native/20/205918db-4021-45db-9d51-a04caeef6862.d4847.png,hek,1264,1256
assets/gl_oneline/native/21/21aa5c10-470a-4d11-a4bf-0a91098b2995.8b034.ogg,明文,7270,7270
assets/gl_oneline/native/22/22b55f6b-b73b-416d-9455-f3619bdc1d84.698e7.png,hek,5294,5286
assets/gl_oneline/native/27/27c71783-278e-44c0-b0ae-6bf7d2c33d0e.74f9c.png,hek,1222,1214
assets/gl_oneline/native/28/28396a56-541b-4e59-9d4d-5afd7a31033b.77a21.ogg,明文,7811,7811
assets/gl_oneline/native/28/28952f81-ddfd-46df-9440-8f97d461a54f.13804.png,hek,2495,2487
assets/gl_oneline/native/28/28e985e6-2e6b-49bb-a441-2d71f5cea2af.a6481.png,hek,1006,998
assets/gl_oneline/native/29/29917b0e-3f4e-4e46-96b3-8a7ba7ec1807.8813f.png,hek,5261,5253
assets/gl_oneline/native/2b/2b0a1212-d57a-4734-96e7-3f3f4a125d38.35182.png,hek,1131,1123
assets/gl_oneline/native/2e/2e1f7f2b-50c5-4868-a746-99eca7dda231.110fe.ogg,明文,7462,7462
assets/gl_oneline/native/32/32056e32-62f7-4500-b8bb-5e82700f497f.c504f.png,hek,69637,69629
assets/gl_oneline/native/32/32a9ac09-fb42-49cb-ad3d-1a112d2a3624.840cc.ogg,明文,7729,7729
assets/gl_oneline/native/35/3505dc88-59c4-4eb3-8be9-70a951c58c6a.7d1b2.atlas,hek,399,1501
assets/gl_oneline/native/38/38b34c02-8274-423d-981b-f7603d5ce23a.1e96e.ogg,明文,14370,14370
assets/gl_oneline/native/39/39117336-3971-408e-8f19-385c56c5de01.ce9db.png,hek,843,835
assets/gl_oneline/native/39/39467cbc-4fc8-47c0-bbf2-14268ee2c684.2a892.png,hek,599,591
assets/gl_oneline/native/39/3956325a-9322-415e-8d3f-c7f42d17b297.3065e.png,hek,1264,1256
assets/gl_oneline/native/3f/3f6dfee4-ee01-4770-8ab6-faaabad794a0.50e6a.png,hek,69993,69985
assets/gl_oneline/native/40/40216108-6f94-44ce-9baa-b761cdd9b2ad.772b1.png,hek,596,588
assets/gl_oneline/native/40/40dd0d20-2471-47ce-9585-c4274a225774.f1829.png,hek,547,539
assets/gl_oneline/native/40/40e93ae2-f8f7-4585-ba47-5d410e2f8c16.34a0a.png,hek,1881,1873
assets/gl_oneline/native/41/4147f36c-56f4-4342-b637-084a1f44d2af.7192a.ogg,明文,7975,7975
assets/gl_oneline/native/41/416d8d4a-5425-4cb2-b9cb-d9bf5848515c.c131c.png,hek,5298,5290
assets/gl_oneline/native/43/43aa7603-4187-446f-9dc6-2c2aaff87342.b2ab2.png,hek,90244,90236
assets/gl_oneline/native/46/465fe975-78e9-4d5b-ba74-83f876b4f490.acd7f.ogg,明文,4830,4830
assets/gl_oneline/native/47/472ea8e4-d9fb-40b4-b39a-8c1a15a444b0.ecf1a.png,hek,649,641
assets/gl_oneline/native/48/481b1447-c5c5-4550-91fc-eda2ba45ed5d.af448.png,hek,3017,3009
assets/gl_oneline/native/48/48c92ce7-f7b7-417f-a472-39f30dfae5bb.5cec7.png,hek,5278,5270
assets/gl_oneline/native/49/493e82dc-61ef-49af-a83e-9c59a10d3934.0ea6d.png,hek,1634,1626
assets/gl_oneline/native/4a/4ada27c4-602e-4cb1-be14-a80b4979bb36.539ef.ogg,明文,19467,19467
assets/gl_oneline/native/52/52516df3-edb1-4609-8193-ca49f17e9d99.d07ec.png,hek,660,652
assets/gl_oneline/native/52/5296ce1e-4974-4f33-b3cc-74e6a513fa95.8c911/Roboto-Bold.ttf,明文,146768,146768
assets/gl_oneline/native/54/542f31fb-7d2c-45b0-9ac7-425add30088c.8e49c.png,hek,1247,1239
assets/gl_oneline/native/55/558436cf-639d-4dcb-a36c-a088b929ff18.5b495.png,hek,1826,1818
assets/gl_oneline/native/55/55ac3a60-2e93-4473-949a-5cb7317a28ce.072fe.png,hek,1813,1805
assets/gl_oneline/native/5a/5a904023-13a3-4df5-858b-e9c0211e8483.e012b.png,hek,1617,1609
assets/gl_oneline/native/5c/5c270b07-4dc4-480f-9da7-2b73a39983ae.41cc5.png,hek,1979,1971
assets/gl_oneline/native/60/607dcf5d-36d7-48b8-a450-0827d2b451fd.5c292.png,hek,2430,2422
assets/gl_oneline/native/62/628b07e1-bcee-4674-b3a1-d85cb1d0e914.41376.png,hek,3977,3969
assets/gl_oneline/native/62/62ef972c-c8a4-4fd4-a12e-3edb156d3a44.55a51.ogg,明文,7036,7036
assets/gl_oneline/native/63/63ab199b-1fa7-4076-bff9-d30bf15453d8.55812.png,hek,24157,24149
assets/gl_oneline/native/6e/6eacde41-e6e1-46ca-8991-0ce1b247bb76.16a18.png,hek,1749,1741
assets/gl_oneline/native/70/700ba5ce-5623-4ecc-afd3-6ddd7dd9ce29.c7d28.png,hek,526,518
assets/gl_oneline/native/70/70f5cd59-996c-4d2f-8978-710efce714b8.b8032.png,hek,1264,1256
assets/gl_oneline/native/72/727bc58a-5368-489e-92a5-31a1e0e62271.9090d.png,hek,5260,5252
assets/gl_oneline/native/72/727f807a-e6df-4e4e-b0c2-e6bb1e3a8a51.a9fa7.ogg,明文,7810,7810
assets/gl_oneline/native/72/728dfc2f-12ba-4abb-9363-66d95f238546.1bf7e.png,hek,9590,9582
assets/gl_oneline/native/72/72e8bf8f-93a4-47ad-8145-d4c5429fa436.b8ebd.png,hek,3106,3098
assets/gl_oneline/native/76/76147a2a-4d62-4ec9-baeb-8601d5e5af08.83e17.png,hek,744,736
assets/gl_oneline/native/76/76fbe0e8-fd45-4896-b0fb-f861136cab8a.d5298.png,hek,1019,1011
assets/gl_oneline/native/77/77838c7e-5910-4492-ab0f-a38096aaa857.0bf59.ogg,明文,6515,6515
assets/gl_oneline/native/78/78484d40-7838-4340-bdb1-c1acc2d81359.bb37f.png,hek,719,711
assets/gl_oneline/native/7b/7b5f82a5-b8cb-474b-93c1-1d2fb632249d.2958f.png,hek,1043,1035
assets/gl_oneline/native/7e/7e690e5e-1021-4246-a442-6921e3f1e289.db574.ogg,明文,8314,8314
assets/gl_oneline/native/7f/7fb0c024-1de9-4045-b6ba-00b499164d59.8d40f.ogg,明文,8594,8594
assets/gl_oneline/native/83/83c2f26d-a934-426e-ba25-00d3816e8c91.1a6c2.png,hek,822,814
assets/gl_oneline/native/8a/8a50cdc9-e6aa-4ab0-944c-0a6a0a8b7d5f.3d210.png,hek,2679,2671
assets/gl_oneline/native/8c/8cc277b9-a3c2-4383-832c-3a6e80956827.0110c.png,hek,3878,3870
assets/gl_oneline/native/8d/8dbad84d-3f60-4b74-b8b4-bbc73bf02920.7d078.png,hek,1737,1729
assets/gl_oneline/native/8f/8feba84b-3d7b-494d-a11e-76c34b1de7cd.5cfcf.png,hek,5227,5219
assets/gl_oneline/native/8f/8fff4985-f82b-4da8-961f-288a5a674a6d.dd61a.atlas,hek,325,317
assets/gl_oneline/native/9c/9c39ef59-8b7a-4560-a837-a2c2d4d1f79f.2d252.png,hek,2743,2735
assets/gl_oneline/native/9c/9c93f5c5-cb56-4827-a68c-3ea60f32d043.c22a2.ogg,明文,7222,7222
assets/gl_oneline/native/9c/9cb2c919-c768-4929-8be5-3fb1fbe36f00.4ff35.png,hek,640,632
assets/gl_oneline/native/a0/a0712984-f7a9-448d-a31e-fa306280061c.061e7.png,hek,2186,2178
assets/gl_oneline/native/a2/a204c196-a2a6-4051-80b3-0a559c470f3c.1de62.ogg,明文,8423,8423
assets/gl_oneline/native/a3/a3a0842c-59db-48cb-a283-988e28874ef2.6b7e4.png,hek,299,291
assets/gl_oneline/native/a7/a74f340e-9c76-4ad4-8bed-5b2c56b6cb4e.bfbf6.png,hek,741,733
assets/gl_oneline/native/a8/a8fc7a08-0a3e-4cd6-ae5e-4f2e408c8f06.8c63e.ogg,明文,8535,8535
assets/gl_oneline/native/a9/a90a03ba-221a-4c59-953b-0d8c7c121906.06f45.png,hek,329,321
assets/gl_oneline/native/ab/ab5c86a1-e9ce-45f9-903a-1f98881f143e.912ba.bin,hek,1732,4040
assets/gl_oneline/native/ae/ae3ef359-de6c-4546-bd51-e396f8af44a0.0f0b1.ogg,明文,8378,8378
assets/gl_oneline/native/af/af31ed85-d1f4-4b63-884a-65acc2b89088.5268c.png,hek,615,607
assets/gl_oneline/native/b0/b028b5ca-6ecd-43bd-8f1c-e7a1939b99b7.936a2.ogg,明文,7023,7023
assets/gl_oneline/native/b0/b0568066-5003-4c8c-8fab-9c346c774fde.79fab.png,hek,502,494
assets/gl_oneline/native/b0/b07fd10f-78f9-4482-8454-bc18eac9e473.35148.png,hek,1264,1256
assets/gl_oneline/native/b0/b0c3a403-8a31-42b7-baf9-e0945b02520a.e22da.png,hek,2994,2986
assets/gl_oneline/native/b0/b0c49029-5a2f-4aa1-a13f-5d676374a6ff.dc8b6.png,hek,4235,4227
assets/gl_oneline/native/b1/b1a830d2-adb5-4d40-a0e6-0cb39cb31c1b.2316d.ogg,明文,7003,7003
assets/gl_oneline/native/b1/b1cdd613-48e3-416a-a4e9-dadbd7ee9258.670b2.png,hek,2447,2439
assets/gl_oneline/native/b2/b2bc95c1-f959-47bc-b5b4-840f23077c89.21053.png,hek,1264,1256
assets/gl_oneline/native/b2/b2fe0193-5d6c-4795-81f9-73d7d6a5c571.dceee.atlas,hek,400,392
assets/gl_oneline/native/b4/b426dfbc-d47e-420d-9e4d-14d7cc97af68.8473b.png,hek,711,703
assets/gl_oneline/native/b8/b82beddc-28cc-4c47-bbf2-26f170aadc9b.41f31.atlas,hek,519,511
assets/gl_oneline/native/b8/b8b75381-71f8-4b45-954f-6bd60bb93ede.06e4c.png,hek,2212,2204
assets/gl_oneline/native/b9/b9bbf3fd-c7cb-42b1-ae4e-801617214e3c.0d04e.png,hek,1022,1014
assets/gl_oneline/native/bb/bbc33d03-2d3b-4f1e-b536-1aaee199d8a0.a3b84.png,hek,1635,1627
assets/gl_oneline/native/bd/bd7d642c-b188-48ba-ad7c-205d073a3b22.af3de.png,hek,796,788
assets/gl_oneline/native/c0/c07768f6-211a-402e-80cd-4fda361b7f53.8f3b3.png,hek,2213,2205
assets/gl_oneline/native/c1/c16f1cfa-19dd-4d44-a0bb-ca84a6701cdb.4d0e6.png,hek,3944,3936
assets/gl_oneline/native/c5/c5ab1c42-a190-4056-961a-f37ce99e2364.3cedf.png,hek,299,291
assets/gl_oneline/native/c8/c8842f28-8c5b-4d8a-8c84-725fcf09d613.6b3d2.png,hek,1190,1182
assets/gl_oneline/native/ca/ca5e01f3-20b1-43b9-a156-535d144c627c.f582b.bin,hek,218925,780242
assets/gl_oneline/native/cb/cb24766e-98d2-46b1-a24b-df1c9a4764bf.7724a.png,hek,1960,1952
assets/gl_oneline/native/cb/cb3be145-a8bf-468d-b80e-4a6030990db3.a9103.png,hek,48811,48803
assets/gl_oneline/native/cc/ccf69613-d239-439c-850c-c2d94354e299.3d281.png,hek,1538,1530
assets/gl_oneline/native/cf/cfc16f06-e6d3-4fe6-820d-0f4a95f542dd.88e84.ogg,明文,6089,6089
assets/gl_oneline/native/d0/d04855bf-99dc-43a7-b5c6-8f8c59764bd4.326aa.png,hek,526,518
assets/gl_oneline/native/d3/d3405f8d-0a1a-4c29-bdfe-318e0c70b9a2.10aa0.png,hek,67829,67821
assets/gl_oneline/native/d3/d3a6ab62-05f1-4038-ab98-1d22f6017d3c.b0983.png,hek,1264,1256
assets/gl_oneline/native/d7/d75184e0-0659-4ab7-98c5-97cb187b8ce5.868e0.png,hek,17341,17333
assets/gl_oneline/native/d7/d758fdb9-7920-4682-a8ba-e8a1c1e65a41.a6172.ogg,明文,7641,7641
assets/gl_oneline/native/dc/dc7d0a52-8076-45e3-818e-3bdc1ad0af14.02a36.png,hek,1183,1175
assets/gl_oneline/native/de/de62531d-657b-4125-a0fc-adbcda5d52d6.968fd.png,hek,551,543
assets/gl_oneline/native/df/dfb57f87-22d1-44c6-9827-79be7ca4bdd3.2b1cf.png,hek,1350,1342
assets/gl_oneline/native/e0/e0d20618-ada5-433c-84a4-ef2487ed9486.f6200.png,hek,2041,2033
assets/gl_oneline/native/e1/e169abb0-bf34-49e7-97f9-c816eaef1ff6.83277.ogg,明文,8233,8233
assets/gl_oneline/native/e7/e7a0762c-e2ca-4a7c-b372-ff91de2d01a7.ebf64.png,hek,1832,1824
assets/gl_oneline/native/ef/ef79aff6-17c7-47c1-bc70-340848f87305.0e238.png,hek,1568,1560
assets/gl_oneline/native/f0/f01dc50d-9db7-45bc-a991-ae13939dd5b7.d2e2d.ogg,明文,6863,6863
assets/gl_oneline/native/f1/f1e6d903-db2d-4dc4-81c4-18d04739858a.81a7d.png,hek,5251,5243
assets/gl_oneline/native/f7/f793ae7d-d1cf-40ca-8e4a-05f6fc56da83.d87ae.png,hek,289,281
assets/gl_oneline/native/f7/f7a7bbd2-e137-4eb3-bb0d-226e2e2de07c.b1dad.png,hek,2241,2233
assets/gl_oneline/native/fb/fb15f503-257d-4f2c-bd98-5e7dd7a1cb4a.0b44c.png,hek,115,107
assets/gl_oneline/native/fd/fd7ba092-81fb-4802-8050-4645e05f7a25.fce44.png,hek,1264,1256
assets/gl_onet/config.c2414.json,hek,17216,42730
assets/gl_onet/import/00/0030ab1e-f0c2-4c9c-a635-6bf02b277d0b.c5164.json,hek,201,193
assets/gl_onet/import/00/0078707f-8228-406f-93e1-6ee22a1a11e5.7871f.json,hek,86,78
assets/gl_onet/import/01/010a2bbd-59fd-463d-9295-f00f87057bf6.592aa.json,hek,203,195
assets/gl_onet/import/01/01232448-04a8-45f8-9554-014f4a9fbe20.23d73.json,hek,200,192
assets/gl_onet/import/01/014bd3f3-112a-47ce-9907-5a6cf594a7a6.8a50c.json,hek,300,292
assets/gl_onet/import/01/01a92b9b-861d-448d-bb55-153f51350b1e.d36fa.json,hek,132,124
assets/gl_onet/import/03/03032425-43d2-4546-acc9-fada4b783908.b6f1e.json,hek,199,191
assets/gl_onet/import/04/04061a75-cf2d-444f-b9a5-d6d4f690d8ed.7f7d5.json,hek,198,190
assets/gl_onet/import/04/042b53ee-fe17-4660-b00a-61e560280596.1e15a.json,hek,201,193
assets/gl_onet/import/04/0485d78a-8932-4d31-b0a6-49d80edcfb36.7871f.json,hek,86,78
assets/gl_onet/import/05/05027670-b336-496a-bdc8-dd7c2b3b35b2.9fdf9.json,hek,132,124
assets/gl_onet/import/05/05803faa-e605-4ad5-956e-ac0fc3174a76.7871f.json,hek,86,78
assets/gl_onet/import/06/06115645-77d2-42c0-b807-57a88a824333.4c62c.json,hek,196,188
assets/gl_onet/import/07/07324575-6394-42fa-b6f8-43b2f8b4dc8f.c7e00.json,hek,207,199
assets/gl_onet/import/07/07453728-7b03-476b-b4fd-c44e8f4ccab9.9427e.json,hek,200,192
assets/gl_onet/import/07/0795d1da-db00-4e6a-9b8e-d1f238ba3712.d4b60.json,hek,122,114
assets/gl_onet/import/07/07a27c1b-50b8-4874-85e3-76b86ebbfea9.2a09b.json,hek,201,193
assets/gl_onet/import/08/0846085b-a79a-4c71-b584-06543a6496e3.7871f.json,hek,86,78
assets/gl_onet/import/09/0915311e-c473-4018-a26a-41fa8295edde.e7b62.json,hek,971,963
assets/gl_onet/import/09/098585df-e9b2-42e4-bd7d-93f205d2bba3.5afff.json,hek,203,195
assets/gl_onet/import/09/0989eea4-b7ef-442d-8234-5d16d7e3ca6e.7871f.json,hek,86,78
assets/gl_onet/import/09/09970b57-ec13-407b-b61f-df716a5ca098.cd2f5.json,hek,190,182
assets/gl_onet/import/09/09f3740a-6464-46ef-a8b9-89b0bbff0a7a.91049.json,hek,202,194
assets/gl_onet/import/0a/0a1e4f5e-ecaa-4472-bbda-3c4fce9aa118.7871f.json,hek,86,78
assets/gl_onet/import/0a/0ae8926a-f7e5-440a-8786-24d6e53f0c12.ab80c.json,hek,190,182
assets/gl_onet/import/0b/0b72ba78-609e-4c6e-a200-94ba91df7b95.7871f.json,hek,86,78
assets/gl_onet/import/0b/0b8aa2ef-8c30-4cfb-8471-f44abbf7b8a6.d3051.json,hek,191,183
assets/gl_onet/import/0c/0c198c99-06f2-4f80-9595-89e9ee59cc1a.ebc1a.json,hek,195,187
assets/gl_onet/import/0c/0c4e36b1-9a77-494e-8a11-4cf1dcb14aeb.85b54.json,hek,195,187
assets/gl_onet/import/0c/0cef511c-a980-454b-801c-e5f64703098d.7871f.json,hek,86,78
assets/gl_onet/import/0e/0e544752-2872-4043-9a7f-f2d000c17825.b84c4.json,hek,211,203
assets/gl_onet/import/0f/0faee4ad-1fc2-40cd-9bdd-57fe6a882a25.7a2ed.json,hek,571,563
assets/gl_onet/import/11/1128b57f-46d9-4c90-b84d-8de9f3452dee.90355.json,hek,187,179
assets/gl_onet/import/11/118aeb74-e599-4e2c-bbe7-5580dc09180c.7871f.json,hek,86,78
assets/gl_onet/import/11/11feb808-a580-4111-a635-d37732dd180b.7871f.json,hek,86,78
assets/gl_onet/import/12/1226035f-4c05-4cbc-8f89-b53412fff423.2ca84.json,hek,189,181
assets/gl_onet/import/12/128caf8f-c8f7-4f81-87a6-39ad40d1d183.6c97a.json,hek,199,191
assets/gl_onet/import/12/12c3a094-0513-4933-8901-0c54eb95b2fc.6d53e.json,hek,203,195
assets/gl_onet/import/13/134661d2-97b3-4d8c-b55f-87f1f643f315.c4260.json,hek,203,195
assets/gl_onet/import/13/136a8f9e-8e26-44f0-8696-1f604990a524.3cb4b.json,hek,623,615
assets/gl_onet/import/13/1383e832-2240-415e-a065-61b8d6dc58b3.7871f.json,hek,86,78
assets/gl_onet/import/14/140b4b92-4838-474e-8744-ed279a45bb95.93cb7.json,hek,203,195
assets/gl_onet/import/14/14100a9c-72eb-470e-9e15-b038e75dc5b0.e4f56.json,hek,190,182
assets/gl_onet/import/14/142b127b-5ebf-46f1-bcd0-3e43fff63845.71534.json,hek,37556,398597
assets/gl_onet/import/14/1474c1a93.91de0.json,hek,86,78
assets/gl_onet/import/14/1477b974-14ef-43dc-8e7a-11e6d56779c2.7871f.json,hek,86,78
assets/gl_onet/import/14/149cad6b-ac57-491f-b4be-d0d6f7b10df0.358a1.json,hek,657,649
assets/gl_onet/import/14/14cdbba1-cfe7-47d6-a6d9-1305992b40e5.7871f.json,hek,86,78
assets/gl_onet/import/15/15e84370-89ae-475d-847b-01079165f332.df85c.json,hek,205,197
assets/gl_onet/import/16/163dc5df-3da1-4e0a-803b-46001de84274.c18b2.json,hek,633,625
assets/gl_onet/import/16/163dc9a8-cd1a-43f4-871f-06238f867861.d92e3.json,hek,192,184
assets/gl_onet/import/16/169b851b-c5b0-42b3-984c-aa128cb7c5be.280a2.json,hek,667,659
assets/gl_onet/import/16/16c54e4d6.91de0.json,hek,86,78
assets/gl_onet/import/17/17d958df-2262-4a55-b748-2a6b03a6c3fc.799d4.json,hek,200,192
assets/gl_onet/import/17/17f63629-7818-4e67-8e60-064940c393a9.3e3f6.json,hek,199,191
assets/gl_onet/import/18/187b485c-4bd3-4495-94e2-121e023822e3.e9871.json,hek,132,124
assets/gl_onet/import/18/188e507e-4465-4c3b-9603-f58b3d824dd3.5a464.json,hek,209,201
assets/gl_onet/import/18/18eeaa2f8.91de0.json,hek,86,78
assets/gl_onet/import/19/19ad7474-9b96-4a70-a1ca-43a32013f2a1.630d2.json,hek,200,192
assets/gl_onet/import/19/19ef2fbc0.91de0.json,hek,86,78
assets/gl_onet/import/1b/1b2c183a-ba2b-4b16-adb4-326bdf61e37a.7871f.json,hek,86,78
assets/gl_onet/import/1b/1b7fa1f5-c4f9-4da7-a79b-04b9dc4840b9.8cc90.json,hek,112,104
assets/gl_onet/import/1b/1b9f90dd8.91de0.json,hek,86,78
assets/gl_onet/import/1b/1bbb686d-3db7-4f6a-a8d8-f1932acc550d.7871f.json,hek,86,78
assets/gl_onet/import/1b/1bd61595-bc4e-4d86-9c2d-56c6cd16b104.a5309.json,hek,3871,9722
assets/gl_onet/import/1d/1d2cdc97-4c62-4d9e-9284-067cc732e2ee.3b724.json,hek,203,195
assets/gl_onet/import/1d/1d8488c6-17a4-49d1-b16e-ed24500e19e4.62b6b.json,hek,199,191
assets/gl_onet/import/1d/1d926666-df21-4144-b1fe-11450374ad25.1e7c8.json,hek,193,185
assets/gl_onet/import/1e/1eb71fa4-22bd-46cb-bdb3-be8da7a68b83.48ea7.json,hek,187,179
assets/gl_onet/import/1e/1ede820de.91de0.json,hek,86,78
assets/gl_onet/import/20/20221e10-60e1-45a5-a7fa-5b35acb89596.b4078.json,hek,197,189
assets/gl_onet/import/20/20a1cfd8-38c6-4a11-900b-4268c1d1deec.7871f.json,hek,86,78
assets/gl_onet/import/21/21881801-0c5d-4971-bc59-c664c19352ea.8338a.json,hek,189,181
assets/gl_onet/import/23/233e8192-dd4d-46cf-90e5-40e441e62c16.7871f.json,hek,86,78
assets/gl_onet/import/23/238968fa-09c1-4a9d-895b-b2248a12d3a5.3157d.json,hek,186,178
assets/gl_onet/import/24/24606024-c7b0-4138-b3cb-05b6c8ab2b7e.7871f.json,hek,86,78
assets/gl_onet/import/25/2500a60a-e23c-4520-b18a-c92646360221.7871f.json,hek,86,78
assets/gl_onet/import/25/25893ec3-fe5c-49ba-91d0-0396231beabe.fdef8.json,hek,201,193
assets/gl_onet/import/27/270a3765-47c4-4dbe-9bed-4064b6b604a3.05030.json,hek,207,199
assets/gl_onet/import/27/2729e8b2-2740-4721-82d8-baeb48c4515a.d1578.json,hek,1207,2389
assets/gl_onet/import/27/275f4a2f-74a0-4c5f-b98e-757da4dc165c.7871f.json,hek,86,78
assets/gl_onet/import/28/28bfae8a-a4d2-475a-ad69-bbb3c251e378.2092d.json,hek,191,183
assets/gl_onet/import/29/29158224-f8dd-4661-a796-1ffab537140e.6dda3.json,hek,213,205
assets/gl_onet/import/29/2928ba17-d941-4903-b118-2b7259a206ee.2fef3.json,hek,132,124
assets/gl_onet/import/29/29baa0fa-a655-4f00-b96f-195ef94a219d.f824a.json,hek,199,191
assets/gl_onet/import/2a/2ab315ec-4978-416f-9809-5d4b1ea51b82.0fa02.json,hek,190,182
assets/gl_onet/import/2b/2b65b36c-5bc1-4dac-9df3-6943796481b1.7871f.json,hek,86,78
assets/gl_onet/import/2c/2ce2d737-5a2b-449d-907f-2df607685531.7871f.json,hek,86,78
assets/gl_onet/import/2d/2dc4a463-e1c7-4ea4-91fa-c11af5d057ad.d9b51.json,hek,209,201
assets/gl_onet/import/2e/2e3d8e76-80f6-4944-be58-0ca89f39498a.c8a9b.json,hek,201,193
assets/gl_onet/import/30/3089acca-deb3-47df-9d3b-60c4179a9c9a.7871f.json,hek,86,78
assets/gl_onet/import/31/31208099-2781-4296-b2a3-f6ce4a19a02e.99769.json,hek,199,191
assets/gl_onet/import/31/3161127a-db71-419d-a631-d47cd0c81bb7.e4956.json,hek,197,189
assets/gl_onet/import/32/3265c739-2380-48d0-a19d-8294c454124d.a4f09.json,hek,200,192
assets/gl_onet/import/32/32ddf90d-a568-4ea8-ba48-fddf5c146271.89e38.json,hek,189,181
assets/gl_onet/import/32/32fed063-4ba8-428f-a9b2-5f874269163b.bc87d.json,hek,203,195
assets/gl_onet/import/33/332db619-9c9c-42ed-aabc-8282d63f305c.52fff.json,hek,201,193
assets/gl_onet/import/34/3480cfc6-eec6-4607-a4a1-bc356498340f.f7e13.json,hek,198,190
assets/gl_onet/import/34/34d437ca-e06d-4cab-b909-bc004259c4b9.be16f.json,hek,199,191
assets/gl_onet/import/35/3562bc87-72d2-4f71-b1ee-45c4aa3e8f14.1da5a.json,hek,201,193
assets/gl_onet/import/35/35d66254-3b28-43a0-8abe-05f8dafa1b11.399fd.json,hek,197,189
assets/gl_onet/import/36/36f7ebe3-9183-41b4-889f-c2a09d93916c.7871f.json,hek,86,78
assets/gl_onet/import/37/379027ae-71f1-407d-887a-2ea3846655ab.88270.json,hek,103,95
assets/gl_onet/import/37/37dcc632-0913-4422-ae16-6633b334e831.f179e.json,hek,197,189
assets/gl_onet/import/37/37debbb1-9f99-4b85-835d-e8ae6ac0f95f.fa60b.json,hek,188,180
assets/gl_onet/import/38/38ed22a0-efd2-4265-834c-7e75a3fd9712.0e9aa.json,hek,815,807
assets/gl_onet/import/39/3914e0ea-250e-43a9-85fe-7932f98ac73b.bae56.json,hek,197,189
assets/gl_onet/import/39/39878db2-1c95-4554-a350-e21452cca5b8.7871f.json,hek,86,78
assets/gl_onet/import/39/39aacb43-4b80-4f74-b5e8-4b65b7e56bae.7871f.json,hek,86,78
assets/gl_onet/import/3a/3a3dcf74-81d2-480b-9954-f6a6014455d3.7871f.json,hek,86,78
assets/gl_onet/import/3a/3a661264-c88a-4c8d-b919-03ae84ed7008.7ec5a.json,hek,131,123
assets/gl_onet/import/3a/3a6dca38-7a05-4acb-a484-060985a67fd9.c74fa.json,hek,1438,3339
assets/gl_onet/import/3b/3b2c4074-4e2d-4c5c-ba8f-477cbf8fee2e.1f1df.json,hek,201,193
assets/gl_onet/import/3b/3b34dc9c-48a6-47c8-ac48-b9842ab0d89c.cc914.json,hek,201,193
assets/gl_onet/import/3b/3b50b460-b336-40ed-a15d-33089fe32cbb.9eb33.json,hek,193,185
assets/gl_onet/import/3b/3b83dbc2-8409-406e-abf1-faa86812d38c.15885.json,hek,198,190
assets/gl_onet/import/3b/3b8c0b65-4a9c-4d50-923e-111f43ed1525.27f36.json,hek,198,190
assets/gl_onet/import/3c/3c8ea9fc-7d0f-4114-867b-343b1e192cdf.7871f.json,hek,86,78
assets/gl_onet/import/3d/3d8f12fa-40b2-4856-ac3a-4766f5785379.cca68.json,hek,202,194
assets/gl_onet/import/3e/3e16a4ab-55ce-4927-9755-08f571780ffb.7871f.json,hek,86,78
assets/gl_onet/import/3f/3f87c3c0-c057-4853-be5a-81b943769583.c0e7d.json,hek,196,188
assets/gl_onet/import/41/41c6caa0-d151-4803-86ac-60ae04d9b53c.1a6d7.json,hek,197,189
assets/gl_onet/import/42/42793904-fb88-4b45-95b3-755815c76705.2389a.json,hek,206,198
assets/gl_onet/import/42/42ed79d2-2675-4b94-a4a9-4dbdfa55bcd6.326f6.json,hek,204,196
assets/gl_onet/import/43/43154630-76e7-437a-b812-45bc17a27235.7871f.json,hek,86,78
assets/gl_onet/import/43/4394a72a-398d-469f-81b4-d7254c00282e.48e5f.json,hek,195,187
assets/gl_onet/import/45/45dae306-ebdf-4478-b3ee-3a94b8304ea5.7871f.json,hek,86,78
assets/gl_onet/import/45/45f75e0b-7de4-4a03-b7f7-a86b74affcfa.5e076.json,hek,201,193
assets/gl_onet/import/45/45f92954-e556-4475-97a6-0cb32faef50f.f8d65.json,hek,258,250
assets/gl_onet/import/46/4621bb94-ab66-4fc8-8b05-98bca7fb9cb0.7871f.json,hek,86,78
assets/gl_onet/import/46/46af8875-1e69-4d30-98cd-6ad4b03ae74d.4716e.json,hek,747,739
assets/gl_onet/import/47/4705246b-d463-4882-872f-52694913d503.7871f.json,hek,86,78
assets/gl_onet/import/47/47139497-1479-47d8-9d53-a876322627d9.d2780.json,hek,195,187
assets/gl_onet/import/48/480be304-5e94-4e2b-829b-c3258698267a.7871f.json,hek,86,78
assets/gl_onet/import/48/48838ec6-633c-48f6-8400-fbd825411138.6615e.json,hek,199,191
assets/gl_onet/import/4a/4a329a72-07e9-4c8c-a894-a072ea0d834d.7871f.json,hek,86,78
assets/gl_onet/import/4b/4b700a33-e8f9-4088-bc12-2b8ee5e5c6fb.aec67.json,hek,199,191
assets/gl_onet/import/4c/4c350c14-e023-4850-b6fd-7deb177eba9e.6f9ce.json,hek,203,195
assets/gl_onet/import/4c/4c6c5bc7-d897-4425-9679-d7eb799844fc.97bb5.json,hek,196,188
assets/gl_onet/import/4c/4cc42486-025b-4fd0-ba84-f727306b732e.41ee0.json,hek,201,193
assets/gl_onet/import/4d/4d0f69f0-2c00-4ff7-bd55-111564545651.fbf74.json,hek,190,182
assets/gl_onet/import/4d/4d33f882-aa76-4865-9d4d-c4fc37f4f0c8.0f832.json,hek,187,179
assets/gl_onet/import/4d/4dc6dea7-1c5d-4cf1-9ba4-85e16962c5cb.6a0dd.json,hek,203,195
assets/gl_onet/import/4e/4eb73923-a70b-4c60-94c8-e7b063be0f9b.c48ae.json,hek,184,176
assets/gl_onet/import/4f/4f185046-e1a5-4026-859f-4f4fde8a4b43.80287.json,hek,191,183
assets/gl_onet/import/51/51204934-4da6-4eca-811a-9415f45bacf5.a88b2.json,hek,201,193
assets/gl_onet/import/52/524a7cc4-c6bb-4a74-8db9-a48d2cb183b2.d6863.json,hek,201,193
assets/gl_onet/import/52/52e08266-404f-4c97-be72-b4c7cc16fcc0.4963c.json,hek,198,190
assets/gl_onet/import/52/52e93fa7-90d3-4eab-a683-54010b970347.bfd91.json,hek,199,191
assets/gl_onet/import/54/54705768-de4b-4891-9891-e9320258d50b.6dc03.json,hek,196,188
assets/gl_onet/import/54/5499209b-1f79-44e3-a8c6-5982e08f58d2.6604d.json,hek,131,123
assets/gl_onet/import/54/54ae8e7e-f0e4-43f9-87f9-fef3d2484e61.af587.json,hek,5295,13249
assets/gl_onet/import/54/54f02e9c-b1b7-4689-8d9b-c5003dbd29df.94f0a.json,hek,132,124
assets/gl_onet/import/55/5598ace0-36b6-444a-a859-87a3bc2be17a.cc8f5.json,hek,197,189
assets/gl_onet/import/55/55fa2cce-48b8-4260-bd55-8fca76e83220.a127f.json,hek,202,194
assets/gl_onet/import/57/578c6967-cce4-4cd5-a225-c165b6bcd40f.7871f.json,hek,86,78
assets/gl_onet/import/57/57ee15b1-2c0c-4aa8-9c65-205fcd73e89f.7871f.json,hek,86,78
assets/gl_onet/import/59/590252bf-28f4-40c4-a561-3c09e9fa1803.94d4d.json,hek,195,187
assets/gl_onet/import/59/59829e99-a2fe-4786-ac5c-553c4b7f0432.7871f.json,hek,86,78
assets/gl_onet/import/59/59b27878-a696-4dc6-a772-1e8450a8567c.e40f1.json,hek,199,191
assets/gl_onet/import/5a/5ad93082-06d7-46e6-99aa-d848883b4108.321ad.json,hek,196,188
assets/gl_onet/import/5a/5af8be82-ed05-4ee8-bee3-769d3d974288.7871f.json,hek,86,78
assets/gl_onet/import/5b/5b75661f-75e6-4c18-944e-efad22123c32.b723f.json,hek,199,191
assets/gl_onet/import/5b/5b77f1c3-f2c8-4d28-8f7d-93171de8afd3.a0262.json,hek,197,189
assets/gl_onet/import/5b/5b7fce6f-83d8-45bf-b3dc-9c17ea6b9e87.8a11e.json,hek,201,193
assets/gl_onet/import/5b/5b9444e4-d53a-4c0f-8c12-60d5f60bda8c.9c7cf.json,hek,201,193
assets/gl_onet/import/5b/5bc89d7d-9af7-4462-aeca-01f278de6144.508a8.json,hek,198,190
assets/gl_onet/import/5c/5c266478-f0f6-4b3d-a6dd-9a42dfc3edeb.43b5e.json,hek,195,187
assets/gl_onet/import/5c/5c648dd8-f6ba-4481-b724-d9e94e6cc4b2.d07e6.json,hek,199,191
assets/gl_onet/import/5c/5c7ebc3d-9082-4994-9a7c-1dbbbb670c5b.fdfbf.json,hek,421,413
assets/gl_onet/import/5c/5cb3194e-1eac-49b5-a04a-a9f5b690c919.7871f.json,hek,86,78
assets/gl_onet/import/5c/5ceac8eb-52fb-4673-8f4d-ff07624458e7.7871f.json,hek,86,78
assets/gl_onet/import/5e/5e104b6f-fc67-4761-ba91-f377c4efc87e.3c9e3.json,hek,203,195
assets/gl_onet/import/5e/5e8026ae-132d-400d-8f69-b9c29c155e35.7871f.json,hek,86,78
assets/gl_onet/import/5e/5ef975d6-2279-4a60-b291-424cf627482b.7871f.json,hek,86,78
assets/gl_onet/import/5f/5f262b61-5bea-4970-9b4e-a02f7c9118ad.f0a9f.json,hek,198,190
assets/gl_onet/import/5f/5f942fe4-3c18-4664-8049-b07b5c09cc6b.d2795.json,hek,208,200
assets/gl_onet/import/61/6172cb18-4c7b-4d29-bcc4-184f47b2f3d6.b838c.json,hek,200,192
assets/gl_onet/import/62/622c0aa8-4af8-4905-89a4-f958a945fca3.60732.json,hek,191,183
assets/gl_onet/import/62/6237fffe-137c-466f-bf32-c3a3f6478f10.92d78.json,hek,619,611
assets/gl_onet/import/62/623e8126-5266-47c0-87f0-2a6f79a952de.7871f.json,hek,86,78
assets/gl_onet/import/62/6262efde-6f13-4b27-8e64-80d37bae79cf.c79b3.json,hek,199,191
assets/gl_onet/import/62/62cf4745-340f-44c3-b52e-ee03248ab9f6.b6933.json,hek,219,211
assets/gl_onet/import/63/63a9c745-6ce3-4361-81c3-67b5e6aba848.2e06b.json,hek,200,192
assets/gl_onet/import/63/63fcbe58-62c4-4801-90a1-c77b454be045.0e82e.json,hek,194,186
assets/gl_onet/import/65/657ee548-739c-47b7-9ad2-55e2ce1857a9.192fd.json,hek,132,124
assets/gl_onet/import/66/6692672b-91cb-40ba-a052-f40a0fb9d45d.2118b.json,hek,190,182
assets/gl_onet/import/67/67400cd4-155f-4755-9f68-1f2a41e66105.7871f.json,hek,86,78
assets/gl_onet/import/67/67644b47-6508-482d-88f6-626ffab8c27e.7871f.json,hek,86,78
assets/gl_onet/import/68/6831cd52-d41c-4510-ab4b-8238fa014092.7871f.json,hek,86,78
assets/gl_onet/import/68/68e92c52-cc3b-4171-927d-5021449194b8.5d4f6.json,hek,199,191
assets/gl_onet/import/69/693d595a-0b35-4a15-9c26-d59e882c8193.65b2f.json,hek,189,181
assets/gl_onet/import/69/6967274e-9da0-44c2-8d51-fa28deee6bbc.7b2bc.json,hek,1103,2318
assets/gl_onet/import/69/69911de9-b112-435a-9274-ac741a49f41d.c48be.json,hek,200,192
assets/gl_onet/import/6a/6a97ec27-7d00-452c-b6d0-b331874c2694.7871f.json,hek,86,78
assets/gl_onet/import/6a/6adf484a-0446-47be-bf59-32cbc084c77b.523e7.json,hek,361,353
assets/gl_onet/import/6b/6b60e236-8d3a-43f9-bff1-eea465fd548f.efacf.json,hek,951,943
assets/gl_onet/import/6b/6b8bf2b0-3187-49c9-9f33-f7e167c00c73.76db6.json,hek,198,190
assets/gl_onet/import/6b/6bc352b7-5d79-4b2e-963e-be65536fb46d.1bffe.json,hek,201,193
assets/gl_onet/import/6c/6c9794ac-bd5a-4cad-914b-7eb4a38ccfb9.58296.json,hek,199,191
assets/gl_onet/import/6c/6c9f44c0-0725-4188-8bbd-7c2c63cb1015.ae708.json,hek,585,577
assets/gl_onet/import/6c/6ce3e3b1-617f-4eb1-8a9d-fe606179d24e.cdbfd.json,hek,202,194
assets/gl_onet/import/6c/6cf79532-0a66-4e04-8fd2-389a32179b77.cb9ca.json,hek,200,192
assets/gl_onet/import/6d/6d84dd51-b773-494f-bb31-c682d31c80f3.7871f.json,hek,86,78
assets/gl_onet/import/6e/6e111a9b-44db-48d3-89cf-be520ebc3fd5.66b37.json,hek,1436,2434
assets/gl_onet/import/6e/6ec45286-ab17-440b-b853-f14a1b4d2881.cfc36.json,hek,187,179
assets/gl_onet/import/6e/6ef35993-3087-4217-964f-6d1082355b4c.57bec.json,hek,920,912
assets/gl_onet/import/6f/6fd9030c-7ae4-42e4-8d6a-bd10ed779d03.ea69d.json,hek,190,182
assets/gl_onet/import/70/703b8916-c84a-4c21-92bb-d503b4a5f9e4.7871f.json,hek,86,78
assets/gl_onet/import/70/7090696f-1df3-476b-bfbb-85162288ad52.25ea5.json,hek,201,193
assets/gl_onet/import/70/7094699d-c5a7-44c8-92cf-440a2cdf684a.ae975.json,hek,132,124
assets/gl_onet/import/70/70e69055-122e-4b4b-bc73-44a26aae22d9.247d3.json,hek,137,129
assets/gl_onet/import/71/7101b5fe-c59d-4c4f-b3f7-625b5e9022c6.7871f.json,hek,86,78
assets/gl_onet/import/71/714dae82-291a-4010-8496-250436c0f116.27a93.json,hek,204,196
assets/gl_onet/import/71/71561142-4c83-4933-afca-cb7a17f67053.7871f.json,hek,86,78
assets/gl_onet/import/72/72094fed-0fdb-409b-9a4f-92203aba42bc.83436.json,hek,189,181
assets/gl_onet/import/72/720bfe05-e341-46ee-8e77-a5d87ef5a240.b17fb.json,hek,188,180
assets/gl_onet/import/72/72852c22-adbc-463d-8e8d-7bdeec0e4d45.b7b14.json,hek,185,177
assets/gl_onet/import/72/72bc3183-b935-4832-a448-8a21d753fedb.4578c.json,hek,207,199
assets/gl_onet/import/72/72e07637-5a62-4d64-9357-3ea86ec0092c.b5f1d.json,hek,200,192
assets/gl_onet/import/73/737c516c-a994-400a-96ab-15c3728435f9.7871f.json,hek,86,78
assets/gl_onet/import/74/7449e59b-7d3c-4535-b336-f32c799f0ecd.7871f.json,hek,86,78
assets/gl_onet/import/75/7584be45-bdaf-45eb-94c5-16c2a75a52f5.7871f.json,hek,86,78
assets/gl_onet/import/75/75c34224-55c4-41ce-a1f6-f47bec2ffbcf.a986c.json,hek,132,124
assets/gl_onet/import/76/7644e4ba-3ba0-426f-97d7-77486782d755.6bb39.json,hek,197,189
assets/gl_onet/import/76/7694018d-c158-44e6-a673-de5a321ceabc.a3e02.json,hek,187,179
assets/gl_onet/import/76/76aa03cb-ba32-464e-bdb0-9c5964b0b7ac.7871f.json,hek,86,78
assets/gl_onet/import/77/7712b373-6cb0-4405-9b9f-0631ccd0437d.7da38.json,hek,209,201
assets/gl_onet/import/77/77913583-20e5-45ac-af65-69775c281bd7.7871f.json,hek,86,78
assets/gl_onet/import/78/78270363-8a3b-47ad-8e3a-820d425b06b8.babac.json,hek,197,189
assets/gl_onet/import/79/79c5fea4-791c-4f76-b4a4-70f49978f3e1.b48da.json,hek,202,194
assets/gl_onet/import/7a/7a50b7f3-d0bc-40ef-a924-6337c84c58b8.c831e.json,hek,199,191
assets/gl_onet/import/7b/7ba99264-507d-4cd7-9ff5-bd603bba39eb.f128c.json,hek,1293,3676
assets/gl_onet/import/7b/7bf7b3dd-5f11-42da-940c-31e7a57c0d6d.7871f.json,hek,86,78
assets/gl_onet/import/7c/7c76632e-bdd2-4770-a73c-542b5cac036e.7871f.json,hek,86,78
assets/gl_onet/import/7f/7fb00c34-718a-4380-b988-494ede8ad3a6.c0cca.json,hek,909,1474
assets/gl_onet/import/80/80852a95-d4a5-4a66-8b89-cfda6682150b.7871f.json,hek,86,78
assets/gl_onet/import/80/809689dc-aaa8-446e-ad91-0a6de32529cd.7871f.json,hek,86,78
assets/gl_onet/import/80/80c01719-4c75-46c4-b26e-f8a85e69942e.7a83a.json,hek,188,180
assets/gl_onet/import/81/81047ccd-ab2e-4c72-b440-d5a272013b0a.3f1d1.json,hek,200,192
assets/gl_onet/import/81/81fdc14a-18e9-4a77-aa29-3e285aa4891f.96c36.json,hek,185,177
assets/gl_onet/import/82/825d0e1c-0117-42a0-8d46-e79ee719dd88.9fb50.json,hek,209,201
assets/gl_onet/import/82/82b28ce2-6c32-433e-9f50-7f602c8564dc.53ddf.json,hek,189,181
assets/gl_onet/import/83/839ead75-2e8d-4381-a340-ca70e208e374.8ee6c.json,hek,199,191
assets/gl_onet/import/84/84e88293-68b1-4963-ba28-c5142849d91d.c2b14.json,hek,190,182
assets/gl_onet/import/86/86b2d1bf-8ae4-4cb6-9977-fbe635c42f62.20840.json,hek,200,192
assets/gl_onet/import/87/871a463c-5da5-4d0b-9504-68e827672ae2.fd0b8.json,hek,633,625
assets/gl_onet/import/87/87db6490-855b-40c0-9746-75ec39fbfd28.d37d3.json,hek,212,204
assets/gl_onet/import/87/87e62027-69db-4105-96ba-fc393f2b5b4f.48cbe.json,hek,190,182
assets/gl_onet/import/88/889a5a46-a58e-40cd-a643-76f56021eb38.7871f.json,hek,86,78
assets/gl_onet/import/88/88b1e3dc-7e2e-4609-a5d4-e6a93bdec4b5.09e86.json,hek,189,181
assets/gl_onet/import/89/892eb784-67ef-47db-92ef-4e81150de59c.65aeb.json,hek,910,1474
assets/gl_onet/import/89/8936feb9-c49a-4a41-afa1-424bb604bd2a.af5d8.json,hek,187,179
assets/gl_onet/import/89/89cc4357-9410-4bce-889c-b9b47f816fc2.e5d92.json,hek,201,193
assets/gl_onet/import/8a/8a0ebf0d-9c16-46b8-909b-edf3ffe25853.07fb5.json,hek,197,189
assets/gl_onet/import/8a/8a3c6264-e750-4028-b441-48cc61ca1e74.7871f.json,hek,86,78
assets/gl_onet/import/8b/8b031229-d5ab-4f4a-9395-520f9d608bab.7871f.json,hek,86,78
assets/gl_onet/import/8b/8b552893-3c48-46f1-9381-1bcdf2b4f1db.7871f.json,hek,86,78
assets/gl_onet/import/8c/8c18916b-c91f-467b-afa5-b53d02df22b2.82b7e.json,hek,187,179
assets/gl_onet/import/8c/8c676df8-5ffd-4a00-bcaa-7fd28a49b080.7871f.json,hek,86,78
assets/gl_onet/import/8c/8ce1a00a-ea6f-40d4-9409-a31a772bb491.0233c.json,hek,204,196
assets/gl_onet/import/8d/8d152152-7ac7-4758-a5c0-db9add243d5e.89ea7.json,hek,205,197
assets/gl_onet/import/8d/8d159d50-533c-48e8-a42d-bb3ec226bf9b.7871f.json,hek,86,78
assets/gl_onet/import/8e/8e09b4d9-ddba-4d2e-8e56-e52b35a7fe4b.7871f.json,hek,86,78
assets/gl_onet/import/8e/8ea882d6-8d94-4629-b1d3-8af0d025a981.6dc34.json,hek,203,195
assets/gl_onet/import/8e/8ed3f150-ff95-4288-b217-e218edf9a46e.24e50.json,hek,197,189
assets/gl_onet/import/8f/8fbcb2f9-251d-49f1-926b-22a94d2027d5.7871f.json,hek,86,78
assets/gl_onet/import/8f/8ff458d1-29c7-4589-8f69-6b7b75eca147.c5d13.json,hek,197,189
assets/gl_onet/import/8f/8ff61416-1ead-4611-8552-cd6bc89a9c43.624ab.json,hek,204,196
assets/gl_onet/import/90/9038aee0-f236-4a64-86ea-c70bb9bdbbd0.8b41b.json,hek,205,197
assets/gl_onet/import/90/9079b62c-75cc-4982-a651-32bae5743086.b025e.json,hek,203,195
assets/gl_onet/import/90/90e415db-5eaf-438e-8f19-116122828d85.dce8b.json,hek,192,184
assets/gl_onet/import/91/910add4e-ab8c-48a7-a9b5-5d4bd22d84f5.bf0c5.json,hek,440,432
assets/gl_onet/import/91/91739496-9fac-4ff2-89dd-c23491fc7e74.7871f.json,hek,86,78
assets/gl_onet/import/92/92176f86-f4b1-4c2d-83a0-93f06d762b93.e4e20.json,hek,204,196
assets/gl_onet/import/93/934ceb87-0dcc-47bc-8cc3-1a9e6e4a56fd.7862a.json,hek,196,188
assets/gl_onet/import/93/93550f1b-5906-4983-8ac1-d7617e2da89b.25bb9.json,hek,202,194
assets/gl_onet/import/93/9369f52d-2285-49cb-8b01-9828e458a091.c1b41.json,hek,201,193
assets/gl_onet/import/94/94406dfb-7028-4bc6-b9c4-9deeb4802bbc.d5797.json,hek,192,184
assets/gl_onet/import/94/94a465ad-f803-4c7e-90d6-cddfbce26af3.7871f.json,hek,86,78
assets/gl_onet/import/94/94ea0ad1-08a4-4ef4-9f0e-61ea7c6f4b16.4c5e4.json,hek,120,112
assets/gl_onet/import/95/955a6d85-4855-4a3e-b041-785d75584652.b0ae1.json,hek,205,197
assets/gl_onet/import/97/97245f55-72a7-49ea-bab9-f9227648ae2f.25a7d.json,hek,195,187
assets/gl_onet/import/97/9753c887-0107-4b05-88a2-f1d8e740e974.07247.json,hek,201,193
assets/gl_onet/import/97/9756771e-6565-4a8d-9bd1-f76adc328bae.7403a.json,hek,186,178
assets/gl_onet/import/98/981f7d63-1675-4f68-bcd1-598bb6d771c6.02cf6.json,hek,185,177
assets/gl_onet/import/98/987e541a-7237-4d35-b570-648ebcb54c94.b1c18.json,hek,203,195
assets/gl_onet/import/98/989337fa-49c8-464e-adb3-4ceb9faf16e9.dd629.json,hek,203,195
assets/gl_onet/import/99/991f51a5-1e5a-4297-b6f5-29d8a8d52360.6d9f6.json,hek,191,183
assets/gl_onet/import/99/99ce17b6-0275-4924-95a9-1c8c9d2ec0a3.36645.json,hek,187,179
assets/gl_onet/import/9a/9ac5e7bc-0429-45bd-8b87-bf79e8b23e11.7871f.json,hek,86,78
assets/gl_onet/import/9c/9c74e72e-7faf-435f-aa64-d4baee3cf235.7871f.json,hek,86,78
assets/gl_onet/import/9e/9e785f36-2ab8-4ff8-8de1-e0e408e05553.95fad.json,hek,198,190
assets/gl_onet/import/9f/9f062bfc-e545-4a3e-a3a2-690fa78d0e53.8c114.json,hek,201,193
assets/gl_onet/import/9f/9f59f5ab-69ef-4b63-8aa5-eed0678f50e1.6e32a.json,hek,207,199
assets/gl_onet/import/9f/9f775fdf-62af-4707-b535-6f370810b1dd.7871f.json,hek,86,78
assets/gl_onet/import/a0/a0350c18-982b-4e74-940f-0eb3cb4572cb.6e213.json,hek,196,188
assets/gl_onet/import/a0/a089b9aa-6801-4538-9095-4aa0451f5083.552e7.json,hek,217,209
assets/gl_onet/import/a1/a1ef2726-04ff-429c-b124-9290e68688a6.7871f.json,hek,86,78
assets/gl_onet/import/a2/a23235d1-15db-4b95-8439-a2e005bfff91.43d76.json,hek,206,198
assets/gl_onet/import/a2/a2783ef6-3b88-422a-9a27-987655a8c208.b8653.json,hek,1855,4104
assets/gl_onet/import/a2/a2963651-41db-416e-afbe-e557e8daf339.91ca0.json,hek,200,192
assets/gl_onet/import/a2/a2e1c5d2-5777-43e2-b776-af043ea36838.75cec.json,hek,271,263
assets/gl_onet/import/a3/a34e0f86-0ce8-460b-a425-6bc35498a058.3310a.json,hek,201,193
assets/gl_onet/import/a3/a3fec2ff-0faf-47d1-b1e6-df5a48479106.65f26.json,hek,197,189
assets/gl_onet/import/a4/a49fd157-a1cc-47c8-99c0-6a69b44496ab.7871f.json,hek,86,78
assets/gl_onet/import/a5/a54b12f7-fd8d-4216-bafb-9b495bf669da.b0521.json,hek,203,195
assets/gl_onet/import/a6/a6731594-ff30-49d1-9319-7ce7da756bb4.6b8e7.json,hek,1348,2728
assets/gl_onet/import/a6/a678009c-bd72-45bf-845c-3df9d2e26492.e83bb.json,hek,191,183
assets/gl_onet/import/a6/a697f4fd-236a-496c-99fb-377cfd4afa6d.e37ef.json,hek,656,648
assets/gl_onet/import/a6/a6aed81b-6509-4558-8327-1bfe9154f616.16831.json,hek,209,201
assets/gl_onet/import/a7/a767d45c-5da8-43ec-b70d-19b83d81f406.1e1ab.json,hek,200,192
assets/gl_onet/import/a8/a8f463d7-0f59-4196-9011-63e51eb15752.f2a03.json,hek,207,199
assets/gl_onet/import/a9/a96f8998-3b74-4791-a960-4b6a7c8a1e10.3281d.json,hek,857,849
assets/gl_onet/import/a9/a9867844-3368-45c3-91e3-162b1ead50a2.7871f.json,hek,86,78
assets/gl_onet/import/aa/aa608611-defa-465e-b8f5-e13f6594bbf2.62546.json,hek,210,202
assets/gl_onet/import/aa/aa6a24f7-8a3c-407a-8ec8-9c6c86970ae1.7871f.json,hek,86,78
assets/gl_onet/import/aa/aa7bec20-e77c-49be-b8a7-abdaf5192cff.ae803.json,hek,201,193
assets/gl_onet/import/aa/aaabdfbc-e418-47e6-b6af-7a6fe45911d7.a86fb.json,hek,188,180
assets/gl_onet/import/aa/aab8f178-f1d4-4510-8a2b-52089a00a90f.410a9.json,hek,196,188
assets/gl_onet/import/ab/ab58048f-b30a-4b08-a57d-4d87d50a921a.08689.json,hek,106,98
assets/gl_onet/import/ab/abc3cc93-d7d7-43ea-8237-393c6f99b75c.7871f.json,hek,86,78
assets/gl_onet/import/ac/ac03b801-1b4d-4aa1-b62f-42eb6a61c7ee.662d5.json,hek,327,1314
assets/gl_onet/import/ad/ad21833e-8527-4098-9996-bc1523488cd3.271b8.json,hek,193,185
assets/gl_onet/import/ad/ad3ef20c-79c4-4847-8e10-8e88ce5f5263.5a514.json,hek,201,193
assets/gl_onet/import/ad/adf991d0-b214-4103-913c-b648e57f6cb5.7871f.json,hek,86,78
assets/gl_onet/import/ae/ae5ba032-1919-48b7-aa96-92fd263f152e.f64ba.json,hek,197,189
assets/gl_onet/import/ae/aea9a527-9ee5-440f-9e23-b681a8e19a38.d2cc8.json,hek,1304,9522
assets/gl_onet/import/b0/b03b11c8-83c8-43ad-9905-f15c67115379.3706d.json,hek,187,179
assets/gl_onet/import/b0/b073f7f3-5913-4bdf-b61a-f8d4dc97da0d.7871f.json,hek,86,78
assets/gl_onet/import/b0/b0cd7dd2-963f-4dc3-9d24-13f378ba2ed2.24d3f.json,hek,193,185
assets/gl_onet/import/b1/b1905e1b-0cc0-4f4b-be5c-415e29b5c067.42c6b.json,hek,190,182
assets/gl_onet/import/b2/b26070a3-b72a-4222-a2f6-3bee554216a9.f87ca.json,hek,200,192
assets/gl_onet/import/b2/b2868a77-20e1-41d3-a3d6-95ff2ac4a43f.050c8.json,hek,204,196
assets/gl_onet/import/b2/b29fe4bf-1492-4f7a-87d5-3be10e24defe.9302f.json,hek,669,661
assets/gl_onet/import/b3/b3685c16-3589-41d3-98e9-3a06ef31629b.3716e.json,hek,200,192
assets/gl_onet/import/b4/b414cd34-33f4-402e-a79d-1e8dcaeac43a.4e955.json,hek,200,192
assets/gl_onet/import/b4/b43ff3c2-02bb-4874-81f7-f2dea6970f18.7871f.json,hek,86,78
assets/gl_onet/import/b5/b5acaa75-2bdc-4c4e-90b9-902e989db5d8.59cd7.json,hek,200,192
assets/gl_onet/import/b5/b5ebc8d4-0ddd-4aae-9927-6fe50fc85f1c.0ed2f.json,hek,203,195
assets/gl_onet/import/b6/b6d8d21e-e88e-4a70-9374-220c52146fa5.e5fb1.json,hek,203,195
assets/gl_onet/import/b7/b74ea911-4c09-40a3-bc72-ba8d6a3e1c60.10975.json,hek,120,112
assets/gl_onet/import/b7/b76d25b0-71bc-4d08-8241-6fceb1a50ee1.0a19f.json,hek,659,651
assets/gl_onet/import/b7/b7f5640e-a569-420f-919f-b6036d818842.7871f.json,hek,86,78
assets/gl_onet/import/b9/b987a558-e8ff-4023-b4d1-f1e02cfc762c.a05d5.json,hek,192,184
assets/gl_onet/import/ba/ba8f3119-31b5-4200-8c8e-c0166430cb1f.0ba57.json,hek,196,188
assets/gl_onet/import/bb/bb09f19a-eb04-4f64-a2d2-6e9e1e51fe01.92dfd.json,hek,399,391
assets/gl_onet/import/bc/bc124722-ba2c-4f8f-b255-3946c45e4b5e.6b274.json,hek,201,193
assets/gl_onet/import/bc/bc6b11ee-27a6-4dad-b196-bc6abb4f958f.7871f.json,hek,86,78
assets/gl_onet/import/bd/bd55f534-c37e-4d34-8d31-2b04eb4e4691.42980.json,hek,207,199
assets/gl_onet/import/be/be2ea28f-9226-460b-bea5-e2034b8ffdee.7170e.json,hek,190,182
assets/gl_onet/import/be/bea516f9-f7b2-47ae-8d43-28b3b8476b57.2d218.json,hek,214,206
assets/gl_onet/import/be/bec398bb-2679-44a6-8986-bcd297a1dde5.60a08.json,hek,216,208
assets/gl_onet/import/bf/bf10f36a-9fe4-4190-8091-dbb6a22a7e87.8f4f8.json,hek,672,1235
assets/gl_onet/import/bf/bf73216c-d387-42ef-9cb9-c2f49b86d4c9.7bc11.json,hek,197,189
assets/gl_onet/import/bf/bfcb3911-2b8d-4e9d-a3d7-7e94626d920e.7871f.json,hek,86,78
assets/gl_onet/import/bf/bff90fa7-5bce-43ba-aa3e-8338628c1101.a45fa.json,hek,195,187
assets/gl_onet/import/bf/bffefba9-8a9b-46af-b376-c2e6edd61948.ac927.json,hek,200,192
assets/gl_onet/import/c0/c08a1dca-b229-45f5-867c-641a549d61a7.006a8.json,hek,211,203
assets/gl_onet/import/c0/c0a05a12-1436-40d7-90bf-df37831821d2.a921f.json,hek,199,191
assets/gl_onet/import/c0/c0a82524-24e2-47a2-9e05-1ad0526339eb.f488f.json,hek,201,193
assets/gl_onet/import/c0/c0c26b42-2c18-41c5-bb88-054758f9f974.3d866.json,hek,462,454
assets/gl_onet/import/c0/c0f791e7-cc55-464d-a29c-237116f72a5b.7871f.json,hek,86,78
assets/gl_onet/import/c1/c126f283-1057-4ae7-a738-97042fe3b8a4.39c0d.json,hek,105,97
assets/gl_onet/import/c1/c1d57d8e-c33b-459d-8040-d6e60fdf3077.e1537.json,hek,188,180
assets/gl_onet/import/c2/c2129c1f-5ffa-47bc-ad69-54b7c14f3203.70008.json,hek,204,196
assets/gl_onet/import/c2/c2b900e8-3d73-4dac-9153-05e32f0894dd.0304a.json,hek,199,191
assets/gl_onet/import/c2/c2eeaa94-83d7-4d86-a297-db9871af7f8d.1e940.json,hek,200,192
assets/gl_onet/import/c3/c34c573e-5e44-4bbc-976e-b71c2f30f8a9.87673.json,hek,203,195
assets/gl_onet/import/c3/c350c903-724c-44f2-a8a8-1a2390522e0b.dac0b.json,hek,200,192
assets/gl_onet/import/c3/c3c58b63-cd57-4745-8a09-9a65e053fe85.7871f.json,hek,86,78
assets/gl_onet/import/c3/c3d0342f-b260-4ac6-bd2e-e99ab83d8c10.7871f.json,hek,86,78
assets/gl_onet/import/c4/c451cdce-a6e5-4b03-9cab-6c3e5d178cfd.10205.json,hek,199,191
assets/gl_onet/import/c4/c4e22555-c357-4d59-9ab7-f7847dfc3840.7871f.json,hek,86,78
assets/gl_onet/import/c5/c52c9929-1a5e-4c54-8f45-c7a7607a2e84.5f29d.json,hek,131,123
assets/gl_onet/import/c6/c6a22176-68ac-4ef8-a137-8d37c4671d47.7871f.json,hek,86,78
assets/gl_onet/import/c7/c7601f44-bb72-4641-86f1-71804bfd216a.037cf.json,hek,207,199
assets/gl_onet/import/c7/c7a011bf-98d8-4197-8761-dbdd9eeaf124.33171.json,hek,191,183
assets/gl_onet/import/c7/c7ed90b1-5303-46bd-ad67-e618522ae924.7871f.json,hek,86,78
assets/gl_onet/import/c8/c819dba3-6449-47da-9584-2784eb80cf28.d072b.json,hek,200,192
assets/gl_onet/import/c8/c891f611-549e-480d-99cc-54265748fb8e.7871f.json,hek,86,78
assets/gl_onet/import/c8/c8de6b2d-ae1e-414b-8294-c3b41d481839.7871f.json,hek,86,78
assets/gl_onet/import/c9/c99d55d1-488a-4bf0-bb14-d66e6621edb8.f5a30.json,hek,205,197
assets/gl_onet/import/c9/c9ff32e5-05b8-4a61-ab48-9e8e2753cb8a.7871f.json,hek,86,78
assets/gl_onet/import/ca/ca500c18-32f9-4ba5-87e8-1d9a073a031b.71663.json,hek,200,192
assets/gl_onet/import/ca/ca86f09c-adaf-4a5f-b618-fcaeec695db2.b1ea9.json,hek,190,182
assets/gl_onet/import/ca/caad93e3-5316-4b08-b672-f7617d82968c.2237b.json,hek,194,186
assets/gl_onet/import/ca/caaf63d6-93d7-4b18-a5c8-4dc2d94bf9f9.7871f.json,hek,86,78
assets/gl_onet/import/cb/cb19622a-029f-470f-9d0e-344cf9914672.2770d.json,hek,196,188
assets/gl_onet/import/cb/cb3b88ac-e3f1-4de0-955d-c4c65b8ec1d6.a732e.json,hek,202,194
assets/gl_onet/import/cb/cb4406d3-31b1-4cc0-8a5a-19003fe89f8f.040c8.json,hek,210,202
assets/gl_onet/import/cb/cbf0059c-f212-45e7-9500-f60187a9d442.7871f.json,hek,86,78
assets/gl_onet/import/cd/cddf83be-4eb6-4a30-9674-fc31d485a907.77340.json,hek,197,189
assets/gl_onet/import/cd/cdf0f3f1-3035-4a4d-98ec-36806b1e6748.2329a.json,hek,204,196
assets/gl_onet/import/ce/ce3ebf40-8dab-443f-9a7b-5635444ab673.b96c4.json,hek,197,189
assets/gl_onet/import/ce/ce4993e5-4243-4953-92d2-952f7c29f369.6c37d.json,hek,196,188
assets/gl_onet/import/ce/ce7c538d-e186-44fd-90da-03d4c659b0b1.53e2c.json,hek,184,176
assets/gl_onet/import/ce/cefd5b92-90a4-4515-a8d6-59fc7bd953d7.55078.json,hek,199,191
assets/gl_onet/import/cf/cfe7967f-f79f-4728-93b4-323f4263c6fe.7871f.json,hek,86,78
assets/gl_onet/import/d2/d200bd29-2666-4b41-9967-2bd6c60b866d.952c6.json,hek,196,188
assets/gl_onet/import/d3/d32237bd-b4d8-4007-a4e7-0db21a34c876.86183.json,hek,1413,2788
assets/gl_onet/import/d3/d3707d2a-d3d5-4f79-a60d-961f68b4b9b8.7871f.json,hek,86,78
assets/gl_onet/import/d4/d4dcbc9b-6e50-4b4f-924d-22e593cad6da.bcc8d.json,hek,198,190
assets/gl_onet/import/d4/d4f19f5e-3e5c-46cb-9178-ac8a2ffdab9d.7871f.json,hek,86,78
assets/gl_onet/import/d5/d58122b5-343e-4f11-af07-b862934b5ea6.c06e6.json,hek,203,195
assets/gl_onet/import/d7/d70ef1a6-ecd4-4c32-8c0c-46c544b60035.a97a3.json,hek,199,191
assets/gl_onet/import/d8/d85ddabf-96bd-4ae0-902c-1e79f3d1e2f1.1de46.json,hek,132,124
assets/gl_onet/import/d9/d947a0f9-dee0-4af0-94b6-383591b46ca0.29057.json,hek,397,389
assets/gl_onet/import/d9/d9595f19-d231-447d-9fa1-87ddbe62e581.ef911.json,hek,191,183
assets/gl_onet/import/d9/d95fb2fe-e530-4e3a-b2e0-d54e9527ad6c.fe26d.json,hek,195,187
assets/gl_onet/import/d9/d97e6787-5ecd-4870-a035-d1e5a0770b64.0c8f7.json,hek,669,661
assets/gl_onet/import/db/db2aa08e-dc25-4d7d-8f99-ae1e4da08a75.17cc9.json,hek,190,182
assets/gl_onet/import/db/db318c46-7bed-4f9c-ac5a-3967affe7271.0b167.json,hek,191,183
assets/gl_onet/import/dc/dc98cc64-db00-4d1c-8271-a9f6a55c045f.7871f.json,hek,86,78
assets/gl_onet/import/dc/dcfa7e94-2bec-488c-9d74-1466ff039620.e2156.json,hek,212,204
assets/gl_onet/import/dd/dd5eaf3a-8f0b-4395-95de-8cb963f7bfcc.7871f.json,hek,86,78
assets/gl_onet/import/dd/ddaf901c-9bfb-43db-9af3-7a6f225599ef.ea2a5.json,hek,193,185
assets/gl_onet/import/dd/ddf049b9-2f20-4f4e-94a7-53ca62366c33.5824d.json,hek,193,185
assets/gl_onet/import/de/decbb25d-aef8-41a6-8f5a-59d66a1e6b68.7871f.json,hek,86,78
assets/gl_onet/import/df/df60761c-d16b-4a14-bf18-1d2ed1b23883.db3d2.json,hek,132,124
assets/gl_onet/import/df/dfc9372e-7ac4-40c5-92e5-a095d8a81c3b.d05d7.json,hek,661,653
assets/gl_onet/import/e0/e03b3199-15af-47ea-a535-dcbbed0ba180.9ec74.json,hek,189,181
assets/gl_onet/import/e0/e0782d62-7be9-4851-a98e-ed5be65c4d56.7ae0f.json,hek,193,185
assets/gl_onet/import/e0/e0c8502d-093c-4c99-bb5e-c5dab1b1006b.f7b66.json,hek,206,198
assets/gl_onet/import/e1/e171ac87-8502-4ac4-b0f9-9455b41aa03e.52e76.json,hek,180,172
assets/gl_onet/import/e2/e26c7b22-0b66-4d22-b3d0-6af7713de18d.f7c78.json,hek,184,176
assets/gl_onet/import/e2/e2931d0a-c921-4538-aad2-37090d076f23.93da2.json,hek,193,185
assets/gl_onet/import/e3/e334c68f-9c49-42a9-9300-e74396b2caf9.af555.json,hek,449,441
assets/gl_onet/import/e3/e386693e-c735-4bb0-99f8-c3bd560338c0.1e5e0.json,hek,238,230
assets/gl_onet/import/e3/e3ee6b23-f58e-4a6c-8c3b-70947d1ed672.6d97e.json,hek,200,192
assets/gl_onet/import/e3/e3fcbdaf-e400-4e2c-8ce1-7247cb5161a2.3b09c.json,hek,197,189
assets/gl_onet/import/e4/e4cc9d45-c30a-496b-a2c2-e8c1f6735db3.1cc34.json,hek,203,195
assets/gl_onet/import/e4/e4cd0951-406a-4054-884b-0aa1613f1dd4.cd682.json,hek,191,183
assets/gl_onet/import/e5/e5611ab1-c678-4827-bd3b-d0a2d73bcae2.4e07a.json,hek,198,190
assets/gl_onet/import/e6/e6862971-0498-4ba3-8fa1-2796cce29d89.7871f.json,hek,86,78
assets/gl_onet/import/e7/e781c3c7-43ae-461b-b8df-cb0eb5387cfd.7678b.json,hek,204,196
assets/gl_onet/import/e8/e8027efe-80bb-472b-8555-e080b20e44b7.d8d59.json,hek,203,195
assets/gl_onet/import/e8/e851e89b-faa2-4484-bea6-5c01dd9f06e2.7871f.json,hek,86,78
assets/gl_onet/import/e9/e9ec654c-97a2-4787-9325-e6a10375219a.12f08.json,hek,212,204
assets/gl_onet/import/e9/e9ed97fc-f80a-4dae-a26b-7f1be4bbc7ec.2f26b.json,hek,200,192
assets/gl_onet/import/ea/ea89228e-b417-466e-a507-02b4ef715c99.eafc7.json,hek,649,641
assets/gl_onet/import/ea/ea8952ec-7720-4053-b437-87ec772598a6.7871f.json,hek,86,78
assets/gl_onet/import/ea/eaa08621-47d6-46be-97b6-f8a296da66f2.c3cf0.json,hek,187,179
assets/gl_onet/import/ec/ec4ef894-2568-485d-b5ca-04bfd5192c67.f3933.json,hek,132,124
assets/gl_onet/import/ef/ef1de575-cafb-418e-a8b3-5b6de456120c.7871f.json,hek,86,78
assets/gl_onet/import/ef/ef9beadf-d125-4d58-be58-501097778a5b.91d18.json,hek,199,191
assets/gl_onet/import/ef/efc3db10-ed64-4723-b692-4c14f753621b.7871f.json,hek,86,78
assets/gl_onet/import/ef/efd54f79-ee03-41f0-8d68-f0df6c3cd072.fa8ec.json,hek,211,203
assets/gl_onet/import/ef/efdd56f1-6b9d-429d-b656-6719840c7f61.7c2c2.json,hek,199,191
assets/gl_onet/import/ef/eff63401-e4a1-47c6-ad63-880317c7356b.53954.json,hek,205,197
assets/gl_onet/import/f0/f0048c10-f03e-4c97-b9d3-3506e1d58952.35a1e.json,hek,211,203
assets/gl_onet/import/f0/f0284998-f0b2-4a4f-a5ff-cff07101823e.7a132.json,hek,908,1474
assets/gl_onet/import/f0/f06d3294-dc9b-4e04-88a1-161a7f8caad0.7871f.json,hek,86,78
assets/gl_onet/import/f0/f0b6579c-e38c-46ce-b33e-b68a6914eb7e.9fd61.json,hek,199,191
assets/gl_onet/import/f1/f15feefd-19e7-405a-9ed1-acfe5f4de541.c3d42.json,hek,190,182
assets/gl_onet/import/f1/f16d7fe6-7a84-41ba-9046-82610865cd15.aa9e0.json,hek,189,181
assets/gl_onet/import/f1/f1a02ad5-06e9-4b7c-88b7-4d21c654f08e.36f1c.json,hek,184,176
assets/gl_onet/import/f1/f1ca0f6d-e8ee-4cb3-9fd3-f1e365003091.e5e51.json,hek,195,187
assets/gl_onet/import/f2/f23a0829-9574-4aba-a6aa-9e649e86fa4b.64fa3.json,hek,199,191
assets/gl_onet/import/f3/f37c55a0-d48f-42af-8d5a-db3e3987707e.4b340.json,hek,202,194
assets/gl_onet/import/f3/f3ce1f3a-0748-44d6-8aea-71634f9a90c6.6f8ab.json,hek,205,197
assets/gl_onet/import/f4/f4bad895-de3b-4212-b06c-8edb77b106b2.8226e.json,hek,185,177
assets/gl_onet/import/f5/f521de02-e993-4a96-bee1-a082ef3d8f32.98c1e.json,hek,195,187
assets/gl_onet/import/f5/f55512c0-af84-4256-92b7-9f0cd6f5996d.d58cb.json,hek,193,185
assets/gl_onet/import/f5/f5e40b47-c71e-430a-a71d-a61b0645b669.b3997.json,hek,199,191
assets/gl_onet/import/f6/f63957c9-8506-48b3-b02b-d91ec1f59103.7770a.json,hek,6096,54240
assets/gl_onet/import/f7/f769f070-7d18-4fdc-8621-b0dc583fd01c.dc0ca.json,hek,134,126
assets/gl_onet/import/f7/f797a287-c21e-4628-aa87-62c86da39a41.b25a1.json,hek,203,195
assets/gl_onet/import/f7/f7dfa41d-61f4-450e-9baf-a6656b0fd62a.5109b.json,hek,187,179
assets/gl_onet/import/f8/f8285ca3-fbda-48e9-a182-58e532311120.20132.json,hek,132,124
assets/gl_onet/import/f8/f8f96199-e5e9-4857-9c4f-840edc3e3c3c.62c9c.json,hek,204,196
assets/gl_onet/import/f9/f90b2ca2-dd53-4163-934f-d40951385ae6.bba18.json,hek,199,191
assets/gl_onet/import/f9/f9a1f37b-ae47-4f56-bdeb-a38217090b3c.7871f.json,hek,86,78
assets/gl_onet/import/fa/fa0d15a2-d7e1-4701-bf9c-56bb6faf9d54.d253e.json,hek,421,3573
assets/gl_onet/import/fa/fa23136d-d7e2-4e94-a7af-e45de8805ab7.e3802.json,hek,214,206
assets/gl_onet/import/fa/facc4b7e-dab1-438c-abd4-7bd0be8409b2.05347.json,hek,197,189
assets/gl_onet/import/fa/fafa6ceb-85eb-4da5-bf2c-74dae760a371.b06d6.json,hek,185,177
assets/gl_onet/import/fa/fafd431d-7973-4ec4-b42e-d0048b59e08b.87867.json,hek,201,193
assets/gl_onet/import/fb/fb6689e4-06b3-4899-be18-f1e9f62b1e6d.7871f.json,hek,86,78
assets/gl_onet/import/fb/fb74b90f-e9db-4769-83f5-b5a2a5a36869.abf5b.json,hek,633,625
assets/gl_onet/import/fb/fbd54705-1693-4bda-a76a-f930095f2c4d.c1c4b.json,hek,18570,116317
assets/gl_onet/import/fc/fc4e5cef-3d7f-4362-9031-f162122e3472.3b13a.json,hek,198,190
assets/gl_onet/import/fc/fc661b82-a485-4249-a93c-3efe177b987e.66245.json,hek,189,181
assets/gl_onet/import/fc/fce2140c-f0c4-4f06-85c9-cf53c481303b.8bf9a.json,hek,204,196
assets/gl_onet/import/fd/fd5a928f-138a-40b8-8eea-d22e4b327506.04c44.json,hek,201,193
assets/gl_onet/import/fd/fd7e4fcc-30ed-4352-ace4-281ef59c29a6.a88aa.json,hek,206,198
assets/gl_onet/index.c2414.jsc,jsc,95128,485537
assets/gl_onet/native/00/0078707f-8228-406f-93e1-6ee22a1a11e5.8c5a5.png,hek,21601,21593
assets/gl_onet/native/01/01a92b9b-861d-448d-bb55-153f51350b1e.5860d.ogg,明文,12608,12608
assets/gl_onet/native/04/0485d78a-8932-4d31-b0a6-49d80edcfb36.8da9e.png,hek,670,662
assets/gl_onet/native/05/05027670-b336-496a-bdc8-dd7c2b3b35b2.59900.ogg,明文,12538,12538
assets/gl_onet/native/05/05803faa-e605-4ad5-956e-ac0fc3174a76.98657.png,hek,7683,7675
assets/gl_onet/native/08/0846085b-a79a-4c71-b584-06543a6496e3.7ee45.png,hek,10168,10160
assets/gl_onet/native/09/0989eea4-b7ef-442d-8234-5d16d7e3ca6e.64e1e.png,hek,871,863
assets/gl_onet/native/0a/0a1e4f5e-ecaa-4472-bbda-3c4fce9aa118.4784a.png,hek,13561,13553
assets/gl_onet/native/0b/0b72ba78-609e-4c6e-a200-94ba91df7b95.90591.png,hek,959,951
assets/gl_onet/native/0c/0cef511c-a980-454b-801c-e5f64703098d.2f447.png,hek,25880,25872
assets/gl_onet/native/11/118aeb74-e599-4e2c-bbe7-5580dc09180c.30d02.png,hek,3216,3208
assets/gl_onet/native/11/11feb808-a580-4111-a635-d37732dd180b.597d8.png,hek,9313,9305
assets/gl_onet/native/13/1383e832-2240-415e-a065-61b8d6dc58b3.d60c1.png,hek,6567,6559
assets/gl_onet/native/14/1474c1a93.79778.png,hek,400338,400330
assets/gl_onet/native/14/1477b974-14ef-43dc-8e7a-11e6d56779c2.ed491.png,hek,687,679
assets/gl_onet/native/14/14cdbba1-cfe7-47d6-a6d9-1305992b40e5.e0848.png,hek,9942,9934
assets/gl_onet/native/16/16c54e4d6.7a8e1.png,hek,410595,410587
assets/gl_onet/native/18/187b485c-4bd3-4495-94e2-121e023822e3.2bb53.ogg,明文,14020,14020
assets/gl_onet/native/18/18eeaa2f8.0e075.png,hek,548764,548756
assets/gl_onet/native/19/19ef2fbc0.7becf.png,hek,129022,129014
assets/gl_onet/native/1b/1b2c183a-ba2b-4b16-adb4-326bdf61e37a.868e0.png,hek,17341,17333
assets/gl_onet/native/1b/1b7fa1f5-c4f9-4da7-a79b-04b9dc4840b9.d60c5.bin,hek,110599,400552
assets/gl_onet/native/1b/1b9f90dd8.4afa6.png,hek,404084,404076
assets/gl_onet/native/1b/1bbb686d-3db7-4f6a-a8d8-f1932acc550d.5e353.png,hek,29682,29674
assets/gl_onet/native/1e/1ede820de.24ddc.png,hek,70838,70830
assets/gl_onet/native/20/20a1cfd8-38c6-4a11-900b-4268c1d1deec.21f23.png,hek,977,969
assets/gl_onet/native/23/233e8192-dd4d-46cf-90e5-40e441e62c16.0ea6d.png,hek,1634,1626
assets/gl_onet/native/24/24606024-c7b0-4138-b3cb-05b6c8ab2b7e.7b312.png,hek,1618,1610
assets/gl_onet/native/25/2500a60a-e23c-4520-b18a-c92646360221.326aa.png,hek,526,518
assets/gl_onet/native/27/275f4a2f-74a0-4c5f-b98e-757da4dc165c.3ecf7.png,hek,712,704
assets/gl_onet/native/29/2928ba17-d941-4903-b118-2b7259a206ee.caf92.ogg,明文,19222,19222
assets/gl_onet/native/2b/2b65b36c-5bc1-4dac-9df3-6943796481b1.ca12d.png,hek,5225,5217
assets/gl_onet/native/2c/2ce2d737-5a2b-449d-907f-2df607685531.50a02.png,hek,2435,2427
assets/gl_onet/native/30/3089acca-deb3-47df-9d3b-60c4179a9c9a.6a824.png,hek,14919,14911
assets/gl_onet/native/36/36f7ebe3-9183-41b4-889f-c2a09d93916c.2098e.png,hek,680,672
assets/gl_onet/native/37/379027ae-71f1-407d-887a-2ea3846655ab.81b2d.atlas,hek,371,1102
assets/gl_onet/native/39/39878db2-1c95-4554-a350-e21452cca5b8.a4929.png,hek,751,743
assets/gl_onet/native/39/39aacb43-4b80-4f74-b5e8-4b65b7e56bae.3e26c.png,hek,16851,16843
assets/gl_onet/native/3a/3a3dcf74-81d2-480b-9954-f6a6014455d3.64c2c.png,hek,14266,14258
assets/gl_onet/native/3a/3a661264-c88a-4c8d-b919-03ae84ed7008.fad31.ogg,明文,4463,4463
assets/gl_onet/native/3c/3c8ea9fc-7d0f-4114-867b-343b1e192cdf.629a7.png,hek,31958,31950
assets/gl_onet/native/3e/3e16a4ab-55ce-4927-9755-08f571780ffb.f35fa.png,hek,1409,1401
assets/gl_onet/native/43/43154630-76e7-437a-b812-45bc17a27235.eca5d.png,hek,4975,4967
assets/gl_onet/native/45/45dae306-ebdf-4478-b3ee-3a94b8304ea5.68e18.png,hek,4171,4163
assets/gl_onet/native/46/4621bb94-ab66-4fc8-8b05-98bca7fb9cb0.8065a.png,hek,12491,12483
assets/gl_onet/native/47/4705246b-d463-4882-872f-52694913d503.6635d.png,hek,16995,16987
assets/gl_onet/native/48/480be304-5e94-4e2b-829b-c3258698267a.fcb5c.png,hek,6031,6023
assets/gl_onet/native/4a/4a329a72-07e9-4c8c-a894-a072ea0d834d.e9cd1.png,hek,524,516
assets/gl_onet/native/54/5499209b-1f79-44e3-a8c6-5982e08f58d2.f2530.ogg,明文,4735,4735
assets/gl_onet/native/54/54f02e9c-b1b7-4689-8d9b-c5003dbd29df.da3e1.ogg,明文,15966,15966
assets/gl_onet/native/57/578c6967-cce4-4cd5-a225-c165b6bcd40f.fb1a3.png,hek,984,976
assets/gl_onet/native/57/57ee15b1-2c0c-4aa8-9c65-205fcd73e89f.c24ae.png,hek,6772,6764
assets/gl_onet/native/59/59829e99-a2fe-4786-ac5c-553c4b7f0432.439b0.png,hek,35407,35399
assets/gl_onet/native/5a/5af8be82-ed05-4ee8-bee3-769d3d974288.bf906.png,hek,69200,69192
assets/gl_onet/native/5c/5cb3194e-1eac-49b5-a04a-a9f5b690c919.0ff7e.png,hek,70670,70662
assets/gl_onet/native/5c/5ceac8eb-52fb-4673-8f4d-ff07624458e7.5bbd9.png,hek,8705,8697
assets/gl_onet/native/5e/5e8026ae-132d-400d-8f69-b9c29c155e35.26021.png,hek,5045,5037
assets/gl_onet/native/5e/5ef975d6-2279-4a60-b291-424cf627482b.10878.png,hek,7027,7019
assets/gl_onet/native/62/623e8126-5266-47c0-87f0-2a6f79a952de.635e2.png,hek,255,247
assets/gl_onet/native/65/657ee548-739c-47b7-9ad2-55e2ce1857a9.66b16.ogg,明文,13090,13090
assets/gl_onet/native/67/67400cd4-155f-4755-9f68-1f2a41e66105.b234a.png,hek,1574,1566
assets/gl_onet/native/67/67644b47-6508-482d-88f6-626ffab8c27e.283bb.png,hek,22311,22303
assets/gl_onet/native/68/6831cd52-d41c-4510-ab4b-8238fa014092.7138a.png,hek,1250,1242
assets/gl_onet/native/6a/6a97ec27-7d00-452c-b6d0-b331874c2694.62848.png,hek,19417,19409
assets/gl_onet/native/6d/6d84dd51-b773-494f-bb31-c682d31c80f3.283bb.png,hek,22311,22303
assets/gl_onet/native/70/703b8916-c84a-4c21-92bb-d503b4a5f9e4.bb24c.png,hek,5705,5697
assets/gl_onet/native/70/7094699d-c5a7-44c8-92cf-440a2cdf684a.7ed96.ogg,明文,29178,29178
assets/gl_onet/native/70/70e69055-122e-4b4b-bc73-44a26aae22d9.ac08f.ogg,明文,4903,4903
assets/gl_onet/native/71/7101b5fe-c59d-4c4f-b3f7-625b5e9022c6.cfd2e.png,hek,6330,6322
assets/gl_onet/native/71/71561142-4c83-4933-afca-cb7a17f67053.c06a9.png,hek,732,1050
assets/gl_onet/native/73/737c516c-a994-400a-96ab-15c3728435f9.32001.png,hek,676,668
assets/gl_onet/native/74/7449e59b-7d3c-4535-b336-f32c799f0ecd.6d257.png,hek,6708,6700
assets/gl_onet/native/75/7584be45-bdaf-45eb-94c5-16c2a75a52f5.fb764.png,hek,5492,5484
assets/gl_onet/native/75/75c34224-55c4-41ce-a1f6-f47bec2ffbcf.1e96e.ogg,明文,14370,14370
assets/gl_onet/native/76/76aa03cb-ba32-464e-bdb0-9c5964b0b7ac.cea68.png,hek,90,82
assets/gl_onet/native/77/77913583-20e5-45ac-af65-69775c281bd7.b9d6c.png,hek,9680,9672
assets/gl_onet/native/7b/7bf7b3dd-5f11-42da-940c-31e7a57c0d6d.34b53.png,hek,13080,13072
assets/gl_onet/native/7c/7c76632e-bdd2-4770-a73c-542b5cac036e.80d72.png,hek,5680,5672
assets/gl_onet/native/80/80852a95-d4a5-4a66-8b89-cfda6682150b.08b7d.png,hek,317,309
assets/gl_onet/native/80/809689dc-aaa8-446e-ad91-0a6de32529cd.71d38.png,hek,3777,3769
assets/gl_onet/native/88/889a5a46-a58e-40cd-a643-76f56021eb38.1595d.png,hek,4299,4291
assets/gl_onet/native/8a/8a3c6264-e750-4028-b441-48cc61ca1e74.7bf54.png,hek,299,291
assets/gl_onet/native/8b/8b031229-d5ab-4f4a-9395-520f9d608bab.418ed.png,hek,9177,9169
assets/gl_onet/native/8b/8b552893-3c48-46f1-9381-1bcdf2b4f1db.7b64b.png,hek,5864,5856
assets/gl_onet/native/8c/8c676df8-5ffd-4a00-bcaa-7fd28a49b080.e61ee.png,hek,617,609
assets/gl_onet/native/8d/8d159d50-533c-48e8-a42d-bb3ec226bf9b.cd233.png,hek,3299,3291
assets/gl_onet/native/8e/8e09b4d9-ddba-4d2e-8e56-e52b35a7fe4b.5d263.png,hek,78597,78589
assets/gl_onet/native/8f/8fbcb2f9-251d-49f1-926b-22a94d2027d5.28ab4.png,hek,12645,12637
assets/gl_onet/native/91/91739496-9fac-4ff2-89dd-c23491fc7e74.065f8.png,hek,5285,5277
assets/gl_onet/native/94/94a465ad-f803-4c7e-90d6-cddfbce26af3.66c65.png,hek,2053,2045
assets/gl_onet/native/94/94ea0ad1-08a4-4ef4-9f0e-61ea7c6f4b16.5611a.bin,hek,605,1460
assets/gl_onet/native/9a/9ac5e7bc-0429-45bd-8b87-bf79e8b23e11.344d7.png,hek,1642,1634
assets/gl_onet/native/9c/9c74e72e-7faf-435f-aa64-d4baee3cf235.3bcc0.png,hek,1443,1435
assets/gl_onet/native/9f/9f775fdf-62af-4707-b535-6f370810b1dd.f4312.png,hek,16016,16008
assets/gl_onet/native/a1/a1ef2726-04ff-429c-b124-9290e68688a6.d2772.png,hek,4289,4281
assets/gl_onet/native/a4/a49fd157-a1cc-47c8-99c0-6a69b44496ab.02807.png,hek,4960,4952
assets/gl_onet/native/a9/a9867844-3368-45c3-91e3-162b1ead50a2.e87bc.png,hek,14073,14065
assets/gl_onet/native/aa/aa6a24f7-8a3c-407a-8ec8-9c6c86970ae1.13377.png,hek,9740,9732
assets/gl_onet/native/ab/ab58048f-b30a-4b08-a57d-4d87d50a921a.d0de0.atlas,hek,740,2688
assets/gl_onet/native/ab/abc3cc93-d7d7-43ea-8237-393c6f99b75c.8a9d4.png,hek,170027,170019
assets/gl_onet/native/ad/adf991d0-b214-4103-913c-b648e57f6cb5.e1c69.png,hek,9949,9941
assets/gl_onet/native/b0/b073f7f3-5913-4bdf-b61a-f8d4dc97da0d.5e486.png,hek,4564,4556
assets/gl_onet/native/b4/b43ff3c2-02bb-4874-81f7-f2dea6970f18.83fcc.png,hek,1122,1114
assets/gl_onet/native/b7/b74ea911-4c09-40a3-bc72-ba8d6a3e1c60.8c911/Roboto-Bold.ttf,明文,146768,146768
assets/gl_onet/native/b7/b7f5640e-a569-420f-919f-b6036d818842.ab6ae.png,hek,6897,6889
assets/gl_onet/native/bc/bc6b11ee-27a6-4dad-b196-bc6abb4f958f.b08b2.png,hek,858,850
assets/gl_onet/native/bf/bfcb3911-2b8d-4e9d-a3d7-7e94626d920e.c7f91.png,hek,1768,1760
assets/gl_onet/native/c0/c0f791e7-cc55-464d-a29c-237116f72a5b.36d26.png,hek,6007,5999
assets/gl_onet/native/c1/c126f283-1057-4ae7-a738-97042fe3b8a4.fc422.atlas,hek,369,361
assets/gl_onet/native/c3/c3c58b63-cd57-4745-8a09-9a65e053fe85.521a7.png,hek,601,593
assets/gl_onet/native/c3/c3d0342f-b260-4ac6-bd2e-e99ab83d8c10.a77df.png,hek,509,501
assets/gl_onet/native/c4/c4e22555-c357-4d59-9ab7-f7847dfc3840.3066f.png,hek,18943,18935
assets/gl_onet/native/c5/c52c9929-1a5e-4c54-8f45-c7a7607a2e84.6f0d9.ogg,明文,20809,20809
assets/gl_onet/native/c6/c6a22176-68ac-4ef8-a137-8d37c4671d47.ba3f4.png,hek,41912,41904
assets/gl_onet/native/c7/c7ed90b1-5303-46bd-ad67-e618522ae924.2a892.png,hek,599,591
assets/gl_onet/native/c8/c891f611-549e-480d-99cc-54265748fb8e.5449e.png,hek,7766,7758
assets/gl_onet/native/c8/c8de6b2d-ae1e-414b-8294-c3b41d481839.3b1da.png,hek,5791,5783
assets/gl_onet/native/c9/c9ff32e5-05b8-4a61-ab48-9e8e2753cb8a.30dca.png,hek,29483,29475
assets/gl_onet/native/ca/caaf63d6-93d7-4b18-a5c8-4dc2d94bf9f9.060d5.png,hek,1259,1251
assets/gl_onet/native/cb/cbf0059c-f212-45e7-9500-f60187a9d442.03382.png,hek,523441,523433
assets/gl_onet/native/cf/cfe7967f-f79f-4728-93b4-323f4263c6fe.b0e8c.png,hek,517,509
assets/gl_onet/native/d3/d3707d2a-d3d5-4f79-a60d-961f68b4b9b8.a1cca.png,hek,69640,69632
assets/gl_onet/native/d4/d4f19f5e-3e5c-46cb-9178-ac8a2ffdab9d.23fcd.png,hek,829,821
assets/gl_onet/native/d8/d85ddabf-96bd-4ae0-902c-1e79f3d1e2f1.41168.ogg,明文,15495,15495
assets/gl_onet/native/dc/dc98cc64-db00-4d1c-8271-a9f6a55c045f.c8589.png,hek,30886,30878
assets/gl_onet/native/dd/dd5eaf3a-8f0b-4395-95de-8cb963f7bfcc.67501.png,hek,1458,1450
assets/gl_onet/native/de/decbb25d-aef8-41a6-8f5a-59d66a1e6b68.5ebcd.png,hek,10050,10042
assets/gl_onet/native/df/df60761c-d16b-4a14-bf18-1d2ed1b23883.91189.ogg,明文,5850,5850
assets/gl_onet/native/e6/e6862971-0498-4ba3-8fa1-2796cce29d89.8337c.png,hek,9917,9909
assets/gl_onet/native/e8/e851e89b-faa2-4484-bea6-5c01dd9f06e2.90cf4.png,hek,761,1082
assets/gl_onet/native/ea/ea8952ec-7720-4053-b437-87ec772598a6.560ae.png,hek,21445,21437
assets/gl_onet/native/ec/ec4ef894-2568-485d-b5ca-04bfd5192c67.7065e.ogg,明文,21054,21054
assets/gl_onet/native/ef/ef1de575-cafb-418e-a8b3-5b6de456120c.b0c40.png,hek,413,405
assets/gl_onet/native/ef/efc3db10-ed64-4723-b692-4c14f753621b.2a275.png,hek,5809,5801
assets/gl_onet/native/f0/f06d3294-dc9b-4e04-88a1-161a7f8caad0.28e04.png,hek,735,727
assets/gl_onet/native/f7/f769f070-7d18-4fdc-8621-b0dc583fd01c.2f498.ogg,明文,9157,9157
assets/gl_onet/native/f8/f8285ca3-fbda-48e9-a182-58e532311120.e10f9.ogg,明文,12680,12680
assets/gl_onet/native/f9/f9a1f37b-ae47-4f56-bdeb-a38217090b3c.2e69c.png,hek,1866,1858
assets/gl_onet/native/fb/fb6689e4-06b3-4899-be18-f1e9f62b1e6d.a4df9.png,hek,7920,24690
assets/gl_sudoku/config.01e57.json,hek,6311,13468
assets/gl_sudoku/import/01/0123c5ab-a423-457f-b002-e1bfa8d6a916.ddd8f.json,hek,569,561
assets/gl_sudoku/import/02/02091d8d-afdc-4a38-a8a5-e37d64583ca8.7871f.json,hek,86,78
assets/gl_sudoku/import/02/0267dd6b-9bdb-4b45-8162-11828f1316c9.e9390.json,hek,202,194
assets/gl_sudoku/import/04/04548452-e932-49e1-98c1-3be136084b05.b69c6.json,hek,196,188
assets/gl_sudoku/import/06/06bf1a7d-74f6-4ec0-b2b0-45e6aaf50ea9.b5249.json,hek,201,193
assets/gl_sudoku/import/07/07291ce5-2a53-42aa-a6a4-6ac68a7d1e5a.7871f.json,hek,86,78
assets/gl_sudoku/import/09/09b8daaa-a6b8-4c9a-9773-a8fa90b70516.36032.json,hek,135,127
assets/gl_sudoku/import/0d/0d1271b0-6791-4699-bf02-b84ba424159b.4cb7c.json,hek,208,200
assets/gl_sudoku/import/0e/0e69f3d7-34ce-475b-a92b-850346b372b0.638f8.json,hek,106,98
assets/gl_sudoku/import/0e/0ee0bea5-3dde-445e-a1a4-12e178b3506d.0e813.json,hek,6445,15254
assets/gl_sudoku/import/10/1083519b-bce7-4fae-9648-1272600a5a76.8a4d0.json,hek,86,78
assets/gl_sudoku/import/10/10d5cf0a-bb01-4f90-aee7-f03d098734e1.3b70a.json,hek,204,196
assets/gl_sudoku/import/11/111e69c2-651a-4d93-b660-092335db3c16.6ed08.json,hek,586,1065
assets/gl_sudoku/import/12/12955fbc-fec3-4bf8-b7f6-d4f4ab860bb1.10975.json,hek,120,112
assets/gl_sudoku/import/12/12dc97ee-a176-4676-8016-9f52f64b0b02.0e765.json,hek,209,201
assets/gl_sudoku/import/14/14abc97d-a639-4cdb-8390-a9c6bf8fbc8a.51ea9.json,hek,212,204
assets/gl_sudoku/import/15/1564c156-c493-4d30-936d-2efec9750215.29f9b.json,hek,208,200
assets/gl_sudoku/import/17/17fc6dd8-8350-4bc9-91c8-ed9a5aa49ee6.8a4d0.json,hek,86,78
assets/gl_sudoku/import/18/18016f652.f727d.json,hek,86,78
assets/gl_sudoku/import/19/1923574b-b57e-4fa8-9778-6a62c9c385f5.5eddf.json,hek,4525,38079
assets/gl_sudoku/import/1d/1d7d2f55-a1f8-4db8-87a9-9ce9dad172e4.bd0e0.json,hek,206,198
assets/gl_sudoku/import/1f/1f71812c7.91de0.json,hek,86,78
assets/gl_sudoku/import/1f/1f7d0056-f1ec-4cdd-8540-97a496c09511.0092f.json,hek,139,131
assets/gl_sudoku/import/20/20682526-1924-4457-b15d-539ce125d89e.7871f.json,hek,86,78
assets/gl_sudoku/import/20/20aa0562-576b-4c3b-8005-df02a4a0b6da.feba3.json,hek,199,191
assets/gl_sudoku/import/21/21f8b6e1-3c93-491f-86e4-6252f4fd0e9b.b64c7.json,hek,209,201
assets/gl_sudoku/import/25/25b6674c-e22c-4cf3-a3ed-22f93f7967fa.8a4d0.json,hek,86,78
assets/gl_sudoku/import/29/29158224-f8dd-4661-a796-1ffab537140e.6dda3.json,hek,213,205
assets/gl_sudoku/import/2b/2b00c50c-bae2-4475-b7bc-5070402c7ba6.70e04.json,hek,2036,6495
assets/gl_sudoku/import/2b/2bbc7384-0325-4c5d-926c-0a1461e6b26a.89005.json,hek,6051,14867
assets/gl_sudoku/import/2d/2df3265f-8c08-45fe-9664-00924eb0cbf2.4992d.json,hek,111,103
assets/gl_sudoku/import/2e/2ea9088e-5e3c-4431-84fe-327de81b007a.8d6e0.json,hek,195,187
assets/gl_sudoku/import/2f/2f05d7c5-5142-4aab-8ca5-11ec87a60199.7871f.json,hek,86,78
assets/gl_sudoku/import/30/30691bad-00b7-48f1-8000-aa34c7cd59d4.c67c4.json,hek,666,1401
assets/gl_sudoku/import/34/3417d1d3-6b2e-488f-b59e-88557a3404f1.af52b.json,hek,137,129
assets/gl_sudoku/import/34/343a7a10-5c48-4728-952f-cf9c77485faa.f9e24.json,hek,195,187
assets/gl_sudoku/import/37/37afc92e-1e2c-4d55-a32c-053c45a7cdd0.6847e.json,hek,105,97
assets/gl_sudoku/import/3b/3b24bb5e-fe51-4b59-9b91-0dc235c68dc1.fdaf1.json,hek,496,488
assets/gl_sudoku/import/3d/3dfe12d5-fc96-440b-bf63-73c5ab74b77a.38fc7.json,hek,209,201
assets/gl_sudoku/import/3e/3ea098ac-d3a6-44e8-ba4e-49a08c1f05f6.7871f.json,hek,86,78
assets/gl_sudoku/import/40/4026c385-b40d-4d69-8444-3879b624c08c.80c0d.json,hek,190,182
assets/gl_sudoku/import/40/4083bb0d-705d-4c4f-bcf0-944149ced493.85f46.json,hek,193,185
assets/gl_sudoku/import/41/41680cf4-ab08-42e8-a590-826e44851f45.49286.json,hek,206,198
assets/gl_sudoku/import/44/4417b96b-48a9-436d-a847-81614cebd347.c35ed.json,hek,219,211
assets/gl_sudoku/import/45/45686bc8-fcce-49b1-a565-f7827b43f3fb.592be.json,hek,139,131
assets/gl_sudoku/import/46/469ade6a-3f9f-4746-ad1d-40f084e2c398.7871f.json,hek,86,78
assets/gl_sudoku/import/46/46bbd106-a71e-445e-a394-b9e28cefa07f.db2f0.json,hek,201,193
assets/gl_sudoku/import/4a/4ace0eeb-47d5-4e65-a7d4-76877783b419.b45e4.json,hek,201,193
assets/gl_sudoku/import/4d/4d3dfc23-06ea-4dc7-b885-3c31b61f894d.42a2f.json,hek,2057,4742
assets/gl_sudoku/import/4f/4f685ac8-ccc0-4cdf-8c75-7a54c90710e7.c0444.json,hek,104,96
assets/gl_sudoku/import/50/506f6048-0764-4a45-b2b6-195d1e3d163b.b5140.json,hek,201,193
assets/gl_sudoku/import/50/50c8489d-0186-402c-98a3-b9d240ed82c9.bf7af.json,hek,206,198
assets/gl_sudoku/import/50/50cff2d9-8fbe-4e96-90c2-df69544758c3.08689.json,hek,106,98
assets/gl_sudoku/import/54/54d5cb7b-23cd-4013-95b8-ded1907cbc7a.204e7.json,hek,563,555
assets/gl_sudoku/import/57/57149bf3-5bb0-4a14-8c76-436212f60717.936e6.json,hek,139,131
assets/gl_sudoku/import/5c/5c4a5434-2b29-4e40-a13b-9df7516283eb.5b0bf.json,hek,341,1394
assets/gl_sudoku/import/5c/5cc5d09d-4eb0-48ed-b86f-dcb07f35a4fa.980e3.json,hek,208,200
assets/gl_sudoku/import/5f/5f10743e-8eea-4404-8214-d0d8d3a50e7b.d6c6c.json,hek,195,187
assets/gl_sudoku/import/5f/5fc3949d-e3ee-45f8-9f77-51b3291a4427.2ab60.json,hek,215,207
assets/gl_sudoku/import/60/60412c1a-a167-4018-9812-91e0e98389ba.7871f.json,hek,86,78
assets/gl_sudoku/import/61/61db9dfd-e938-434e-9598-ca9c680df640.582d0.json,hek,207,199
assets/gl_sudoku/import/65/65422078-8c43-44bb-a46d-66a80294b385.3cd21.json,hek,199,191
assets/gl_sudoku/import/67/6739a58a-720a-4662-9d4f-592a99a5a27f.d5d7c.json,hek,208,200
assets/gl_sudoku/import/67/676f31b2-3d4c-417b-978b-ed3b5cf7ba4c.3d367.json,hek,496,488
assets/gl_sudoku/import/67/67a787b4-d43a-4c4f-b128-55d7fa40abc7.4b3a3.json,hek,86,78
assets/gl_sudoku/import/68/6846b752-9264-44a4-b716-837aef186e05.cc2c5.json,hek,105,97
assets/gl_sudoku/import/6a/6ab6aa24-02a1-44e6-bc19-f26f330e523a.8a4d0.json,hek,86,78
assets/gl_sudoku/import/6a/6ad9d034-ae1f-410b-bdc3-ad9e079d310f.60e14.json,hek,196,188
assets/gl_sudoku/import/6b/6b148316-2db7-4858-af8c-4ae04f69c533.43a30.json,hek,203,195
assets/gl_sudoku/import/6e/6e6b51fb-6591-4f18-8a03-8ffd2cd056c2.2930f.json,hek,205,197
assets/gl_sudoku/import/6e/6e7c012d-19e4-4a59-b950-fbb53356af0d.cb3e7.json,hek,2368,5554
assets/gl_sudoku/import/6e/6ecc1bef-b9ac-455c-8f2a-58aadb14fac7.7871f.json,hek,86,78
assets/gl_sudoku/import/71/71561142-4c83-4933-afca-cb7a17f67053.7871f.json,hek,86,78
assets/gl_sudoku/import/72/724cc25d-27ae-4b81-a5d1-f91564a8e860.b8b12.json,hek,195,187
assets/gl_sudoku/import/75/755ce47d-1e62-47ff-92fa-ff3a7d293d50.cbc26.json,hek,185,177
assets/gl_sudoku/import/75/75976e32-3d24-436a-b19f-dc8fef21e11e.1815b.json,hek,136,128
assets/gl_sudoku/import/75/75e2b511-ac48-4449-9397-fd15fd6126c7.4f2e0.json,hek,136,128
assets/gl_sudoku/import/76/768a0136-7834-49d4-8cf6-0c51c67a865c.7871f.json,hek,86,78
assets/gl_sudoku/import/76/76bbb52e-741c-4054-874f-154ae1836c5e.b2ecb.json,hek,128,120
assets/gl_sudoku/import/77/77d17a4b-a7f7-495d-aabf-aa4952ad417b.322b9.json,hek,135,127
assets/gl_sudoku/import/78/7855a4be-bbe0-46f9-8d62-851133e1074e.d3c76.json,hek,137,129
assets/gl_sudoku/import/79/79f97c92-a98f-4310-a580-f1fc748b65f7.c9f11.json,hek,741,1400
assets/gl_sudoku/import/7a/7af0d8e1-4868-4881-9e61-f8368566721f.fc5a9.json,hek,202,194
assets/gl_sudoku/import/7f/7ff26079-bacc-4580-99b7-b0043d1e0ced.ef00a.json,hek,195,187
assets/gl_sudoku/import/82/82211a03-6c99-4fd3-b08c-d233f37cd982.66977.json,hek,523,515
assets/gl_sudoku/import/82/8243f694-4e4c-4441-bb60-484c6f795588.42ca0.json,hek,195,187
assets/gl_sudoku/import/82/825a7b17-2d54-4b7e-b0f8-7158a5982146.7871f.json,hek,86,78
assets/gl_sudoku/import/83/83816a8f-f6cb-4e00-b15b-ab1077625918.7871f.json,hek,86,78
assets/gl_sudoku/import/83/8386c59a-c627-4a3f-85d1-2c0e7bae2eaa.0dc3c.json,hek,536,528
assets/gl_sudoku/import/84/84027ba5-d286-4f5b-a6db-a3073ec9d84f.7a427.json,hek,201,193
assets/gl_sudoku/import/85/8547747b-237a-418b-8288-afde7fa5ee43.e32e0.json,hek,188,180
assets/gl_sudoku/import/85/854b2901-ec57-48e8-b3ed-773c8b0ed42a.f25fa.json,hek,105,97
assets/gl_sudoku/import/85/85941955-d106-441f-a110-cad78914db2a.f977d.json,hek,135,127
assets/gl_sudoku/import/85/85a08afc-3be6-4301-80b9-ac2eae07b663.077a0.json,hek,206,198
assets/gl_sudoku/import/8a/8a27f45f-7081-48ec-a188-a41b8578e080.560be.json,hek,3468,20607
assets/gl_sudoku/import/8a/8a388a55-3d2e-4972-aeda-dce2eed27b3c.8a4d0.json,hek,86,78
assets/gl_sudoku/import/8c/8c1f6084-8ad9-4160-a504-758a80e1aaeb.143b2.json,hek,107,99
assets/gl_sudoku/import/8f/8f26e1ac-7149-4009-95c5-f082e7c9b9d4.0dbf3.json,hek,207,199
assets/gl_sudoku/import/91/91e40f23-e3d1-43f9-a682-7cf3d5f49d0f.814cd.json,hek,204,196
assets/gl_sudoku/import/97/977888ff-843a-442e-bf05-3cb6a5c64175.7871f.json,hek,86,78
assets/gl_sudoku/import/97/97cf766b-3afd-44c5-be8d-11dd62755c9e.af11a.json,hek,207,199
assets/gl_sudoku/import/99/995958df-85bc-4eff-8598-202acc8f491e.7871f.json,hek,86,78
assets/gl_sudoku/import/99/99f13f24-6c84-4cf2-83b0-c2f3e1aefffb.7871f.json,hek,86,78
assets/gl_sudoku/import/9d/9dde6cff-5966-4b39-94a4-ed90f623f41e.db756.json,hek,778,1520
assets/gl_sudoku/import/9e/9ec7441a-7e5d-4543-a81f-0f360c4a269e.5d207.json,hek,197,189
assets/gl_sudoku/import/9f/9f9e2d81-773d-46ce-9a36-6f1cd0fac214.ee9f1.json,hek,203,195
assets/gl_sudoku/import/9f/9fa57acc-892d-4537-ad24-b6f58edf17e8.8a4d0.json,hek,86,78
assets/gl_sudoku/import/9f/9fa6c751-4f80-432f-ab44-bac2e58f063c.7871f.json,hek,86,78
assets/gl_sudoku/import/a0/a04289bf-368b-411d-9181-a5ec02f09a37.7871f.json,hek,86,78
assets/gl_sudoku/import/a1/a19b956c-9a1f-4886-9443-8a60e58169c4.4f774.json,hek,197,189
assets/gl_sudoku/import/a2/a23235d1-15db-4b95-8439-a2e005bfff91.43d76.json,hek,206,198
assets/gl_sudoku/import/a2/a240e9c6-bef9-4d1c-a6ea-bc35d6f2c0d6.7871f.json,hek,86,78
assets/gl_sudoku/import/a2/a25a08f3-159b-4b11-98b8-89c23190a810.9399c.json,hek,205,197
assets/gl_sudoku/import/a2/a2cdbb0a-8f4c-4085-bb5f-13d4e5d04841.297ce.json,hek,207,199
assets/gl_sudoku/import/a2/a2d0641c-25ee-4eaf-bd4a-8c869368b570.2740b.json,hek,208,200
assets/gl_sudoku/import/a4/a49d6657-df18-4fcb-bc4e-c59ef376b87f.8c9bf.json,hek,966,958
assets/gl_sudoku/import/a4/a49f3147-6f8a-4a15-8047-852602cf6fa8.a2147.json,hek,203,195
assets/gl_sudoku/import/a6/a6abb46c-a85b-4729-8835-993c50287cb1.07f54.json,hek,383,1952
assets/gl_sudoku/import/a7/a709b7d9-17fc-410e-bc78-268501f899e5.d6e1d.json,hek,831,1699
assets/gl_sudoku/import/a8/a8eafdba-5907-4ed2-bc94-fa32d3b00e10.9eb5e.json,hek,826,818
assets/gl_sudoku/import/b2/b216ed81-34cb-4257-babe-2c94ca432eb7.b1253.json,hek,195,187
assets/gl_sudoku/import/b3/b35c6ff8-1fe3-408a-9383-8017feec7bdd.be27b.json,hek,190,182
assets/gl_sudoku/import/b4/b43ff3c2-02bb-4874-81f7-f2dea6970f18.7871f.json,hek,86,78
assets/gl_sudoku/import/b4/b46115ad-586d-4c3f-8d15-f95de8064201.899ef.json,hek,197,189
assets/gl_sudoku/import/b5/b5e5d4db-c6f7-45e4-94ce-a358b825efc0.7462c.json,hek,215,207
assets/gl_sudoku/import/b9/b999e99d-ebc8-4038-b284-611ca3a3faa9.8a4d0.json,hek,86,78
assets/gl_sudoku/import/b9/b9a21360-a855-4a14-94da-90f753fb1284.7871f.json,hek,86,78
assets/gl_sudoku/import/c2/c256e4cb-27c2-4e4a-84ae-5a0285a33d85.7871f.json,hek,86,78
assets/gl_sudoku/import/c4/c415b696-f58b-427d-b55f-40e18f497312.5caaa.json,hek,446,438
assets/gl_sudoku/import/c6/c6cb3c45-54cb-4aaf-ba84-5075cd94203b.c0e20.json,hek,208,200
assets/gl_sudoku/import/ca/ca9fef89-8803-446a-bfbf-af124daf95c6.7871f.json,hek,86,78
assets/gl_sudoku/import/ca/caab56bd-e0b0-451e-9a8e-f39462e87140.7871f.json,hek,86,78
assets/gl_sudoku/import/cb/cbd47edc-3655-4950-81b5-f5db48d7066b.15103.json,hek,199,191
assets/gl_sudoku/import/cd/cda52f22-d722-4775-81df-0a3e5d333bcb.a817d.json,hek,3629,8939
assets/gl_sudoku/import/ce/ce8fdb8c-8310-4392-b30c-591d64d4253d.7871f.json,hek,86,78
assets/gl_sudoku/import/cf/cf77c6ac-9bca-48e8-8218-3de6b30e8324.e9975.json,hek,1880,9142
assets/gl_sudoku/import/d0/d0087b50-f33f-49c0-a60c-8a352036e011.63261.json,hek,205,197
assets/gl_sudoku/import/d0/d032a745-0c92-4f41-8603-aaa503b49d9d.089b7.json,hek,211,203
assets/gl_sudoku/import/d1/d172cc58-8f37-4434-9b00-13676352857b.53b29.json,hek,195,187
assets/gl_sudoku/import/d5/d5cb62ca-800a-4ffb-bd82-5ee05df99e14.87c79.json,hek,539,1053
assets/gl_sudoku/import/d6/d6d1c509-08c7-484a-a779-39679ffd019b.7871f.json,hek,86,78
assets/gl_sudoku/import/d7/d7f2738a-0e82-447e-a8de-85f985319032.8a4d0.json,hek,86,78
assets/gl_sudoku/import/d8/d85e0484-144d-41b6-a2d8-42f4783d8afe.7871f.json,hek,86,78
assets/gl_sudoku/import/d9/d960034f-04dd-4439-95e1-9ca35d5cadd2.18712.json,hek,197,189
assets/gl_sudoku/import/dc/dc139198-8e0c-45b7-841d-45801e3b7a11.b70d0.json,hek,952,944
assets/gl_sudoku/import/dc/dccb1347-c398-42bd-8393-470cb7991170.7871f.json,hek,86,78
assets/gl_sudoku/import/df/df5dc252-d1bf-4e4e-b602-e14ae6d5aa8c.4c4ca.json,hek,214,206
assets/gl_sudoku/import/e4/e48b0417-bc60-4cb8-93a1-1dbfcec368b8.5bc87.json,hek,620,612
assets/gl_sudoku/import/e5/e5008f51-bd64-4bc3-8a40-6a7985d3bf76.0232a.json,hek,5124,89184
assets/gl_sudoku/import/e5/e5d32ffa-4ec6-4e29-b14f-2af27f34dc5a.2940f.json,hek,213,205
assets/gl_sudoku/import/e8/e851e89b-faa2-4484-bea6-5c01dd9f06e2.7871f.json,hek,86,78
assets/gl_sudoku/import/e9/e9775298-2ded-44d9-9d39-23f6a9b20e34.7871f.json,hek,86,78
assets/gl_sudoku/import/e9/e9ec654c-97a2-4787-9325-e6a10375219a.12f08.json,hek,212,204
assets/gl_sudoku/import/eb/eb986c63-d346-4a29-813a-0e562463aee6.2876c.json,hek,208,200
assets/gl_sudoku/import/eb/ebf74439-cd9c-4497-b551-c3c24589990a.7871f.json,hek,86,78
assets/gl_sudoku/import/ef/efbc2822-3864-46c3-b96b-a391995c8011.3fb4a.json,hek,1003,995
assets/gl_sudoku/import/f0/f0048c10-f03e-4c97-b9d3-3506e1d58952.35a1e.json,hek,211,203
assets/gl_sudoku/import/f1/f18fe8dc-dbc3-4453-9b99-fe59ba2b689e.28399.json,hek,188,180
assets/gl_sudoku/import/f5/f5a07b9b-ee62-4173-9162-22169bc0adcd.cb154.json,hek,198,190
assets/gl_sudoku/import/f6/f63b79fd-21a6-439f-bde1-e8b4cc25977f.7871f.json,hek,86,78
assets/gl_sudoku/import/f6/f6ca477f-d799-4f31-aee4-e54afa2428e9.8a4d0.json,hek,86,78
assets/gl_sudoku/import/f8/f85eb41d-2e28-47b0-9433-d72e3183a62a.fd15d.json,hek,1078,2354
assets/gl_sudoku/import/f8/f8cf3ac1-28da-473e-95ff-1afca40da969.b5931.json,hek,208,200
assets/gl_sudoku/import/f9/f95b499a-70a0-4126-b71a-17421ada2f03.60035.json,hek,211,203
assets/gl_sudoku/import/ff/ff6556f4-816f-4708-b176-69cf54efc029.5c830.json,hek,209,201
assets/gl_sudoku/import/ff/ffe89b94-d87d-4fa3-93a2-e851bb6702d8.63cfc.json,hek,197,189
assets/gl_sudoku/index.01e57.jsc,jsc,49400,272141
assets/gl_sudoku/native/02/02091d8d-afdc-4a38-a8a5-e37d64583ca8.56fae.png,hek,130562,130554
assets/gl_sudoku/native/07/07291ce5-2a53-42aa-a6a4-6ac68a7d1e5a.6f5b6.png,hek,23166,23158
assets/gl_sudoku/native/09/09b8daaa-a6b8-4c9a-9773-a8fa90b70516.01c64.ogg,明文,4620,4620
assets/gl_sudoku/native/0e/0e69f3d7-34ce-475b-a92b-850346b372b0.1558b.atlas,hek,563,555
assets/gl_sudoku/native/10/1083519b-bce7-4fae-9648-1272600a5a76.34b25.png,hek,20517,20509
assets/gl_sudoku/native/12/12955fbc-fec3-4bf8-b7f6-d4f4ab860bb1.8c911/Roboto-Bold.ttf,明文,146768,146768
assets/gl_sudoku/native/17/17fc6dd8-8350-4bc9-91c8-ed9a5aa49ee6.91603.png,hek,36079,36071
assets/gl_sudoku/native/18/18016f652.c0ff0.png,hek,8799,8791
assets/gl_sudoku/native/1f/1f71812c7.4f75f.png,hek,125435,125427
assets/gl_sudoku/native/1f/1f7d0056-f1ec-4cdd-8540-97a496c09511.5735b.ogg,明文,11486,11486
assets/gl_sudoku/native/20/20682526-1924-4457-b15d-539ce125d89e.9cbc6.png,hek,22940,22932
assets/gl_sudoku/native/25/25b6674c-e22c-4cf3-a3ed-22f93f7967fa.91603.png,hek,36079,36071
assets/gl_sudoku/native/2d/2df3265f-8c08-45fe-9664-00924eb0cbf2.33ced.atlas,hek,312,1087
assets/gl_sudoku/native/2f/2f05d7c5-5142-4aab-8ca5-11ec87a60199.2b83e.png,hek,24365,24357
assets/gl_sudoku/native/34/3417d1d3-6b2e-488f-b59e-88557a3404f1.badd6.ogg,明文,41283,41283
assets/gl_sudoku/native/37/37afc92e-1e2c-4d55-a32c-053c45a7cdd0.49bf9.bin,hek,61208,61200
assets/gl_sudoku/native/3e/3ea098ac-d3a6-44e8-ba4e-49a08c1f05f6.8ab0d.png,hek,16822,16814
assets/gl_sudoku/native/45/45686bc8-fcce-49b1-a565-f7827b43f3fb.76f0b.ogg,明文,4801,4801
assets/gl_sudoku/native/46/469ade6a-3f9f-4746-ad1d-40f084e2c398.90557.png,hek,3804,3796
assets/gl_sudoku/native/4f/4f685ac8-ccc0-4cdf-8c75-7a54c90710e7.52042.bin,hek,20408,20400
assets/gl_sudoku/native/50/50cff2d9-8fbe-4e96-90c2-df69544758c3.b6f95.atlas,hek,300,292
assets/gl_sudoku/native/57/57149bf3-5bb0-4a14-8c76-436212f60717.6c778.ogg,明文,9469,9469
assets/gl_sudoku/native/60/60412c1a-a167-4018-9812-91e0e98389ba.a73ff.png,hek,2203,2195
assets/gl_sudoku/native/67/67a787b4-d43a-4c4f-b128-55d7fa40abc7.5a05a.jpg,hek,84748,84740
assets/gl_sudoku/native/68/6846b752-9264-44a4-b716-837aef186e05.8df79.bin,hek,40808,40800
assets/gl_sudoku/native/6a/6ab6aa24-02a1-44e6-bc19-f26f330e523a.d2337.png,hek,20333,20325
assets/gl_sudoku/native/6e/6ecc1bef-b9ac-455c-8f2a-58aadb14fac7.2b83e.png,hek,24365,24357
assets/gl_sudoku/native/71/71561142-4c83-4933-afca-cb7a17f67053.c06a9.png,hek,732,1050
assets/gl_sudoku/native/75/75976e32-3d24-436a-b19f-dc8fef21e11e.346e2.ogg,明文,23103,23103
assets/gl_sudoku/native/75/75e2b511-ac48-4449-9397-fd15fd6126c7.86e0e.ogg,明文,22833,22833
assets/gl_sudoku/native/76/768a0136-7834-49d4-8cf6-0c51c67a865c.22a8f.png,hek,2290,2282
assets/gl_sudoku/native/76/76bbb52e-741c-4054-874f-154ae1836c5e.c3191/Lobster-Regular.ttf,明文,396740,396740
assets/gl_sudoku/native/77/77d17a4b-a7f7-495d-aabf-aa4952ad417b.3ac1e.ogg,明文,22441,22441
assets/gl_sudoku/native/78/7855a4be-bbe0-46f9-8d62-851133e1074e.677c5.ogg,明文,4511,4511
assets/gl_sudoku/native/82/825a7b17-2d54-4b7e-b0f8-7158a5982146.96000.png,hek,7363,7355
assets/gl_sudoku/native/83/83816a8f-f6cb-4e00-b15b-ab1077625918.65a04.png,hek,67573,67565
assets/gl_sudoku/native/85/854b2901-ec57-48e8-b3ed-773c8b0ed42a.805f6.bin,hek,40808,40800
assets/gl_sudoku/native/85/85941955-d106-441f-a110-cad78914db2a.40654.ogg,明文,6028,6028
assets/gl_sudoku/native/8a/8a388a55-3d2e-4972-aeda-dce2eed27b3c.ce790.png,hek,34403,34395
assets/gl_sudoku/native/8c/8c1f6084-8ad9-4160-a504-758a80e1aaeb.6f0f3.bin,hek,6908,6900
assets/gl_sudoku/native/97/977888ff-843a-442e-bf05-3cb6a5c64175.22a8f.png,hek,2290,2282
assets/gl_sudoku/native/99/995958df-85bc-4eff-8598-202acc8f491e.8ab0d.png,hek,16822,16814
assets/gl_sudoku/native/99/99f13f24-6c84-4cf2-83b0-c2f3e1aefffb.3b167.png,hek,108268,108260
assets/gl_sudoku/native/9f/9fa57acc-892d-4537-ad24-b6f58edf17e8.b3afb.png,hek,1936,1928
assets/gl_sudoku/native/9f/9fa6c751-4f80-432f-ab44-bac2e58f063c.10001.png,hek,1743,1735
assets/gl_sudoku/native/a0/a04289bf-368b-411d-9181-a5ec02f09a37.ff309.png,hek,4449,4441
assets/gl_sudoku/native/a2/a240e9c6-bef9-4d1c-a6ea-bc35d6f2c0d6.c95f4.png,hek,95142,95134
assets/gl_sudoku/native/b4/b43ff3c2-02bb-4874-81f7-f2dea6970f18.83fcc.png,hek,1122,1114
assets/gl_sudoku/native/b9/b999e99d-ebc8-4038-b284-611ca3a3faa9.34b25.png,hek,20517,20509
assets/gl_sudoku/native/b9/b9a21360-a855-4a14-94da-90f753fb1284.fb013.png,hek,3889,3881
assets/gl_sudoku/native/c2/c256e4cb-27c2-4e4a-84ae-5a0285a33d85.3f6a2.png,hek,7198,7190
assets/gl_sudoku/native/ca/ca9fef89-8803-446a-bfbf-af124daf95c6.6c5fa.png,hek,49287,49279
assets/gl_sudoku/native/ca/caab56bd-e0b0-451e-9a8e-f39462e87140.4d5b3.png,hek,1849,1841
assets/gl_sudoku/native/ce/ce8fdb8c-8310-4392-b30c-591d64d4253d.cea68.png,hek,90,82
assets/gl_sudoku/native/d6/d6d1c509-08c7-484a-a779-39679ffd019b.06f45.png,hek,329,321
assets/gl_sudoku/native/d7/d7f2738a-0e82-447e-a8de-85f985319032.b3afb.png,hek,1936,1928
assets/gl_sudoku/native/d8/d85e0484-144d-41b6-a2d8-42f4783d8afe.940f4.png,hek,8672,8664
assets/gl_sudoku/native/dc/dccb1347-c398-42bd-8393-470cb7991170.49bfb.png,hek,39608,39600
assets/gl_sudoku/native/e8/e851e89b-faa2-4484-bea6-5c01dd9f06e2.90cf4.png,hek,761,1082
assets/gl_sudoku/native/e9/e9775298-2ded-44d9-9d39-23f6a9b20e34.d4715.png,hek,90267,90259
assets/gl_sudoku/native/eb/ebf74439-cd9c-4497-b551-c3c24589990a.ff309.png,hek,4449,4441
assets/gl_sudoku/native/f6/f63b79fd-21a6-439f-bde1-e8b4cc25977f.8e3db.png,hek,49642,49634
assets/gl_sudoku/native/f6/f6ca477f-d799-4f31-aee4-e54afa2428e9.d2337.png,hek,20333,20325
assets/gl_tictactoe/config.30121.json,hek,4251,9114
assets/gl_tictactoe/import/00/0007bc13-e598-4fbc-8589-7361be323926.28295.json,hek,207,199
assets/gl_tictactoe/import/03/0368dc5e-d7f5-42cf-9fca-f437ccab63c4.e6d04.json,hek,199,191
assets/gl_tictactoe/import/03/03c21737-5167-4e09-bb6c-d47063c0510e.7871f.json,hek,86,78
assets/gl_tictactoe/import/06/06487177-85c9-403d-8ac4-e75b79cd1899.eab47.json,hek,203,195
assets/gl_tictactoe/import/06/06a0ffc8-b86c-420d-a398-05fa373b27f2.7871f.json,hek,86,78
assets/gl_tictactoe/import/0b/0bf55828-d364-4733-ad54-0f5fde7804a3.7871f.json,hek,86,78
assets/gl_tictactoe/import/0e/0e75bd7d-aa49-411f-a04c-e5939e45edce.34bbc.json,hek,939,931
assets/gl_tictactoe/import/0f/0f148480-d9c0-41ee-be05-ec4a29fa1e23.06672.json,hek,123,115
assets/gl_tictactoe/import/11/11007657-239a-4c47-a856-2e65a51ab485.7871f.json,hek,86,78
assets/gl_tictactoe/import/11/11011f98-d6bb-41ec-b3bc-f70ecbd6dca7.4ec49.json,hek,133,125
assets/gl_tictactoe/import/14/140edcc4-fd8b-4912-a866-3c9708b6962a.bda2d.json,hek,132,124
assets/gl_tictactoe/import/16/16a4dcc0-2209-452e-a256-b16ae9020ec9.7871f.json,hek,86,78
assets/gl_tictactoe/import/16/16b834f6-2c3c-4f15-b355-c21dff7fba5d.37a3f.json,hek,207,199
assets/gl_tictactoe/import/1b/1b43c25e-dd05-4835-868d-fcf6e9343939.1edac.json,hek,201,193
assets/gl_tictactoe/import/1b/1b4aec0d-c593-46f6-881d-d8b694ca7dc3.1a2a2.json,hek,206,198
assets/gl_tictactoe/import/1c/1c2cf04b-8c1e-4046-9287-972b94452edf.7871f.json,hek,86,78
assets/gl_tictactoe/import/1e/1ec056c9-f547-4e4c-b682-62cae71dcda6.53d7d.json,hek,205,197
assets/gl_tictactoe/import/1f/1f37cc28-4fc3-400d-9dcc-5e0b8caa91b2.cd3e3.json,hek,111,103
assets/gl_tictactoe/import/1f/1f94cf0c-7da1-453b-9564-9796444d1736.76309.json,hek,209,201
assets/gl_tictactoe/import/20/205bcb05-f0f2-4c16-8f78-31fa608e546c.db8fd.json,hek,114,106
assets/gl_tictactoe/import/21/21ad381d-b1f1-417c-9dcd-018848086877.2d322.json,hek,191,183
assets/gl_tictactoe/import/23/235a5266-6b71-47a2-97e1-39d6f8876cfc.7871f.json,hek,86,78
assets/gl_tictactoe/import/27/27e4353f-f180-419f-a09b-dfa5aa3eb632.7871f.json,hek,86,78
assets/gl_tictactoe/import/28/28267577-25a8-4147-a102-99f2d96776a1.91984.json,hek,584,576
assets/gl_tictactoe/import/28/28c52ea0-de5b-49ea-bf0b-0c5cb9cd9a9a.7871f.json,hek,86,78
assets/gl_tictactoe/import/29/29158224-f8dd-4661-a796-1ffab537140e.6dda3.json,hek,213,205
assets/gl_tictactoe/import/2a/2a8e1c9a-3121-460e-a765-2be5ea47e7a8.16cd4.json,hek,133,125
assets/gl_tictactoe/import/37/37684d60-b976-49bd-a831-2f1188d202be.7871f.json,hek,86,78
assets/gl_tictactoe/import/39/398237ba-c6c3-479d-86c3-90ece1c1c159.7871f.json,hek,86,78
assets/gl_tictactoe/import/3b/3b25a6f0-1f00-462f-96ac-e4a3baeb774e.21959.json,hek,203,195
assets/gl_tictactoe/import/3d/3d19cfda-9085-4d7d-aa36-42ddc0e44e67.7d818.json,hek,195,187
assets/gl_tictactoe/import/44/4479d5c6-6c34-4a4e-8e0a-1444b0980c03.10975.json,hek,120,112
assets/gl_tictactoe/import/48/48c7592f-f6f0-4e83-911e-eaec236c2b76.3995c.json,hek,599,591
assets/gl_tictactoe/import/4a/4a9f62b5-f4bf-45da-8a62-104472987620.48b12.json,hek,206,198
assets/gl_tictactoe/import/4a/4ad1084d-a704-4604-b1a3-e3583f4669cc.7871f.json,hek,86,78
assets/gl_tictactoe/import/4b/4b51c742-93ab-4a0b-a68b-a0feeebee9c3.b9907.json,hek,137,129
assets/gl_tictactoe/import/4e/4ee8db9f-46c2-4817-b5ea-6a6f4dce4214.5d864.json,hek,910,902
assets/gl_tictactoe/import/4f/4f02ec0f-dd56-4ac3-8da7-1c04c74a66b8.e1ca1.json,hek,202,194
assets/gl_tictactoe/import/56/56e7cca6-8390-4c4f-9c08-3cf391ed6595.fdbef.json,hek,199,191
assets/gl_tictactoe/import/57/5732d21c-d82d-46ee-bed9-a2d0834b0d7e.7871f.json,hek,86,78
assets/gl_tictactoe/import/5f/5f8ff612-13fd-4266-bccd-bd0f276be883.6fb64.json,hek,1638,9122
assets/gl_tictactoe/import/60/60919265-70e8-4457-8fa1-780f31e8abc1.3f4ec.json,hek,207,199
assets/gl_tictactoe/import/63/635c0558-f308-46a4-94de-adb7c5469d7a.304df.json,hek,207,199
assets/gl_tictactoe/import/68/688af8dc-3691-43bd-9498-c294d8dac480.c45bc.json,hek,3329,8267
assets/gl_tictactoe/import/6a/6a0dec3d-5b51-4920-a5d4-35d3a7f6fee5.7871f.json,hek,86,78
assets/gl_tictactoe/import/6c/6cadb9be-4f93-4bcf-b02d-20a29cd7da2d.b1b47.json,hek,616,608
assets/gl_tictactoe/import/70/70471744-18cb-48f2-a829-baa1c85f7715.7871f.json,hek,86,78
assets/gl_tictactoe/import/71/71561142-4c83-4933-afca-cb7a17f67053.7871f.json,hek,86,78
assets/gl_tictactoe/import/74/7472acf5-0d37-43cd-8640-ef9aca104450.9b2b2.json,hek,205,197
assets/gl_tictactoe/import/76/76cfb932-a4e4-449b-a3e1-c41a9f683b3a.64b40.json,hek,111,103
assets/gl_tictactoe/import/77/7707f5a8-1d7b-4281-a84c-de2e0c5dd85d.41a4b.json,hek,949,941
assets/gl_tictactoe/import/77/778b1c2b-eac9-424c-b13c-7a544d81a2e7.909ed.json,hek,204,196
assets/gl_tictactoe/import/7e/7e09cd69-d21e-4079-b290-9ecec332441e.efa8c.json,hek,685,677
assets/gl_tictactoe/import/7e/7eb40a1c-1ee7-41a8-80ff-21605564470d.7871f.json,hek,86,78
assets/gl_tictactoe/import/8e/8e2ce9bf-edb7-4244-ae89-5bf7701fb4ec.f3869.json,hek,207,199
assets/gl_tictactoe/import/91/91f8ee20-1ade-471a-bffa-10cfe8b7af36.7871f.json,hek,86,78
assets/gl_tictactoe/import/92/925ef33e-0942-4027-8ac2-c9f879f58cc4.7871f.json,hek,86,78
assets/gl_tictactoe/import/94/9402bd62-0ad6-48b5-8568-8b6a770498c1.519aa.json,hek,760,1469
assets/gl_tictactoe/import/95/9545f783-85b9-4b9e-8518-9852ad9eee90.3ba4c.json,hek,209,201
assets/gl_tictactoe/import/95/954cedb2-7435-4f3d-b300-b3ba6fb5586b.57dfd.json,hek,197,189
assets/gl_tictactoe/import/96/960e8071-57ab-4dc9-9ee5-885c38e69ac9.7871f.json,hek,86,78
assets/gl_tictactoe/import/97/979f1259-abc6-4b66-b964-7af7e41de59a.a33f5.json,hek,207,199
assets/gl_tictactoe/import/99/99c772a7-3237-48cb-9971-8d7d72fdd50e.d66e2.json,hek,204,196
assets/gl_tictactoe/import/9b/9b6c3be7-dff4-4b4d-95a0-d0c08f08fb12.7871f.json,hek,86,78
assets/gl_tictactoe/import/9c/9c184888-68c5-444c-84ea-c43f8eac66da.7871f.json,hek,86,78
assets/gl_tictactoe/import/9c/9cc2fac1-4ce3-408e-b7e0-249607d1869c.7871f.json,hek,86,78
assets/gl_tictactoe/import/9d/9d600058-a160-48e8-a570-798528cab9a4.db311.json,hek,204,196
assets/gl_tictactoe/import/a1/a1811b33-b0a3-4b53-994b-fcb0139d89fb.7dfd9.json,hek,195,187
assets/gl_tictactoe/import/a2/a23235d1-15db-4b95-8439-a2e005bfff91.43d76.json,hek,206,198
assets/gl_tictactoe/import/a2/a2b78ee8-95dc-449f-9912-0dcaca230bac.7871f.json,hek,86,78
assets/gl_tictactoe/import/a3/a3287a03-0156-45f5-97e7-15414ad64c6a.432bf.json,hek,195,187
assets/gl_tictactoe/import/a3/a3d8becb-ae94-4b6d-8778-795d984b7375.c2afe.json,hek,137,129
assets/gl_tictactoe/import/a5/a505dfef-76ec-486b-9d16-94d0e08a109b.7871f.json,hek,86,78
assets/gl_tictactoe/import/aa/aaf39a71-8b24-4494-a959-00bd49a3f70c.5a7ec.json,hek,198,190
assets/gl_tictactoe/import/ae/aec52c58-5190-4270-8134-7a2252fb7d39.7871f.json,hek,86,78
assets/gl_tictactoe/import/b0/b0ee3460-6c26-427b-a139-197bd69ef7eb.7871f.json,hek,86,78
assets/gl_tictactoe/import/b4/b43ff3c2-02bb-4874-81f7-f2dea6970f18.7871f.json,hek,86,78
assets/gl_tictactoe/import/b4/b4ed6104-8590-4a19-8461-e9c1fd25561a.7871f.json,hek,86,78
assets/gl_tictactoe/import/b6/b67b8650-5a47-4a37-ba2c-7022fe18e0c3.9e468.json,hek,202,194
assets/gl_tictactoe/import/b8/b82e118a-9bd4-4c08-926f-af472e5526b8.7871f.json,hek,86,78
assets/gl_tictactoe/import/b9/b9f30b4f-bb8d-424d-be2b-2c15d917af03.7871f.json,hek,86,78
assets/gl_tictactoe/import/ba/ba642f33-4fc0-4bbc-8ec5-84afa13028f2.7871f.json,hek,86,78
assets/gl_tictactoe/import/bf/bf9b657a-dcf5-4cb4-ae41-7e2d68db61a5.7871f.json,hek,86,78
assets/gl_tictactoe/import/bf/bfc59ac0-b964-4426-9796-b439f225093a.dc237.json,hek,915,907
assets/gl_tictactoe/import/c0/c00fd510-fa5a-4cb7-a1e2-099967999bf4.7871f.json,hek,86,78
assets/gl_tictactoe/import/d4/d4d826e9-faf4-4865-a0ae-1c7457e0c4c4.57cb0.json,hek,201,193
assets/gl_tictactoe/import/d5/d5da5a1c-67e9-4ae8-8600-3b5bb3651980.69aa0.json,hek,8063,107187
assets/gl_tictactoe/import/d8/d8a6376d-711b-4c53-aa76-da679ea21bec.59853.json,hek,2536,5646
assets/gl_tictactoe/import/d9/d9958be2-a9d1-4778-addf-79ab2d2a7650.ed4d0.json,hek,196,188
assets/gl_tictactoe/import/dd/dd300d36-00a0-40d7-aa48-d6749ebafdba.a2e92.json,hek,211,203
assets/gl_tictactoe/import/dd/ddd5c9cb-7f19-44ff-857a-d69f594cd0e9.0b7d2.json,hek,209,201
assets/gl_tictactoe/import/e5/e5b287cf-9c35-4663-bc88-f54347e2938b.7871f.json,hek,86,78
assets/gl_tictactoe/import/e8/e84a23d2-85c3-48ce-aa95-71927be01cc8.a075a.json,hek,137,129
assets/gl_tictactoe/import/e8/e851e89b-faa2-4484-bea6-5c01dd9f06e2.7871f.json,hek,86,78
assets/gl_tictactoe/import/e8/e856be8c-db2a-4bdf-9801-db3d81f29fcc.c7cda.json,hek,203,195
assets/gl_tictactoe/import/e9/e92cf346-4f23-4dfc-a7a5-e20755e18d38.55f46.json,hek,2358,5342
assets/gl_tictactoe/import/e9/e92e9652-b811-41c2-a3d5-26e569f2c3f7.21149.json,hek,202,194
assets/gl_tictactoe/import/e9/e9ec654c-97a2-4787-9325-e6a10375219a.12f08.json,hek,212,204
assets/gl_tictactoe/import/ea/eafa22d7-1574-43f8-8464-f4b9b310bbe0.7871f.json,hek,86,78
assets/gl_tictactoe/import/eb/ebd76038-3971-4927-8b9e-796eb93b0b8c.7871f.json,hek,86,78
assets/gl_tictactoe/import/eb/ebeed856-583a-4846-ab13-78a36a1a9a2d.ffede.json,hek,202,194
assets/gl_tictactoe/import/f0/f0048c10-f03e-4c97-b9d3-3506e1d58952.35a1e.json,hek,211,203
assets/gl_tictactoe/import/f2/f2ce2406-6ec5-482c-ba9e-0b23799b00c9.24713.json,hek,207,199
assets/gl_tictactoe/import/f6/f6f23599-c6af-481c-b976-21945458a2bb.7871f.json,hek,86,78
assets/gl_tictactoe/import/f7/f7b80af0-9e4e-4970-b424-74e6fbf3c92f.a2c50.json,hek,8220,106970
assets/gl_tictactoe/import/f8/f8047adf-774d-47a1-95de-1c18e9588fc4.de128.json,hek,620,612
assets/gl_tictactoe/import/f8/f8ef98db-4641-49e3-a00b-c32823aba1a7.ee0e7.json,hek,203,195
assets/gl_tictactoe/import/f9/f92e89ed-b549-4494-85fa-37845b18a4df.7871f.json,hek,86,78
assets/gl_tictactoe/import/fb/fb66226c-eb1e-4ec5-9f2b-e4408103ea80.db7b1.json,hek,4317,9941
assets/gl_tictactoe/import/fb/fbfff521-5bc2-4d6f-b173-612f795930a4.7871f.json,hek,86,78
assets/gl_tictactoe/import/fd/fd5a9165-547a-4c7a-9b91-a8f2d536b521.f0348.json,hek,207,199
assets/gl_tictactoe/index.30121.jsc,jsc,29224,145839
assets/gl_tictactoe/native/03/03c21737-5167-4e09-bb6c-d47063c0510e.ddda9.png,hek,1196,1188
assets/gl_tictactoe/native/06/06a0ffc8-b86c-420d-a398-05fa373b27f2.eb11e.png,hek,351,343
assets/gl_tictactoe/native/0b/0bf55828-d364-4733-ad54-0f5fde7804a3.a3b84.png,hek,1635,1627
assets/gl_tictactoe/native/11/11007657-239a-4c47-a856-2e65a51ab485.fdcad.png,hek,85600,85592
assets/gl_tictactoe/native/11/11011f98-d6bb-41ec-b3bc-f70ecbd6dca7.c9ff9.ogg,明文,4729,4729
assets/gl_tictactoe/native/14/140edcc4-fd8b-4912-a866-3c9708b6962a.6f8e2.ogg,明文,13726,13726
assets/gl_tictactoe/native/16/16a4dcc0-2209-452e-a256-b16ae9020ec9.ce9db.png,hek,843,835
assets/gl_tictactoe/native/1c/1c2cf04b-8c1e-4046-9287-972b94452edf.b8ebd.png,hek,3106,3098
assets/gl_tictactoe/native/1f/1f37cc28-4fc3-400d-9dcc-5e0b8caa91b2.04ac4.atlas,hek,674,3268
assets/gl_tictactoe/native/20/205bcb05-f0f2-4c16-8f78-31fa608e546c.13e6b.atlas,hek,1500,8301
assets/gl_tictactoe/native/23/235a5266-6b71-47a2-97e1-39d6f8876cfc.868e0.png,hek,17341,17333
assets/gl_tictactoe/native/27/27e4353f-f180-419f-a09b-dfa5aa3eb632.31a65.png,hek,1047,1039
assets/gl_tictactoe/native/28/28c52ea0-de5b-49ea-bf0b-0c5cb9cd9a9a.64e1e.png,hek,871,863
assets/gl_tictactoe/native/2a/2a8e1c9a-3121-460e-a765-2be5ea47e7a8.f453f.ogg,明文,4942,4942
assets/gl_tictactoe/native/37/37684d60-b976-49bd-a831-2f1188d202be.e1621.png,hek,4443,4435
assets/gl_tictactoe/native/39/398237ba-c6c3-479d-86c3-90ece1c1c159.0bb83.png,hek,61601,61593
assets/gl_tictactoe/native/44/4479d5c6-6c34-4a4e-8e0a-1444b0980c03.8c911/Roboto-Bold.ttf,明文,146768,146768
assets/gl_tictactoe/native/4a/4ad1084d-a704-4604-b1a3-e3583f4669cc.0ea6d.png,hek,1634,1626
assets/gl_tictactoe/native/4b/4b51c742-93ab-4a0b-a68b-a0feeebee9c3.3e7c9.ogg,明文,16612,16612
assets/gl_tictactoe/native/57/5732d21c-d82d-46ee-bed9-a2d0834b0d7e.75dea.png,hek,1068,1060
assets/gl_tictactoe/native/6a/6a0dec3d-5b51-4920-a5d4-35d3a7f6fee5.6e603.png,hek,7932,7924
assets/gl_tictactoe/native/70/70471744-18cb-48f2-a829-baa1c85f7715.167d5.png,hek,4224,4216
assets/gl_tictactoe/native/71/71561142-4c83-4933-afca-cb7a17f67053.c06a9.png,hek,732,1050
assets/gl_tictactoe/native/76/76cfb932-a4e4-449b-a3e1-c41a9f683b3a.fcb11.atlas,hek,1509,8316
assets/gl_tictactoe/native/7e/7eb40a1c-1ee7-41a8-80ff-21605564470d.a6ba1.png,hek,28432,28424
assets/gl_tictactoe/native/91/91f8ee20-1ade-471a-bffa-10cfe8b7af36.d9d95.png,hek,1559,1551
assets/gl_tictactoe/native/92/925ef33e-0942-4027-8ac2-c9f879f58cc4.d578c.png,hek,5169,5161
assets/gl_tictactoe/native/96/960e8071-57ab-4dc9-9ee5-885c38e69ac9.2a892.png,hek,599,591
assets/gl_tictactoe/native/9b/9b6c3be7-dff4-4b4d-95a0-d0c08f08fb12.df1d1.png,hek,1485,1477
assets/gl_tictactoe/native/9c/9c184888-68c5-444c-84ea-c43f8eac66da.d7eac.png,hek,224,216
assets/gl_tictactoe/native/9c/9cc2fac1-4ce3-408e-b7e0-249607d1869c.84aa1.png,hek,514,506
assets/gl_tictactoe/native/a2/a2b78ee8-95dc-449f-9912-0dcaca230bac.8ec72.png,hek,5921,5913
assets/gl_tictactoe/native/a3/a3d8becb-ae94-4b6d-8778-795d984b7375.2c5f0.ogg,明文,14866,14866
assets/gl_tictactoe/native/a5/a505dfef-76ec-486b-9d16-94d0e08a109b.82c18.png,hek,1057,1049
assets/gl_tictactoe/native/ae/aec52c58-5190-4270-8134-7a2252fb7d39.c46b1.png,hek,176931,176923
assets/gl_tictactoe/native/b0/b0ee3460-6c26-427b-a139-197bd69ef7eb.f0bf0.png,hek,426,418
assets/gl_tictactoe/native/b4/b43ff3c2-02bb-4874-81f7-f2dea6970f18.83fcc.png,hek,1122,1114
assets/gl_tictactoe/native/b4/b4ed6104-8590-4a19-8461-e9c1fd25561a.16a18.png,hek,1749,1741
assets/gl_tictactoe/native/b8/b82e118a-9bd4-4c08-926f-af472e5526b8.2018c.png,hek,2395,2387
assets/gl_tictactoe/native/b9/b9f30b4f-bb8d-424d-be2b-2c15d917af03.45a1a.png,hek,3629,17045
assets/gl_tictactoe/native/ba/ba642f33-4fc0-4bbc-8ec5-84afa13028f2.ebc7a.png,hek,596,588
assets/gl_tictactoe/native/bf/bf9b657a-dcf5-4cb4-ae41-7e2d68db61a5.595b9.png,hek,5743,19022
assets/gl_tictactoe/native/c0/c00fd510-fa5a-4cb7-a1e2-099967999bf4.21928.png,hek,1253,1245
assets/gl_tictactoe/native/e5/e5b287cf-9c35-4663-bc88-f54347e2938b.123b0.png,hek,637,629
assets/gl_tictactoe/native/e8/e84a23d2-85c3-48ce-aa95-71927be01cc8.cea71.ogg,明文,15828,15828
assets/gl_tictactoe/native/e8/e851e89b-faa2-4484-bea6-5c01dd9f06e2.90cf4.png,hek,761,1082
assets/gl_tictactoe/native/ea/eafa22d7-1574-43f8-8464-f4b9b310bbe0.f1bb4.png,hek,136113,136105
assets/gl_tictactoe/native/eb/ebd76038-3971-4927-8b9e-796eb93b0b8c.06f45.png,hek,329,321
assets/gl_tictactoe/native/f6/f6f23599-c6af-481c-b976-21945458a2bb.5b4fc.png,hek,2788,2780
assets/gl_tictactoe/native/f9/f92e89ed-b549-4494-85fa-37845b18a4df.42359.png,hek,965,957
assets/gl_tictactoe/native/fb/fbfff521-5bc2-4d6f-b173-612f795930a4.4cc32.png,hek,13454,13446
assets/gl_watersort/config.1d6d0.json,hek,4917,10729
assets/gl_watersort/import/03/0342c6a7-16af-4b71-ac35-71f47e35aa04.83529.json,hek,207,199
assets/gl_watersort/import/06/06c97aa2-15ad-4484-894c-5d8baa587753.7871f.json,hek,86,78
assets/gl_watersort/import/07/07eb1bd9-7718-4792-92cd-0e13f1fe2fd8.15af1.json,hek,938,930
assets/gl_watersort/import/09/09bce7f9-79e4-40cd-be08-f284389e4967.7871f.json,hek,86,78
assets/gl_watersort/import/0b/0b6dfe88-2a3b-4cf0-973b-b787e4ff847d.673b7.json,hek,205,197
assets/gl_watersort/import/10/10b5c482-7f3a-4abc-9838-507e1ad4407b.e12fc.json,hek,205,197
assets/gl_watersort/import/14/14239ad2-bee1-4e93-991d-ae6f22c44eb5.7871f.json,hek,86,78
assets/gl_watersort/import/14/146c37af-d7eb-44e6-9aac-809ba114ecd1.7871f.json,hek,86,78
assets/gl_watersort/import/17/172e21ec-bba0-4f5b-80a1-19cdf621e0b3.ec2b6.json,hek,207,199
assets/gl_watersort/import/17/17de20d9-893e-4a62-85f8-56eb69039c72.7871f.json,hek,86,78
assets/gl_watersort/import/17/17e9638a-0203-4c98-b3aa-26c42cbbf460.a816f.json,hek,130,122
assets/gl_watersort/import/19/193345ef-89b4-4634-9a65-1a84b122f0a8.1c53f.json,hek,134,126
assets/gl_watersort/import/1c/1c35d984-8942-4b2e-8c30-1526b7c8a278.7871f.json,hek,86,78
assets/gl_watersort/import/1c/1cf9b764-0d7c-4f74-8968-14eb8009fd76.1f17b.json,hek,202,194
assets/gl_watersort/import/1d/1d47d02c-1a51-40ba-ad1e-b9b0a6d67238.d3a8e.json,hek,209,201
assets/gl_watersort/import/1f/1f29bcc9-fc65-4ab5-ba8a-66fbf3fa7340.e8c60.json,hek,211,203
assets/gl_watersort/import/20/2014efe0-594f-4ba0-84a0-07fdefb8f90e.91632.json,hek,197,189
assets/gl_watersort/import/26/26733626-f071-4177-b4e4-c72853ca4de7.d6c97.json,hek,132,124
assets/gl_watersort/import/27/2781810c-cfde-414f-8e5e-e3a6f55267b2.10cf6.json,hek,193,185
assets/gl_watersort/import/2b/2becb52c-cfa7-466f-a0a9-918b151b7098.8b192.json,hek,204,196
assets/gl_watersort/import/2e/2ee31339-b95a-49b4-bd38-ca74dff9775b.7871f.json,hek,86,78
assets/gl_watersort/import/31/3144e902-f398-45d2-baab-4be56ba35ae6.2d18e.json,hek,206,198
assets/gl_watersort/import/31/31c57a2f-2a71-49f3-8d12-70542d0baf74.9d00b.json,hek,201,193
assets/gl_watersort/import/34/343510f5-5973-4594-bb2a-4e8f3f625aa5.fd9c3.json,hek,134,126
assets/gl_watersort/import/34/34f3c74f-adcc-45e5-acee-7a58137d1749.7871f.json,hek,86,78
assets/gl_watersort/import/3b/3b6ae87f-1787-420c-8a8d-f9e291ec71fb.7871f.json,hek,86,78
assets/gl_watersort/import/3c/3c03f293-dec3-4777-ae1b-7e4ee06dc096.bda2d.json,hek,132,124
assets/gl_watersort/import/3c/3c17eb06-cf0e-4b1b-9357-901d7084c177.3eea7.json,hek,142,134
assets/gl_watersort/import/3f/3f106f1e-24c1-4b4e-aa22-7f92db12e483.8b421.json,hek,19741,202255
assets/gl_watersort/import/42/423145e5-6b07-48ff-9888-9907861e0095.74a65.json,hek,203,195
assets/gl_watersort/import/42/42a8507f-944b-4be0-bd86-013ea160f51f.7871f.json,hek,86,78
assets/gl_watersort/import/42/42ed2f35-5262-439f-9dbe-e822b09aaaee.7871f.json,hek,86,78
assets/gl_watersort/import/44/44ac8199-29ab-4ef3-bae7-7cb8dcfdce4d.f8bc1.json,hek,202,194
assets/gl_watersort/import/4a/4a3d0943-fc73-474b-9855-05b918ec3333.7871f.json,hek,86,78
assets/gl_watersort/import/4a/4a819277-4350-4d44-bc51-ea97898c4353.010a6.json,hek,6666,19059
assets/gl_watersort/import/4d/4dedf33c-0221-4e6b-9a08-c919693f85a3.7871f.json,hek,86,78
assets/gl_watersort/import/4e/4e0795a9-9a3f-4658-a8e3-a4f1ec4ba953.605b7.json,hek,210,202
assets/gl_watersort/import/4f/4f9b06f9-9a71-401f-a3d2-4ea2b15e6200.b1535.json,hek,8149,21543
assets/gl_watersort/import/50/50aa7279-843d-4a35-a0b4-61251c60c697.be5b3.json,hek,135,127
assets/gl_watersort/import/52/520217b1-614b-453c-9848-78c28882532d.7871f.json,hek,86,78
assets/gl_watersort/import/52/5296ce1e-4974-4f33-b3cc-74e6a513fa95.10975.json,hek,120,112
assets/gl_watersort/import/53/53347e08-3252-4c87-8c4f-78a953d49d74.5a24c.json,hek,206,198
assets/gl_watersort/import/53/534a5529-f8a0-4fb0-a19e-b1895715e69c.aa340.json,hek,2380,13895
assets/gl_watersort/import/58/584a0924-b393-4614-bc0f-3ec9b215b10e.4c5e4.json,hek,120,112
assets/gl_watersort/import/59/591cf242-d350-4747-84b8-2c1482cbaf62.68671.json,hek,199,191
assets/gl_watersort/import/59/593b3433-8c3f-4eac-b616-ded68019330e.c1e13.json,hek,134,126
assets/gl_watersort/import/5a/5a5885e7-e432-4e07-b287-7f86f31db4eb.fae8d.json,hek,199,191
assets/gl_watersort/import/5b/5b1bec00-e8f5-4d7c-9c3c-b540af24a22d.dce89.json,hek,207,199
assets/gl_watersort/import/5b/5bc7ce8e-0b68-4fff-b828-a755df8247b7.7871f.json,hek,86,78
assets/gl_watersort/import/5c/5c9afe8d-eacb-43a0-ac0f-3796a569e471.7662f.json,hek,212,204
assets/gl_watersort/import/5d/5d730c4e-7a7a-4c58-87b4-6c4cdb29b5c4.08689.json,hek,106,98
assets/gl_watersort/import/61/61b8db10-9873-4588-a9e6-8b81ea146497.ab921.json,hek,203,195
assets/gl_watersort/import/67/671de2da-665b-4668-a0ac-264207a687f7.6c3d4.json,hek,785,1529
assets/gl_watersort/import/68/685dc30f-7920-484e-9b90-33434fb8b7b6.7871f.json,hek,86,78
assets/gl_watersort/import/6f/6f026bd2-1eae-4a5b-b318-b08231fc6b49.7871f.json,hek,86,78
assets/gl_watersort/import/73/73126e8d-3e97-41f6-9a92-fc9ff59345f3.56be5.json,hek,710,1284
assets/gl_watersort/import/73/73629aed-0bc3-450f-a312-d1ff6e7927d7.8cc90.json,hek,112,104
assets/gl_watersort/import/73/73b2e21d-bed9-44a6-9884-ff94f7034a76.d5a4c.json,hek,207,199
assets/gl_watersort/import/76/764183d8-acc4-4c12-8be0-e10025f60f21.79887.json,hek,102,94
assets/gl_watersort/import/76/7649d938-8336-465a-90b4-349350421700.10975.json,hek,120,112
assets/gl_watersort/import/78/78395ec2-d902-4cbb-be00-798c0240cea8.7871f.json,hek,86,78
assets/gl_watersort/import/7a/7a61abca-1077-46be-9f7b-32174c4c4704.4510d.json,hek,1062,5222
assets/gl_watersort/import/7b/7b33c675-2df1-46b0-b2cb-45efda1738c9.7871f.json,hek,86,78
assets/gl_watersort/import/7b/7b4684ad-5a09-4878-8888-2ec3b43ff3e3.7871f.json,hek,86,78
assets/gl_watersort/import/7d/7dd2c119-a7d5-41c2-ae41-30783efcbe60.a7182.json,hek,203,195
assets/gl_watersort/import/7f/7f8c0817-8e55-401e-a8cd-75e093fdf943.b867b.json,hek,4986,31361
assets/gl_watersort/import/81/81d07cbe-aae3-4710-ab83-3ef2c5c50295.917e5.json,hek,229,221
assets/gl_watersort/import/83/834e5953-8890-46a0-ab50-9530cdcb0812.15456.json,hek,9235,39656
assets/gl_watersort/import/83/839ddd98-2446-42b9-a629-befbe5e1f624.85f27.json,hek,1371,3051
assets/gl_watersort/import/86/86b1aa5a-dff1-4753-a61e-5864ab474804.7871f.json,hek,86,78
assets/gl_watersort/import/87/87adbdd8-9e6e-4f15-ac1a-af2f049f8806.6e075.json,hek,207,199
assets/gl_watersort/import/95/9547d317-65c2-416d-94ef-b01e31098194.f2529.json,hek,138,130
assets/gl_watersort/import/95/95e40330-4255-48a5-b5d1-7e3d6eb58e79.7871f.json,hek,86,78
assets/gl_watersort/import/96/9609fcc8-e4ec-40c7-8ace-6891e81c1445.7871f.json,hek,86,78
assets/gl_watersort/import/96/9653c448-e271-4d0e-ab53-64a38dcbe1ab.ed3bb.json,hek,204,196
assets/gl_watersort/import/96/9694eae3-1d0f-4a03-af04-bab67f78c08c.fb73d.json,hek,104,96
assets/gl_watersort/import/97/97908939-dea5-48c3-b6c3-e18fdbf38eb2.81eba.json,hek,647,639
assets/gl_watersort/import/99/99603fbf-74ad-4c59-9b4d-84ccc93b5dd9.7871f.json,hek,86,78
assets/gl_watersort/import/9c/9c7fe9c7-8bc1-40d9-a883-87ff98a7e540.7871f.json,hek,86,78
assets/gl_watersort/import/9e/9e4e0188-5300-4102-be7e-484eb551ddd7.5bebe.json,hek,136,128
assets/gl_watersort/import/9e/9e88e6d3-d876-4375-a4fa-032d826a23fd.9f11a.json,hek,202,194
assets/gl_watersort/import/a2/a23235d1-15db-4b95-8439-a2e005bfff91.43d76.json,hek,206,198
assets/gl_watersort/import/a2/a2ecccfa-b030-446e-902a-8137e676d6ad.9bc4f.json,hek,1014,1006
assets/gl_watersort/import/a5/a52a7904-97e0-4edf-ba78-8ffc1c56fac4.fe39f.json,hek,203,195
assets/gl_watersort/import/a6/a64dd77a-e493-45e3-bc57-e9f92af7fe0c.54032.json,hek,134,126
assets/gl_watersort/import/a7/a7e3eaf1-0df3-4d9f-b88d-e16a5eb52a3d.7871f.json,hek,86,78
assets/gl_watersort/import/a8/a8a690b3-3768-4c4e-bdb7-3085ebceea5d.7019c.json,hek,135,127
assets/gl_watersort/import/a9/a970cc7e-af1b-477f-877a-105316f2e0a0.a5a53.json,hek,202,194
assets/gl_watersort/import/ad/ad04f044-994a-4418-8726-bd35896e75bd.7871f.json,hek,86,78
assets/gl_watersort/import/ae/ae376f45-8b08-4d23-9a01-37365b818454.aad3d.json,hek,203,195
assets/gl_watersort/import/ae/aede5eb2-7030-4e1b-98aa-8811416dd1a8.32dbe.json,hek,1041,2031
assets/gl_watersort/import/b0/b0986816-5f08-4352-92e1-dc53acf1793f.288e9.json,hek,197,189
assets/gl_watersort/import/b0/b0e4cdb4-1096-4ddd-9b14-599cbc4dda43.777d0.json,hek,202,194
assets/gl_watersort/import/b2/b2dd43c3-9dc2-4080-9e59-dedcc42314cd.f63f5.json,hek,204,196
assets/gl_watersort/import/bf/bfecd80a-ac26-4429-a75c-927ef555b6e3.bab7e.json,hek,203,195
assets/gl_watersort/import/c1/c1a00e20-d4f0-49c0-ab11-43ec1a1b510d.7871f.json,hek,86,78
assets/gl_watersort/import/c6/c69b6bdb-153e-487b-8284-09844cee088d.1d3db.json,hek,1036,2115
assets/gl_watersort/import/c7/c74b4db9-802b-4ef2-aef6-8c036b7600dd.7871f.json,hek,86,78
assets/gl_watersort/import/c7/c75d3b0f-38f3-45cd-9b80-1a9bc87d0d91.88c6e.json,hek,134,126
assets/gl_watersort/import/ca/ca5e9f45-3959-465c-acba-c53fa6d7ea50.7871f.json,hek,86,78
assets/gl_watersort/import/ca/cae3133f-10d5-4ea1-bf64-559608d92127.22893.json,hek,783,1523
assets/gl_watersort/import/cd/cda25433-9cc1-491f-a9ff-35394f3a0b88.7aae2.json,hek,134,126
assets/gl_watersort/import/ce/ceef202f-4fc9-4f63-88b9-bfff23201a84.1f625.json,hek,709,1284
assets/gl_watersort/import/cf/cf9e0b04-9555-478a-8055-ea480a9b4492.7871f.json,hek,86,78
assets/gl_watersort/import/d0/d01300d8-4aef-499b-99ed-babc4a9ce50b.7871f.json,hek,86,78
assets/gl_watersort/import/d1/d1311735-16c7-48a3-ab4b-44c50c4c2437.7871f.json,hek,86,78
assets/gl_watersort/import/d3/d301ce15-45fb-4e77-8f48-89108bc9f608.7871f.json,hek,86,78
assets/gl_watersort/import/d6/d6d5b416-a514-49fe-9278-52d8a07f6393.7871f.json,hek,86,78
assets/gl_watersort/import/d9/d9bb6dad-f67c-49d2-9e60-1678bfb8a7e1.6394d.json,hek,202,194
assets/gl_watersort/import/db/dbb1c1aa-8b77-4770-a9ca-487e4444dc21.5ce66.json,hek,209,201
assets/gl_watersort/import/dd/dd24d554-1876-4312-962f-32bfb89a45bb.13ce3.json,hek,209,201
assets/gl_watersort/import/dd/dd6eb1de-f556-4405-8e8d-17f482a68be2.7871f.json,hek,86,78
assets/gl_watersort/import/dd/ddf4399f-43fc-4c2a-931e-1312550f8e7c.82730.json,hek,106,98
assets/gl_watersort/import/e1/e168a086-bf95-4474-8454-0bf09705fba3.27912.json,hek,202,194
assets/gl_watersort/import/e2/e22c93b1-a599-4d63-bc4a-b533d7a87022.7871f.json,hek,86,78
assets/gl_watersort/import/e3/e3a6b784-d8bc-44ca-883b-4ad121a9be87.7871f.json,hek,86,78
assets/gl_watersort/import/e6/e6e7befc-e5c5-4493-9b1a-b260c36cf5b5.51687.json,hek,205,197
assets/gl_watersort/import/e9/e94f83c3-6473-4383-825b-b9d50d75eb81.7871f.json,hek,86,78
assets/gl_watersort/import/ea/eaf34af3-7efe-4e46-bc5c-699fed14e6db.7871f.json,hek,86,78
assets/gl_watersort/import/ee/ee607c9e-e813-467a-9b00-2628c5645132.9d603.json,hek,203,195
assets/gl_watersort/import/f3/f3847a6d-0e10-4c02-a075-b9f50758d33e.f6ec2.json,hek,197,189
assets/gl_watersort/import/f5/f5ca588f-b4a3-4c85-bad7-c531be29408c.6e509.json,hek,110,102
assets/gl_watersort/import/f8/f8d32759-726c-48ec-ba56-284d40d03f69.7871f.json,hek,86,78
assets/gl_watersort/import/f9/f9f07151-1801-4bbf-84bd-ae3b250b63b9.7871f.json,hek,86,78
assets/gl_watersort/import/fa/fab0dc8e-b6dc-4be0-b961-3ac220dccfe5.0184a.json,hek,23441,224742
assets/gl_watersort/import/fe/fead5a55-32a2-4906-a0f1-578023649ad6.feab9.json,hek,201,193
assets/gl_watersort/index.1d6d0.jsc,jsc,44744,216808
assets/gl_watersort/native/06/06c97aa2-15ad-4484-894c-5d8baa587753.9fa90.png,hek,413057,413049
assets/gl_watersort/native/09/09bce7f9-79e4-40cd-be08-f284389e4967.af448.png,hek,3017,3009
assets/gl_watersort/native/14/14239ad2-bee1-4e93-991d-ae6f22c44eb5.f1829.png,hek,547,539
assets/gl_watersort/native/14/146c37af-d7eb-44e6-9aac-809ba114ecd1.7d078.png,hek,1737,1729
assets/gl_watersort/native/17/17de20d9-893e-4a62-85f8-56eb69039c72.f9ad2.png,hek,2175,2167
assets/gl_watersort/native/17/17e9638a-0203-4c98-b3aa-26c42cbbf460.dae94.atlas,hek,734,726
assets/gl_watersort/native/19/193345ef-89b4-4634-9a65-1a84b122f0a8.91038.ogg,明文,11921,11921
assets/gl_watersort/native/1c/1c35d984-8942-4b2e-8c30-1526b7c8a278.ca56b.png,hek,420,412
assets/gl_watersort/native/26/26733626-f071-4177-b4e4-c72853ca4de7.1b15e.ogg,明文,12295,12295
assets/gl_watersort/native/2e/2ee31339-b95a-49b4-bd38-ca74dff9775b.64e1e.png,hek,871,863
assets/gl_watersort/native/34/343510f5-5973-4594-bb2a-4e8f3f625aa5.cca37.ogg,明文,13839,13839
assets/gl_watersort/native/34/34f3c74f-adcc-45e5-acee-7a58137d1749.b28c3.png,hek,359,351
assets/gl_watersort/native/3b/3b6ae87f-1787-420c-8a8d-f9e291ec71fb.c7d28.png,hek,526,518
assets/gl_watersort/native/3c/3c03f293-dec3-4777-ae1b-7e4ee06dc096.6f8e2.ogg,明文,13726,13726
assets/gl_watersort/native/42/42a8507f-944b-4be0-bd86-013ea160f51f.36bad.png,hek,90,82
assets/gl_watersort/native/42/42ed2f35-5262-439f-9dbe-e822b09aaaee.d2272.png,hek,1925,1917
assets/gl_watersort/native/4a/4a3d0943-fc73-474b-9855-05b918ec3333.326aa.png,hek,526,518
assets/gl_watersort/native/4d/4dedf33c-0221-4e6b-9a08-c919693f85a3.37a33.png,hek,15063,15055
assets/gl_watersort/native/50/50aa7279-843d-4a35-a0b4-61251c60c697.154e7.ogg,明文,4599,4599
assets/gl_watersort/native/52/520217b1-614b-453c-9848-78c28882532d.4d0e6.png,hek,3944,3936
assets/gl_watersort/native/52/5296ce1e-4974-4f33-b3cc-74e6a513fa95.8c911/Roboto-Bold.ttf,明文,146768,146768
assets/gl_watersort/native/58/584a0924-b393-4614-bc0f-3ec9b215b10e.c79fc.bin,hek,637,1620
assets/gl_watersort/native/59/593b3433-8c3f-4eac-b616-ded68019330e.a7ef7.ogg,明文,12607,12607
assets/gl_watersort/native/5b/5bc7ce8e-0b68-4fff-b828-a755df8247b7.3d281.png,hek,1538,1530
assets/gl_watersort/native/5d/5d730c4e-7a7a-4c58-87b4-6c4cdb29b5c4.81a81.atlas,hek,696,2595
assets/gl_watersort/native/68/685dc30f-7920-484e-9b90-33434fb8b7b6.06f45.png,hek,329,321
assets/gl_watersort/native/6f/6f026bd2-1eae-4a5b-b318-b08231fc6b49.62d5e.png,hek,1343,1335
assets/gl_watersort/native/73/73629aed-0bc3-450f-a312-d1ff6e7927d7.d89c7.bin,hek,77978,168204
assets/gl_watersort/native/76/764183d8-acc4-4c12-8be0-e10025f60f21.d4449.atlas,hek,276,268
assets/gl_watersort/native/76/7649d938-8336-465a-90b4-349350421700.8c911/Roboto-Bold.ttf,明文,146768,146768
assets/gl_watersort/native/78/78395ec2-d902-4cbb-be00-798c0240cea8.0bc02.png,hek,601,593
assets/gl_watersort/native/7b/7b33c675-2df1-46b0-b2cb-45efda1738c9.feb69.png,hek,2468,2460
assets/gl_watersort/native/7b/7b4684ad-5a09-4878-8888-2ec3b43ff3e3.fbefb.png,hek,296,288
assets/gl_watersort/native/86/86b1aa5a-dff1-4753-a61e-5864ab474804.1b0ad.png,hek,1751,1743
assets/gl_watersort/native/95/9547d317-65c2-416d-94ef-b01e31098194.627d2.ogg,明文,5854,5854
assets/gl_watersort/native/95/95e40330-4255-48a5-b5d1-7e3d6eb58e79.d1fea.png,hek,461,453
assets/gl_watersort/native/96/9609fcc8-e4ec-40c7-8ace-6891e81c1445.f1527.png,hek,803,795
assets/gl_watersort/native/96/9694eae3-1d0f-4a03-af04-bab67f78c08c.abda5.atlas,hek,296,288
assets/gl_watersort/native/99/99603fbf-74ad-4c59-9b4d-84ccc93b5dd9.a9103.png,hek,48811,48803
assets/gl_watersort/native/9c/9c7fe9c7-8bc1-40d9-a883-87ff98a7e540.73dfd.png,hek,943,935
assets/gl_watersort/native/9e/9e4e0188-5300-4102-be7e-484eb551ddd7.0824c.ogg,明文,4527,4527
assets/gl_watersort/native/a6/a64dd77a-e493-45e3-bc57-e9f92af7fe0c.e19c9.ogg,明文,10209,10209
assets/gl_watersort/native/a7/a7e3eaf1-0df3-4d9f-b88d-e16a5eb52a3d.d4a5b.png,hek,911,903
assets/gl_watersort/native/a8/a8a690b3-3768-4c4e-bdb7-3085ebceea5d.b68fa.ogg,明文,16914,16914
assets/gl_watersort/native/ad/ad04f044-994a-4418-8726-bd35896e75bd.be193.png,hek,462,454
assets/gl_watersort/native/c1/c1a00e20-d4f0-49c0-ab11-43ec1a1b510d.44076.png,hek,1977,1969
assets/gl_watersort/native/c7/c74b4db9-802b-4ef2-aef6-8c036b7600dd.476a6.png,hek,2362,2354
assets/gl_watersort/native/c7/c75d3b0f-38f3-45cd-9b80-1a9bc87d0d91.53c65.ogg,明文,11832,11832
assets/gl_watersort/native/ca/ca5e9f45-3959-465c-acba-c53fa6d7ea50.14355.png,hek,8057,8049
assets/gl_watersort/native/cd/cda25433-9cc1-491f-a9ff-35394f3a0b88.a3c2d.ogg,明文,4575,4575
assets/gl_watersort/native/cf/cf9e0b04-9555-478a-8055-ea480a9b4492.4c873.png,hek,154607,154599
assets/gl_watersort/native/d0/d01300d8-4aef-499b-99ed-babc4a9ce50b.2a892.png,hek,599,591
assets/gl_watersort/native/d1/d1311735-16c7-48a3-ab4b-44c50c4c2437.3d210.png,hek,2679,2671
assets/gl_watersort/native/d3/d301ce15-45fb-4e77-8f48-89108bc9f608.36e41.png,hek,138979,138971
assets/gl_watersort/native/d6/d6d5b416-a514-49fe-9278-52d8a07f6393.0ea6d.png,hek,1634,1626
assets/gl_watersort/native/dd/dd6eb1de-f556-4405-8e8d-17f482a68be2.09101.png,hek,360,352
assets/gl_watersort/native/dd/ddf4399f-43fc-4c2a-931e-1312550f8e7c.b3a6d.atlas,hek,858,3354
assets/gl_watersort/native/e2/e22c93b1-a599-4d63-bc4a-b533d7a87022.a855d.png,hek,899,891
assets/gl_watersort/native/e3/e3a6b784-d8bc-44ca-883b-4ad121a9be87.8f3b3.png,hek,2213,2205
assets/gl_watersort/native/e9/e94f83c3-6473-4383-825b-b9d50d75eb81.96d4c.png,hek,559,551
assets/gl_watersort/native/ea/eaf34af3-7efe-4e46-bc5c-699fed14e6db.55812.png,hek,24157,24149
assets/gl_watersort/native/f5/f5ca588f-b4a3-4c85-bad7-c531be29408c.cfc6c.atlas,hek,649,3179
assets/gl_watersort/native/f8/f8d32759-726c-48ec-ba56-284d40d03f69.ce9db.png,hek,843,835
assets/gl_watersort/native/f9/f9f07151-1801-4bbf-84bd-ae3b250b63b9.f1079.png,hek,1066,1058
assets/hsgame/config.f2d85.json,hek,231,223
assets/hsgame/index.f2d85.jsc,jsc,73716,355568
assets/internal/config.b0658.json,hek,762,1433
assets/internal/import/09/0967b326a.1f618.json,hek,5890,57712
assets/internal/index.b0658.js,hek,612,598
assets/internal/native/02/0275e94c-56a7-410f-bd1a-fc7483f7d14a.cea68.png,hek,112,104
assets/jewel/config.be434.json,hek,2171,4214
assets/jewel/import/0e/0e2d11cb-30ce-4ecd-9777-31c32aaceac1.e7ddf.json,hek,1176,2536
assets/jewel/import/12/126661987.91de0.json,hek,86,78
assets/jewel/import/13/134a4f056.91de0.json,hek,86,78
assets/jewel/import/1a/1acc435f-e137-4e31-a213-f618e8d0db49.68c19.json,hek,186,178
assets/jewel/import/1f/1f7e3d90-ceb9-4a0f-91ca-a9c5e00dfd42.b34b5.json,hek,197,189
assets/jewel/import/22/226a4a4c-c3ca-4e7a-8a23-589f4c4af56f.7871f.json,hek,86,78
assets/jewel/import/2d/2d12b945-bc45-4869-8baa-973b595f95ee.e6be0.json,hek,522,514
assets/jewel/import/2d/2d57fe95-7e6b-41e3-9c78-7069b31cb1c9.d8120.json,hek,131,123
assets/jewel/import/30/300b9082-67bd-4227-9f99-ee41bd8fcd06.24a0e.json,hek,197,189
assets/jewel/import/37/37487a3f-ef76-4d38-b5bf-9501005cb35f.696c9.json,hek,203,195
assets/jewel/import/39/3951969d-e50f-4bda-974a-ac429c6cbd1c.9abb0.json,hek,131,123
assets/jewel/import/40/40276778-dada-46d3-9006-23734f441fa5.70dea.json,hek,207,199
assets/jewel/import/42/42b256f2-bd01-42c6-b939-fe6706362585.07037.json,hek,131,123
assets/jewel/import/47/4736a62d-cd2a-4ef6-82cc-797d5709fd5f.5d763.json,hek,196,188
assets/jewel/import/47/4766ee8a-6eaf-45c4-8571-49d649fb0079.b4eef.json,hek,205,197
assets/jewel/import/48/483b8a7d-2e13-435c-80f9-dde04d3ab25d.e71b9.json,hek,131,123
assets/jewel/import/4b/4b211ea9-3892-4fdd-ab88-bd250b624fed.ec783.json,hek,549,541
assets/jewel/import/53/530b5b02-995b-46e8-a589-ed4c60fac18c.9587a.json,hek,192,184
assets/jewel/import/59/59cae9bc-7947-475c-a25d-fca0e3bba093.98c68.json,hek,323,315
assets/jewel/import/67/67e2ac5a-8a05-485d-bc78-4baf5c248774.7871f.json,hek,86,78
assets/jewel/import/88/88b87fa7-ce53-4ec3-b6e7-a7c3ef5bbe03.7871f.json,hek,86,78
assets/jewel/import/99/99e1cf3e-8906-4d0e-85dd-f817b56a3e23.fe941.json,hek,726,718
assets/jewel/import/9e/9e7fc4fa-ee09-4444-b7bb-83a9e852769e.7871f.json,hek,86,78
assets/jewel/import/a2/a23b03bb-7626-4377-a75e-ad7235cef84d.15820.json,hek,1313,2887
assets/jewel/import/ad/ad097b7c-9c43-4b58-80fd-8024788be5ef.7871f.json,hek,86,78
assets/jewel/import/ae/ae2fb609-2756-4a64-8b56-a50646a530ed.8374a.json,hek,194,186
assets/jewel/import/ae/ae77769e-9656-4954-97bc-2d144ee718da.eba7d.json,hek,186,178
assets/jewel/import/af/af1b4d07-70a4-40c6-a738-5c2ce85dba3e.7871f.json,hek,86,78
assets/jewel/import/b5/b5e84376-6d1d-4c95-a7a1-c38b443181f4.33a06.json,hek,340,332
assets/jewel/import/bc/bc9824f6-9127-4297-9b7a-eddc71b663ba.68982.json,hek,131,123
assets/jewel/import/bc/bca962c5-37a4-4c05-abe7-b679cea959a6.f1f86.json,hek,124,116
assets/jewel/import/bf/bf87d5bf-a44c-451d-88a5-a43c4c20774e.7871f.json,hek,86,78
assets/jewel/import/bf/bfbae6bb-5e9f-4c86-91f0-6e1ba617828e.55c49.json,hek,196,188
assets/jewel/import/c6/c6be5fed-a546-4217-bdf7-77ea31f2e7ec.90a60.json,hek,734,726
assets/jewel/import/c7/c7c5d83b-63f1-4746-9bb2-77a8ef21fe56.f9cf9.json,hek,131,123
assets/jewel/import/c7/c7e1f710-a758-4c13-81f3-cad5cafe5420.450a2.json,hek,1326,2954
assets/jewel/import/c7/c7f866e4-3d51-445f-950f-2cc7714bacd1.46aa7.json,hek,203,195
assets/jewel/import/c9/c96f3521-c572-40a9-bec7-82e7ac295a29.54983.json,hek,196,188
assets/jewel/import/d6/d67258b3-792d-4bd5-8038-88a1048c89a4.8a91c.json,hek,203,195
assets/jewel/import/e4/e453487a-581f-4aeb-b482-338b365422bb.671d0.json,hek,207,199
assets/jewel/import/e9/e945d39d-2b2a-4770-b4bb-5fee13d71f16.0a0b4.json,hek,651,1284
assets/jewel/import/f2/f2497864-6867-4559-91a3-cfcb993639d9.2998e.json,hek,198,190
assets/jewel/import/f5/f592b172-55a1-463d-a2bb-618213ffcdaa.dbcf9.json,hek,186,178
assets/jewel/import/f5/f5ba0ca8-c5ca-473e-915e-62a5a2d44072.c4861.json,hek,198,190
assets/jewel/import/fc/fc464055-52a0-4479-a0b5-86134d074a1f.119ef.json,hek,189,181
assets/jewel/import/fc/fc9bbeba-297c-47e1-b909-2c411637ca2d.768c5.json,hek,195,187
assets/jewel/import/fd/fd37a03d-791b-4996-9fd2-ba98e9919abf.78a87.json,hek,207,199
assets/jewel/index.be434.js,hek,26800,259962
assets/jewel/native/12/126661987.ce01d.png,hek,26367,26359
assets/jewel/native/13/134a4f056.6b3e7.png,hek,14697,14689
assets/jewel/native/22/226a4a4c-c3ca-4e7a-8a23-589f4c4af56f.eacc5.png,hek,3043,3035
assets/jewel/native/2d/2d57fe95-7e6b-41e3-9c78-7069b31cb1c9.9dffc.ogg,明文,16052,16052
assets/jewel/native/39/3951969d-e50f-4bda-974a-ac429c6cbd1c.e364c.ogg,明文,14283,14283
assets/jewel/native/42/42b256f2-bd01-42c6-b939-fe6706362585.87752.ogg,明文,14069,14069
assets/jewel/native/48/483b8a7d-2e13-435c-80f9-dde04d3ab25d.50f44.ogg,明文,16475,16475
assets/jewel/native/67/67e2ac5a-8a05-485d-bc78-4baf5c248774.637c2.png,hek,4190,4182
assets/jewel/native/88/88b87fa7-ce53-4ec3-b6e7-a7c3ef5bbe03.de1ba.png,hek,2014,2006
assets/jewel/native/9e/9e7fc4fa-ee09-4444-b7bb-83a9e852769e.859d9.png,hek,3124,5841
assets/jewel/native/ad/ad097b7c-9c43-4b58-80fd-8024788be5ef.55643.png,hek,3976,3968
assets/jewel/native/af/af1b4d07-70a4-40c6-a738-5c2ce85dba3e.78e50.png,hek,2712,2704
assets/jewel/native/bc/bc9824f6-9127-4297-9b7a-eddc71b663ba.befd0.ogg,明文,15736,15736
assets/jewel/native/bc/bca962c5-37a4-4c05-abe7-b679cea959a6.9365f.ogg,明文,309430,309430
assets/jewel/native/bf/bf87d5bf-a44c-451d-88a5-a43c4c20774e.2c9b5.png,hek,4853,4845
assets/jewel/native/c7/c7c5d83b-63f1-4746-9bb2-77a8ef21fe56.3a11a.ogg,明文,14095,14095
assets/main/config.b2f56.json,hek,432,424
assets/main/import/2d/2d2f792f-a40c-49bb-a189-ed176a246e49.de7a1.json,hek,797,1602
assets/main/index.b2f56.js,hek,1783516,14538876
assets/mainTraits/config.8888e.json,hek,3601,9398
assets/mainTraits/import/00/002e3465-8021-4967-a4f4-0512648f0903.ff9db.json,hek,546,538
assets/mainTraits/import/03/03720f24-3420-42a5-9074-365754692e86.d21f2.json,hek,555,2341
assets/mainTraits/import/05/0530ee65-8a9c-4b64-a9b2-84c75dff247b.7871f.json,hek,86,78
assets/mainTraits/import/08/08202238-f9fc-425c-9ff0-a08a9f3ad083.6c66c.json,hek,3729,49269
assets/mainTraits/import/0b/0b2b07a7-d990-404f-8a90-7d7ce078e06a.7871f.json,hek,86,78
assets/mainTraits/import/0b/0b343923-5369-4370-94a2-d9c22ed8d0d3.e68d5.json,hek,219,211
assets/mainTraits/import/0c/0c169b3a-a8dc-4601-b104-7d1cb340d010.7871f.json,hek,86,78
assets/mainTraits/import/10/105c9e20-f163-47d3-bee3-1ac67014463f.85501.json,hek,984,976
assets/mainTraits/import/10/10c5615f-8f74-4001-a3fd-70ab2305daa2.7871f.json,hek,86,78
assets/mainTraits/import/1d/1d7e3d81-4014-4fbb-a582-6c62d25bef9d.cd248.json,hek,531,2208
assets/mainTraits/import/1e/1e2c703e-40f6-4377-bb26-4cc4f7bf360c.f2ef0.json,hek,134,126
assets/mainTraits/import/23/23377483-43e1-4fa8-8639-6193aa339494.6294d.json,hek,212,204
assets/mainTraits/import/2a/2a78df26-c221-4ac9-8bf7-fc8a3220e5b3.b5e42.json,hek,821,5343
assets/mainTraits/import/31/3122bfc8-18a3-4516-956b-be8374d3e6eb.31b47.json,hek,539,1761
assets/mainTraits/import/33/338ea488-c56e-42b1-bc1f-a19ed609586d.d907a.json,hek,1714,3947
assets/mainTraits/import/34/342252c5-2cd7-4067-b67e-45203df13a0c.3c20a.json,hek,613,1094
assets/mainTraits/import/34/3469a913-8ce6-4a60-9ef5-e924e2a8bd13.68603.json,hek,888,3114
assets/mainTraits/import/34/34978758-52b7-4bad-8811-672d20cfee8b.7871f.json,hek,86,78
assets/mainTraits/import/3c/3c700f83-a985-4b76-92e8-e69db577f323.0b17e.json,hek,211,203
assets/mainTraits/import/3e/3e54d4a2-5442-43ff-ad60-18d4273c7d0b.5ddd2.json,hek,223,215
assets/mainTraits/import/40/40f8ef60-a8a5-4ae0-af22-9abdd24f8bb1.6c67a.json,hek,959,951
assets/mainTraits/import/42/42ee266b-4999-4d3c-a862-d51115593510.33d5a.json,hek,134,126
assets/mainTraits/import/43/4351d6f1-c09b-4446-a9f1-d27fe9bc3c84.b8080.json,hek,134,126
assets/mainTraits/import/47/471d9b3d-8176-4573-8bd3-98cf3606f4fc.d2458.json,hek,226,218
assets/mainTraits/import/47/475efdbf-b6a1-4bc0-b1b0-777186d83c7f.eb429.json,hek,581,573
assets/mainTraits/import/51/5189ed81-012a-48dc-a6f7-15e17ab91f30.5cc2d.json,hek,278,270
assets/mainTraits/import/51/51dde98e-57dd-40fe-88d2-5196a6eeaae7.d2230.json,hek,205,197
assets/mainTraits/import/52/528fe089-d522-4609-ba91-2ef57ea09772.c8b91.json,hek,879,871
assets/mainTraits/import/53/536d8f96-dae5-489b-8883-eae81c00688c.7871f.json,hek,86,78
assets/mainTraits/import/56/56bb5305-46d0-4b14-9cb1-9b6e36d5f8be.865bd.json,hek,224,216
assets/mainTraits/import/58/58e179a8-6bb3-49b8-921b-5bff66b049e8.b0243.json,hek,586,1061
assets/mainTraits/import/65/65502a0e-f053-433a-9b75-0002ca99bad1.e60ca.json,hek,223,215
assets/mainTraits/import/65/65ad30a8-4043-406c-8199-1d2ef2a5f87d.03a6e.json,hek,228,220
assets/mainTraits/import/6a/6a50a735-afb0-4f85-904d-c4da3fa2c80b.a9fe7.json,hek,225,217
assets/mainTraits/import/6b/6bde7780-06f9-4e01-9375-ed87be629abf.04d67.json,hek,220,212
assets/mainTraits/import/6d/6dc1c669-f964-46b0-80d9-8fe07105273d.7871f.json,hek,86,78
assets/mainTraits/import/72/72365e27-1119-475a-a160-3ba7d647124b.d4c24.json,hek,657,3661
assets/mainTraits/import/73/735015d5-bcfa-48d4-8222-0d2323434eca.7871f.json,hek,86,78
assets/mainTraits/import/73/73dfc596-cb92-42b7-81fa-5dc7346e62fa.48651.json,hek,6726,143891
assets/mainTraits/import/77/77841229-8a5b-4d86-bd28-6b432751de0f.83be0.json,hek,578,2304
assets/mainTraits/import/7c/7caa3645-0f97-4a10-b89a-61dbcb38e2d6.95781.json,hek,799,1436
assets/mainTraits/import/7c/7cf6480d-3ff3-4612-ba33-5806f8c0a196.7871f.json,hek,86,78
assets/mainTraits/import/7e/7e41d195-c848-4104-b1c9-267c9f60ddd4.4778a.json,hek,577,569
assets/mainTraits/import/7f/7fc17834-69e7-4dcb-a755-1535dd89c907.7871f.json,hek,86,78
assets/mainTraits/import/80/8070832d-7c51-4763-a647-d78f4c52a139.6d720.json,hek,211,203
assets/mainTraits/import/89/898fecc4-a8b3-4bec-849a-78c764f0a25a.7871f.json,hek,86,78
assets/mainTraits/import/8d/8d37b4eb-73ac-4794-982f-e209abf2f2e3.c937f.json,hek,657,1217
assets/mainTraits/import/94/9470dced-36ba-48bb-8575-c1261ba55733.a05df.json,hek,135,127
assets/mainTraits/import/97/9778d9eb-26db-4dbd-839b-2f68a138208d.14106.json,hek,214,206
assets/mainTraits/import/9a/9a260174-f49c-44b1-b929-080245d87350.ab5cd.json,hek,16731,509732
assets/mainTraits/import/9d/9d5aef19-99fa-4359-9d78-53233e9024df.d084d.json,hek,14700,446288
assets/mainTraits/import/a1/a147589f-0708-4c7a-a284-0f3e3827e1ad.7871f.json,hek,86,78
assets/mainTraits/import/a4/a4b14c13-7673-41a9-b9bf-b02fd54c9837.171ce.json,hek,220,212
assets/mainTraits/import/a6/a6a872e3-f5b6-426d-ba9f-331d7101a413.ff0e4.json,hek,2702,37218
assets/mainTraits/import/a9/a9c13b70-130c-4301-a160-17c828fe7688.27abd.json,hek,212,204
assets/mainTraits/import/b0/b0450424-57fc-494b-8a88-dc8783a80e18.f3ae0.json,hek,276,268
assets/mainTraits/import/b0/b06c4e19-79b5-40c2-82b0-6d803033bc90.12980.json,hek,618,1100
assets/mainTraits/import/b3/b3210143-80e9-4828-817c-c677534e2f7c.2e1b9.json,hek,378,1276
assets/mainTraits/import/b6/b62ba39a-9785-497b-bd84-266140bc9a1c.7871f.json,hek,86,78
assets/mainTraits/import/b7/b74af3fd-909d-4d56-b4f6-fe6607dce8cb.9e2c4.json,hek,207,199
assets/mainTraits/import/b9/b9eae90d-66a4-4e7d-9efc-c9c8b05c6699.cfa2f.json,hek,8340,120562
assets/mainTraits/import/bd/bd4f2ab9-f858-4b9c-87bb-bf2a1a1a7f70.4bc4a.json,hek,672,664
assets/mainTraits/import/c7/c7196741-9b5f-49f5-9375-e933e795b1b5.5660d.json,hek,477,469
assets/mainTraits/import/c8/c8cd30b2-f1e6-4d40-ae31-956185688b17.39922.json,hek,205,197
assets/mainTraits/import/c9/c938911e-d5cd-4351-9ef5-c3b431aa001a.bb5d7.json,hek,3744,42634
assets/mainTraits/import/c9/c9e81e9e-7167-4ecb-9e44-b0cf8764e6f5.3fcaa.json,hek,739,1232
assets/mainTraits/import/ca/caf42002-e7a7-4c46-84a3-d6d95730c8a6.7871f.json,hek,86,78
assets/mainTraits/import/cb/cb3ddf5f-cbf3-4b13-a2f2-c6679f00c12e.1082c.json,hek,760,1580
assets/mainTraits/import/ce/cec09c5a-c62c-41e2-b446-463e46dee1d2.506f4.json,hek,348,1202
assets/mainTraits/import/d3/d35e0933-ed5b-4d2c-99aa-29c480f7a3c4.83993.json,hek,2805,24485
assets/mainTraits/import/d5/d5c3b9a7-c144-4809-808a-c65d5e58f5b2.73f6e.json,hek,325,317
assets/mainTraits/import/d8/d8558820-1c3c-45e6-8ac4-679ca4209477.8cbda.json,hek,6773,276630
assets/mainTraits/import/da/dacdb4a2-9125-4356-9244-a5e146665356.7871f.json,hek,86,78
assets/mainTraits/import/dc/dcb41752-ad70-444f-b42b-1bcf2b31776b.d1f81.json,hek,278,270
assets/mainTraits/import/df/df35b8d2-8f00-4128-a7c8-365f6b2cf297.51df7.json,hek,278,270
assets/mainTraits/import/e0/e03ebeda-3f0f-4cdb-8adc-d8cde677d83b.ae3c6.json,hek,454,1665
assets/mainTraits/import/e1/e150fecd-a324-457b-a073-65af0e589b07.7871f.json,hek,86,78
assets/mainTraits/import/e2/e237472b-3785-46f8-a535-01b83baeedbf.7871f.json,hek,86,78
assets/mainTraits/import/e3/e35d201c-acd7-46e1-ac73-4e9e480dbe4f.7871f.json,hek,86,78
assets/mainTraits/import/e7/e73194df-8979-4aef-ab0d-eb98fa458ec2.7871f.json,hek,86,78
assets/mainTraits/import/e8/e88e811b-8a36-40fe-9afd-880e99f114b1.1d642.json,hek,226,218
assets/mainTraits/import/f0/f0915b6e-9592-4bb9-ace6-84734dafc0b7.b2801.json,hek,597,589
assets/mainTraits/import/fb/fb6c82d0-7880-4efa-97b2-1e584fb569da.2ea8f.json,hek,1020,1012
assets/mainTraits/import/ff/ff4bd76a-9bde-49a8-b3d1-07a350eeef76.80509.json,hek,209,201
assets/mainTraits/index.8888e.js,hek,213364,2190008
assets/mainTraits/native/05/0530ee65-8a9c-4b64-a9b2-84c75dff247b.f64ad.png,hek,55058,55050
assets/mainTraits/native/0b/0b2b07a7-d990-404f-8a90-7d7ce078e06a.7544b.png,hek,12514,12506
assets/mainTraits/native/0c/0c169b3a-a8dc-4601-b104-7d1cb340d010.89a1d.png,hek,64342,64334
assets/mainTraits/native/10/10c5615f-8f74-4001-a3fd-70ab2305daa2.1492e.png,hek,10623,10615
assets/mainTraits/native/1e/1e2c703e-40f6-4377-bb26-4cc4f7bf360c.d1219.ogg,明文,24160,24160
assets/mainTraits/native/34/34978758-52b7-4bad-8811-672d20cfee8b.b4cd0.png,hek,37669,37661
assets/mainTraits/native/42/42ee266b-4999-4d3c-a862-d51115593510.025c9.ogg,明文,23419,23419
assets/mainTraits/native/43/4351d6f1-c09b-4446-a9f1-d27fe9bc3c84.19735.ogg,明文,26491,26491
assets/mainTraits/native/53/536d8f96-dae5-489b-8883-eae81c00688c.709d1.png,hek,2702,2694
assets/mainTraits/native/6d/6dc1c669-f964-46b0-80d9-8fe07105273d.e377d.png,hek,9591,9583
assets/mainTraits/native/73/735015d5-bcfa-48d4-8222-0d2323434eca.fef0f.png,hek,16008,16000
assets/mainTraits/native/7c/7cf6480d-3ff3-4612-ba33-5806f8c0a196.c5984.png,hek,25743,25735
assets/mainTraits/native/7f/7fc17834-69e7-4dcb-a755-1535dd89c907.ed6e5.png,hek,11042,11034
assets/mainTraits/native/89/898fecc4-a8b3-4bec-849a-78c764f0a25a.6b6e7.png,hek,1943,1935
assets/mainTraits/native/94/9470dced-36ba-48bb-8575-c1261ba55733.f4f16.ogg,明文,49005,49005
assets/mainTraits/native/a1/a147589f-0708-4c7a-a284-0f3e3827e1ad.db794.png,hek,37632,37624
assets/mainTraits/native/b6/b62ba39a-9785-497b-bd84-266140bc9a1c.bd972.png,hek,56126,56118
assets/mainTraits/native/ca/caf42002-e7a7-4c46-84a3-d6d95730c8a6.41f13.png,hek,1900,1892
assets/mainTraits/native/da/dacdb4a2-9125-4356-9244-a5e146665356.55663.png,hek,54072,54064
assets/mainTraits/native/e1/e150fecd-a324-457b-a073-65af0e589b07.eb5ff.png,hek,3089,3081
assets/mainTraits/native/e2/e237472b-3785-46f8-a535-01b83baeedbf.fb667.png,hek,10919,10911
assets/mainTraits/native/e3/e35d201c-acd7-46e1-ac73-4e9e480dbe4f.a8207.png,hek,121399,121391
assets/mainTraits/native/e7/e73194df-8979-4aef-ab0d-eb98fa458ec2.f32ea.png,hek,1925,1917
assets/mergeBlocks/config.424ea.json,hek,1545,2424
assets/mergeBlocks/import/02/02ccae31-21eb-459c-946e-dd8f04df802d.350ff.json,hek,792,1528
assets/mergeBlocks/import/03/037b5e3c-44b5-4d94-8536-e419698fc151.3e462.json,hek,1716,3875
assets/mergeBlocks/import/15/152a7ef1-8ee9-407c-b49a-16a97e744a74.673cd.json,hek,595,1057
assets/mergeBlocks/import/15/153a00c60.91de0.json,hek,86,78
assets/mergeBlocks/import/20/20332b3d-e6a5-43e7-a4c2-a8ed72e9896c.a1f6d.json,hek,215,207
assets/mergeBlocks/import/22/225dfeab-58d7-448f-8b87-f008ee0a1dde.0c022.json,hek,207,199
assets/mergeBlocks/import/22/226a4a4c-c3ca-4e7a-8a23-589f4c4af56f.7871f.json,hek,86,78
assets/mergeBlocks/import/2a/2a178683-8ee2-486c-9734-7c48e76c52e7.3c070.json,hek,466,458
assets/mergeBlocks/import/43/43133ad9-87eb-437a-86a4-355b2f227ca5.32f13.json,hek,1762,3779
assets/mergeBlocks/import/46/467269ce-7fd2-476f-8548-7843d29608aa.2c638.json,hek,204,196
assets/mergeBlocks/import/56/566ef15d-5410-488e-8f14-414db32a1e03.82a75.json,hek,1662,3557
assets/mergeBlocks/import/5a/5a77788a-1b02-4fbe-a99e-687c2e4d1174.6cbbb.json,hek,1061,2334
assets/mergeBlocks/import/6d/6dea8e59-8896-43e8-8be6-1697964d8fdc.7ce0a.json,hek,666,3315
assets/mergeBlocks/import/6e/6e2df0db-1a7e-41ed-b82f-24cbe3564469.7871f.json,hek,86,78
assets/mergeBlocks/import/6f/6f93a416-ae70-4e2c-803a-f3c696022958.dd3a4.json,hek,329,321
assets/mergeBlocks/import/7d/7dc4e4df-2d0f-46f6-b3c7-2320b1a120cd.5b28e.json,hek,261,253
assets/mergeBlocks/import/86/862b12f0-01a0-45b6-9d61-4810e6d78f75.7871f.json,hek,86,78
assets/mergeBlocks/import/95/95997dfb-e182-4207-8941-36bc29b66eb7.a0131.json,hek,734,1361
assets/mergeBlocks/import/97/97db5e46-0e53-4a62-b1e6-f9afa788c967.7871f.json,hek,86,78
assets/mergeBlocks/import/a1/a1bbe6a1-52bb-4979-8e4d-5629fd8bdf86.7871f.json,hek,86,78
assets/mergeBlocks/import/a6/a6b35d93-66da-43f0-b87a-b5725c3e5e22.6483b.json,hek,1316,2933
assets/mergeBlocks/import/b0/b0be87c7-2abe-479a-91a4-79ab84ee482e.fe8e0.json,hek,210,202
assets/mergeBlocks/import/c1/c1d5434a-eabf-4da8-b7f4-fa6d7958bb8c.320ab.json,hek,259,251
assets/mergeBlocks/import/c9/c92f3022-086e-4fa4-8cf9-499286683943.5ba49.json,hek,676,2989
assets/mergeBlocks/import/d4/d45e7dd0-f1ba-41e9-b9cb-23e225c8f720.7871f.json,hek,86,78
assets/mergeBlocks/import/e4/e453487a-581f-4aeb-b482-338b365422bb.671d0.json,hek,207,199
assets/mergeBlocks/import/ec/ec4cc42f-03c7-4ae5-a1a1-dfc4f6664ce7.c0139.json,hek,195,187
assets/mergeBlocks/import/ee/ee7c7704-aa7c-4fe6-9e7b-516326b535a7.40ec8.json,hek,91,83
assets/mergeBlocks/import/fb/fb97f315-3832-41f6-9b7f-f7938ec69a5c.65fc5.json,hek,335,327
assets/mergeBlocks/import/ff/ff385114-fbf1-4381-9bea-c4cbafc053b0.b7b81.json,hek,184,176
assets/mergeBlocks/index.424ea.js,hek,121164,1738621
assets/mergeBlocks/native/15/153a00c60.237bd.png,hek,13959,13951
assets/mergeBlocks/native/22/226a4a4c-c3ca-4e7a-8a23-589f4c4af56f.eacc5.png,hek,3043,3035
assets/mergeBlocks/native/6e/6e2df0db-1a7e-41ed-b82f-24cbe3564469.a4941.png,hek,8817,8809
assets/mergeBlocks/native/86/862b12f0-01a0-45b6-9d61-4810e6d78f75.74ad7.png,hek,1593,1585
assets/mergeBlocks/native/97/97db5e46-0e53-4a62-b1e6-f9afa788c967.bc456.png,hek,18509,18501
assets/mergeBlocks/native/a1/a1bbe6a1-52bb-4979-8e4d-5629fd8bdf86.8774d.png,hek,4078,4070
assets/mergeBlocks/native/d4/d45e7dd0-f1ba-41e9-b9cb-23e225c8f720.6a373.png,hek,9607,9599
assets/mergeBlocks/native/ee/ee7c7704-aa7c-4fe6-9e7b-516326b535a7.00103.pkm,hek,664,656
assets/project.manifest,hek,361837,1082543
assets/resources/config.acbfe.json,hek,49096,124720
assets/resources/import/00/0000d22a-9524-4e3c-b836-e464f728ca4d.7871f.json,hek,86,78
assets/resources/import/00/002f8372-db4a-4a67-a5e7-43d430b4f4d6.7871f.json,hek,86,78
assets/resources/import/00/00726bf3-2824-4595-ad4e-cc28c8c21a05.2a826.json,hek,209,201
assets/resources/import/00/00cf52b3-eca3-4352-ab71-a280c12085bb.7871f.json,hek,86,78
assets/resources/import/00/00f40321-9bd8-4538-a40a-2f60d5b818ab.6cdc3.json,hek,1699,3666
assets/resources/import/01/013f1932-3451-4a7f-a53e-2ce007fde2ec.cc539.json,hek,825,817
assets/resources/import/01/0148bb24-c900-4451-82da-810ee055bf89.2cc8c.json,hek,222,214
assets/resources/import/01/017891d0-e1c7-46af-b83a-fcbe2da9a88f.7871f.json,hek,86,78
assets/resources/import/01/017d38d5-fb9f-4d5b-8856-294101d84712.9a600.json,hek,215,207
assets/resources/import/01/01cac2fa-7af8-4bba-a59f-a1c8bf710eba.7871f.json,hek,86,78
assets/resources/import/01/01eaed72-69f2-420a-bbb8-7ca8e3dcaebb.7871f.json,hek,86,78
assets/resources/import/02/0263f45f-1a25-46ec-940e-19b44094be36.832fd.json,hek,209,201
assets/resources/import/02/02b8f457-f71a-4ef1-9989-936c4d4d2263.7871f.json,hek,86,78
assets/resources/import/02/02c616ec-b5ef-4a4b-ab9f-6a8e0d1378bc.789ad.json,hek,5051,45587
assets/resources/import/03/03171e95-bd1a-4d04-b229-b05958bc8405.7eb10.json,hek,753,6312
assets/resources/import/03/0338da9a-b092-45ae-8e9c-afbdc001bbf7.aa886.json,hek,131,123
assets/resources/import/03/0339696f-ae72-42b8-a0a3-ecf039d0b361.890d2.json,hek,2954,37376
assets/resources/import/03/0357034b-a84c-46e8-bd49-0eb91cdcbe33.7871f.json,hek,86,78
assets/resources/import/03/0375685f-99fa-46e9-8d0b-73c6b2c8e29b.7871f.json,hek,86,78
assets/resources/import/03/03c374bb-b973-40b8-90b5-036d94282108.9b545.json,hek,202,194
assets/resources/import/03/03d5e365-4242-4971-b28d-bc33113d879a.7871f.json,hek,86,78
assets/resources/import/03/03f95fa4-655f-452e-9fd5-b797c634a51d.e75a3.json,hek,215,207
assets/resources/import/04/04154672-b8ab-4c88-a9e4-2cbea2415f46.7871f.json,hek,86,78
assets/resources/import/04/041b204a-893c-4ac8-bab7-f638c5eb26dd.5384c.json,hek,138,130
assets/resources/import/04/042dedee-dbbe-4e1a-8994-de54d56273b6.87d74.json,hek,613,605
assets/resources/import/04/047b4138-6b4c-431c-bdea-e371c39af67e.7871f.json,hek,86,78
assets/resources/import/04/048282ac-1ad9-4983-a8d2-471ae28a6d38.76427.json,hek,944,1828
assets/resources/import/04/048caeaa-7556-41c2-acbf-83b4f1c15445.7871f.json,hek,86,78
assets/resources/import/04/049fca98-2142-44d0-9abf-e7702e965e7a.7871f.json,hek,86,78
assets/resources/import/04/04cecea8-0dea-4dc1-b3ce-c7205172ce14.69472.json,hek,757,749
assets/resources/import/05/051cdaa1-69a2-4689-840f-f11066030273.eebb8.json,hek,3540,32463
assets/resources/import/05/051f180a-321c-4877-b3f6-f5f3254672e5.dec17.json,hek,211,203
assets/resources/import/05/05290716-9d0f-45d0-aafd-b82331e0e13c.f9ae6.json,hek,201,193
assets/resources/import/05/054b9843-a1e3-4922-9785-afc8f0c115dd.ba603.json,hek,206,198
assets/resources/import/05/057c7b86-33a8-48e7-acc6-00919a1f9d5a.f041a.json,hek,207,199
assets/resources/import/05/058f97c7-e69e-4f55-900e-4aefa42f2d85.87361.json,hek,210,202
assets/resources/import/05/05926980-03cc-44d8-a990-f5acb408f4df.f0e41.json,hek,669,5416
assets/resources/import/05/05b8de7a-635c-4c4a-90d4-fbe5eca24f4c.3482d.json,hek,3663,93760
assets/resources/import/05/05eec491-f286-4148-9efa-147f18840b05.8a4d0.json,hek,86,78
assets/resources/import/06/0653ce6f-3dbd-4ee5-8c16-016f3bf0f5b4.faed9.json,hek,198,190
assets/resources/import/06/0666268d-e9ea-4427-9faa-679b7ac7c4c5.738e6.json,hek,3496,32425
assets/resources/import/06/0669cd7c-bb01-4b06-9f72-7bace4cfd023.3e838.json,hek,655,647
assets/resources/import/06/0685e820-0dc1-41a9-ac54-6d778b2b0033.5aca7.json,hek,2163,38051
assets/resources/import/06/0695db5b-1dda-4aec-8728-8dff317828f3.5e1d9.json,hek,459,451
assets/resources/import/06/06afe97b-2399-4027-a0d1-ba0694984d1d.7871f.json,hek,86,78
assets/resources/import/07/07022fb7-d26b-46a0-9be8-a35a714151d4.c90af.json,hek,617,609
assets/resources/import/07/074de4de-1906-4378-ba4e-4569cf7ba093.66a61.json,hek,224,216
assets/resources/import/07/0751ec56-3df8-404d-aea5-e7c676db192b.0a4d4.json,hek,571,563
assets/resources/import/07/075618ff-555c-4788-9074-40a4dbb8b4ea.51121.json,hek,191,183
assets/resources/import/07/0768d93c-e862-45e1-916f-1536e5587a89.4b9b2.json,hek,193,185
assets/resources/import/07/07e51edb-689a-4916-a414-46df35f6fba3.7871f.json,hek,86,78
assets/resources/import/08/08282113-bf3c-40d8-a99b-1c83105c870d.91de0.json,hek,86,78
assets/resources/import/08/0836865b-0a69-490b-9d52-afa52d11bc39.7871f.json,hek,86,78
assets/resources/import/08/0870540c-6c80-4ef1-860c-836b78c55e77.e9357.json,hek,3531,32481
assets/resources/import/08/08ecb6e7-1713-4764-adac-57c5c08deded.ea3a5.json,hek,940,1726
assets/resources/import/08/08ef6c0d-961c-4443-891d-b2dbc3fd82b0.e97b5.json,hek,3519,32556
assets/resources/import/09/091e36f7-6ee5-4a92-884a-c9e1b2648d5e.40ec8.json,hek,91,83
assets/resources/import/09/093fa5bf-6ff5-4b8a-8dd5-a5e0187f25ed.7871f.json,hek,86,78
assets/resources/import/09/0970d9b5-1447-49ce-a729-83a97b2c3477.43a2f.json,hek,1289,2892
assets/resources/import/09/09dd2fca-d7b9-4feb-ba0f-10b6346c939c.7871f.json,hek,86,78
assets/resources/import/09/09eb2d73-1170-4bb9-9bbe-187ce35308d7.352ff.json,hek,886,6660
assets/resources/import/09/09effd3f-fb92-43ac-9f43-d1d2aba8dbed.a42e8.json,hek,199,191
assets/resources/import/09/09fed180-af20-4e8d-9201-c18d7ac040c3.54595.json,hek,202,194
assets/resources/import/0a/0a69a01c-129e-4158-9bc8-debeeb5f6e88.00d6a.json,hek,210,202
assets/resources/import/0a/0a867acd-cbf8-4793-bf16-04ca49c9e967.d2354.json,hek,203,195
assets/resources/import/0a/0a8cfc44-bdc5-46d3-99e6-604cd2ec77e3.7be7c.json,hek,210,202
assets/resources/import/0a/0a8e960c-7e21-46ae-b8c8-7afe97a248ef.25e45.json,hek,128,120
assets/resources/import/0b/0ba0fa9e-1fad-40e4-b7d7-01b2d1073067.15b16.json,hek,127,119
assets/resources/import/0b/0ba404c4-2f81-4d83-a030-da4e29f0b856.cd14c.json,hek,220,212
assets/resources/import/0b/0ba5cd62-5475-476a-adeb-a08cc34b8e65.699b4.json,hek,583,1100
assets/resources/import/0b/0bcad60e-ca76-43a0-82f9-78382e8c16eb.7871f.json,hek,86,78
assets/resources/import/0c/0c008246-bf76-493d-9cd9-13cabcf3ef2a.d1380.json,hek,208,200
assets/resources/import/0c/0c0d8046-cfcf-4978-a2f6-59f9ef21b717.7871f.json,hek,86,78
assets/resources/import/0c/0c34a7df-1c71-4447-a799-7134b5cd089c.56052.json,hek,136,128
assets/resources/import/0c/0c49db52-e10e-4b2c-b480-89adf7181ab0.7871f.json,hek,86,78
assets/resources/import/0d/0d1688cd-4557-470f-99d0-1e0d2c06fe57.7871f.json,hek,86,78
assets/resources/import/0d/0d34a55c-03cc-4b0b-8768-fe9a1d47bf66.7871f.json,hek,86,78
assets/resources/import/0d/0d617f57-b23a-4950-87c8-4b33a05550e9.584ed.json,hek,980,972
assets/resources/import/0d/0d67f4e2-2bd4-413e-9547-6fc3ba8f980b.fad79.json,hek,3493,8547
assets/resources/import/0d/0de2a2f5-1cf3-4e4d-a9b9-7fc4b4ef6d88.47b66.json,hek,209,201
assets/resources/import/0e/0e202061-3309-40c6-a9f2-6f924d2d1d2a.78372.json,hek,704,1236
assets/resources/import/0e/0e48f7b0-5063-49cd-bf88-acd991228163.7871f.json,hek,86,78
assets/resources/import/0e/0e50f30f-e151-4c55-8dab-c60b0df6ea75.7871f.json,hek,86,78
assets/resources/import/0e/0e7006ef-c0f6-41df-b09e-fc67cf9e7166.7871f.json,hek,86,78
assets/resources/import/0e/0e974aa4-ce2a-4178-a04e-22c06b9686ab.7871f.json,hek,86,78
assets/resources/import/0e/0ed7986b-9425-4f46-bc7d-391dccbf6a78.7871f.json,hek,86,78
assets/resources/import/0f/0f2f80d3-035f-43f5-815d-506f5a28f3f9.87930.json,hek,206,198
assets/resources/import/0f/0f446910-ab81-4558-9368-60c257d89cee.8df84.json,hek,1250,2733
assets/resources/import/0f/0f515273-bf2c-4a06-9c42-1ee0d3e90e90.7871f.json,hek,86,78
assets/resources/import/0f/0f68e86a-2a9a-4f27-b6e1-1bf494d32204.40ec8.json,hek,91,83
assets/resources/import/0f/0f8903b4-9fa9-4e19-8202-dfe7db90152a.7871f.json,hek,86,78
assets/resources/import/0f/0fbcf4c7-3a27-42d8-82bb-cd75662ec899.9e20c.json,hek,3533,32551
assets/resources/import/0f/0fe2c30d-924e-45bd-925f-0e4594a098cb.f4183.json,hek,211,203
assets/resources/import/10/105b92ed-8d4b-4991-a83c-19d5d813e184.030aa.json,hek,202,194
assets/resources/import/10/10bc3a5a-ec34-4824-b61b-1933109cc973.7871f.json,hek,86,78
assets/resources/import/10/10db8d06-c683-44c9-9118-316a54b6a8c4.3d26d.json,hek,208,200
assets/resources/import/11/1121ed3b-8b66-4563-9bc4-8d74e05c43be.01ea9.json,hek,202,194
assets/resources/import/11/1186b80a-726d-4934-b325-c5ddfe9175f8.b2735.json,hek,1569,9345
assets/resources/import/11/119d3b95-7fa9-4e3a-95f7-bc02e78ba6b6.bcd47.json,hek,1364,9191
assets/resources/import/11/11a86c39-0720-4f6b-a25f-d3687d9cd3b5.4bad1.json,hek,210,202
assets/resources/import/11/11e82ae6-38a0-4452-9337-ae6968e1e637.7a662.json,hek,206,198
assets/resources/import/12/1278a252-f408-422e-ac91-e06c3275c5a3.5e803.json,hek,210,202
assets/resources/import/13/131bc5b5-c968-4e17-8c12-00c9a1a7832f.ecdbe.json,hek,649,641
assets/resources/import/13/131dc102-7234-4f2d-930d-0468d1b0a4ce.bb555.json,hek,190,182
assets/resources/import/13/13503c76-e03d-4fec-b2bb-2be288f3f8b2.53622.json,hek,698,1958
assets/resources/import/13/13915aad-5a3f-4146-a9e7-f79e768f3348.7871f.json,hek,86,78
assets/resources/import/13/13a64d08-06bb-41b8-a9af-dc6ee1850f2d.c30b2.json,hek,826,4935
assets/resources/import/14/1476b699-78c7-406d-9904-274082152ff2.e7c22.json,hek,848,1767
assets/resources/import/14/14ae58d7-d03e-4834-aa29-dfa7a4cc2b6c.8be23.json,hek,981,2024
assets/resources/import/14/14de8c97-415e-45c3-8a1e-2f05c1acba44.77bfc.json,hek,973,965
assets/resources/import/14/14fc64e0-0ee6-4e1e-8ecf-c2250bd8f876.7871f.json,hek,86,78
assets/resources/import/15/156c75791.91de0.json,hek,86,78
assets/resources/import/15/1583685a-5437-499b-b2b3-b00c0b61e309.e1be0.json,hek,222,214
assets/resources/import/15/15b124f2-cb52-4353-b3f9-0ba8adb5d2ea.2f79c.json,hek,213,205
assets/resources/import/15/15e365b20.91de0.json,hek,86,78
assets/resources/import/16/16026cc9-ed7d-4829-a48e-953ebcbd00b8.bc91f.json,hek,979,2171
assets/resources/import/16/16077b7d-dbf1-4a04-bf56-866f023bf61a.7871f.json,hek,86,78
assets/resources/import/16/164d3636-fc71-4405-9524-c983b9ddb412.40ec8.json,hek,91,83
assets/resources/import/16/1699ea96-54da-420d-ab50-45835f04672f.cf56f.json,hek,209,201
assets/resources/import/16/16b35373-b232-4003-9bf4-31106a40e85f.7871f.json,hek,86,78
assets/resources/import/17/1739fd27-c84e-4d82-8de4-cf720c275ab2.7871f.json,hek,86,78
assets/resources/import/17/17482dc9-e351-4eb2-9798-adc197d154cc.4ebfa.json,hek,965,1971
assets/resources/import/17/178aebb3-d03c-4672-a73d-cfb94deb4b07.36da3.json,hek,4476,37826
assets/resources/import/17/1792d4d0-bef9-4931-81b9-8f1d7e0315cf.7871f.json,hek,86,78
assets/resources/import/18/1871b8da-b3e5-4d98-9d02-a35b23946672.df854.json,hek,784,776
assets/resources/import/18/188cdd5e-6734-4da0-8e19-1d2b36531c41.638c5.json,hek,768,1767
assets/resources/import/18/18a8ffa0-924a-4ede-b104-8765fcce10ad.72bf9.json,hek,212,204
assets/resources/import/19/1945f708-a278-40c8-a0be-296a72e6b166.4e94d.json,hek,929,5641
assets/resources/import/19/195a245b-a9e7-42df-8601-9292b2feaf25.95409.json,hek,195,187
assets/resources/import/19/1967eea8-597c-40a2-b14a-71df1c612d2d.2001f.json,hek,205,197
assets/resources/import/19/19b5fe33-af3e-44ae-9c33-6545dac070ae.3eda4.json,hek,195,187
assets/resources/import/19/19d186f9-b7b8-4a20-b75d-5155e82b55d4.4177c.json,hek,213,205
assets/resources/import/1a/1a309c2e-f0d1-4039-97fe-d4fc18f9f213.7871f.json,hek,86,78
assets/resources/import/1a/1a535e9f-f3a0-4ea5-b939-0c4ed632f53b.66668.json,hek,322,314
assets/resources/import/1a/1ac4e48f-c360-4c64-a6d9-2d0408e7653e.8a4d0.json,hek,86,78
assets/resources/import/1a/1afbca1a-80bf-4693-99e5-4c1668dab98f.0e1fc.json,hek,4855,63903
assets/resources/import/1b/1b404f59-b5c3-4321-bf58-9361787dbeb5.76888.json,hek,205,197
assets/resources/import/1b/1b5aaa28-ace1-4fb8-be01-d2f9d749717e.1a802.json,hek,199,191
assets/resources/import/1b/1b9d84b9-2451-4af8-81cd-6286144765b9.0c2d8.json,hek,5032,69153
assets/resources/import/1b/1ba3515c-6199-42ba-959a-af1fac3da67d.2d1c5.json,hek,222,214
assets/resources/import/1b/1bbd87ca-35a5-42ff-82f2-832d2d56062f.f7f38.json,hek,210,202
assets/resources/import/1c/1c05f344-b3a6-4e7d-82a1-df21c63eb649.7871f.json,hek,86,78
assets/resources/import/1c/1c6f641e-2dce-45be-98ea-7f66eb0c60a1.7871f.json,hek,86,78
assets/resources/import/1c/1c86f402-4f72-4293-a6ca-44cd67c7e824.3ecac.json,hek,211,203
assets/resources/import/1c/1cbfb18b-7382-4b2c-b0ba-df0506c93981.91de0.json,hek,86,78
assets/resources/import/1c/1cd32c99-948d-4e22-a6ce-c3d7a8b5f3d0.f4194.json,hek,210,202
assets/resources/import/1c/1cf095db-d393-4c45-bc37-d0c39631d093.3c5f8.json,hek,195,187
assets/resources/import/1d/1d424d78-fcb0-4b0c-8f9c-882185d09dd6.7871f.json,hek,86,78
assets/resources/import/1d/1d4cf282-4c40-4d5b-86d8-de4906560b9f.7871f.json,hek,86,78
assets/resources/import/1d/1dbfeba8-fb0f-43ec-a520-6c1940675f48.f5275.json,hek,215,207
assets/resources/import/1d/1de90088-fbb5-4800-bdd9-1b411e030ccb.fc56f.json,hek,221,213
assets/resources/import/1e/1e09053f-46d8-4d08-acec-7f1eb26ae557.26f36.json,hek,834,6823
assets/resources/import/1e/1e1d93f7-3c7e-4881-bc5b-0cae93736562.a02d0.json,hek,3251,37389
assets/resources/import/1e/1e21a3e8-21a5-44e4-bb17-840fde1fb76c.7871f.json,hek,86,78
assets/resources/import/1e/1e5bea88-23f7-4f77-8229-2d6dbd77c37e.7871f.json,hek,86,78
assets/resources/import/1e/1edff5e5-05ff-4f2e-893d-175e66cbcae2.f066f.json,hek,208,200
assets/resources/import/1e/1efed2dd-da2f-4179-b0af-227a84c0f495.1c14b.json,hek,3583,32731
assets/resources/import/1f/1f0c8698-58b3-4fc0-a365-97e5da312cf0.2b4e6.json,hek,213,205
assets/resources/import/1f/1f244dc4-aa90-44b5-aff9-2e8d10b49ce4.ed9f3.json,hek,208,200
assets/resources/import/1f/1f37155c-c28b-4d8f-8a18-fa74409387c9.70bb9.json,hek,133,125
assets/resources/import/1f/1fbffeb1-e265-49ad-a19d-41bebe4cb6f2.9eb31.json,hek,625,1227
assets/resources/import/20/2031f896-4511-4cd1-94d0-6027261a4615.1d5b3.json,hek,205,197
assets/resources/import/20/2072c056-cf39-4289-8d9f-627daf595ac0.28583.json,hek,213,205
assets/resources/import/20/20a7d3d6-e04f-44f4-a465-7e07ba28f5c4.7871f.json,hek,86,78
assets/resources/import/20/20db527a-d5d3-4b94-824d-d897f8ab576f.8d92d.json,hek,207,199
assets/resources/import/21/211ef477-6339-43fc-9a64-96270472f0f3.7871f.json,hek,86,78
assets/resources/import/21/213c77a4-82d3-474a-b66e-9a1c1020fc5c.ea0ab.json,hek,613,605
assets/resources/import/21/214d9769-318f-422e-9bf8-c1955a4315c0.5b9d6.json,hek,133,125
assets/resources/import/21/215212cf-16bc-4e7a-9413-38a321590734.f41cd.json,hek,195,187
assets/resources/import/21/2192d30d-3d70-4061-8e83-9344ab637fa9.542a1.json,hek,4376,37626
assets/resources/import/21/219e3e3f-decf-4776-9f9b-dbccec9184fd.146f4.json,hek,213,205
assets/resources/import/21/21c3cc64-ec75-49bd-aadc-1e4fd5510dfc.7871f.json,hek,86,78
assets/resources/import/21/21e3c515-7756-4dcb-9ed6-326dec23f487.56d91.json,hek,604,3197
assets/resources/import/21/21fb6358-cf39-4541-981a-27c6e26475d9.68bac.json,hek,5007,51452
assets/resources/import/22/222143a9-a9ec-4437-8505-8bac9475d881.d396b.json,hek,212,204
assets/resources/import/22/22273980-fae1-4420-967d-b7592fc3d7ae.e09cf.json,hek,3502,32526
assets/resources/import/22/222e4c6f-f98d-4423-95b8-75838b16e75f.72c1c.json,hek,213,205
assets/resources/import/22/2260687f-24ba-4bf9-ac22-7e21a983a383.df0f9.json,hek,208,200
assets/resources/import/22/228e9a28-3677-4bd2-9307-490c184ba573.7871f.json,hek,86,78
assets/resources/import/22/229f53e2-a868-4f7a-91a3-578699a4446d.8e6c8.json,hek,205,197
assets/resources/import/22/22b28a57-e6c9-40cf-aa47-6bc3ffa2cfaa.5df53.json,hek,203,195
assets/resources/import/22/22c7976a-f7cf-458d-945d-25607e7e6b43.87cda.json,hek,340,1288
assets/resources/import/23/237c1830-d864-4870-b49e-ed58a6f67ec4.92028.json,hek,734,726
assets/resources/import/23/2385eab8-427a-47f0-9653-c614b665e538.7871f.json,hek,86,78
assets/resources/import/23/23908cbe-1471-4199-ba44-847337fd55b1.40ec8.json,hek,91,83
assets/resources/import/24/2430fa4a-4239-4c58-b28e-761050fbc9ea.c47ed.json,hek,5410,90449
assets/resources/import/24/243d74d2-924e-4a77-a907-14233bad87f7.f1945.json,hek,212,204
assets/resources/import/24/243d8edf-0495-40ec-9a97-5fc4aeca0931.e81a0.json,hek,131,123
assets/resources/import/24/2465a1c9-6814-4e48-a757-47e886b484f5.7871f.json,hek,86,78
assets/resources/import/24/248c5c89-05c5-43ed-aca1-6ef5daad01ca.ae112.json,hek,197,189
assets/resources/import/24/24e95510-7e35-45a5-9717-bf8d3cb445a2.f556d.json,hek,2490,25926
assets/resources/import/25/2508ccde-9335-4f15-873a-1239a5adfcb4.c5e1e.json,hek,223,215
assets/resources/import/25/2511a6b4-6f77-4aef-8848-72392c33f40d.a6151.json,hek,208,200
assets/resources/import/25/256531db-5c58-4df7-812a-8e47c98b7801.7871f.json,hek,86,78
assets/resources/import/25/2577697f-99cb-4ba4-8938-089cc34640cd.7871f.json,hek,86,78
assets/resources/import/25/25adc4d1-0d27-4045-8d4d-48e4f665fe80.b26b4.json,hek,195,187
assets/resources/import/26/261c6217-8c4a-4eb2-b428-e4d45e433a11.7871f.json,hek,86,78
assets/resources/import/26/265e3f5d-33a5-4db4-86de-6f578dbc53c7.87807.json,hek,401,393
assets/resources/import/26/267033d9-989b-41dc-ae76-01617f510a02.7871f.json,hek,86,78
assets/resources/import/26/267ce274-2f91-4b85-a939-f243f15e9d13.598c3.json,hek,650,1278
assets/resources/import/26/269a48ba-3984-468a-ba10-8a92463da580.b2d22.json,hek,209,201
assets/resources/import/26/26b8f503-f087-4ad0-a21a-7771e1727ba5.922d2.json,hek,6294,92203
assets/resources/import/27/27339a50-dc85-4d6b-93d0-eb609d16c676.78928.json,hek,212,204
assets/resources/import/27/2743b774-787d-48d5-8341-5adef273c0f8.9f93f.json,hek,634,626
assets/resources/import/27/277b1d88-fe04-4b39-b57a-aa9c1f148a6a.7871f.json,hek,86,78
assets/resources/import/27/277fede7-825f-4bfa-8e3c-f5a48062496c.b782d.json,hek,192,184
assets/resources/import/27/2788275e-bf73-470e-8de9-7c2c39356f15.7ca1c.json,hek,215,207
assets/resources/import/27/27942836-8134-4d8a-8f23-53c3be070c7a.33efc.json,hek,1097,2282
assets/resources/import/27/27a26d6f-4063-4f4d-aec3-6ebfe7b75b15.7871f.json,hek,86,78
assets/resources/import/27/27bcb93c-0f2d-40f7-91bb-8eaf59682360.91de0.json,hek,86,78
assets/resources/import/27/27cf840b-23f9-4895-aaaa-7caaecae7b03.27b4d.json,hek,3041,37638
assets/resources/import/28/2812f914-6cda-4fe5-ae9b-c7cada622964.c5bb3.json,hek,763,755
assets/resources/import/28/28302075-f5fe-4b0f-9f21-85b12ff3cedd.7871f.json,hek,86,78
assets/resources/import/28/286bf195-b153-4335-b135-cc57a4767a50.0fe09.json,hek,205,197
assets/resources/import/28/28867b0d-a397-4767-8e30-d45bd68e7fa1.5b7b7.json,hek,202,194
assets/resources/import/28/28adad9e-b953-4594-ac81-0eabef26eccc.bc9fc.json,hek,195,187
assets/resources/import/28/28bf9ec5-bc04-4be0-b28f-91277830050a.72674.json,hek,219,211
assets/resources/import/28/28c5b56e-a4f2-4158-930a-51df6795e9ba.32b1a.json,hek,213,205
assets/resources/import/29/2907eba7-7739-49c6-86d2-c9fcdbca1a41.7871f.json,hek,86,78
assets/resources/import/29/29158224-f8dd-4661-a796-1ffab537140e.6dda3.json,hek,213,205
assets/resources/import/29/292a7e35-4698-46ee-a16c-47b7f316b636.1a850.json,hek,202,194
assets/resources/import/29/292b68ed-775d-4fea-827c-61b2907fe5f5.a396c.json,hek,963,4048
assets/resources/import/29/2968b748-4e96-4942-a093-0e8b8f6f5f07.7871f.json,hek,86,78
assets/resources/import/29/29ba8ca7-ec9a-4243-8425-b9e33671428f.7871f.json,hek,86,78
assets/resources/import/29/29dfa1da-62fa-41b3-a820-1891d0bb9db4.3cb10.json,hek,195,187
assets/resources/import/2a/2a24aae3-5a51-4a79-b6c0-02626f2c2a4d.7871f.json,hek,86,78
assets/resources/import/2a/2a3fb472-928c-4481-ba46-448acf560fe9.bd56f.json,hek,205,197
assets/resources/import/2a/2a7aaeb8-0620-4b88-a818-f09c84b4f1bc.69561.json,hek,742,1470
assets/resources/import/2a/2a807350-57d7-492d-8cc8-2a71fb5186b4.4a08d.json,hek,217,209
assets/resources/import/2a/2a9d8a72-0225-47fa-9cd7-f449ca808d39.e16e6.json,hek,616,608
assets/resources/import/2a/2a9db3f7-7c73-421c-8282-5cd315486f12.f70fd.json,hek,754,746
assets/resources/import/2b/2b4072c0-0413-416d-a226-862260e90864.e48e5.json,hek,217,209
assets/resources/import/2b/2b5e2161-f49d-47bc-8d4d-2e35279333e3.4e378.json,hek,5421,90415
assets/resources/import/2b/2b6ba1ee-c2f1-4bad-ad62-b9d1e6721400.d6735.json,hek,228,220
assets/resources/import/2b/2b7a4042-a7b6-48a1-b256-3e7565d22933.1b470.json,hek,1663,8366
assets/resources/import/2b/2be55ebd-56e6-44a4-a1a1-36b67f8a5c33.b266d.json,hek,195,187
assets/resources/import/2b/2bf44dda-e2b4-43e8-a603-05dc7cd70162.dfc0b.json,hek,775,767
assets/resources/import/2b/2bf47135-541a-4724-ae68-5b77cac78112.db610.json,hek,192,184
assets/resources/import/2c/2c9eedf3-a82b-4084-85d7-13132c6f6a48.7871f.json,hek,86,78
assets/resources/import/2c/2cac88b9-fbfe-4fca-8fbb-c346173c8600.7871f.json,hek,86,78
assets/resources/import/2c/2cbdf6cb-4b02-4d48-9784-13108a28a582.7871f.json,hek,86,78
assets/resources/import/2d/2d3df78a-8084-4352-a00a-4824d0441614.fe256.json,hek,212,204
assets/resources/import/2d/2d6534e8-c7c9-4f0f-83f3-1dadcbf44ce8.da10f.json,hek,206,198
assets/resources/import/2d/2dac9ebb-df22-44a0-9c07-4878aff1716c.761a9.json,hek,950,6651
assets/resources/import/2d/2dd19525-2ea9-4482-bbf1-334de1a90fc2.7871f.json,hek,86,78
assets/resources/import/2e/2e58342b-fd1f-4edc-b05c-8d77a7d8b1e4.7871f.json,hek,86,78
assets/resources/import/2e/2e86b639-3b6f-4cd1-806d-80b389047b9b.8a4d0.json,hek,86,78
assets/resources/import/2f/2f426ab0-cf74-4697-b2a4-8f25d259290f.981aa.json,hek,211,203
assets/resources/import/2f/2f5f7b18-3405-47e5-9ab5-4a82e6f26067.91de0.json,hek,86,78
assets/resources/import/2f/2f94f305-0d09-429a-9865-3b471963e108.61252.json,hek,646,638
assets/resources/import/2f/2fbd870e-c51d-43e6-bccc-19345c902fc3.7871f.json,hek,86,78
assets/resources/import/2f/2ff00246-ad37-45df-9b88-c8b2f17432c8.5e55f.json,hek,191,183
assets/resources/import/30/303e635d-286a-49b0-8441-7832f9fe3775.859bf.json,hek,761,753
assets/resources/import/30/309c7c0b-e0eb-4c3d-bf52-73782401d763.f1112.json,hek,1387,7325
assets/resources/import/31/3105bfa1-2c4f-43fb-a0c6-d089ba26c89a.9828c.json,hek,132,124
assets/resources/import/31/312bd4ed-39bb-44ec-9594-12dd4be9b541.5ff9b.json,hek,4654,51179
assets/resources/import/31/317ddfb8-9549-43fe-b8d8-920ac0d64bb9.db56f.json,hek,1157,10542
assets/resources/import/31/318b2166-ad26-42d4-a777-5ab338a33e1f.4e678.json,hek,231,223
assets/resources/import/31/318de4b8-8a82-43aa-a54c-580ca6b259cd.34cab.json,hek,788,780
assets/resources/import/31/31a196c3-9af2-4fd8-9801-f769a279b07e.b3ef8.json,hek,193,185
assets/resources/import/31/31d4e5aa-c2da-4f24-bc3b-17635de67be5.7871f.json,hek,86,78
assets/resources/import/32/3211fe23-2580-405c-a92a-c2788fa473d9.7871f.json,hek,86,78
assets/resources/import/32/32162ae5-a14f-4694-882d-1e32049988d3.3bf22.json,hek,655,3210
assets/resources/import/32/32727d60-b2ad-42ab-8d67-b6648575d976.f3a3a.json,hek,5357,89521
assets/resources/import/32/32a0ea49-0429-43ec-86e4-fc84130e3bf5.88078.json,hek,203,195
assets/resources/import/32/32efb4bf-c428-4719-bae8-d158bc9fbf3a.7871f.json,hek,86,78
assets/resources/import/32/32f49067-cfc4-4054-9d2e-8a6d334218b4.7871f.json,hek,86,78
assets/resources/import/33/330f222c-e2dd-49cf-9bb7-cd8e7475c39e.7871f.json,hek,86,78
assets/resources/import/33/33630d23-55df-41ca-af7e-032edad30160.601d6.json,hek,673,665
assets/resources/import/33/33762513-53bb-464f-8bb5-cd2f77c9be74.21210.json,hek,4427,38644
assets/resources/import/33/33918623-b427-4adb-b435-6d285a6e490b.0035c.json,hek,1011,1003
assets/resources/import/33/33aa379a-2749-4e75-b68d-ba8d95679eba.6cee5.json,hek,191,183
assets/resources/import/34/34883db9-0580-40c1-bc1a-b7273b06fa54.56640.json,hek,834,826
assets/resources/import/34/349ff068-a09d-4259-bed7-b9582b4d5d1a.2b889.json,hek,2543,13502
assets/resources/import/34/34c088e4-5f42-4c81-abac-e53a32760e77.7871f.json,hek,86,78
assets/resources/import/34/34ef85ad-72a7-402b-8d24-06ccfbefdccd.be986.json,hek,803,1728
assets/resources/import/35/35079250-7d2a-4cd7-8a15-3276f4f907cb.7871f.json,hek,86,78
assets/resources/import/35/35192fac-04cc-4293-8883-5ac6aeecbecb.7871f.json,hek,86,78
assets/resources/import/35/355280d9-9a53-4f5c-b2ae-c83b9a9cda9f.27e28.json,hek,213,205
assets/resources/import/35/3584a9cd-6c32-4735-9f40-69ebc8bb71e1.5e1b5.json,hek,200,192
assets/resources/import/35/35ceeca4-f847-40a0-b55c-61211fc66186.31c22.json,hek,768,6274
assets/resources/import/35/35d135ad-e2cd-4785-a113-9d636e8b5381.65ece.json,hek,195,187
assets/resources/import/36/362cf501-b15b-42e8-84be-5506da97ef7b.56f8a.json,hek,210,202
assets/resources/import/36/363b875c-8fcf-481c-b3b8-d14c7d6a3fb5.121b3.json,hek,205,197
assets/resources/import/36/364bb150-09a4-47bf-ba29-14b4375d192e.c13f9.json,hek,207,199
assets/resources/import/36/3652e7c1-dce0-4689-9bf5-9fba2327b7ca.cab7c.json,hek,200,192
assets/resources/import/36/3656e785-a765-4102-8e89-06d69524f708.c54ff.json,hek,709,3297
assets/resources/import/36/36e9f62e-a1dc-4f8d-981b-d544341b07c3.7871f.json,hek,86,78
assets/resources/import/37/37406aa7-4b72-446f-9381-bde72cadbdf1.7871f.json,hek,86,78
assets/resources/import/37/37c651e0-eedf-44bf-baba-1a2a3558f8d5.cfe4b.json,hek,191,183
assets/resources/import/38/3898d6c7-4d6a-407e-85cc-d3be801aba8c.9d7c8.json,hek,1543,3387
assets/resources/import/39/39192573-3d88-47c4-8643-822f3d306f37.7871f.json,hek,86,78
assets/resources/import/39/391e002d-f2d6-46ac-85fb-f7195935fd47.c0e23.json,hek,210,202
assets/resources/import/39/392543de-0a7c-4a89-8337-a4ae6b27ebb8.64aee.json,hek,203,195
assets/resources/import/39/3964ca52-3aab-4dd6-af86-e573c9e85150.50e46.json,hek,192,184
assets/resources/import/39/399653d7-bbfb-4ed4-8c26-cafc7b87b850.7871f.json,hek,86,78
assets/resources/import/39/39d2ba58-6426-4899-96f2-4bb41dc78f08.7871f.json,hek,86,78
assets/resources/import/3a/3a0ac4d5-00b4-4737-9a9e-5424e9bb0788.beece.json,hek,212,204
assets/resources/import/3a/3a10c6c3-e1d1-4e02-bb37-7fae1a577183.569d7.json,hek,207,199
assets/resources/import/3a/3a559602-8b80-4d9f-b40c-c0eea6eeb6c3.7871f.json,hek,86,78
assets/resources/import/3b/3b629a4a-d287-4035-b0f7-345289e54818.4597f.json,hek,207,199
assets/resources/import/3b/3b670621-17ba-4dbe-8c79-7d3d67133000.da6fc.json,hek,380,372
assets/resources/import/3b/3b8f08a3-e3a8-4122-ab8c-bf9f54b8f76e.0af64.json,hek,195,187
assets/resources/import/3b/3bb4a920-38e2-48ae-9153-a39fa4bf1fba.7871f.json,hek,86,78
assets/resources/import/3b/3bb75c77-cd43-494e-94b8-07efe6f4b722.ae5d7.json,hek,208,200
assets/resources/import/3b/3bd52e26-d2f5-48ac-935f-bd652aa3a659.c6db4.json,hek,213,205
assets/resources/import/3b/3bed7bd4-3ca8-462f-8208-0797a8f0aa8b.7871f.json,hek,86,78
assets/resources/import/3c/3c178b28-6442-41cd-821f-d979d3f8095a.e72a2.json,hek,623,615
assets/resources/import/3c/3c8682d1-7203-4192-9e2b-430168782cf1.e0c1c.json,hek,558,550
assets/resources/import/3d/3d40c1e9-7df8-40dc-b455-8618b33988dd.091f3.json,hek,807,799
assets/resources/import/3d/3d738704-9b3d-48ed-bfae-804acacc6c76.7871f.json,hek,86,78
assets/resources/import/3d/3d8d0f37-7abb-440b-994f-89ee08454689.4671c.json,hek,195,187
assets/resources/import/3d/3daa2c08-529d-4147-b920-d8b6a863be8a.e562b.json,hek,207,199
assets/resources/import/3d/3ddadfcb-0552-442e-a207-4719f13e93b3.90677.json,hek,609,601
assets/resources/import/3e/3e009f92-055f-42eb-80b2-b6f2c257fe0b.7871f.json,hek,86,78
assets/resources/import/3e/3e02a330-db09-4f39-9d91-7154921dea5f.fc90f.json,hek,3503,32497
assets/resources/import/3e/3e1623d4-7764-494f-b46c-731bd1f08f02.7871f.json,hek,86,78
assets/resources/import/3e/3e3e91df-4bc1-4ef9-82e3-15fa3732b059.e8087.json,hek,208,200
assets/resources/import/3e/3ebb6164-2d1a-467b-a397-f07423162b16.7871f.json,hek,86,78
assets/resources/import/3e/3ec10420-c1fa-4d79-89bb-1ca4c0b84c9f.7871f.json,hek,86,78
assets/resources/import/3e/3ec6f063-4efe-492a-ad3d-b7f9602fec84.40ec8.json,hek,91,83
assets/resources/import/3e/3ed6089a-ad3f-4b27-8742-41603ad4e822.7871f.json,hek,86,78
assets/resources/import/3e/3ee228c3-fae8-483d-be71-046d764fe4b9.7871f.json,hek,86,78
assets/resources/import/3e/3ee73e89-2f49-4e3e-ad42-40593c97ddf3.0fbfd.json,hek,1066,2103
assets/resources/import/3f/3f49383e-c293-4320-9171-9d0ccbec794f.7891f.json,hek,211,203
assets/resources/import/3f/3f74bb63-c7bc-4692-b881-8fdbc6466b84.5de0d.json,hek,223,215
assets/resources/import/3f/3fb98489-3569-4f1b-8922-6f8eb789784b.07884.json,hek,219,211
assets/resources/import/3f/3fee0f5c-a65f-4c80-b81d-ad1ca6c77a0e.a3a7d.json,hek,3458,32502
assets/resources/import/40/40231502-a1e0-49ee-acae-6d08f461217d.fc436.json,hek,476,468
assets/resources/import/40/403a552d-252c-4863-ad4a-afd34c9c0bea.bebec.json,hek,2052,4633
assets/resources/import/40/406a30e9-b629-4d4d-9470-6646110a9ce0.1df35.json,hek,190,182
assets/resources/import/40/407c89f0-ef03-446f-b357-a287de019389.b6712.json,hek,209,201
assets/resources/import/40/4094e440-94c1-4404-9c6d-a74c22d4374c.7871f.json,hek,86,78
assets/resources/import/40/40bb9a24-2465-4ca0-9bb1-7a5859c70c3a.7871f.json,hek,86,78
assets/resources/import/40/40c13647-f67c-4089-99a4-609992954bb5.c07f5.json,hek,202,194
assets/resources/import/40/40e78859-96f7-45bd-88f9-562f0ea55ec7.af4ed.json,hek,197,189
assets/resources/import/41/4110ece4-a8c2-40a2-a234-de8f5fb5c28e.892eb.json,hek,195,187
assets/resources/import/41/412a4687-adcc-43e1-9e4a-17a16a0faf27.ceff0.json,hek,207,199
assets/resources/import/41/413554fb-0243-4e8b-9445-25d8e4aed5c9.ac172.json,hek,193,185
assets/resources/import/41/41505765-58c6-4fa1-9a95-fe9016469998.e1d17.json,hek,11392,375063
assets/resources/import/41/41701843-6eed-4cb5-93fe-c0d982d6c941.c2421.json,hek,132,124
assets/resources/import/41/41dbff0e-c545-4407-84d1-a213fc51f02b.0f200.json,hek,3296,37276
assets/resources/import/42/42023ed2-c06c-426f-8f6f-8905128d6b1b.cc3ef.json,hek,210,202
assets/resources/import/42/4248403a-b96c-45b5-8b5a-354d9206d8c2.28560.json,hek,1312,2739
assets/resources/import/42/426ca8fc-6ab3-47e9-a130-e85add8289e4.91de0.json,hek,86,78
assets/resources/import/42/42b269b2-fec5-40ec-885f-a83d55c661c6.7871f.json,hek,86,78
assets/resources/import/42/42ec75f5-3c27-4560-9e4a-b502d765a3f9.7871f.json,hek,86,78
assets/resources/import/43/430344c7-c494-4229-b0a5-0f3c052d3f23.242c8.json,hek,218,210
assets/resources/import/43/436e6a18-d57b-4d06-af49-a30a550cdeb5.ef317.json,hek,644,636
assets/resources/import/43/4392d4c8-7a4f-4027-b346-022fb0e34d7b.0fd30.json,hek,207,199
assets/resources/import/43/43a8eec7-7679-4535-92ec-2068aebff643.0a088.json,hek,981,2000
assets/resources/import/43/43d5edf7-b31d-4a55-9d51-fcef66e38fa1.7871f.json,hek,86,78
assets/resources/import/43/43eb85c7-68d8-4f0a-acf0-346bb1ff3f08.7871f.json,hek,86,78
assets/resources/import/44/441d852c-a574-41c5-80f2-ee943d3991c6.7871f.json,hek,86,78
assets/resources/import/44/442d4917-0f83-4dc2-8a2a-fa4cde33292b.4fd20.json,hek,698,1445
assets/resources/import/44/4445b20c-7b20-422a-abac-0617b5a772b8.4cc1c.json,hek,463,455
assets/resources/import/44/44698a54-8cf6-4182-b7f0-5b94b56c61c0.7871f.json,hek,86,78
assets/resources/import/44/448d9f43-e8bc-4894-9464-453ee4ad518d.507c5.json,hek,204,196
assets/resources/import/45/4551589d-bff0-415f-bb71-2f37fbdd0829.a9ea3.json,hek,206,198
assets/resources/import/45/45b691e4-9bd4-46c6-a88a-10c7a957acf6.88f92.json,hek,3013,54892
assets/resources/import/45/45c0a079-a130-479f-9943-1d19acd464c2.02c23.json,hek,208,200
assets/resources/import/45/45e70dcd-f02d-414d-8524-f2f93f0b9a6d.7871f.json,hek,86,78
assets/resources/import/46/4624cd2f-89c6-4198-b816-a76e3919c4e8.6fd80.json,hek,2080,37483
assets/resources/import/46/46370498-08de-4de5-9571-e0f2bdf0a392.b8172.json,hek,213,205
assets/resources/import/46/466aed5c-2fe1-4f9d-87ee-6ed1df211aa7.40ec8.json,hek,91,83
assets/resources/import/46/4677e862-6fde-4580-8a64-78881949711d.7871f.json,hek,86,78
assets/resources/import/46/46895d7d-18dc-4c71-87e8-8bf7ac6adf4b.00b2d.json,hek,2234,4903
assets/resources/import/46/468f8cd7-4593-4c08-abc6-274386d26359.40ec8.json,hek,91,83
assets/resources/import/46/469f04dd-c4b4-4b12-afda-12317776ce9f.54965.json,hek,211,203
assets/resources/import/46/46c5672d-7a82-4109-9af2-de2ddde1f543.7871f.json,hek,86,78
assets/resources/import/46/46cd5d84-3a23-4470-b57b-3bb5b6ebb799.7c7ae.json,hek,135,127
assets/resources/import/46/46d41b6a-6779-4694-a976-a1768b619048.6caa7.json,hek,225,217
assets/resources/import/46/46f24d06-063b-4e90-9d7c-91bdd73a1545.7871f.json,hek,86,78
assets/resources/import/47/479cd86a-1361-429a-88c6-7a48ea517549.7871f.json,hek,86,78
assets/resources/import/47/47aadf7a-5316-48ec-8664-6e140970aace.7871f.json,hek,86,78
assets/resources/import/47/47b05d39-c0b5-4112-b7d9-c47e70563979.ad5a6.json,hek,213,205
assets/resources/import/47/47d0bbed-30b2-4025-b10e-716dc123cecb.eb0fd.json,hek,221,213
assets/resources/import/47/47fc4709-0e15-45a7-8431-84acc474b417.539f4.json,hek,2237,5285
assets/resources/import/48/480d09f3-b098-4301-b9e7-1f49849b4abd.b6435.json,hek,215,207
assets/resources/import/48/481f6245-59be-4244-83b2-9dcb2fd000e7.66320.json,hek,205,197
assets/resources/import/48/48286535-8be3-415b-ae55-080a2cc960d2.7871f.json,hek,86,78
assets/resources/import/48/483771c2-5297-4396-a652-48e1db885dad.5d6df.json,hek,1449,6054
assets/resources/import/48/483bda5e-22f9-4448-b64f-d245048f2843.ebf0c.json,hek,205,197
assets/resources/import/48/48734c9b-f396-400b-b650-6de229f731d4.7e709.json,hek,201,193
assets/resources/import/48/488a434e-65a9-4abc-9501-5a3b96ea39f8.91de0.json,hek,86,78
assets/resources/import/48/48eb1c9c-4762-45a2-a66d-c1f58ab8569b.8a4d0.json,hek,86,78
assets/resources/import/48/48f999d5-8225-4bd5-ba4c-b9e811e32e31.b6a5e.json,hek,199,191
assets/resources/import/49/49347dff-5aed-484c-9e49-26f973ee4484.4ec98.json,hek,206,198
assets/resources/import/49/4935280a-4c2f-416e-8776-d00a2a94b967.7871f.json,hek,86,78
assets/resources/import/49/496ed308-f65f-4e6f-a565-c8ed97bff965.f8ff8.json,hek,197,189
assets/resources/import/49/49fabebe-cd74-4757-9df3-18f66026398f.7871f.json,hek,86,78
assets/resources/import/4a/4a23fe3a-985a-401b-93a9-b51d4d9044b0.7871f.json,hek,86,78
assets/resources/import/4a/4a7e818c-de8f-4add-8e82-80b0913debd4.cfd59.json,hek,853,845
assets/resources/import/4a/4adcc5bc-c2fe-4be3-af4d-933cb27914a3.7871f.json,hek,86,78
assets/resources/import/4a/4ae10121-f417-497a-8d1b-380c6251d2b7.cb2e9.json,hek,202,194
assets/resources/import/4b/4b02b89f-060a-478d-985a-455a46a120ed.726c8.json,hek,207,199
assets/resources/import/4b/4b05400f-a695-4929-93d6-802ef4818c77.9b346.json,hek,201,193
assets/resources/import/4b/4bacf0cc-9e2c-4f2b-88be-599bb5c6511e.f59b6.json,hek,2066,4694
assets/resources/import/4b/4bc63501-dc69-4846-9d89-53c2cdec1f7b.7843d.json,hek,214,206
assets/resources/import/4b/4bcab005-4c8d-4df3-a661-68e12bb20801.7871f.json,hek,86,78
assets/resources/import/4b/4befcd85-1e60-4e26-aa39-60488de33b1b.ea8c6.json,hek,195,187
assets/resources/import/4b/4bf7c04f-40e7-451c-884d-d2c495a0de74.1eedf.json,hek,207,199
assets/resources/import/4b/4bf8047c-a53c-434b-acb8-a991c089c0e0.74397.json,hek,207,199
assets/resources/import/4c/4c2e83ed-872e-421d-8737-b70b754a79df.7871f.json,hek,86,78
assets/resources/import/4c/4c6cbd84-a04d-4470-bb6d-87302f295044.7871f.json,hek,86,78
assets/resources/import/4c/4cc7f80d-f483-4683-813e-64b37e595d13.180f8.json,hek,208,200
assets/resources/import/4d/4d09573c-71ab-4074-ab25-003f8c6b4605.29e49.json,hek,205,197
assets/resources/import/4d/4d6949b5-3354-4b1d-808d-40037b6b1ce3.de86e.json,hek,3297,37400
assets/resources/import/4d/4d8f10f3-b0d5-4c52-904d-49b3bd1970b0.09a8e.json,hek,201,193
assets/resources/import/4d/4da9a7cc-ae13-406f-89b0-7bd007cef7fe.7871f.json,hek,86,78
assets/resources/import/4d/4dc19a3f-d2ab-4558-a202-7a8eae542445.c0498.json,hek,210,202
assets/resources/import/4d/4dd3d21b-abac-434f-b497-d33e81c05d63.7871f.json,hek,86,78
assets/resources/import/4d/4dfd2b24-ad42-48df-9a34-772c91638f1d.25d28.json,hek,202,194
assets/resources/import/4e/4e0c5a97-193d-43fb-a749-c4af381890be.8a4d0.json,hek,86,78
assets/resources/import/4e/4e10de6f-039a-4773-bcb9-297898ae3385.e20f2.json,hek,970,962
assets/resources/import/4e/4e492a28-f56e-49c4-83cd-8a3b0c085f9a.8a4d0.json,hek,86,78
assets/resources/import/4e/4e719854-95ed-4ab4-a1a0-c48bcccb217a.046b2.json,hek,132,124
assets/resources/import/4e/4e838007-2aaf-4e67-b67c-297204e8d3fb.8147e.json,hek,210,202
assets/resources/import/4e/4e92f180-9914-48e0-ad3d-4ebcf97600b7.a7ce6.json,hek,203,195
assets/resources/import/4e/4ef2bdb2-2c2a-477a-8951-1af4d55e0e49.7871f.json,hek,86,78
assets/resources/import/4f/4f43c057-a732-4c93-9cbc-e88a973bca25.01f52.json,hek,2132,4572
assets/resources/import/4f/4f53ba64-a98b-48aa-be3f-8d0fa12ec764.bdbb1.json,hek,193,185
assets/resources/import/4f/4f5fb60f-3b65-47e1-b5c8-a68a081bde0d.9e47e.json,hek,138,130
assets/resources/import/4f/4fa7edf5-af77-447f-9eb7-0123d8602d08.9f93e.json,hek,210,202
assets/resources/import/4f/4fcd8d64-2e1e-482b-ae50-8df596b78657.9b118.json,hek,960,4623
assets/resources/import/50/5098a391-14f7-48ed-b6c1-668dffd0f4f1.a6613.json,hek,217,209
assets/resources/import/50/50a5b640-c06a-4e24-be25-bff396224a3b.920e6.json,hek,584,576
assets/resources/import/50/50ae4122-50db-47a9-af49-52da25b5bb65.e828e.json,hek,193,185
assets/resources/import/50/50bd3457-3c83-4f93-959f-7db985170fa8.eeb4b.json,hek,204,196
assets/resources/import/50/50c59b9d-436d-49ed-a530-6fc348ab9eab.791f8.json,hek,214,206
assets/resources/import/50/50d0e58a-cbe1-4d8e-92b3-1d68c15631eb.7871f.json,hek,86,78
assets/resources/import/51/5103003d-fd5f-4714-a46b-5f387625a404.d993c.json,hek,600,592
assets/resources/import/51/512948cd-cdc7-405a-b236-f127bdd7c34d.0e711.json,hek,199,191
assets/resources/import/51/519fb0eb-1a01-4d36-bb8a-954c57cdc517.2acda.json,hek,191,183
assets/resources/import/52/524fd9fa-06c1-42e2-bcc8-88553017d067.84945.json,hek,607,599
assets/resources/import/52/525325ca-fb32-4f4d-9ddc-2bd885deebc5.714e1.json,hek,4705,53229
assets/resources/import/52/5267eed0-dd58-4bb5-8c0b-654dbbec89fa.423de.json,hek,219,211
assets/resources/import/52/52a5603c-dc07-4da9-b889-0901c5775932.c9ad8.json,hek,218,210
assets/resources/import/52/52e25bf3-e86f-4be1-9834-1786dcdb5d0c.7871f.json,hek,86,78
assets/resources/import/53/534ba86b-c6a1-48d1-914e-be15c0b1911e.2d38a.json,hek,729,721
assets/resources/import/53/537ab743-fb1a-4cda-9eec-c96e263d1445.4a73e.json,hek,205,197
assets/resources/import/53/53b0038d-8a4e-4553-b206-4564ffdc3437.dc9c7.json,hek,647,639
assets/resources/import/53/53c9515b-22e7-45ca-a9e5-7265baea241a.1778c.json,hek,1392,2867
assets/resources/import/54/5436487a-47d3-423e-8c64-1db66c2605c3.8ddd3.json,hek,218,210
assets/resources/import/54/543ca8c1-cef8-4e3a-909f-458547c64788.2cb41.json,hek,6393,67319
assets/resources/import/54/5450ba67-91bd-411c-ad4c-79bc145a34e2.83c05.json,hek,197,189
assets/resources/import/54/547ea760-8dcf-43e2-903a-b0d69d140280.7871f.json,hek,86,78
assets/resources/import/54/54e551b9-2725-41e4-803c-5b4eeb391c41.7871f.json,hek,86,78
assets/resources/import/54/54f48acc-d20a-4217-95da-f22e08b14db0.f40e1.json,hek,201,193
assets/resources/import/55/555896ce-0e87-4403-a016-1f55a7e11b1e.5f37f.json,hek,418,1286
assets/resources/import/55/558f6bac-55e2-45f0-bef4-67bfc79e1749.4bb94.json,hek,219,211
assets/resources/import/55/55a452df-f9b2-446e-9544-98db3e147a47.5f45f.json,hek,215,207
assets/resources/import/55/55d34e70-ff67-47f3-9e3b-d7d2d7952305.9f07a.json,hek,210,202
assets/resources/import/55/55fda56a-3eaf-43bf-a084-06a246444a59.e2c0f.json,hek,211,203
assets/resources/import/56/5608c8fa-a3bb-4928-b6ec-f33b8823bbc1.40ec8.json,hek,91,83
assets/resources/import/56/561e6fed-4ad9-4fee-9b84-3b859183a8e2.a5a05.json,hek,676,668
assets/resources/import/56/5631a5cd-3675-43e7-a097-93c60b220358.7382f.json,hek,3568,37128
assets/resources/import/56/5661087f-9d58-4b44-90c5-6d814ad749ba.e8a0e.json,hek,204,196
assets/resources/import/56/567dcd80-8bf4-4535-8a5a-313f1caf078a.7871f.json,hek,86,78
assets/resources/import/56/56811f63-40cc-4384-9d60-f0d5a818014e.29454.json,hek,339,1287
assets/resources/import/56/56c0dc5e-b37a-4117-9101-5bde683d6b18.d9a86.json,hek,211,203
assets/resources/import/56/56e5a00e-9293-4306-8862-4106df653a6d.7871f.json,hek,86,78
assets/resources/import/57/57028ac0-017a-4b93-b126-faf73de773b7.38e3a.json,hek,204,196
assets/resources/import/57/570a4972-65dc-44a5-b530-0be51437b090.44267.json,hek,1236,2696
assets/resources/import/57/57209e1c-5a94-4ddf-bbb2-121674dffe98.d37e6.json,hek,223,215
assets/resources/import/57/57b3b8e3-76fb-4ca4-95d9-fc16b1433718.c217f.json,hek,206,198
assets/resources/import/57/57b9f7fb-e9bf-4191-b0dd-40b0d7f8f1fd.e4de3.json,hek,202,194
assets/resources/import/57/57d44216-ed26-47f8-9df8-371feac69ce1.a58b2.json,hek,648,640
assets/resources/import/58/582990d0-49d4-4e60-a5da-5d158e6e3f70.7871f.json,hek,86,78
assets/resources/import/58/582b1599-6e88-4cba-8730-6f55f9e40c34.7871f.json,hek,86,78
assets/resources/import/58/5837e143-9924-4601-ac36-62c7c5510604.01582.json,hek,220,212
assets/resources/import/58/586efb0e-cda3-4e07-b360-53827086e89f.8a4d0.json,hek,86,78
assets/resources/import/58/58809557-718c-4dc7-a276-e0961cc5cbfa.a38aa.json,hek,214,206
assets/resources/import/58/58ab6a9b-eb33-49ab-8456-d05167ee8fee.7871f.json,hek,86,78
assets/resources/import/58/58bfb113-0c02-417e-a784-484fb81b7c04.4fa50.json,hek,215,207
assets/resources/import/58/58d03d09-6034-4e74-90a0-f3fac61fd512.7871f.json,hek,86,78
assets/resources/import/59/59704eac-a064-48b5-af3a-5daada905537.1f2f4.json,hek,618,1209
assets/resources/import/59/5972731f-45e1-4f08-9813-9d75a7735777.8877c.json,hek,588,580
assets/resources/import/59/5986e7ac-2f01-44cb-b55c-f0502433aff2.6a0ec.json,hek,687,2948
assets/resources/import/59/599f39a5-3933-4be7-9778-6835c967d34e.01158.json,hek,131,123
assets/resources/import/59/59b113b1-e477-4e71-9a0b-246e6a5221d7.e002f.json,hek,2087,37266
assets/resources/import/59/59b57c30-73b2-405d-95a9-c3c4673a5950.1fc2f.json,hek,195,187
assets/resources/import/59/59bebce6-f979-4f79-b193-f64773bbaf89.fa7d7.json,hek,209,201
assets/resources/import/59/59c35c07-ece2-411c-9791-c8b1f8b66137.dac8a.json,hek,2116,37226
assets/resources/import/59/59d718fe-5620-46be-a8f2-c4124b45d7e8.ef6d2.json,hek,964,956
assets/resources/import/59/59f862f0-528c-44a3-ad56-53dff85ae8f8.670ba.json,hek,230,222
assets/resources/import/5a/5a60dea0-04ef-44be-8427-95f1ca1fd612.7871f.json,hek,86,78
assets/resources/import/5a/5a7e2ed9-b281-47e0-8bd8-3d43bcb5a1fa.b5df7.json,hek,6173,15758
assets/resources/import/5a/5a8b3a14-75cf-4246-9c09-0abf81a502ab.e6056.json,hek,202,194
assets/resources/import/5a/5abdaba5-2e26-4b5b-a338-7e88dd2d509a.9eaef.json,hek,810,7953
assets/resources/import/5a/5ae36f18-1e43-4fd2-a368-60fb3a2443df.6d7b9.json,hek,2191,5092
assets/resources/import/5a/5af460f1-eed9-4881-b5e7-f9d8d240e8a2.66a72.json,hek,346,1201
assets/resources/import/5b/5b02cbcc-461b-454c-8983-7c403ad6e3f3.6e080.json,hek,210,202
assets/resources/import/5b/5b346b00-3962-4edb-8460-11cab24b59dc.d3caa.json,hek,188,180
assets/resources/import/5b/5b56df81-0812-40be-9482-76b7d1726ca1.7871f.json,hek,86,78
assets/resources/import/5b/5b9123f9-9059-43a1-9891-f74209ab1e51.4a7e4.json,hek,765,757
assets/resources/import/5c/5c020bf4-eb66-40c6-8ec5-b7c3e6f2bcd1.56b02.json,hek,210,202
assets/resources/import/5c/5c1ff375-6118-479a-88aa-e49bec65c039.7871f.json,hek,86,78
assets/resources/import/5c/5c1ffb8a-5a9e-4efa-8170-5ffe72067902.7871f.json,hek,86,78
assets/resources/import/5c/5c2cbdab-3510-4499-a470-9925de0a5533.7871f.json,hek,86,78
assets/resources/import/5c/5c420e5f-188b-49c9-ae59-e7d322f4a8ae.c9194.json,hek,615,607
assets/resources/import/5c/5c9368aa-3414-416e-a2ac-b18d65b01df0.7871f.json,hek,86,78
assets/resources/import/5c/5cd920d7-f57a-4efb-bb10-11f595e5c12c.9a746.json,hek,638,1276
assets/resources/import/5c/5cea41de-5784-4eda-866d-fe7611038fcf.6a457.json,hek,221,213
assets/resources/import/5d/5d0e241b-9e88-4c63-9dff-09d39fd0f595.b2f27.json,hek,213,205
assets/resources/import/5d/5d452832-697d-4cae-98af-343eb934e4f0.813b6.json,hek,212,204
assets/resources/import/5d/5d6c7ae4-f807-40d2-a3cd-86843e3c2c64.d318d.json,hek,216,208
assets/resources/import/5d/5d73811f-b403-484d-9de4-3446d7061668.a3ae1.json,hek,278,270
assets/resources/import/5d/5d74344c-14c1-4d4e-87b9-16d729a272e9.1a035.json,hek,2123,37912
assets/resources/import/5d/5d764790-ca9a-4ab9-8ab9-13f694a1f2cc.7871f.json,hek,86,78
assets/resources/import/5d/5d93d039-f4f6-449f-abeb-d2b6d5a8d982.7871f.json,hek,86,78
assets/resources/import/5d/5d9c9863-0db6-47e8-8a93-2098c76defd7.b77a5.json,hek,191,183
assets/resources/import/5d/5da1ab8e-949a-4b14-a62c-b9234820f377.7871f.json,hek,86,78
assets/resources/import/5d/5da7e103-48e4-4c14-895e-51e23911d693.7871f.json,hek,86,78
assets/resources/import/5d/5db3d768-4dff-4936-a32d-19e5721a141b.4a7a1.json,hek,198,190
assets/resources/import/5d/5dc64423-670a-4a4d-9fd4-c7cae57440c5.a9afc.json,hek,1903,4091
assets/resources/import/5d/5dcb9568-5b24-42c2-b2e3-012069e6b0bb.bc547.json,hek,192,184
assets/resources/import/5d/5df9c27d-7614-4913-adf2-fe660934a67d.7871f.json,hek,86,78
assets/resources/import/5e/5e3dfc0c-4150-46cf-b401-f743a3881305.7871f.json,hek,86,78
assets/resources/import/5e/5e4e1909-8c4d-42b1-9ed6-10b7d436485f.7871f.json,hek,86,78
assets/resources/import/5e/5e6dce3e-030f-41b9-bee4-ce5bb674dca7.7871f.json,hek,86,78
assets/resources/import/5e/5e73cb04-9be4-40ce-a754-db47491b3b70.00124.json,hek,3275,37313
assets/resources/import/5e/5e75346d-ba3c-4217-8e01-55153fa79a06.7871f.json,hek,86,78
assets/resources/import/5f/5f176164-02fe-499c-a18b-559074a80a7e.53284.json,hek,838,3607
assets/resources/import/5f/5f329872-b04a-4971-bdeb-9d121f9988a3.5eb56.json,hek,205,197
assets/resources/import/5f/5f3c74b9-71ac-4b47-abeb-0c098b625070.7871f.json,hek,86,78
assets/resources/import/5f/5f4016f2-36a4-4d00-96ea-bb60e760314e.39086.json,hek,2842,36111
assets/resources/import/5f/5f87b155-0814-4477-a659-9985ada0f272.7871f.json,hek,86,78
assets/resources/import/5f/5fe96152-7ba3-4a84-a688-d05a6b5b7208.91ae1.json,hek,249,241
assets/resources/import/5f/5ff3f3b4-477c-4f17-8fc7-2a0114932413.7871f.json,hek,86,78
assets/resources/import/60/60061f33-411f-4681-a5a8-0a48a1923998.7871f.json,hek,86,78
assets/resources/import/60/6057b7f4-6e07-472c-8227-c123c617ce9c.7871f.json,hek,86,78
assets/resources/import/60/607fe56a-c648-4ff8-b200-acb472a6c223.d2f5b.json,hek,199,191
assets/resources/import/60/6085bccd-cc4b-4305-8d0f-d0c5babf7633.8a4d0.json,hek,86,78
assets/resources/import/60/608aa516-9ab6-44c2-a024-feeabe69480b.7871f.json,hek,86,78
assets/resources/import/60/609e49bb-c0af-498e-b574-5f0d3ca81a69.c521a.json,hek,636,628
assets/resources/import/61/61121e34-e9d0-4c0f-ab9f-985500804616.02ffb.json,hek,202,194
assets/resources/import/61/61193b9a-dc87-406b-b56e-3dff6ea22753.9c569.json,hek,215,207
assets/resources/import/61/613b972e-1ea1-4cc2-970e-01026409f09a.ac905.json,hek,361,1183
assets/resources/import/61/613f8cef-59d9-4166-be14-ad290de0afd5.7871f.json,hek,86,78
assets/resources/import/61/615d972d-10ff-44f3-a9da-54f5ad3ed2c8.8d0f5.json,hek,132,124
assets/resources/import/61/6165ad39-7845-47d4-ae7b-488c1579ba62.34cc8.json,hek,133,125
assets/resources/import/61/6171a3fb-cdbf-4d9d-8c2d-5076d6bedc23.8b519.json,hek,3722,37380
assets/resources/import/61/617ec68c-b0e9-49c3-813b-d30c26767308.74990.json,hek,211,203
assets/resources/import/61/61d58936-e2a7-4915-a7ca-23b61e3b04a9.4c463.json,hek,193,185
assets/resources/import/61/61eec87f-21b2-474a-98a0-55a9bab68e5a.ab03a.json,hek,209,201
assets/resources/import/61/61f31082-3606-4d9a-84ff-f7c5d81a0e88.5eb0c.json,hek,226,218
assets/resources/import/62/62165924-a2e8-4235-9aee-a4d36863ee41.15746.json,hek,192,184
assets/resources/import/62/626d19d5-ec20-4af1-8396-2889513c9de9.66671.json,hek,138,130
assets/resources/import/62/627604de-9dbc-4c9e-884f-5a7edd49b41f.b67cd.json,hek,502,494
assets/resources/import/62/628bf997-e98f-4ade-b078-f507dc0c97d7.c38aa.json,hek,196,188
assets/resources/import/62/62ba0a98-b6fd-4a13-8617-a8f93418a182.91de0.json,hek,86,78
assets/resources/import/62/62d551ee-62e7-4c91-99a6-f42dbccd09e3.7871f.json,hek,86,78
assets/resources/import/62/62e50641-8ed1-4224-b8cc-8225e7de2e04.7871f.json,hek,86,78
assets/resources/import/62/62fa1350-c51f-41aa-ad7b-acc2c2395b3c.7871f.json,hek,86,78
assets/resources/import/63/630b2987-fba8-49cb-a1a4-98048acc1eb9.ec98c.json,hek,201,193
assets/resources/import/63/632a1949-ba91-4d79-beee-4b14a9797165.18a68.json,hek,208,200
assets/resources/import/63/636bbffe-8b45-42f8-a557-ea1f08590bae.30977.json,hek,4116,37814
assets/resources/import/63/63731578-edc2-4754-85e1-6cbb47ecf41a.28f07.json,hek,798,1700
assets/resources/import/63/639b05ec-4235-42a7-90a5-87a2ef8aa32f.fa5f7.json,hek,596,588
assets/resources/import/63/63e89b8b-2188-4da4-a92a-8907c1b9581f.1686f.json,hek,210,202
assets/resources/import/63/63edb58f-f553-40d0-9d3c-6c369d6a2eeb.4ebed.json,hek,912,7348
assets/resources/import/64/641c8f4b-679b-439d-a474-06aa53bd732d.ac5ae.json,hek,328,1244
assets/resources/import/64/64d9e113-9b22-4095-84fe-cb2754b45229.0a668.json,hek,202,194
assets/resources/import/65/65150501-9159-4386-949d-aa2a5a11a9bd.e35e3.json,hek,219,211
assets/resources/import/65/6544e535-29c3-4985-a584-1fdc1d11144d.6186e.json,hek,206,198
assets/resources/import/65/65aa47af-6e29-4b0b-824e-7088d3666e0b.7871f.json,hek,86,78
assets/resources/import/65/65d9a478-daeb-499a-878d-71f8f4afa600.e0919.json,hek,3431,37836
assets/resources/import/65/65dc4614-93c7-46ec-bf75-e348080ae64d.adee0.json,hek,186,178
assets/resources/import/65/65f38ad2-567e-42ae-8ba3-c3335357158c.005db.json,hek,205,197
assets/resources/import/66/6633c823-43e8-4a5e-bbdb-0215211634d3.5adbb.json,hek,219,211
assets/resources/import/66/665b2d84-c7c0-4a5b-9227-575039e780af.40ec8.json,hek,91,83
assets/resources/import/66/666c7ed4-0e93-4971-9d83-dfb811cf90ba.7871f.json,hek,86,78
assets/resources/import/66/66999097-03a4-4f94-9590-ba921a9fa7bb.7e10b.json,hek,5341,89585
assets/resources/import/66/66a0ccbc-1276-4227-8004-19b366f96cb1.7871f.json,hek,86,78
assets/resources/import/66/66a4845f-ca49-4e68-a5fc-d15d1d7b639b.dc396.json,hek,132,124
assets/resources/import/66/66bdf553-fc51-4d2b-9def-64ec761e93c2.7871f.json,hek,86,78
assets/resources/import/67/670239bc-6e80-46e1-af76-c3d4554a1524.5f850.json,hek,709,701
assets/resources/import/67/677525ff-0a00-4f13-a235-c931f2400f42.51a61.json,hek,218,210
assets/resources/import/67/67b19f8c-e645-4b43-8adb-7663b8688123.7871f.json,hek,86,78
assets/resources/import/67/67e795d7-0ddb-4e09-88de-febdef0eefcc.b45cf.json,hek,131,123
assets/resources/import/68/683ee705-e005-4a7c-ade5-8df53d74038b.d7b0c.json,hek,1625,3560
assets/resources/import/68/68f4e60e-40b4-4477-b888-4713214455c3.7871f.json,hek,86,78
assets/resources/import/69/691e7574-06f7-4cc8-8598-9f2e60e8b2db.7871f.json,hek,86,78
assets/resources/import/69/694d7a91-9089-4c2e-9c3d-4c68a04199be.72b54.json,hek,192,184
assets/resources/import/69/6980e2ce-8af4-4c1e-a813-024ceefc2489.7871f.json,hek,86,78
assets/resources/import/69/6991f750-b35d-463e-b85f-8ca2b0c967fe.7871f.json,hek,86,78
assets/resources/import/69/699c811d-7b11-4d51-890f-a88fa9fe40dd.bfc45.json,hek,191,183
assets/resources/import/69/69bd2fd8-957c-4646-b897-be38b6765a98.dbb3c.json,hek,669,661
assets/resources/import/69/69c50bda-8695-459c-84ab-88fe40458fb0.20ebb.json,hek,5270,65682
assets/resources/import/6a/6a0eba07-8c5a-433a-8d7b-9b95dee377d7.90385.json,hek,216,208
assets/resources/import/6a/6a18a793-7958-4b8f-8cf6-0b71373d7939.7871f.json,hek,86,78
assets/resources/import/6a/6a1f7efa-eb30-4e4e-8309-2d149f984d1a.91de0.json,hek,86,78
assets/resources/import/6a/6a4e3b21-b433-4783-9f71-5941f57cec3e.3e265.json,hek,210,202
assets/resources/import/6a/6a851036-d084-4a26-8118-64ec94c77791.7871f.json,hek,86,78
assets/resources/import/6a/6aa9c0ae-c357-4cf0-b954-27e942942a5c.9329c.json,hek,209,201
assets/resources/import/6a/6ab58b4c-9ab6-4396-9797-34e6585586a0.b271a.json,hek,2508,13144
assets/resources/import/6a/6ac16858-f58f-4b14-ac9f-5255d7443525.7871f.json,hek,86,78
assets/resources/import/6a/6ae67e73-e48b-46f3-8dd0-c968672d3279.20a7a.json,hek,677,669
assets/resources/import/6a/6aee313e-527d-4edc-8f43-77a6c95f44ce.1957b.json,hek,681,673
assets/resources/import/6b/6b518223-ab85-4c60-ab9c-42d02db84a44.fbbca.json,hek,222,214
assets/resources/import/6b/6b5aead3-b3ce-4e75-918d-9f8d7e083c92.e7cfe.json,hek,3524,32533
assets/resources/import/6b/6b6c74fd-a736-4414-815f-9ec317d0b74e.81825.json,hek,793,7204
assets/resources/import/6b/6b702aa3-6612-4e92-aaa4-bb0805a17466.7871f.json,hek,86,78
assets/resources/import/6b/6b9cd9fb-2260-4549-9157-5574d7e0005c.4f289.json,hek,746,738
assets/resources/import/6b/6ba6300d-2cf3-4f81-85d1-9a084eb60206.7d838.json,hek,795,787
assets/resources/import/6b/6bb93ae7-405c-4009-bbb6-0350c9a2dec8.c7863.json,hek,223,215
assets/resources/import/6b/6bf9a9cd-c465-467f-af83-f8c45fa15339.7871f.json,hek,86,78
assets/resources/import/6c/6c36418e-354c-45a9-b259-e84a3f0c8e61.7871f.json,hek,86,78
assets/resources/import/6c/6c3fccfa-20bb-4df9-9248-0487f1ee8e95.6db36.json,hek,207,199
assets/resources/import/6c/6caf099d-0ec4-48c6-9b98-1d34fbe62f5b.7871f.json,hek,86,78
assets/resources/import/6c/6cb354b4-0013-411e-9ed0-78655d5ce194.af7cb.json,hek,202,194
assets/resources/import/6c/6cc68aa1-d12e-422d-9a7e-35272e973838.bb649.json,hek,222,214
assets/resources/import/6c/6ce8f259-c755-4ea8-8890-20af17517251.30ff0.json,hek,128,120
assets/resources/import/6c/6cf84a9b-d27e-4872-9829-fb2711fbed85.6b10b.json,hek,336,1288
assets/resources/import/6d/6d209a44-ff38-4c50-8e2e-645cd121ebea.a8baa.json,hek,195,187
assets/resources/import/6d/6d3852aa-84e8-4a30-9392-4d6bad213a61.7871f.json,hek,86,78
assets/resources/import/6d/6d3aa142-629c-463a-98e9-5071994f6642.7871f.json,hek,86,78
assets/resources/import/6d/6d3b3153-19b3-4d2e-8666-5b537c7ae11b.7871f.json,hek,86,78
assets/resources/import/6d/6d49d1b5-f428-4aa3-a15a-9e1d0e276bb6.8eb6e.json,hek,580,1132
assets/resources/import/6d/6d61d558-eaaf-4bfa-8633-9f6ae05a60a2.bbd56.json,hek,205,197
assets/resources/import/6d/6d63c6a5-4f43-40a1-b34d-339cdae63a2e.0f5c6.json,hek,200,192
assets/resources/import/6d/6de793ee-ea81-4e37-abc7-53629153d644.e04d1.json,hek,1555,8672
assets/resources/import/6d/6df6c924-2ff0-45d5-9a80-d79e68a8120e.26cc6.json,hek,213,205
assets/resources/import/6e/6e60314f-c6fe-4bbd-8ef5-0d446b61c400.7871f.json,hek,86,78
assets/resources/import/6e/6ee25b5f-b5a0-42d6-8913-2b35d8295ac4.7871f.json,hek,86,78
assets/resources/import/6f/6f1bc8b9-3c2f-4e80-9fb9-970e5d7de8cf.54dd6.json,hek,615,607
assets/resources/import/6f/6f58f1b5-0764-4ba0-9977-6ec915d1ca64.3d679.json,hek,192,184
assets/resources/import/6f/6f5b7e74-74d7-4f50-b800-17ddeabeaa55.7871f.json,hek,86,78
assets/resources/import/6f/6f771f30-334f-4fd7-8860-24b6fb257693.a09b6.json,hek,192,184
assets/resources/import/6f/6fe6349c-0607-4799-b0f9-bad9094d6638.f88c3.json,hek,4114,37276
assets/resources/import/6f/6ff6c940-2229-4b54-83fa-6dc04350e9b0.7871f.json,hek,86,78
assets/resources/import/70/705534eb-007f-4440-8609-3f862f94dda8.8a4d0.json,hek,86,78
assets/resources/import/70/706f7052-a933-409b-a903-c2c96f1df858.1930c.json,hek,675,667
assets/resources/import/70/7082b9ea-d8b2-4812-83e0-ee5d27812dfe.7871f.json,hek,86,78
assets/resources/import/70/70b522f1-d07e-46c1-9408-ddfcdc3f55f3.7871f.json,hek,86,78
assets/resources/import/70/70d58be6-ac7a-4518-a51f-4854f0ba3031.99807.json,hek,227,219
assets/resources/import/71/71008b31-3bed-4c16-b6f4-4bba311975e8.68048.json,hek,508,500
assets/resources/import/71/7105a835-6973-42a7-a67a-267914b81475.81ed4.json,hek,203,195
assets/resources/import/71/710f06e5-57ba-4a23-8152-9d18a80d8698.db4d1.json,hek,200,192
assets/resources/import/71/71561142-4c83-4933-afca-cb7a17f67053.7871f.json,hek,86,78
assets/resources/import/71/718ac5a5-8853-4201-bfcb-af2726fa247c.7871f.json,hek,86,78
assets/resources/import/71/719aefcf-31be-4fbe-b41c-29ca9313387d.7871f.json,hek,86,78
assets/resources/import/71/71c99936-d6b8-4545-9b73-7670073d865f.e066d.json,hek,191,183
assets/resources/import/71/71fa8d98-a428-4c85-a38b-66ade93dc2e3.a7346.json,hek,378,370
assets/resources/import/72/720e48ab-dfff-4c11-8e24-1fb934a9fc1b.7871f.json,hek,86,78
assets/resources/import/72/72524f14-6dd9-499d-930d-771403807fa7.b2376.json,hek,4554,46787
assets/resources/import/72/725dd09c-3d73-4b81-a0fa-9fbc2c2981a0.a3fec.json,hek,1069,2188
assets/resources/import/72/726b9675-c4db-4a66-b73d-8f874e18aed4.03653.json,hek,207,199
assets/resources/import/72/72aee2fe-d3f6-466b-9874-fb079f01ad04.6b2c6.json,hek,220,212
assets/resources/import/73/733c6f44-d577-46ac-8c79-e461977dc605.7871f.json,hek,86,78
assets/resources/import/73/73b2548c-7276-4336-823a-239d37e9d58e.40ec8.json,hek,91,83
assets/resources/import/73/73c3768b-ccd7-453f-abe4-0503f522bc48.0962f.json,hek,484,1262
assets/resources/import/73/73d9ad1e-18da-4a63-a901-3f23e438a64d.694f3.json,hek,3566,32736
assets/resources/import/73/73e0d66c-1888-45c1-b2de-4e05dd358899.7eadc.json,hek,196,188
assets/resources/import/73/73e770e4-4de5-4838-91ba-a8d90d50ecc1.bb3d4.json,hek,657,649
assets/resources/import/73/73f67a12-e67a-4423-b015-6ca55e5a6001.7871f.json,hek,86,78
assets/resources/import/74/740ec774-a300-4ba8-932d-c9008b4d7696.05758.json,hek,195,187
assets/resources/import/74/7426ba31-d6ce-4ee9-87a1-b490e8a6af9c.9f9c7.json,hek,208,200
assets/resources/import/74/74425698-9c15-4321-9804-fab39876e23b.aa596.json,hek,214,206
assets/resources/import/74/747c2829-7d42-4e45-aee4-e45581709522.ce67d.json,hek,2371,6050
assets/resources/import/74/7487b303-a3f2-4adf-b2fb-040db952362d.7871f.json,hek,86,78
assets/resources/import/74/74ade1af-e360-4fb1-bde0-a318a4dc2d2c.999d4.json,hek,203,195
assets/resources/import/74/74b0e820-a1be-433c-9949-9f806c0990cb.db474.json,hek,485,1258
assets/resources/import/74/74feaf54-b32c-4202-83d1-f03a2dacc965.7871f.json,hek,86,78
assets/resources/import/75/7522edbc-ee89-4541-a0f4-184e3c663ea6.d4476.json,hek,216,208
assets/resources/import/75/75b5ee90-0797-46a8-aa10-5b22563e2efd.a7ae2.json,hek,192,184
assets/resources/import/76/761abe1d-7d2c-459d-9c15-a98e007ae490.3659c.json,hek,204,196
assets/resources/import/76/762e271e-9d17-43b6-bcda-e937419db0f9.aeec0.json,hek,2073,37127
assets/resources/import/76/76400e7a-78f4-460f-add0-09fe5c1f4d69.962a1.json,hek,584,576
assets/resources/import/76/76456011-c2bc-4b09-abd7-4d212a0f38f4.7871f.json,hek,86,78
assets/resources/import/76/7660d20c-cacd-4a21-a18e-1fe92db527f2.8ae2a.json,hek,3488,32479
assets/resources/import/76/767d020f-2c20-4b4b-8709-af4b142f5587.7871f.json,hek,86,78
assets/resources/import/76/769761e8-a5be-4333-af03-a603665d211f.cc417.json,hek,602,594
assets/resources/import/77/77042d8d-0470-41bd-aebb-0f2f3b3e28b7.7871f.json,hek,86,78
assets/resources/import/77/7708f65a-44fd-48d2-a5ce-83e0dcf677e7.1ac5a.json,hek,539,2840
assets/resources/import/77/7712b58c-4a40-4c1a-a4fb-c0dadbf75954.444e1.json,hek,207,199
assets/resources/import/77/7752a6de-9cf9-491b-94b3-4ee1d32020f5.7871f.json,hek,86,78
assets/resources/import/77/77951c30-0f49-4708-98b2-8f176be52809.7871f.json,hek,86,78
assets/resources/import/77/77c42d74-2af5-42a8-8d7d-3eeeedc821e8.5b4df.json,hek,4333,37877
assets/resources/import/78/7826f92d-1d78-46c6-b497-35cb1db38881.7002f.json,hek,1189,6373
assets/resources/import/78/785d6199-aadf-4cdd-b24e-4ad7e827b22c.7871f.json,hek,86,78
assets/resources/import/78/787144f5-899d-4210-add8-77a6bc45e9dd.02b39.json,hek,199,191
assets/resources/import/78/78a60bd7-dea2-4cca-9047-3cf86a8803a3.6fd8b.json,hek,205,197
assets/resources/import/78/78f59207-e4fe-4946-bd8e-060e6017b1ff.40ec8.json,hek,91,83
assets/resources/import/79/79564352-d79b-4d80-90be-4cf781f704d4.61a47.json,hek,241,233
assets/resources/import/79/7972d949-6f6c-4f36-a45e-e0fa55d7f640.b85d7.json,hek,192,184
assets/resources/import/79/79c910a4-2887-4794-935b-d68afb2b6291.8a4d2.json,hek,408,400
assets/resources/import/79/79e42ed0-8245-4755-b275-6f06e8bb862d.7871f.json,hek,86,78
assets/resources/import/7a/7a2a245e-050f-4e20-8492-efee2e56f406.7871f.json,hek,86,78
assets/resources/import/7a/7a44165d-95a4-403d-97b4-973462f30325.c1c41.json,hek,215,207
assets/resources/import/7a/7a917d64-5536-4d7b-bd2f-f78b3204c19a.f2d87.json,hek,692,684
assets/resources/import/7a/7aae47ac-0903-4ad5-80f1-6bbcb2fafc07.75643.json,hek,202,194
assets/resources/import/7a/7ab2cf21-b7e9-4dcd-92b9-12b0dc34bb22.a7d45.json,hek,217,209
assets/resources/import/7a/7ae74db0-c63d-4df0-ab89-fdfc223d183a.ab394.json,hek,206,198
assets/resources/import/7a/7ae93efa-56eb-4233-88c1-eadd1630f995.08fa6.json,hek,199,191
assets/resources/import/7b/7b266acf-5ba6-4238-a605-a205777372b4.04098.json,hek,1221,2579
assets/resources/import/7b/7b2a4b1e-88a5-4378-b0fa-89cfae940de2.7871f.json,hek,86,78
assets/resources/import/7b/7b501f5f-0c2e-4d88-8166-ce2651426599.f8227.json,hek,91,83
assets/resources/import/7b/7b5dde5c-f54c-48e5-8eb9-8673c00a3e62.60a78.json,hek,211,203
assets/resources/import/7b/7b7f1e32-93ca-434c-8915-1768b936cb15.7871f.json,hek,86,78
assets/resources/import/7b/7b95cb05-e002-4e97-9ce1-b22e8392ac0f.52e4e.json,hek,3652,32870
assets/resources/import/7b/7ba2c03f-de50-463a-8f10-2d60ac1519bc.7871f.json,hek,86,78
assets/resources/import/7b/7ba9d4f4-f951-49d5-8f1e-5f653a1b7a23.c57fe.json,hek,211,203
assets/resources/import/7b/7bad0941-e1f4-4913-bac7-b995c77e4018.7edd2.json,hek,651,1183
assets/resources/import/7b/7bae3014-b81d-4411-a5d3-34d7f0003a5b.d1c8c.json,hek,217,209
assets/resources/import/7b/7bb39486-2ecc-48a6-a41e-7ee183e499ad.7871f.json,hek,86,78
assets/resources/import/7c/7c12e830-f426-4a7d-a64f-0383499ef236.7871f.json,hek,86,78
assets/resources/import/7c/7cf3c039-952d-4374-b179-87678f971986.c88fe.json,hek,126,118
assets/resources/import/7d/7d09229c-bf5e-4d24-9197-eae4d7bf3fbe.b5dcb.json,hek,214,206
assets/resources/import/7d/7d3abef8-4158-43f9-ad69-b5b3d4a770e3.7871f.json,hek,86,78
assets/resources/import/7d/7d581120-8406-409b-b76d-2f3da98d1126.12dcf.json,hek,206,198
assets/resources/import/7d/7d68fb44-8bba-4ae0-ada4-220b49a91639.23a67.json,hek,228,220
assets/resources/import/7d/7d7628bc-a6d0-40a1-bab3-dcc02408a09a.d0c5f.json,hek,206,198
assets/resources/import/7d/7d93608e-452c-455c-aa48-592fe23a7c63.de6fd.json,hek,220,212
assets/resources/import/7d/7d9426af-736b-4810-8cd0-5ce9111e2d03.91de0.json,hek,86,78
assets/resources/import/7d/7d9a4fa5-8f11-4bb3-9a90-e90d2518e9a4.967b8.json,hek,2574,5987
assets/resources/import/7d/7da64615-c5bf-4892-8417-3b1d71944ec8.0a89b.json,hek,226,218
assets/resources/import/7d/7daaed25-8dfb-4da7-9350-51c9348981c2.eb6b3.json,hek,198,190
assets/resources/import/7d/7ddb378c-e098-4ca4-b712-d9225cf16219.67fd8.json,hek,210,202
assets/resources/import/7e/7e0decfc-02fc-4d10-85fb-301f68f840ce.7871f.json,hek,86,78
assets/resources/import/7e/7e4af123-c57a-4eb3-b470-58466fcf8bf0.3b685.json,hek,190,182
assets/resources/import/7e/7e6db96e-3ca8-4235-b1ca-4c8b67074c71.7871f.json,hek,86,78
assets/resources/import/7e/7ee591aa-6bad-441c-a017-e29449aeb021.2d81d.json,hek,206,198
assets/resources/import/7e/7eefb6d7-9c88-4792-8246-7f92625ecf9c.a7656.json,hek,193,185
assets/resources/import/7f/7f21d463-1cec-4e85-81aa-235952bb440b.ec8ac.json,hek,203,195
assets/resources/import/7f/7f2fae6d-6379-4773-8d11-50fc1df96b6c.4e34b.json,hek,203,195
assets/resources/import/7f/7f4e1624-1533-4e40-bad0-fc6f601426ab.7871f.json,hek,86,78
assets/resources/import/7f/7f9c2751-b799-4558-9854-2cdce470e673.f62b8.json,hek,198,190
assets/resources/import/7f/7fb1a7a8-102c-4cda-aaf3-9645d3dedb1e.112bc.json,hek,201,193
assets/resources/import/7f/7fef8078-8e68-4b86-831d-bd237ba9ded6.7871f.json,hek,86,78
assets/resources/import/80/80633022-3575-4cd4-bbd5-69b7f5340725.3181a.json,hek,4625,49444
assets/resources/import/80/80dd6391-39fe-4177-a7d7-afae7cf872e5.e8002.json,hek,188,180
assets/resources/import/80/80ffabfd-9d28-4947-84b1-11b892f89694.03506.json,hek,210,202
assets/resources/import/81/8136e745-31e4-4d81-86ca-74484571fe4f.534e2.json,hek,217,209
assets/resources/import/81/814337a6-d24d-4e25-9750-73ecc2ccc3b7.2ef7b.json,hek,210,202
assets/resources/import/82/8203252e-f67a-405d-a7c6-67f4b1d2ecc3.5dfa7.json,hek,208,200
assets/resources/import/82/82132ce7-db55-4179-a784-adf745d6c8d0.12bd7.json,hek,210,202
assets/resources/import/82/8223386b-239d-4525-9476-12fc51f44492.7871f.json,hek,86,78
assets/resources/import/82/8291acb7-053a-446d-b74f-cff22dd4cd98.da88a.json,hek,201,193
assets/resources/import/82/82a7bf16-fc79-46b3-bd25-d55b103dfb8e.7871f.json,hek,86,78
assets/resources/import/82/82adceb1-56de-49f5-940e-d08a1d9012a3.7871f.json,hek,86,78
assets/resources/import/82/82e99826-2cab-4eea-a469-f4edcb11cef4.00586.json,hek,194,186
assets/resources/import/83/830475eb-8592-419d-8583-edce3f5e0cfa.7871f.json,hek,86,78
assets/resources/import/83/839dd7e6-1230-451a-9a90-bb87906ae34b.7871f.json,hek,86,78
assets/resources/import/83/839df353-be69-4f1d-a0a6-0678263d1699.7871f.json,hek,86,78
assets/resources/import/83/83a35851-4c6b-4fb8-9531-f7bba1ebb786.7871f.json,hek,86,78
assets/resources/import/83/83d8a900-ce5d-4e18-963f-c26eaa5a9e2e.14ba9.json,hek,6279,92174
assets/resources/import/83/83e14a12-ea83-41ba-9319-242fe2c0ce4d.17e84.json,hek,206,198
assets/resources/import/83/83f8ca51-5c89-412a-b9db-3c6ca54a291e.7871f.json,hek,86,78
assets/resources/import/84/84719ab9-fd13-4135-ac12-fb27892e72e2.d3076.json,hek,202,194
assets/resources/import/84/84827fb5-339c-421a-a810-ed0bea517248.7871f.json,hek,86,78
assets/resources/import/84/84e26c32-ee88-48e1-a732-eb3dc4deb0f5.5ac59.json,hek,223,215
assets/resources/import/85/850b4c8b-402b-4edf-abb1-f060d8d58169.5622b.json,hek,539,531
assets/resources/import/85/852528e6-b2d9-4f1d-b9b3-e9e17cddcf3d.b7e3c.json,hek,225,217
assets/resources/import/85/855928d5-b6ec-4aae-980d-a681bc6ec1f1.279f7.json,hek,5742,130854
assets/resources/import/85/8569018d-77b1-417b-9ee9-59e6a358fe58.238db.json,hek,3513,32584
assets/resources/import/85/85cec4d3-5c6e-4303-8073-806851f7b5eb.7871f.json,hek,86,78
assets/resources/import/86/86089bfa-37c0-4db8-90fa-9bcba797f7c5.7871f.json,hek,86,78
assets/resources/import/86/8639a1e3-f274-4d6a-9125-0d452b3116ef.52ace.json,hek,3807,18204
assets/resources/import/87/871c565a-2782-453c-984c-cb06e79b14b4.098c2.json,hek,204,196
assets/resources/import/87/87c02e16-7830-4304-8418-8602c6d87110.7871f.json,hek,86,78
assets/resources/import/88/881eebf6-96dd-4d30-afd3-a7bc3e791226.7871f.json,hek,86,78
assets/resources/import/88/8883e2f3-662f-4f13-a551-3157e51b0ef6.5a467.json,hek,198,190
assets/resources/import/88/889eeb72-11e4-4861-bc2a-96cfe441aa10.be51a.json,hek,215,207
assets/resources/import/88/88fe529a-71cc-4b5d-bede-734fbc00430f.7871f.json,hek,86,78
assets/resources/import/89/892d6886-d0f9-42f0-9995-c1d260a03205.d6c58.json,hek,400,1324
assets/resources/import/89/896d6a58-f285-4189-a2bc-ae3c068e1e06.3bcee.json,hek,838,1707
assets/resources/import/89/8973a766-57c8-438e-b5b5-2eb8f6ad945b.db0b6.json,hek,209,201
assets/resources/import/89/89827065-fb28-4408-8a3b-23f57a1314af.f1053.json,hek,221,213
assets/resources/import/89/89aca708-0e36-49d5-9f03-d60d9f7147f0.9f59b.json,hek,208,200
assets/resources/import/89/89ba8216-4de3-43bb-9334-b663f2114ec8.a1042.json,hek,5273,89527
assets/resources/import/8a/8a800845-f27b-40ad-802c-c6f4e5c840b9.02a6c.json,hek,784,5081
assets/resources/import/8a/8ae23f66-dfb5-418a-8426-78274bc639e7.7871f.json,hek,86,78
assets/resources/import/8b/8b97227a-d27b-44a7-b1a2-c06af0f10cba.76967.json,hek,793,1568
assets/resources/import/8c/8c153e4e-5939-4f1d-be9c-c498d2200881.7871f.json,hek,86,78
assets/resources/import/8c/8c7da3b0-0660-4ec4-ba26-efc893cae939.410b5.json,hek,210,202
assets/resources/import/8c/8c912d81-686f-41da-b352-6f78d6cb5ea3.fc07f.json,hek,213,205
assets/resources/import/8d/8d3686bf-925e-447f-802d-451f1ac5d5d1.813a2.json,hek,129,121
assets/resources/import/8d/8d5d42d0-c535-4090-8e83-17d99061b841.7871f.json,hek,86,78
assets/resources/import/8d/8d772736-8212-4829-ac6e-df888292581e.4df4b.json,hek,211,203
assets/resources/import/8d/8d790a8c-159f-48a0-b9f5-24d85f37e8fd.7871f.json,hek,86,78
assets/resources/import/8d/8d9a9576-d9c0-4b99-8cc3-8fc02bca1fb8.7871f.json,hek,86,78
assets/resources/import/8d/8d9b1539-5c80-4938-b0fb-bbefc3f7c993.8ce74.json,hek,4387,37800
assets/resources/import/8d/8db296ba-a09b-49cc-beca-f7423cd57b12.7871f.json,hek,86,78
assets/resources/import/8d/8dbb9067-3df6-40a3-a279-f108995ea113.158d6.json,hek,210,202
assets/resources/import/8d/8de90040-4406-4e5b-b2ef-4340c0a31b25.7871f.json,hek,86,78
assets/resources/import/8e/8e2dd408-689d-45fa-8f34-7d80c3e0e3f5.646bf.json,hek,204,196
assets/resources/import/8e/8e3bce35-5a21-41f9-8b8a-acaa33342d86.9a995.json,hek,207,199
assets/resources/import/8e/8e453c84-f422-44e1-804b-e9e9de22081d.37bf6.json,hek,4684,47852
assets/resources/import/8e/8e574bec-6cd1-4690-8e69-88676eb2e7c2.2f1a3.json,hek,208,200
assets/resources/import/8e/8eb83a07-a146-4472-bc8b-8b5d270af95e.12c53.json,hek,846,838
assets/resources/import/8f/8f7d2066-fbff-4a75-ba69-cb46d3f6c324.c5ae4.json,hek,707,699
assets/resources/import/8f/8fa91d00-bad2-409d-8f1d-cbcceef6e9c4.7abd9.json,hek,600,3194
assets/resources/import/90/9020b71a-aab6-4b8c-ba78-6eec53428f6d.8da2e.json,hek,222,214
assets/resources/import/90/902828b5-c552-4c03-bf39-a6250c02152f.7871f.json,hek,86,78
assets/resources/import/90/9069ab85-f047-4d56-842f-4facf5a1aa9a.7871f.json,hek,86,78
assets/resources/import/90/90d84aa9-8ace-4512-b097-fbb927aac9cc.90c95.json,hek,4656,49450
assets/resources/import/90/90dd8928-93f5-4aaf-a4d6-c939b2ce721a.a1a7e.json,hek,205,197
assets/resources/import/91/9131ae8f-0d09-402e-9fa5-1fc709e9e64c.0cbb0.json,hek,129,121
assets/resources/import/91/914d79e7-c59a-4b18-bd46-96de11714ab4.597f2.json,hek,5194,13238
assets/resources/import/91/915468c3-3897-4f42-94e8-ad11c339cb1a.cf0f0.json,hek,230,222
assets/resources/import/91/916046fb-e338-483d-acd5-486dcb8c8196.1467a.json,hek,210,202
assets/resources/import/91/917eca4a-ed20-4483-ae54-d209e444f2a9.0d08f.json,hek,833,825
assets/resources/import/91/9194c538-c6e1-4761-b306-260096f52257.8a4d0.json,hek,86,78
assets/resources/import/91/9198e573-803a-4d5a-aaf6-9fde87c09014.36bcc.json,hek,211,203
assets/resources/import/91/91b948ed-edb7-4eeb-a6a3-85a7cd9790aa.7871f.json,hek,86,78
assets/resources/import/91/91da9a66-59ec-4203-90ad-c3041a85c691.6a10e.json,hek,205,197
assets/resources/import/92/9226976b-99f3-4e25-a756-9d2bde249366.8bdec.json,hek,3205,9442
assets/resources/import/92/922fab89-c82b-4563-84c5-533ca6a71ec0.12fc9.json,hek,565,557
assets/resources/import/92/9232fe98-0c90-4e55-bbfc-eb673ca17155.7871f.json,hek,86,78
assets/resources/import/92/9242932f-13d7-430a-b56c-188a849c4e3e.7871f.json,hek,86,78
assets/resources/import/92/92d5d843-fc12-4acc-855e-440b5af2ea8c.d9a43.json,hek,220,212
assets/resources/import/92/92e83f00-15b8-4e19-9071-8da5f68e1008.7871f.json,hek,86,78
assets/resources/import/93/931a908f-b62d-4570-bbd0-79b8e81b5191.7871f.json,hek,86,78
assets/resources/import/93/931c6d88-86a0-4afa-b03a-faebc0bb45ef.5ae3b.json,hek,133,125
assets/resources/import/93/93213bae-c251-4d32-b0cd-83593c1e7f48.1b25b.json,hek,195,187
assets/resources/import/93/9384b12e-c54c-42f8-97bd-107da6e535b4.8a4d0.json,hek,86,78
assets/resources/import/93/93a701b0-62f8-4689-80dc-e8348613cd8e.7871f.json,hek,86,78
assets/resources/import/94/941cd49f-8099-407f-a711-e187795867df.8a0a9.json,hek,201,193
assets/resources/import/94/947b2f12-7904-4ded-a96f-09085da70478.1d946.json,hek,212,204
assets/resources/import/94/94a60940-61be-4fcf-b998-2f6157efcbb3.7871f.json,hek,86,78
assets/resources/import/94/94bc31c0-2a37-45e7-9eed-51ed7c68612d.fcf39.json,hek,210,202
assets/resources/import/94/94d5a89f-47f5-40c5-9a50-2c8fc86ccb72.c1e6a.json,hek,4455,60415
assets/resources/import/94/94f27cd8-c986-49c8-901e-08c723dd0fb6.7871f.json,hek,86,78
assets/resources/import/95/950ed6fd-d55d-4788-8ce0-117462000b08.cbb58.json,hek,213,205
assets/resources/import/95/953a7133-80c2-4d32-95e6-e28c287b5556.5b629.json,hek,1566,3449
assets/resources/import/95/954b8cce-bda5-47a4-919e-d81c89f32225.86329.json,hek,1172,2477
assets/resources/import/95/9586f5bd-35f4-4d8f-906e-10c9a47903a2.7871f.json,hek,86,78
assets/resources/import/95/958f4d69-152a-4fa7-8b4e-5191d3f98964.91de0.json,hek,86,78
assets/resources/import/95/959d5830-4217-41ff-b9a6-4619da5a3cf5.7871f.json,hek,86,78
assets/resources/import/95/95bbb8e9-2f71-4e5c-af7d-43dae9aa073b.db1c3.json,hek,203,195
assets/resources/import/95/95cf089b-6700-4494-9ee2-6a571dd31c95.91de0.json,hek,86,78
assets/resources/import/95/95e667d8-2f10-4613-8d03-aa3b5621561d.7871f.json,hek,86,78
assets/resources/import/96/96364cf2-9eaf-40ce-88a4-62758116f7e3.2f35f.json,hek,580,572
assets/resources/import/96/967646dd-80e7-48ca-94ed-b8ec2eb4d2a6.54ae3.json,hek,569,2100
assets/resources/import/96/968fa0a9-a79e-4895-ad2d-3addf5adc173.8523e.json,hek,138,130
assets/resources/import/96/96b322e0-da08-4b09-a66e-a402f0b79dad.e7f63.json,hek,662,654
assets/resources/import/96/96b83310-9753-41cf-846a-7e19f002bb2d.7871f.json,hek,86,78
assets/resources/import/96/96e2dbd5-73c1-4d93-949c-c0c8365a3681.63b9f.json,hek,206,198
assets/resources/import/96/96e2fb00-a086-47a9-9733-8ce7a6d63e53.7871f.json,hek,86,78
assets/resources/import/97/975774b2-0db7-45f3-8a7f-550c3ee85fba.92426.json,hek,213,205
assets/resources/import/97/977909bc-09bb-4b2f-b60f-b461262c9eeb.9b85c.json,hek,199,191
assets/resources/import/97/9791e9af-3273-425d-917f-f3bfdc8c99b2.1cbe5.json,hek,1704,7965
assets/resources/import/97/97ea0603-e518-4aef-bd5e-bc5f4a23d835.7871f.json,hek,86,78
assets/resources/import/98/984d9eae-9bcd-4ee8-afac-3f9fd7488530.7871f.json,hek,86,78
assets/resources/import/98/98b5f4dd-eaf6-4404-bf85-4098f0041b5a.93d1a.json,hek,202,194
assets/resources/import/99/9998b439-504c-4811-8cf5-55580308666a.f15b6.json,hek,225,217
assets/resources/import/99/99a361bd-4cd6-4970-b1f9-7027e884c8cb.aeb1a.json,hek,1416,3057
assets/resources/import/99/99d00e42-4af3-4a03-93aa-c64f396ed55e.f1e15.json,hek,663,655
assets/resources/import/9a/9a184f70-cfde-4ab6-bd57-a426cb4ddc91.7871f.json,hek,86,78
assets/resources/import/9a/9a1f332c-1a96-4062-95b8-89763302508d.7871f.json,hek,86,78
assets/resources/import/9a/9a78b076-aaef-4591-aeda-d3ab43f80b81.b0922.json,hek,215,207
assets/resources/import/9a/9a7e5e4f-89ac-4609-80cf-c50d8c08b609.dd806.json,hek,223,215
assets/resources/import/9b/9b746475-b8fb-4023-a842-8d294ee2632b.7871f.json,hek,86,78
assets/resources/import/9b/9bd130d7-d2e1-44e4-a6a6-8530bdd25b81.18671.json,hek,4181,37760
assets/resources/import/9b/9be88e9c-ea06-4545-bb3d-116f153c35d1.0c4fe.json,hek,630,622
assets/resources/import/9b/9bfeae0c-2b98-4c73-b261-a201d40ae21c.7871f.json,hek,86,78
assets/resources/import/9d/9d0d39f9-55d1-44cd-baf2-1d9528958f02.7871f.json,hek,86,78
assets/resources/import/9d/9d268241-1947-40d3-b078-7c89bcbdbcf6.7871f.json,hek,86,78
assets/resources/import/9d/9d35f5f9-b6c8-48f3-8bfb-bb9e028bbf45.74032.json,hek,216,208
assets/resources/import/9d/9d3937c0-2b69-4dfd-a0d7-d4350f391350.7871f.json,hek,86,78
assets/resources/import/9d/9d50381c-361b-45df-a67f-ab7904123460.7871f.json,hek,86,78
assets/resources/import/9d/9d653208-c07a-4fe2-840b-2fdeaac83451.b1e30.json,hek,527,519
assets/resources/import/9d/9d8ad2af-c297-4775-aca8-37185727f180.7871f.json,hek,86,78
assets/resources/import/9e/9e04ac23-3a6f-4959-bded-f62c722ff647.5afdc.json,hek,211,203
assets/resources/import/9e/9e8113f9-14ec-4906-a6af-51528daada61.7871f.json,hek,86,78
assets/resources/import/9e/9ea341c0-ffbb-400a-a8d2-f43a0b10c20d.9e6e8.json,hek,198,190
assets/resources/import/9e/9eba54f4-3c9b-4ca3-81a2-58e93e388685.16f45.json,hek,5410,90431
assets/resources/import/9e/9ebe56c1-cdd0-4d85-93b2-b43f99f33693.2a991.json,hek,203,195
assets/resources/import/9e/9eee435d-4948-42bd-a23a-a5af8623435f.021c6.json,hek,138,130
assets/resources/import/9f/9f5281c3-1123-4bf0-ad0f-2c3097607ca2.9747d.json,hek,1031,1023
assets/resources/import/9f/9f75bf18-4423-49db-98bd-0f963d572bd9.06d69.json,hek,114,106
assets/resources/import/9f/9f7b5734-55ce-47ed-afd6-d6509451883a.91de0.json,hek,86,78
assets/resources/import/9f/9f7ca663-6146-4e57-b493-a6ec87155869.7871f.json,hek,86,78
assets/resources/import/9f/9fd55076-eb60-40f4-af4f-ffcdb321ee5c.425b8.json,hek,479,471
assets/resources/import/a0/a0be1385-f976-44f6-ab4a-676d69e5314d.9cdf4.json,hek,572,564
assets/resources/import/a0/a0d76810-8527-411c-87be-8c446ba10653.73a0d.json,hek,212,204
assets/resources/import/a1/a146c40d-1b78-41b1-86dd-61c6e8fb9db2.ad3c0.json,hek,996,4769
assets/resources/import/a1/a18192e7-4aba-4858-bc2b-86cfd3bb65ad.6e3b3.json,hek,197,189
assets/resources/import/a1/a181de27-9da6-44e5-8945-8ca99296b037.7871f.json,hek,86,78
assets/resources/import/a1/a1f4a04a-ba4b-4b7c-95f0-d17c41064247.ec67e.json,hek,208,200
assets/resources/import/a2/a23235d1-15db-4b95-8439-a2e005bfff91.43d76.json,hek,206,198
assets/resources/import/a2/a2a948f1-e7de-4a1f-9437-d11fd743ffcc.7871f.json,hek,86,78
assets/resources/import/a2/a2b0046e-9bb0-44d3-89e4-d11f7c2d61b2.1cf02.json,hek,209,201
assets/resources/import/a3/a30666db-05a1-4d4d-b5dd-2f5f7569d62f.7871f.json,hek,86,78
assets/resources/import/a3/a32b682f-7faa-416e-ba76-1b1e3fa31e29.d096a.json,hek,3124,17441
assets/resources/import/a3/a3612c38-d378-4922-8961-43754bd6ea03.b9f01.json,hek,1218,8250
assets/resources/import/a3/a37009c8-4601-4c83-8d15-87f9e335620c.7e648.json,hek,3628,36299
assets/resources/import/a3/a3b2d3dd-b4ce-497d-988f-4c51b703a597.8a2d4.json,hek,199,191
assets/resources/import/a3/a3f506ef-6764-48aa-97a6-e4ad965fc45d.9f1c0.json,hek,138,130
assets/resources/import/a4/a41a3705-16fe-4ba4-83d4-321ecd97a833.671dc.json,hek,131,123
assets/resources/import/a4/a450f2f6-d4d8-4e71-8d64-597b62cfcba4.1761a.json,hek,214,206
assets/resources/import/a4/a46f1f52-8378-478a-999a-031af3a95258.670f7.json,hek,338,1288
assets/resources/import/a4/a4ac735b-a90a-4ab5-aec7-7534c54817d5.02ab7.json,hek,402,1127
assets/resources/import/a4/a4bfdadc-5ad7-4846-a50b-381a3c03f684.7871f.json,hek,86,78
assets/resources/import/a5/a59ac73c-ee84-4cc1-92f5-2122657425f1.8752d.json,hek,192,184
assets/resources/import/a5/a5ab460d-f352-4e4d-b15e-b3a7175d0237.81edf.json,hek,750,742
assets/resources/import/a5/a5ae30e1-5fe3-4d42-abb9-93abc5006f21.d3f89.json,hek,212,204
assets/resources/import/a5/a5d5d176-9886-415b-9769-69be06090d9d.a60a6.json,hek,191,183
assets/resources/import/a5/a5f4286e-db49-4c7d-9dc5-9e1d530900ce.7871f.json,hek,86,78
assets/resources/import/a6/a608ac14-1e89-47f7-845b-5254a70021b2.7871f.json,hek,86,78
assets/resources/import/a6/a60dfdaf-1655-4911-a37c-425b9552dc35.a8f8f.json,hek,341,1167
assets/resources/import/a6/a64a31e3-c0eb-4524-910f-602b1ab4d6b1.a48f3.json,hek,593,585
assets/resources/import/a6/a686eeb1-6731-4c81-8cee-4ac930f464c6.7871f.json,hek,86,78
assets/resources/import/a6/a687fff3-f463-49fe-b6ea-86c6d8dc72cb.19a42.json,hek,212,204
assets/resources/import/a7/a745712c-0743-4617-a972-813b3ec0f00a.6c7be.json,hek,4681,49453
assets/resources/import/a8/a81c79b8-6898-41d8-8657-e14fd849dd12.e7106.json,hek,199,191
assets/resources/import/a8/a846c5c5-40f0-4a08-8c4c-863f293d3259.cd4c7.json,hek,216,208
assets/resources/import/a8/a8dfa1e6-eea6-45ad-9875-63efa652a5a2.41245.json,hek,9766,491751
assets/resources/import/a9/a9de6496-b044-4149-b22e-d1cfa571834c.7871f.json,hek,86,78
assets/resources/import/aa/aa2405fe-9a04-47bd-90db-7346989af9a7.94eca.json,hek,3615,32751
assets/resources/import/aa/aa4f4d49-f1e7-4692-bb6e-a3ea19dc7b8f.d7e8b.json,hek,218,210
assets/resources/import/aa/aa6e50c8-1b35-49b3-8cfb-644e535e7c17.6518d.json,hek,646,638
assets/resources/import/aa/aadca310-ffb5-4959-8fdf-d859210339f0.6e3f5.json,hek,200,192
assets/resources/import/ab/ab0de358-0daa-489a-9799-84834f104a86.7871f.json,hek,86,78
assets/resources/import/ab/ab616bde-11ac-4c18-b4d1-6c3e991e4e24.ba1af.json,hek,209,201
assets/resources/import/ab/ab8dd6f3-a990-48bc-a071-e15537a14309.7871f.json,hek,86,78
assets/resources/import/ab/abbff634-070b-41ee-ad23-ce1023590a15.21cda.json,hek,5382,89611
assets/resources/import/ab/abccc4a6-d9e8-4651-ac26-bef615e43f36.7871f.json,hek,86,78
assets/resources/import/ab/abed2137-88e7-4019-a089-12d7ba0eb96c.99b54.json,hek,334,1286
assets/resources/import/ac/ac26b104-d5a2-4353-834d-f905ad0c32f3.fe0f7.json,hek,215,207
assets/resources/import/ac/ac6e3347-43b8-4caa-9296-396770c0a45d.d543d.json,hek,134,126
assets/resources/import/ac/acbb0e19-5aa9-4029-894b-990c93de921e.1efa8.json,hek,202,194
assets/resources/import/ac/acedb75f-5228-47c7-8ee9-7b4987dfaec4.f0520.json,hek,901,893
assets/resources/import/ac/acf49fa9-c1c5-4c05-acc0-7edc23585443.a1fd6.json,hek,215,207
assets/resources/import/ad/ad699fdf-dee3-44c0-87a8-92736d7eb2d7.0a0e7.json,hek,206,198
assets/resources/import/ad/ad7f8ff1-8085-4706-9c98-5d05955e221c.7871f.json,hek,86,78
assets/resources/import/ad/ad8b9e4d-a6d8-4da6-986c-f9427489dd88.39390.json,hek,1219,5259
assets/resources/import/ad/add41064-a7a6-4dcb-8883-499871625266.85294.json,hek,739,1487
assets/resources/import/ad/add63b9a-2e6d-4daa-b86c-626675aa1d65.d2df7.json,hek,205,197
assets/resources/import/ae/ae207c81-bba0-4638-8218-1a9328cbe2e8.1ec35.json,hek,3141,36197
assets/resources/import/ae/ae33b068-3537-4a61-bba9-d4b1e413f413.e97c1.json,hek,1645,15994
assets/resources/import/ae/ae3d738d-565f-4bc1-a193-8ea8b744937e.972d1.json,hek,215,207
assets/resources/import/ae/ae96c31f-d5dc-4e52-b574-76d88244d05d.c2599.json,hek,204,196
assets/resources/import/ae/aebfc788-7118-4878-a186-67b14634964e.a2e75.json,hek,214,206
assets/resources/import/ae/aee1739f-7339-47fc-b498-2ce3b1c74e4c.7871f.json,hek,86,78
assets/resources/import/af/af368260-3d8e-4d5b-8cf2-582f7059ce6c.b83ac.json,hek,4694,48159
assets/resources/import/af/afff9767-736b-4b65-8b8f-8827e118a140.7871f.json,hek,86,78
assets/resources/import/b0/b0152297-3116-45d5-84bf-d536a87a9670.7871f.json,hek,86,78
assets/resources/import/b0/b022b419-612b-49cf-a5b6-1ca0c1c4b28e.7871f.json,hek,86,78
assets/resources/import/b0/b044b7c9-4be1-4614-bd07-d15cad60f5a0.7871f.json,hek,86,78
assets/resources/import/b0/b05d341d-1276-4936-ab55-0f00cad041a9.02ea7.json,hek,601,2541
assets/resources/import/b0/b0ca99fa-bbfd-47af-8496-6a349b948d08.963fd.json,hek,196,188
assets/resources/import/b1/b11aa1e2-3fdc-4d33-a2e0-c68588179c80.7871f.json,hek,86,78
assets/resources/import/b1/b138d9aa-ccad-40ae-86da-0e7bc3cba5d8.2baed.json,hek,210,202
assets/resources/import/b1/b18c0f65-2415-4e08-b6a9-ce7baf19ab6f.32782.json,hek,1138,12956
assets/resources/import/b1/b1ab4340-9176-4b67-814d-e7f01207b821.7871f.json,hek,86,78
assets/resources/import/b1/b1ba5929-5fc2-4cbe-a077-076aa1954e75.abb65.json,hek,3487,32556
assets/resources/import/b1/b1f06448-a7b5-403c-a597-b64c730a4d82.7871f.json,hek,86,78
assets/resources/import/b2/b214506f-fce0-4c2d-a603-6b4d918c7332.a54c1.json,hek,1952,36172
assets/resources/import/b2/b21b33c3-8628-4370-87b7-99a836d72f59.40ec8.json,hek,91,83
assets/resources/import/b2/b240c373-e952-4ed3-b646-e71079140645.560d2.json,hek,1994,4505
assets/resources/import/b2/b28afb94-fcb7-44a5-a555-1cc1254c537d.7871f.json,hek,86,78
assets/resources/import/b2/b2a9aa97-f3ca-4633-95a7-e6e6ea0816aa.bb96b.json,hek,926,1863
assets/resources/import/b2/b2ccd8e9-1688-461f-8be8-7d273aedfb11.9373d.json,hek,743,735
assets/resources/import/b2/b2ed8fc5-dbe2-442a-87b6-65ed13f6eea2.dde87.json,hek,210,202
assets/resources/import/b3/b33181d8-73ec-4de1-a02d-95dae07ea5b9.699ad.json,hek,204,196
assets/resources/import/b3/b332420a-a003-4272-890e-ff4d772e13d6.7871f.json,hek,86,78
assets/resources/import/b3/b3501b6c-210e-483d-932e-ea1470bfb528.7871f.json,hek,86,78
assets/resources/import/b3/b362698c-32f6-4bfb-80bc-d35daf03d8bf.d0184.json,hek,3437,32496
assets/resources/import/b3/b368395a-614d-42c1-8a21-2c643cdeb7dc.40ec8.json,hek,91,83
assets/resources/import/b3/b3d5ae94-5b4d-40c2-8e92-289b8365295c.3936f.json,hek,220,212
assets/resources/import/b3/b3db3b15-0c3b-443b-a48e-e6e8ba7e2f58.7871f.json,hek,86,78
assets/resources/import/b3/b3e9f3e2-9617-4785-accd-d7545fa5e9b2.15a05.json,hek,633,625
assets/resources/import/b4/b42999de-aabf-49fe-84f1-e6adbc5a621e.f8a5a.json,hek,192,184
assets/resources/import/b4/b42dab01-afe8-42bf-a98a-f35724483220.6e42d.json,hek,199,191
assets/resources/import/b4/b4390cb3-72f4-4581-8bc2-2104be406df6.7871f.json,hek,86,78
assets/resources/import/b4/b43ff3c2-02bb-4874-81f7-f2dea6970f18.7871f.json,hek,86,78
assets/resources/import/b4/b479f8c1-49ec-4d0d-8154-bf20ace18f98.3a6ae.json,hek,2436,5933
assets/resources/import/b4/b49622ec-0a00-46fa-959f-a1f773e80969.42fec.json,hek,209,201
assets/resources/import/b4/b4da6534-52f9-42fa-a8a5-93807ffcd00b.7871f.json,hek,86,78
assets/resources/import/b4/b4df4d7c-6dd3-4c4c-8509-7dec8b945cb2.59c57.json,hek,3590,36337
assets/resources/import/b4/b4fe0a40-e3f5-4427-b966-4fd70520dd2b.7871f.json,hek,86,78
assets/resources/import/b5/b50286fd-d1d4-4c1e-bd68-e9451859a28c.5aa4b.json,hek,199,191
assets/resources/import/b5/b51b02ee-90f6-416f-8cea-cfbeadb0ede6.be579.json,hek,195,187
assets/resources/import/b5/b53bd7f2-9396-448a-b19e-83103dcb58cd.f1dab.json,hek,216,208
assets/resources/import/b5/b5540a91-de6e-4a6a-9411-59a447e566b4.766f9.json,hek,206,198
assets/resources/import/b5/b579a3f3-6a89-4720-8507-da4e0f7a9c87.7871f.json,hek,86,78
assets/resources/import/b5/b5d07f0e-d089-4a0a-9a2e-853a25717657.f9154.json,hek,195,187
assets/resources/import/b6/b64ba0c7-97e2-4608-b1cd-38a870a32c81.d6ff3.json,hek,214,206
assets/resources/import/b6/b68fc280-9b0e-4230-9f7e-fe2bf98e8fd7.b0429.json,hek,902,1770
assets/resources/import/b6/b6ac4f52-afdb-416c-adf5-53c94ba43069.388dc.json,hek,192,184
assets/resources/import/b6/b6eb84e2-a1ca-4805-9b9e-8f65ba15a465.14c3c.json,hek,192,184
assets/resources/import/b6/b6f49c54-47fc-451a-95f5-cd6cedcef6bb.5b82d.json,hek,1087,6990
assets/resources/import/b7/b74e5d0c-bb95-428a-a624-ee236863c52e.5d002.json,hek,220,212
assets/resources/import/b7/b7501ba6-7a59-421f-98da-a5c045705797.a2dcb.json,hek,130,122
assets/resources/import/b7/b76a60ae-ba0c-4fab-a8e9-6e1684e3c23c.7871f.json,hek,86,78
assets/resources/import/b7/b785694d-dbd5-4e23-83c9-7a96baaadea4.f3182.json,hek,2167,37626
assets/resources/import/b7/b7e054b9-d71b-4630-8e20-eef72795a13c.7871f.json,hek,86,78
assets/resources/import/b8/b814c51f-a8fd-4b54-b413-a8a6ae763a84.b2879.json,hek,210,202
assets/resources/import/b8/b83cc76c-2861-4e92-9830-93069737700b.7871f.json,hek,86,78
assets/resources/import/b8/b85451d2-5609-4fc0-a9b6-a23030641463.13e64.json,hek,212,204
assets/resources/import/b8/b8a4c25e-6d3e-41b3-b614-86222ad41070.260b3.json,hek,212,204
assets/resources/import/b8/b8cccc3a-e850-454f-9b72-57f240296ca4.40ec8.json,hek,91,83
assets/resources/import/b8/b8ea53aa-fe65-487a-9905-ef548b2425c8.7871f.json,hek,86,78
assets/resources/import/b9/b91bba17-3d77-4ace-81c4-2abc5f65dbfa.bf5fd.json,hek,2016,4503
assets/resources/import/b9/b94219f9-7ccf-4ff5-b4cb-611537aa6bee.7871f.json,hek,86,78
assets/resources/import/b9/b94685d2-6850-4d36-a2c5-dde960370423.c972f.json,hek,211,203
assets/resources/import/b9/b9505934-5e3f-4b26-910a-983ee03002d6.4a7ab.json,hek,211,203
assets/resources/import/b9/b96f7858-02c1-4c13-8dde-b9e05d720bfd.91de0.json,hek,86,78
assets/resources/import/b9/b9ca149a-c6be-4441-8dae-034ab8563843.7c570.json,hek,1262,6084
assets/resources/import/ba/ba274d71-fd33-4004-9c45-c916ac4e6583.37182.json,hek,218,210
assets/resources/import/ba/ba38a656-a3c2-480c-a6cf-40c5a24baf15.fd4b1.json,hek,201,193
assets/resources/import/ba/ba52406b-c97a-4f2c-a067-b5142cef9254.804b2.json,hek,209,201
assets/resources/import/ba/ba68cfc1-ea93-4b0a-83b7-175e78ae838f.0d3a5.json,hek,209,201
assets/resources/import/ba/ba722c20-6bbe-4917-bb02-dbd57cc676d9.3f776.json,hek,2075,4693
assets/resources/import/ba/baa7ad5a-9ec4-4ae6-a625-6d7d9f082930.b5fe2.json,hek,207,199
assets/resources/import/ba/bab9ace7-1de2-47aa-95fa-e0285ef0b42a.c8ea0.json,hek,213,205
assets/resources/import/ba/baf85a74-5678-43aa-85ec-36187d849664.7871f.json,hek,86,78
assets/resources/import/bb/bb05a2a1-28f1-4831-b2af-d788d37c1f9f.7871f.json,hek,86,78
assets/resources/import/bb/bb0e2f78-c5de-43f4-8eb8-6423c764bb33.000a1.json,hek,217,209
assets/resources/import/bb/bb52cb3c-521c-4683-9d8b-51484c050b4f.826c0.json,hek,215,207
assets/resources/import/bc/bc532c4d-ce23-41be-a1c8-d1b77cdb9647.7871f.json,hek,86,78
assets/resources/import/bc/bc5b0ea7-a7ea-4a88-92e9-b5f58a6a4fba.d43ab.json,hek,5379,89529
assets/resources/import/bc/bcbf9f22-56f2-45f6-8d77-6da9ea33abc4.f916a.json,hek,137,129
assets/resources/import/bc/bcd9d54f-c66f-4931-bd1f-ea2b301a8835.181ca.json,hek,211,203
assets/resources/import/bc/bcde4d43-6471-44f2-aaa7-b64a810257d3.451f7.json,hek,3229,47570
assets/resources/import/bc/bcf589c9-db78-422d-9c5e-85c83f720bfc.7871f.json,hek,86,78
assets/resources/import/bd/bd1cfba3-f199-48bb-aee9-f6fa1fd4466d.8f4b7.json,hek,4536,40105
assets/resources/import/bd/bd502ecd-5273-41ba-b2fd-46f1db70a56e.2e3e3.json,hek,223,215
assets/resources/import/bd/bd581582-605e-4f42-9cf0-214c8f334da2.7871f.json,hek,86,78
assets/resources/import/bd/bd6d3330-209d-402d-b437-4d165e95647b.7871f.json,hek,86,78
assets/resources/import/bd/bd808ddd-1aad-4477-9adf-1ae9874bbb7a.abf89.json,hek,208,200
assets/resources/import/bd/bd85ed14-35f0-4728-84b1-32db0953bf57.7871f.json,hek,86,78
assets/resources/import/bd/bd99036f-5ff7-44f6-8303-e97518a711d6.5ceed.json,hek,617,609
assets/resources/import/bd/bdb56a2a-a434-46a7-ad2b-4673440bf32c.7871f.json,hek,86,78
assets/resources/import/bd/bdea97ab-879d-4786-8f9e-9d87bcb8a0b5.23f80.json,hek,199,191
assets/resources/import/bd/bdfca43b-6d68-49f9-a7f4-eef79def1d79.0a93d.json,hek,213,205
assets/resources/import/be/be064e6f-2441-47f5-9697-71d63bef4438.388bb.json,hek,212,204
assets/resources/import/be/be298f3b-5fd0-47f3-8e98-fcabee8b6909.6a6ee.json,hek,208,200
assets/resources/import/be/be479a02-2c15-44e1-9db4-f7a720392f76.ca6aa.json,hek,212,204
assets/resources/import/be/be52b631-4977-4d2b-8a2d-3c695c6c5c04.1f052.json,hek,5398,90443
assets/resources/import/be/bebfb39b-f6b8-4af9-bd1e-8dfd4d2ac5b9.bae2b.json,hek,214,206
assets/resources/import/bf/bf28e74b-3fe0-4bd5-b400-cc5d4fda3a4b.40ec8.json,hek,91,83
assets/resources/import/bf/bf56bbea-4afc-4f7a-93b0-49b326abff8c.7871f.json,hek,86,78
assets/resources/import/bf/bf974d3e-6f83-4ddc-a599-4cf21c84867c.7871f.json,hek,86,78
assets/resources/import/bf/bff1ee57-a4df-486e-9039-f492e1917d08.7871f.json,hek,86,78
assets/resources/import/bf/bff95fcf-07f4-43da-9b40-3f23a9d32692.5c17b.json,hek,128,120
assets/resources/import/c0/c0638d77-5cb3-44ba-a9bf-51489c1da6c5.731d1.json,hek,353,1282
assets/resources/import/c0/c0651009-6199-4bbf-97f0-f39b7b5e8e0d.7871f.json,hek,86,78
assets/resources/import/c0/c0aa5a72-f132-457c-84ef-b72cc019cec1.208b6.json,hek,3529,32493
assets/resources/import/c0/c0ac584a-78f7-4d90-954c-668b9ffb746d.7871f.json,hek,86,78
assets/resources/import/c0/c0d49e4b-2aa5-471b-8712-f90be67fbb3d.5820e.json,hek,212,204
assets/resources/import/c1/c166dca5-cc17-436e-bb36-c6f26ce3a095.53af8.json,hek,204,196
assets/resources/import/c1/c17b1292-1c9f-46f1-a217-cdd64a7aeeab.fa42c.json,hek,192,184
assets/resources/import/c1/c17f13e3-d9f1-4349-8c0b-84c48909c32c.e3d0c.json,hek,196,188
assets/resources/import/c1/c18214b6-0369-48e1-93a6-138c60664e03.40d91.json,hek,203,195
assets/resources/import/c1/c1aca251-a4fe-4eb4-aaf9-10687123b828.f727d.json,hek,86,78
assets/resources/import/c2/c2053496-6f99-4986-bd43-3ba5ae3b24d7.d7300.json,hek,199,191
assets/resources/import/c2/c24393af-45cf-49d9-9a71-22f0a617d407.91de0.json,hek,86,78
assets/resources/import/c2/c26a3888-f129-433b-a3d9-22d2e2caafa1.bf0d2.json,hek,211,203
assets/resources/import/c2/c2e82427-72bd-4e6b-8615-c1982d62f606.7871f.json,hek,86,78
assets/resources/import/c3/c34af686-34ae-482e-a3ef-f6e5d5a820a1.ade08.json,hek,205,197
assets/resources/import/c3/c3583fe3-4ee7-4516-acbe-686f74a30ff9.615ed.json,hek,542,534
assets/resources/import/c3/c35b22a8-34e7-4198-a2df-8e824afc555d.84bb3.json,hek,2200,5002
assets/resources/import/c3/c3738e71-034d-4dd8-8889-0726f41d090e.53c5c.json,hek,211,203
assets/resources/import/c3/c3adf059-b12b-4bea-b037-40f75a07990e.7871f.json,hek,86,78
assets/resources/import/c3/c3df9c07-8ec3-4c89-8b08-a702e935a058.85ada.json,hek,220,212
assets/resources/import/c3/c3f7d1f3-83dd-4dca-aa23-75f71ef7bba5.7871f.json,hek,86,78
assets/resources/import/c4/c40cdfe8-bc8c-4596-8460-0e034e770cfb.7871f.json,hek,86,78
assets/resources/import/c4/c4286741-dc39-4620-8460-546542829068.8f192.json,hek,215,207
assets/resources/import/c4/c448bd98-0bba-44d1-997f-eba465ae3e60.78e9b.json,hek,192,184
assets/resources/import/c4/c4b67c07-329d-4540-b939-e114ee992b80.0d0e2.json,hek,200,192
assets/resources/import/c4/c4e2cea7-376b-4b8c-849b-1a0bf23656e3.77c90.json,hek,191,183
assets/resources/import/c4/c4ffa285-225b-48d5-9502-c5066eeb824a.15de1.json,hek,224,216
assets/resources/import/c5/c5582363-b728-4cef-b8b7-3f110f1118a3.249e4.json,hek,2112,38020
assets/resources/import/c5/c577c001-8971-459a-8905-4aeff77718c1.7871f.json,hek,86,78
assets/resources/import/c5/c59e2c71-131e-4521-a721-d9c14373a41c.e02ba.json,hek,138,130
assets/resources/import/c5/c5acc01d-5ef4-4715-ba44-b1c597f4ff33.66e52.json,hek,201,193
assets/resources/import/c5/c5e7d6f6-84df-470f-9327-40c64e978557.7871f.json,hek,86,78
assets/resources/import/c5/c5f1ac80-212d-43cd-9c14-78050c6afbf6.6d468.json,hek,189,181
assets/resources/import/c5/c5f263b9-72f5-4ef6-96c5-05855c41a782.777db.json,hek,192,184
assets/resources/import/c5/c5fe8f06-777e-4d6c-83c1-f9dab911ae7f.c44c2.json,hek,195,187
assets/resources/import/c6/c640caf2-c396-40f2-9080-e9d503bf249e.621c3.json,hek,204,196
assets/resources/import/c6/c652f243-c08c-40a6-9976-54f7f26130f5.7871f.json,hek,86,78
assets/resources/import/c6/c65def22-72ea-4123-a4f2-e2e95fa41720.73b39.json,hek,210,202
assets/resources/import/c6/c661acfd-f0ca-414b-8815-9cf7d86dc5c7.1b439.json,hek,1009,5209
assets/resources/import/c6/c67800f6-2410-4d35-b7c4-b4632485a928.ba42a.json,hek,5394,90435
assets/resources/import/c6/c68b3ee0-67c9-4b36-864d-7d4037e87f1c.7871f.json,hek,86,78
assets/resources/import/c6/c6bd38c2-dfa8-402e-b388-9c3970bc883c.d3af3.json,hek,186,178
assets/resources/import/c6/c6ceb352-a32c-4b64-9ee0-5a4c4c46ca66.7871f.json,hek,86,78
assets/resources/import/c6/c6fe1f3e-6fb8-4087-b8fc-484a88c902ea.7871f.json,hek,86,78
assets/resources/import/c7/c7352794-f399-4540-bf93-52bdcba5cfc7.60882.json,hek,1689,3536
assets/resources/import/c7/c741042f-95a3-4e5c-bf69-6f4f6ab18a4b.ebddf.json,hek,215,207
assets/resources/import/c7/c78d873d-4196-42a0-ba19-5d55a7725942.91de0.json,hek,86,78
assets/resources/import/c7/c798a162-f318-4730-ad53-971c9572dcd2.7871f.json,hek,86,78
assets/resources/import/c7/c7c1f80b-a8bf-4b73-be19-8a679d83111e.7871f.json,hek,86,78
assets/resources/import/c7/c7cc3c46-f5d0-4614-8dbc-be297b3babeb.eb567.json,hek,3170,37185
assets/resources/import/c8/c8031a4a-a0a7-449a-9a13-52537fa28127.52fbc.json,hek,218,210
assets/resources/import/c8/c80aba80-df99-4841-a224-527693712b8a.e5926.json,hek,404,1077
assets/resources/import/c8/c854b8f6-c64a-4cc7-a23e-a9c1a1602002.fe7d6.json,hek,192,184
assets/resources/import/c8/c859fccf-7b05-4211-b255-c5511e3dead4.f8061.json,hek,771,1518
assets/resources/import/c8/c87a897d-fc5f-45b9-8e7a-f887c71c11ac.7871f.json,hek,86,78
assets/resources/import/c8/c8a04852-2fcc-4a62-b160-424d36eb92e5.7871f.json,hek,86,78
assets/resources/import/c8/c8def4a0-23d1-42b8-af30-984f2df5a054.7871f.json,hek,86,78
assets/resources/import/c8/c8ed10b6-5cdc-45bb-95bd-d5dad4eb9643.7871f.json,hek,86,78
assets/resources/import/c9/c932d300-9474-49ca-9656-05050d500749.4c072.json,hek,209,201
assets/resources/import/c9/c9334c8f-d80e-449e-ba17-90537bd2126e.80f9e.json,hek,202,194
assets/resources/import/c9/c983c33b-f064-40ae-b3fa-8fd0ac0d2e91.3bcaf.json,hek,2919,37108
assets/resources/import/ca/ca5b92c0-6cd5-4eda-927d-b0ff202d5f37.7871f.json,hek,86,78
assets/resources/import/ca/ca808b6d-3f2a-4cd6-846e-f32052c11dcd.178ed.json,hek,216,208
assets/resources/import/ca/ca9430a7-7919-47df-8652-c1e4f676ac9c.f89f5.json,hek,206,198
assets/resources/import/ca/cab43e7a-ac8c-4224-8502-b85211433085.d60ac.json,hek,1086,8422
assets/resources/import/ca/cab922c0-5500-482f-b10b-1deefc09fcd4.7871f.json,hek,86,78
assets/resources/import/ca/cacf4c46-736e-4449-91ee-4f77e0b3cd1e.38fc1.json,hek,215,207
assets/resources/import/ca/cade4efe-df89-4fa2-859c-7f1f0f9d56c8.7871f.json,hek,86,78
assets/resources/import/cb/cb176b86-5314-4af0-9aa9-af601816e4cb.1a831.json,hek,213,205
assets/resources/import/cb/cb3e0eb5-c8d3-47c5-b7c4-8475a5d324d1.f727d.json,hek,86,78
assets/resources/import/cb/cbdd5d1d-6410-4fc4-8e8c-28ee33ec1509.7871f.json,hek,86,78
assets/resources/import/cb/cbf96061-a3a0-42bd-be3e-fe562bb00309.7871f.json,hek,86,78
assets/resources/import/cc/cc3a08ea-af63-4b31-930f-f61d93b04e74.10da8.json,hek,209,201
assets/resources/import/cc/cc59e2ea-31a3-4fca-b76a-55981b510e88.8d00e.json,hek,192,184
assets/resources/import/cc/cc703776-0593-446c-ae13-a7ccb69ed0d2.d91b9.json,hek,484,476
assets/resources/import/cc/cca552c0-0565-49d0-9bc5-14dde381c287.686c7.json,hek,211,203
assets/resources/import/cc/ccf8a412-397a-4fb5-b526-b6466f45a2f1.76eec.json,hek,191,183
assets/resources/import/cc/ccfd8ab6-57e4-457c-9009-d8a81372bd0e.07552.json,hek,212,204
assets/resources/import/cd/cd3a5a28-df83-4e75-af28-4abfb97206ff.361b9.json,hek,220,212
assets/resources/import/cd/cd71e5e8-2bf4-4dad-af7b-fc45b53bc096.7871f.json,hek,86,78
assets/resources/import/cd/cd747dae-1131-4c2c-8af6-45dc2fc4e1c5.40ec8.json,hek,91,83
assets/resources/import/cd/cd8e2f7b-cfef-4b8b-a5fd-ac15e4cc8d81.5a571.json,hek,197,189
assets/resources/import/cd/cd901b8f-e0a4-49bb-ba29-35b9e95b382b.6a67a.json,hek,86,78
assets/resources/import/ce/ce71e073-f1b3-4efc-a514-c235f40c2d2b.42f8b.json,hek,237,229
assets/resources/import/ce/ce9b0665-8375-4576-9c3f-edb44b760a4e.be7ee.json,hek,214,206
assets/resources/import/ce/ceab2e0e-b53e-4647-b2d9-c5b0f9ff2563.3547d.json,hek,205,197
assets/resources/import/cf/cf7c8d53-598e-4900-a3ea-ea65fcf5872e.7e5da.json,hek,200,192
assets/resources/import/cf/cf893542-e5d3-4a80-bd65-ce9d8efc363c.b86fe.json,hek,221,213
assets/resources/import/cf/cf92bafc-944e-4955-95de-7aaac5e4048b.dcd1f.json,hek,209,201
assets/resources/import/cf/cfa1871e-b167-41cb-bacc-7186ab0c40fe.e4844.json,hek,750,7538
assets/resources/import/cf/cfaad81d-0069-485c-b552-ce82549c4d3e.cb0c7.json,hek,206,198
assets/resources/import/cf/cfb47fa7-9ffb-44ae-9f6d-2bad4bd99555.04736.json,hek,127,119
assets/resources/import/d0/d0a49985-f33f-4df8-9b59-30fbb932f70c.5829e.json,hek,210,202
assets/resources/import/d0/d0d83d14-199a-4f46-bc87-f816efcc0168.7871f.json,hek,86,78
assets/resources/import/d0/d0da6e40-6a57-48ca-9944-754a30d2ff70.f3ddb.json,hek,668,1425
assets/resources/import/d1/d1763a75-fe8c-4c42-95c5-2f286dc299a2.dfb01.json,hek,210,202
assets/resources/import/d1/d1a38b0b-40b1-4eba-852b-d4f39d704fb4.7871f.json,hek,86,78
assets/resources/import/d1/d1b3e75c-4423-4729-b9c1-510f54d70ee9.7c9aa.json,hek,227,219
assets/resources/import/d1/d1dcf1f7-a3b7-423b-bb46-74011c1d39f2.33d19.json,hek,209,201
assets/resources/import/d1/d1edb83e-2fb0-4755-be14-d923b76237e7.7871f.json,hek,86,78
assets/resources/import/d2/d25896ae-e636-4b00-b065-f1c255445e72.7871f.json,hek,86,78
assets/resources/import/d2/d28ffe5d-6148-48bf-815f-ee34b20ea573.6c91e.json,hek,215,207
assets/resources/import/d2/d2945ada-44de-4144-95bf-83a94e952df2.3d618.json,hek,753,745
assets/resources/import/d2/d2a1fdf4-f081-49ae-b8fb-14b93e8efda2.84459.json,hek,220,212
assets/resources/import/d3/d34c871b-0583-4965-83df-3e8920365eda.49a99.json,hek,193,185
assets/resources/import/d3/d358d72c-6a59-43c0-ac00-b18af70f1b9d.21abe.json,hek,210,202
assets/resources/import/d3/d368808b-075f-4b31-ac7a-8ff5ef2c9621.7871f.json,hek,86,78
assets/resources/import/d3/d3cee2fe-9bf7-4ff6-b9f3-2e91e0f55a37.dfea9.json,hek,214,206
assets/resources/import/d3/d3ee8783-664d-4ae7-82aa-1244dc82bce8.92461.json,hek,1012,1004
assets/resources/import/d4/d42ec244-4208-4ded-a0ba-8f80788c06d0.5dfd3.json,hek,204,196
assets/resources/import/d4/d4390fc2-1eec-4f54-84f0-b25a3d741070.56659.json,hek,3445,37866
assets/resources/import/d4/d4953c90-bd9c-41b8-b7be-a349211ed64e.e8083.json,hek,211,203
assets/resources/import/d4/d4a82edc-f472-40c0-adb9-b8cb3e69e419.9d4bd.json,hek,210,202
assets/resources/import/d5/d53e75ed-338b-473f-83b3-ad2c83bafb42.7871f.json,hek,86,78
assets/resources/import/d5/d544f64c-5a62-4921-9979-64f5005c4617.7871f.json,hek,86,78
assets/resources/import/d5/d5556371-5410-47ef-8a81-a8ba2d3ee34b.0ee37.json,hek,212,204
assets/resources/import/d5/d58f9fdc-7afd-4746-87e0-52f057974a2f.0c9eb.json,hek,2025,36321
assets/resources/import/d5/d5a18d84-1850-4daf-8086-c5f321fdfa2a.3225f.json,hek,4601,42507
assets/resources/import/d5/d5cd1d4f-3148-4087-bd94-8ee3c3595a69.cbd31.json,hek,195,187
assets/resources/import/d6/d633bebb-2718-4e6e-99fe-ce590ec425a1.7871f.json,hek,86,78
assets/resources/import/d6/d6555553-515f-43bb-8c5d-742e73a80e0f.fe6a2.json,hek,3239,31622
assets/resources/import/d6/d67fd260-ff54-4c65-a76e-008f48347755.7871f.json,hek,86,78
assets/resources/import/d6/d6a99960-b677-451e-923c-47005d106bad.18382.json,hek,208,200
assets/resources/import/d7/d712293f-48f6-403b-af36-c99239d38acc.6100b.json,hek,138,130
assets/resources/import/d7/d736de5f-999f-48e1-9b7c-690b34dab130.b27fe.json,hek,218,210
assets/resources/import/d7/d740fb42-0164-44ad-a6a1-58dfa2478e48.2c47e.json,hek,711,1573
assets/resources/import/d7/d74380fc-69b0-4806-9abd-382dc161dc3e.0f7b9.json,hek,207,199
assets/resources/import/d7/d7babcae-76f5-4829-80e8-4af8677f01bb.7871f.json,hek,86,78
assets/resources/import/d7/d7c9f898-3db7-4f6a-9a59-6049d84fc86f.7871f.json,hek,86,78
assets/resources/import/d7/d7d73f9d-f1c0-4c79-b5b5-1c68f74d0265.240b1.json,hek,213,205
assets/resources/import/d7/d7ec244b-1f3a-497d-abb2-8b4c713de6a0.7871f.json,hek,86,78
assets/resources/import/d7/d7fb3223-1aee-4512-92a8-7c0ccc19829d.f148c.json,hek,265,257
assets/resources/import/d7/d7fbb2c3-8ae2-4629-befe-950a8cb29a97.9a5f1.json,hek,865,857
assets/resources/import/d8/d801c7a0-1b20-4280-b9f0-5b940335c960.40ec8.json,hek,91,83
assets/resources/import/d8/d805f9a8-1a52-4906-a288-bd854e3b2000.40ec8.json,hek,91,83
assets/resources/import/d8/d8247503-df8c-444f-9ce5-98c52e758ea3.7871f.json,hek,86,78
assets/resources/import/d8/d8679832-386e-4e85-a8ef-204208aa61a1.6a031.json,hek,214,206
assets/resources/import/d8/d86e3d32-3f8b-46f3-add4-f0da4256cfd9.39476.json,hek,1529,3343
assets/resources/import/d8/d8d3b19b-f259-4e84-8633-cfeb38ac5817.55ce1.json,hek,418,1343
assets/resources/import/d8/d8faa931-e1ef-4ffa-849a-6126329017d8.7871f.json,hek,86,78
assets/resources/import/d9/d909917f-367b-4580-bbfe-45fe069d35e5.3d8b6.json,hek,230,222
assets/resources/import/d9/d968c51f-a587-4aeb-ba91-088f7cf74ea7.8b22b.json,hek,537,529
assets/resources/import/d9/d9e5c291-1ed6-4a5f-adfb-b058147e7506.91de0.json,hek,86,78
assets/resources/import/da/da3ab327-7974-4a24-b7c1-f78af5598ef6.7871f.json,hek,86,78
assets/resources/import/da/da631bfb-9fdb-4e92-aeed-50bd91f50a29.7871f.json,hek,86,78
assets/resources/import/da/dac80c19-104b-408a-b9cd-5a1cb1252376.8e09f.json,hek,3530,32505
assets/resources/import/da/daf3681c-01cd-4859-94e7-4c72d006178b.e784b.json,hek,138,130
assets/resources/import/da/dafed727-8bac-4e76-be2b-fe1fa69c7ae0.171a2.json,hek,4386,38623
assets/resources/import/db/db732279-3576-4c33-ace6-519f71d3a06e.912c0.json,hek,207,199
assets/resources/import/db/dbc4b40d-b0c6-43ca-a06b-09270fa78136.7871f.json,hek,86,78
assets/resources/import/dc/dc0764ac-94ca-48f1-b1c2-cf2e5da196ef.7871f.json,hek,86,78
assets/resources/import/dc/dc261abb-ea25-4674-8952-093c223f3b2a.ea5b1.json,hek,205,197
assets/resources/import/dc/dc568988-a3ab-4ac9-93ff-7ad49887177a.a0c51.json,hek,199,191
assets/resources/import/dc/dcaee653-32b0-4857-82d8-d175c4764631.91de0.json,hek,86,78
assets/resources/import/dc/dcd036bb-e18c-4593-889c-41c5d7d0ccda.b8cdf.json,hek,220,212
assets/resources/import/dc/dcebe74e-7566-4862-a545-3f34c2733044.e1992.json,hek,1378,3045
assets/resources/import/dd/dd1fcd5b-a476-47c4-901b-9ebc503f23b6.97b2a.json,hek,219,211
assets/resources/import/dd/ddaebabe-d002-42bc-991a-fdb113dcd186.1074e.json,hek,135,127
assets/resources/import/dd/ddb76839-47f0-4cf8-a980-8415b26da4de.3ac67.json,hek,209,201
assets/resources/import/dd/ddf92d59-74be-479d-be91-3a4840efa6ea.eed79.json,hek,205,197
assets/resources/import/de/de17e891-c550-437e-8ede-4a6a99995a5d.91de0.json,hek,86,78
assets/resources/import/de/de1ef416-a2d9-4403-a65c-0b6ff32c333d.93539.json,hek,219,211
assets/resources/import/de/de54b48d-aea2-4841-85b1-247ca1ce5f8a.3ec1a.json,hek,219,211
assets/resources/import/de/de6d18c0-d871-4e84-9ab4-58ce9b616108.d8392.json,hek,190,182
assets/resources/import/de/def71832-9b81-4192-9da2-78e9740ff3a3.de0ba.json,hek,2076,11111
assets/resources/import/df/df2dcca5-fe9e-465b-8d6c-79a19aec0444.dcba2.json,hek,194,186
assets/resources/import/df/df3716e9-dc41-4431-af31-444eaca203a5.eec92.json,hek,572,564
assets/resources/import/df/df63c2bf-cf35-4eda-8774-90c2ab5346ba.8f806.json,hek,193,185
assets/resources/import/df/df7e5ce7-bdd1-4fdf-8cf1-ecce74c5e979.849cb.json,hek,213,205
assets/resources/import/df/dfb53650-8d94-4a82-877c-2903288d8292.461ff.json,hek,586,578
assets/resources/import/df/dfbd970e-dfc5-44ee-af94-0f717ed36ed3.62152.json,hek,907,5740
assets/resources/import/df/dff2844a-0ef5-4ba8-a6a1-f3f97fc8f2b0.1d077.json,hek,3475,32517
assets/resources/import/e0/e01bf152-dd32-4966-9ebf-6cf1d02f9f50.55140.json,hek,215,207
assets/resources/import/e0/e072d6f5-16f1-4827-81c8-10d1ea0b20c7.9e637.json,hek,213,205
assets/resources/import/e0/e08a1ead-db8a-452f-9c02-2479f88dda69.292f1.json,hek,337,1286
assets/resources/import/e0/e0dea583-7f01-4a2e-bac0-8c1b829b1aad.40ec8.json,hek,91,83
assets/resources/import/e1/e112a638-8b70-4357-8883-e16e156a39de.7871f.json,hek,86,78
assets/resources/import/e1/e13fac5a-01cb-4f05-a66e-815044bcc553.1339c.json,hek,188,180
assets/resources/import/e1/e159558d-85ff-4966-a704-22e08eb064ba.95389.json,hek,686,678
assets/resources/import/e1/e1c13cdb-b17c-4ddc-a549-395b991e94ab.e31aa.json,hek,207,199
assets/resources/import/e1/e1cf6291-d50b-44b9-8f14-73be8bf69272.7871f.json,hek,86,78
assets/resources/import/e1/e1e487f9-bb5a-4280-a522-8a5c62e97ded.7871f.json,hek,86,78
assets/resources/import/e2/e2128ed7-3903-4058-9137-09c78d69b4a7.61d2e.json,hek,216,208
assets/resources/import/e2/e21ae5e5-8dc6-40fd-a83b-29c1746f0be0.fde6d.json,hek,122,114
assets/resources/import/e2/e2239331-eb52-4ca9-bf48-15c8a1aaf376.fc40b.json,hek,225,217
assets/resources/import/e2/e28473ce-541c-4bce-ba17-cb9a55bea72f.7871f.json,hek,86,78
assets/resources/import/e2/e2b23b9d-4e0d-45f0-8dda-20b4e5c55d0c.daec6.json,hek,3982,10024
assets/resources/import/e2/e2c60f57-5b26-469d-97f4-bc568a918821.b41e1.json,hek,3569,32501
assets/resources/import/e2/e2e726ce-a237-45ec-bcba-51c0ca0f59ea.0f3ac.json,hek,214,206
assets/resources/import/e3/e30af80e-76b1-436c-8b8c-59bcc61442a6.5aaf0.json,hek,3229,37484
assets/resources/import/e3/e347cbcf-4f6f-471c-b231-543bbd81d059.552e1.json,hek,207,199
assets/resources/import/e3/e36184e6-c3ba-4774-b7e5-a2aabc529c1c.91de0.json,hek,86,78
assets/resources/import/e3/e3bb96e7-edf9-4d89-a074-d6f6dfbd08b8.8a4d0.json,hek,86,78
assets/resources/import/e4/e42d9f2d-355d-48dd-b375-c58d80bd0332.7002f.json,hek,207,199
assets/resources/import/e4/e4477f64-ce2b-479d-a310-95bdf260110e.1ab1a.json,hek,1080,6702
assets/resources/import/e4/e44869bd-eb64-46eb-88f4-0f90049e67e3.c9cd0.json,hek,349,1265
assets/resources/import/e4/e44a494b-cd59-497c-9ec8-0d0870dd2f53.ba5a3.json,hek,139,131
assets/resources/import/e4/e48d50e6-7aa2-4ab8-9106-6aa76816098d.ec3b4.json,hek,5389,90448
assets/resources/import/e4/e4ad4017-6fbb-4b54-88c3-fc40874e7cf2.7871f.json,hek,86,78
assets/resources/import/e4/e4b2b59b-a2d0-4173-b54d-cf273125b72a.9988d.json,hek,205,197
assets/resources/import/e4/e4cf1bdf-1cd3-4ff0-a026-b78058d39d90.7871f.json,hek,86,78
assets/resources/import/e5/e5235c15-bf8b-4f3e-a9d1-2248f783f82f.7871f.json,hek,86,78
assets/resources/import/e5/e525926d-f85c-48d2-95f4-04e08dafa229.73a02.json,hek,755,1472
assets/resources/import/e5/e5297520-cf8b-4720-8a6c-d20ca3dceac0.16b59.json,hek,195,187
assets/resources/import/e5/e5cade6f-f419-46ea-ac93-9622344bc764.f8bb6.json,hek,209,201
assets/resources/import/e5/e5e4660d-88a1-4726-8b98-2c478ff488b4.7871f.json,hek,86,78
assets/resources/import/e5/e5ef8d18-f13b-4d77-8ad6-4c4b0f33e31b.e8463.json,hek,570,562
assets/resources/import/e6/e64cbf27-7bbd-4a64-903e-5efbe863d938.dffe4.json,hek,3595,9443
assets/resources/import/e6/e66ffac4-5062-4edc-bae3-24ff7f4d4b2c.7871f.json,hek,86,78
assets/resources/import/e7/e70d2f2c-5c9c-4d97-9a98-7aa897c2ef2b.ef510.json,hek,222,214
assets/resources/import/e7/e72daf8e-b0be-474a-9f4d-98da917e677a.bb25e.json,hek,562,554
assets/resources/import/e7/e737cb74-583a-4794-b9da-f9064bfadbcd.7871f.json,hek,86,78
assets/resources/import/e7/e7808b6c-8c0d-4707-a032-7e05d7b94939.6e27c.json,hek,211,203
assets/resources/import/e7/e789bdde-20f7-4458-bd40-fdc8ea3d4824.7871f.json,hek,86,78
assets/resources/import/e7/e791c21b-b9c3-4812-8313-aeb92596fb1d.71e5d.json,hek,4490,37702
assets/resources/import/e7/e7a2096a-c7b6-4824-b4c0-a3f66ab5f039.9e387.json,hek,218,210
assets/resources/import/e7/e7aba14b-f956-4480-b254-8d57832e273f.3adfb.json,hek,213,205
assets/resources/import/e7/e7b2a313-6a24-4c32-b6e2-8e66015f7653.176e2.json,hek,1920,36049
assets/resources/import/e7/e7ca059e-24c0-4daa-a481-45b72fa1a35a.e0a01.json,hek,199,191
assets/resources/import/e7/e7e74ef6-1953-448c-988a-2ed556ce1826.8a4d0.json,hek,86,78
assets/resources/import/e7/e7eb8de6-0581-4e50-894b-3740a3a2d3c5.7871f.json,hek,86,78
assets/resources/import/e8/e81de560-c2e4-4643-8db6-f6e814a71b56.7871f.json,hek,86,78
assets/resources/import/e8/e851e89b-faa2-4484-bea6-5c01dd9f06e2.7871f.json,hek,86,78
assets/resources/import/e8/e8725630-805c-410a-a473-ce92323ba9de.494fc.json,hek,210,202
assets/resources/import/e8/e89726db-ffb7-4848-86ef-88e4331c9e0b.7871f.json,hek,86,78
assets/resources/import/e8/e8a4d39b-4c82-437f-9f2a-b2d47e3986b3.c24ea.json,hek,193,185
assets/resources/import/e8/e8e90bb4-1455-4af9-bdf4-fab8b4faaf34.d7549.json,hek,3090,36850
assets/resources/import/e9/e9175e5d-80b6-4cd5-9642-5d57aaea9813.8e05a.json,hek,191,183
assets/resources/import/e9/e9291034-f9e7-48b1-b4cf-2e2dc52f1c86.2d8e4.json,hek,221,213
assets/resources/import/e9/e9573e4b-409d-459e-a1c5-159bd1fefb51.7871f.json,hek,86,78
assets/resources/import/e9/e976cb2e-da43-4622-953e-fa35dd10fd41.fa9ce.json,hek,2390,36629
assets/resources/import/e9/e9a64fea-e85c-42d7-b258-17e2325af1b0.7871f.json,hek,86,78
assets/resources/import/e9/e9baee26-faed-42d9-b96e-26c097bf19fc.21d82.json,hek,413,1305
assets/resources/import/e9/e9ec654c-97a2-4787-9325-e6a10375219a.12f08.json,hek,212,204
assets/resources/import/e9/e9f1ffdd-14e0-4b28-9c71-5e2beb6606ed.afe9a.json,hek,199,191
assets/resources/import/ea/ea13cdfb-ddc5-4a5a-9c5d-5327a6cae440.0b5aa.json,hek,220,212
assets/resources/import/ea/ea15021b-bf37-4108-9916-271e2a0e40a2.d70fc.json,hek,957,13064
assets/resources/import/ea/eab7cc67-2e51-4825-9c9f-588a8194e43a.7871f.json,hek,86,78
assets/resources/import/eb/eb302cc5-9fda-4040-bc6b-7638a85d1f73.6fc25.json,hek,3492,32498
assets/resources/import/eb/eb510042-02be-4eb4-a250-de9fedd7a81f.1fadf.json,hek,1511,6856
assets/resources/import/eb/eb9634c1-600c-4827-98ee-d96ebaa9d08e.e4dd6.json,hek,206,198
assets/resources/import/eb/ebd2fdb0-563e-41ba-b41a-98c7a60815dc.d9dac.json,hek,217,209
assets/resources/import/eb/ebd486b2-9e22-4017-8825-8af71ea0f651.7b25b.json,hek,364,1192
assets/resources/import/eb/ebe0dfaa-8408-4740-8dde-02b16c78fa68.ce959.json,hek,5419,90477
assets/resources/import/eb/ebe45ae7-30cd-445f-b884-4801e878f2af.89b88.json,hek,203,195
assets/resources/import/ec/ec08e61e-420c-4c02-befc-7437bccc05c9.11bbd.json,hek,208,200
assets/resources/import/ec/ec0b1594-7e26-4729-b878-a8323651178d.58b5d.json,hek,662,1208
assets/resources/import/ec/eca8d2a7-7db2-4f60-ad15-30078afa7b3c.7871f.json,hek,86,78
assets/resources/import/ec/eccb0cd5-21e9-4db4-9a52-193c4f4863d5.14214.json,hek,2485,37253
assets/resources/import/ed/ed5937f3-5805-44a3-9d60-2d1690ac94e7.d2c4a.json,hek,203,195
assets/resources/import/ed/ed83ebfb-7074-41a7-8f3b-ef4a62174113.d400e.json,hek,200,192
assets/resources/import/ed/edace0f0-6e70-4a84-b0bf-6a19356d3f4f.a0c7d.json,hek,209,201
assets/resources/import/ed/edb54d07-fd52-4109-884b-545345ced144.f1661.json,hek,214,206
assets/resources/import/ee/ee085d45-da61-43d0-8240-dacb69c7807c.2efcf.json,hek,130,122
assets/resources/import/ee/ee474886-9dbc-4f35-8c1d-37a2f93961f4.686a1.json,hek,202,194
assets/resources/import/ee/ee7c6a95-ef39-440f-8705-9e82f035d1df.7871f.json,hek,86,78
assets/resources/import/ee/ee871087-decd-4120-b552-3a8d2178ffc8.7871f.json,hek,86,78
assets/resources/import/ee/eef3e70a-2141-436c-81f2-a9d432e6c0b3.65033.json,hek,2142,37666
assets/resources/import/ef/ef473529-4811-464d-a91c-ad9645951c00.d1b64.json,hek,207,199
assets/resources/import/ef/ef9b8e37-3871-4925-90dd-c4d46590465e.c07e1.json,hek,401,393
assets/resources/import/ef/efbecea2-e22d-4ac1-94df-0ef514d01c20.00b6c.json,hek,127,119
assets/resources/import/ef/efc31c74-53e3-44d4-990b-9cf9cf569671.7871f.json,hek,86,78
assets/resources/import/f0/f0048c10-f03e-4c97-b9d3-3506e1d58952.35a1e.json,hek,211,203
assets/resources/import/f0/f064d2c7-2e4a-472a-836f-abf4dbe7699f.891e4.json,hek,205,197
assets/resources/import/f0/f067fd7f-1006-4ca2-bfb5-15b04bc9c530.91de0.json,hek,86,78
assets/resources/import/f0/f07ea2d1-318a-4d74-a1f1-8a35789d527a.8b138.json,hek,212,204
assets/resources/import/f0/f0d11486-a9b0-43e5-8d9a-95b3dc31d935.74e62.json,hek,802,794
assets/resources/import/f1/f124afc4-cfa4-4359-85db-60e7474f7282.7b0bc.json,hek,209,201
assets/resources/import/f1/f15d9311-a409-42fe-b1b2-6d99ac618b68.7871f.json,hek,86,78
assets/resources/import/f1/f15df4b7-7e73-42e8-8d8a-39aa7f9b883e.088a5.json,hek,335,1285
assets/resources/import/f1/f1744673-1358-46fd-907b-c9374dd03d53.fc044.json,hek,220,212
assets/resources/import/f1/f19c1def-ccc3-4998-923a-885660aeb389.7871f.json,hek,86,78
assets/resources/import/f1/f1f32a53-0f1c-4741-af02-7411b7cc991f.7871f.json,hek,86,78
assets/resources/import/f2/f22660f5-5acb-414d-945d-320fdfb836e7.80648.json,hek,204,196
assets/resources/import/f2/f22a8816-e40e-4571-8ec2-bfa9eef178d4.bc2a2.json,hek,209,201
assets/resources/import/f2/f2abf3f0-8980-456a-8811-28ac02148d96.7871f.json,hek,86,78
assets/resources/import/f2/f2ccf12f-ed7f-4c40-8449-40367989d993.9bb34.json,hek,411,1152
assets/resources/import/f2/f2f9e791-a4e5-4788-a70e-3b5b2da100a4.87286.json,hek,199,191
assets/resources/import/f3/f30a9ffc-5766-4082-b47a-eda3c1fd48cf.f7bab.json,hek,561,553
assets/resources/import/f3/f31bfa84-8067-439d-a85b-e9acdf737149.7871f.json,hek,86,78
assets/resources/import/f3/f33574ec-9b6f-4c17-b2c6-025cd25c4f4d.942c8.json,hek,225,217
assets/resources/import/f3/f33c57ed-738f-467a-9cfe-2bc8f4af072d.7871f.json,hek,86,78
assets/resources/import/f3/f39e644f-35ba-4ed8-9a0b-9ab1a4295dcc.7871f.json,hek,86,78
assets/resources/import/f3/f3d88feb-2ffd-4f3b-ba77-7deea565d43e.a06d0.json,hek,206,198
assets/resources/import/f4/f401005d-8d9a-459b-9d06-139f6096f1f2.39114.json,hek,195,187
assets/resources/import/f4/f4063a06-8dde-4f91-9f7e-8504cb83d143.7871f.json,hek,86,78
assets/resources/import/f4/f416148e-fb74-414d-a086-53e8f11a021a.1c323.json,hek,212,204
assets/resources/import/f4/f42acef9-3896-4b9b-9976-d8f8b34a90ad.28575.json,hek,217,209
assets/resources/import/f4/f474621f-c17f-4955-a6c8-55403482f9f9.578a9.json,hek,222,214
assets/resources/import/f5/f52c99d7-e87f-4db0-983e-7e33fdf78486.ff2fe.json,hek,199,191
assets/resources/import/f5/f56c3497-f11f-400f-adc0-36a47d38e9d1.27b5c.json,hek,217,209
assets/resources/import/f5/f59168e1-eba3-4c02-b676-4e3cb098f313.2abf0.json,hek,209,201
assets/resources/import/f5/f5eba4eb-08b9-4188-bd0a-68a52f7edb25.0b12c.json,hek,930,6429
assets/resources/import/f6/f6002334-87fe-4a5c-ab22-c75a6714d6a0.7871f.json,hek,86,78
assets/resources/import/f6/f60ca2ec-806d-4d83-b0b6-b8aa4930cce6.e8f62.json,hek,196,188
assets/resources/import/f6/f68ed525-70e4-40cd-84d1-db5ddf140d0e.ac0f9.json,hek,206,198
assets/resources/import/f6/f6a73db0-cc7c-4f11-bbda-1b48deeb8175.7a65c.json,hek,213,205
assets/resources/import/f6/f6b374e4-f33c-4db6-a664-b798c48b3fd4.7871f.json,hek,86,78
assets/resources/import/f6/f6c04340-d0ac-40a4-be54-a9e97635f457.b1f59.json,hek,210,202
assets/resources/import/f7/f72d6c69-7f39-4be0-825b-17df112dbf18.4cd88.json,hek,200,192
assets/resources/import/f7/f72fabd4-ec92-43fe-92f3-03ac05f8f973.c4906.json,hek,1371,3527
assets/resources/import/f7/f7393e19-529b-42c0-b842-a49e0345f845.7871f.json,hek,86,78
assets/resources/import/f7/f74b280f-f0eb-423c-b1cb-224d7c0fb78a.7871f.json,hek,86,78
assets/resources/import/f7/f76efee5-9fa8-4607-96e7-0f82b4bd3bdb.f7f18.json,hek,226,218
assets/resources/import/f7/f7ac4d34-7814-4bcf-9881-4ebda739738e.b5e2b.json,hek,208,200
assets/resources/import/f7/f7b5f681-e071-4488-99ea-be4f86e7f684.7871f.json,hek,86,78
assets/resources/import/f7/f7faf37c-1fb0-4eab-a949-b1df30cb36af.e1bbd.json,hek,5394,90457
assets/resources/import/f8/f837c0bd-565d-4d95-9bab-7776cf685919.80d39.json,hek,839,831
assets/resources/import/f8/f862d5ed-71fb-4b50-a931-4d9262feaadd.9d14c.json,hek,4391,40350
assets/resources/import/f8/f874da49-d4f8-4eb2-b722-c5d98d61b57a.7871f.json,hek,86,78
assets/resources/import/f8/f89ac95a-200a-4fdb-a541-4c889bee9b43.7871f.json,hek,86,78
assets/resources/import/f8/f8e91072-e152-47d5-8dfd-7453ee8264af.c9fba.json,hek,191,183
assets/resources/import/f8/f8fe24e8-cae1-4e6a-a11d-104f07ac3ef6.7871f.json,hek,86,78
assets/resources/import/f9/f9081ca8-c348-4234-83f1-33b065a37ecf.603fe.json,hek,207,199
assets/resources/import/f9/f9624491-ab2f-4ef8-a707-ba3b1cf85c2d.9595e.json,hek,4429,37585
assets/resources/import/f9/f97ce6ad-bf62-42f2-b8d9-6dac0c90fdc5.7871f.json,hek,86,78
assets/resources/import/fa/fa0388b0-f4e0-4148-b8b0-f6651214b53e.df9af.json,hek,779,1664
assets/resources/import/fa/fa2498b2-990a-477a-aa06-0a89792fde08.b7414.json,hek,204,196
assets/resources/import/fa/fa2db7f9-48b7-40b3-963a-7d9b1f0c34a3.1fc16.json,hek,940,932
assets/resources/import/fa/fafedd24-cd0d-4440-86e7-7bfb4c571317.7871f.json,hek,86,78
assets/resources/import/fb/fb11962d-437a-4ec2-b8b5-1b18448fe6f7.89fde.json,hek,409,1290
assets/resources/import/fb/fb16011e-dcc1-4935-8ffc-b5e78df96896.e3dcf.json,hek,694,686
assets/resources/import/fb/fb4c3869-2b6d-41a3-b932-e4ac6b897de9.7871f.json,hek,86,78
assets/resources/import/fb/fb8666e4-1d24-46e0-914b-81bfd7e77ce2.94907.json,hek,216,208
assets/resources/import/fb/fbb1c622-a8b5-47f5-adf0-80d729bf01ca.d6879.json,hek,190,182
assets/resources/import/fb/fbd8e2d0-af05-43c3-aa25-574a936e2de5.7871f.json,hek,86,78
assets/resources/import/fb/fbddadb6-f5b5-424d-83ec-74e03aee0ce6.7871f.json,hek,86,78
assets/resources/import/fb/fbff0972-39f5-47a2-bcf3-b3963efafa99.eb49f.json,hek,189,181
assets/resources/import/fc/fc4b4a03-8af2-491a-a0aa-c31d0db1a1b6.8a4d0.json,hek,86,78
assets/resources/import/fc/fc751a09-eb33-47c2-be29-799bfdb84c45.169b1.json,hek,209,201
assets/resources/import/fc/fcbe760f-e816-4d0e-9522-e5407267bc90.42d58.json,hek,206,198
assets/resources/import/fc/fcc1313d-220a-41d0-81a6-779bf98a64b1.079ac.json,hek,218,210
assets/resources/import/fc/fcd2a25c-9b91-4538-9037-338742a2a259.7871f.json,hek,86,78
assets/resources/import/fc/fce679ee-ca73-4430-9ee9-a78235382760.dc5ba.json,hek,205,197
assets/resources/import/fd/fd016724-51b3-47ab-9822-e794d716e41a.80622.json,hek,202,194
assets/resources/import/fd/fd1b5423-4f7d-4651-a3d5-9538b2722dca.8b2d1.json,hek,966,8289
assets/resources/import/fd/fd30cf80-965d-4c42-bf26-d0f3ed8fab87.9e931.json,hek,205,197
assets/resources/import/fd/fdae7dc0-dbfc-42be-bfba-6c49acf1a8d9.777f0.json,hek,571,2118
assets/resources/import/fd/fdaed050-6de5-4698-9c0f-0246161ae012.7871f.json,hek,86,78
assets/resources/import/fd/fdb79c43-a588-4616-ba67-046b1ef42ee5.91de0.json,hek,86,78
assets/resources/import/fe/fe97c406-9257-4fd5-9882-b0894eddb221.3dc3b.json,hek,195,187
assets/resources/import/fe/fef210b9-8823-491c-b424-3d838d410e8d.a7c98.json,hek,222,214
assets/resources/import/ff/ff3a8199-cefd-4ad9-a35b-e5438767c34a.db25c.json,hek,212,204
assets/resources/import/ff/ff87fad3-dffe-43ef-8355-3065ff29ea8f.7871f.json,hek,86,78
assets/resources/import/ff/ff942dcb-81e2-4986-95b7-e8862ea52028.369c5.json,hek,204,196
assets/resources/import/ff/ffb235d6-7aa1-4f49-8a05-b0e47f3a9091.b74d7.json,hek,2593,37591
assets/resources/import/ff/ffc601f2-de37-49b8-8e3c-faa8da22a976.b55a8.json,hek,211,203
assets/resources/import/ff/ffec0d36-4f74-4b23-a8ed-c7518aed29cc.7871f.json,hek,86,78
assets/resources/index.acbfe.js,hek,612,598
assets/resources/native/00/0000d22a-9524-4e3c-b836-e464f728ca4d.49119.png,hek,5294,5286
assets/resources/native/00/002f8372-db4a-4a67-a5e7-43d430b4f4d6.39ab2.png,hek,3276,3268
assets/resources/native/00/00cf52b3-eca3-4352-ab71-a280c12085bb.39120.png,hek,4634,4626
assets/resources/native/01/017891d0-e1c7-46af-b83a-fcbe2da9a88f.6a24b.png,hek,620,612
assets/resources/native/01/01cac2fa-7af8-4bba-a59f-a1c8bf710eba.490d7.png,hek,616,608
assets/resources/native/01/01eaed72-69f2-420a-bbb8-7ca8e3dcaebb.4b351.png,hek,570,562
assets/resources/native/02/02b8f457-f71a-4ef1-9989-936c4d4d2263.d15e6.png,hek,3514,3506
assets/resources/native/03/0338da9a-b092-45ae-8e9c-afbdc001bbf7.f7cb9.ogg,明文,39597,39597
assets/resources/native/03/0357034b-a84c-46e8-bd49-0eb91cdcbe33.c5c04.png,hek,2784,2776
assets/resources/native/03/0375685f-99fa-46e9-8d0b-73c6b2c8e29b.a95b3.png,hek,11170,11162
assets/resources/native/03/03d5e365-4242-4971-b28d-bc33113d879a.482c1.png,hek,4277,4269
assets/resources/native/04/04154672-b8ab-4c88-a9e4-2cbea2415f46.5c9a8.png,hek,4515,4507
assets/resources/native/04/041b204a-893c-4ac8-bab7-f638c5eb26dd.81cac.ogg,明文,18224,18224
assets/resources/native/04/047b4138-6b4c-431c-bdea-e371c39af67e.6dd14.png,hek,2964,2956
assets/resources/native/04/048caeaa-7556-41c2-acbf-83b4f1c15445.5e219.png,hek,2035,2027
assets/resources/native/04/049fca98-2142-44d0-9abf-e7702e965e7a.78403.png,hek,2388,2380
assets/resources/native/05/05eec491-f286-4148-9efa-147f18840b05.5eba6.png,hek,1582,1574
assets/resources/native/06/06afe97b-2399-4027-a0d1-ba0694984d1d.b7d8a.png,hek,1264,1256
assets/resources/native/07/07e51edb-689a-4916-a414-46df35f6fba3.d910b.png,hek,3875,3867
assets/resources/native/08/08282113-bf3c-40d8-a99b-1c83105c870d.e06b3.png,hek,3131,3123
assets/resources/native/08/0836865b-0a69-490b-9d52-afa52d11bc39.39292.png,hek,3056,3048
assets/resources/native/09/091e36f7-6ee5-4a92-884a-c9e1b2648d5e.d6f24.pkm,hek,12352,141328
assets/resources/native/09/093fa5bf-6ff5-4b8a-8dd5-a5e0187f25ed.9788e.png,hek,991,983
assets/resources/native/09/09dd2fca-d7b9-4feb-ba0f-10b6346c939c.af5e3.png,hek,2303,2295
assets/resources/native/0a/0a8e960c-7e21-46ae-b8c8-7afe97a248ef.9aaca.ogg,明文,23918,23918
assets/resources/native/0b/0ba0fa9e-1fad-40e4-b7d7-01b2d1073067.802cd.ogg,明文,8411,8411
assets/resources/native/0b/0bcad60e-ca76-43a0-82f9-78382e8c16eb.281e3.png,hek,713,705
assets/resources/native/0c/0c0d8046-cfcf-4978-a2f6-59f9ef21b717.6b687.png,hek,11291,11283
assets/resources/native/0c/0c34a7df-1c71-4447-a799-7134b5cd089c.d18dc.ogg,明文,16456,16456
assets/resources/native/0c/0c49db52-e10e-4b2c-b480-89adf7181ab0.fb2d5.png,hek,16746,16738
assets/resources/native/0d/0d1688cd-4557-470f-99d0-1e0d2c06fe57.60531.png,hek,5055,5047
assets/resources/native/0d/0d34a55c-03cc-4b0b-8768-fe9a1d47bf66.48ec3.png,hek,136682,136674
assets/resources/native/0e/0e48f7b0-5063-49cd-bf88-acd991228163.ee972.png,hek,5270,5262
assets/resources/native/0e/0e50f30f-e151-4c55-8dab-c60b0df6ea75.efb09.png,hek,1590,1582
assets/resources/native/0e/0e7006ef-c0f6-41df-b09e-fc67cf9e7166.568ea.png,hek,31269,31261
assets/resources/native/0e/0e974aa4-ce2a-4178-a04e-22c06b9686ab.c4082.png,hek,899,891
assets/resources/native/0e/0ed7986b-9425-4f46-bc7d-391dccbf6a78.f2c15.png,hek,3172,3164
assets/resources/native/0f/0f515273-bf2c-4a06-9c42-1ee0d3e90e90.770a1.png,hek,2479,2471
assets/resources/native/0f/0f68e86a-2a9a-4f27-b6e1-1bf494d32204.86ea1.pkm,hek,1712,11280
assets/resources/native/0f/0f8903b4-9fa9-4e19-8202-dfe7db90152a.2677f.png,hek,416,408
assets/resources/native/10/10bc3a5a-ec34-4824-b61b-1933109cc973.c95e8.png,hek,5284,5276
assets/resources/native/13/13915aad-5a3f-4146-a9e7-f79e768f3348.7e1f2.png,hek,1173,1165
assets/resources/native/14/14fc64e0-0ee6-4e1e-8ecf-c2250bd8f876.76e2f.png,hek,4866,4858
assets/resources/native/15/156c75791.d840c.png,hek,25982,25974
assets/resources/native/15/15e365b20.1c230.png,hek,179402,179394
assets/resources/native/16/16077b7d-dbf1-4a04-bf56-866f023bf61a.d496f.png,hek,1229,1221
assets/resources/native/16/164d3636-fc71-4405-9524-c983b9ddb412.6bb11.pkm,hek,12907,125968
assets/resources/native/16/16b35373-b232-4003-9bf4-31106a40e85f.23b4a.png,hek,4782,4774
assets/resources/native/17/1739fd27-c84e-4d82-8de4-cf720c275ab2.82763.png,hek,6690,6682
assets/resources/native/17/1792d4d0-bef9-4931-81b9-8f1d7e0315cf.75be3.png,hek,2862,2854
assets/resources/native/1a/1a309c2e-f0d1-4039-97fe-d4fc18f9f213.c489e.png,hek,6558,6550
assets/resources/native/1a/1ac4e48f-c360-4c64-a6d9-2d0408e7653e.4e625.png,hek,3031,3023
assets/resources/native/1c/1c05f344-b3a6-4e7d-82a1-df21c63eb649.ee324.png,hek,1745,1737
assets/resources/native/1c/1c6f641e-2dce-45be-98ea-7f66eb0c60a1.51164.png,hek,2782,2774
assets/resources/native/1c/1cbfb18b-7382-4b2c-b0ba-df0506c93981.a3656.png,hek,758,2903
assets/resources/native/1d/1d424d78-fcb0-4b0c-8f9c-882185d09dd6.9e7c1.png,hek,1402,1394
assets/resources/native/1d/1d4cf282-4c40-4d5b-86d8-de4906560b9f.41b9b.png,hek,2704,2696
assets/resources/native/1e/1e21a3e8-21a5-44e4-bb17-840fde1fb76c.48cb2.png,hek,3785,3777
assets/resources/native/1e/1e5bea88-23f7-4f77-8229-2d6dbd77c37e.0f42e.png,hek,2750,2742
assets/resources/native/1f/1f37155c-c28b-4d8f-8a18-fa74409387c9.e270d.ogg,明文,16473,16473
assets/resources/native/20/20a7d3d6-e04f-44f4-a465-7e07ba28f5c4.28231.png,hek,4982,4974
assets/resources/native/21/211ef477-6339-43fc-9a64-96270472f0f3.7aa6f.png,hek,20490,20482
assets/resources/native/21/214d9769-318f-422e-9bf8-c1955a4315c0.08f30.ogg,明文,23858,23858
assets/resources/native/21/21c3cc64-ec75-49bd-aadc-1e4fd5510dfc.5a880.png,hek,158,150
assets/resources/native/22/228e9a28-3677-4bd2-9307-490c184ba573.638c6.png,hek,22115,22107
assets/resources/native/23/2385eab8-427a-47f0-9653-c614b665e538.0fd6f.png,hek,807,799
assets/resources/native/23/23908cbe-1471-4199-ba44-847337fd55b1.5880c.pkm,hek,20464,385040
assets/resources/native/24/243d8edf-0495-40ec-9a97-5fc4aeca0931.e291f.ogg,明文,9983,9983
assets/resources/native/24/2465a1c9-6814-4e48-a757-47e886b484f5.bfba1.png,hek,4360,4352
assets/resources/native/25/256531db-5c58-4df7-812a-8e47c98b7801.be3f9.png,hek,3727,3719
assets/resources/native/25/2577697f-99cb-4ba4-8938-089cc34640cd.ceecc.png,hek,718,710
assets/resources/native/26/261c6217-8c4a-4eb2-b428-e4d45e433a11.63427.png,hek,1555,1547
assets/resources/native/26/267033d9-989b-41dc-ae76-01617f510a02.80360.png,hek,3463,3455
assets/resources/native/27/277b1d88-fe04-4b39-b57a-aa9c1f148a6a.2005b.png,hek,730,722
assets/resources/native/27/27a26d6f-4063-4f4d-aec3-6ebfe7b75b15.f53ee.png,hek,4095,4087
assets/resources/native/27/27bcb93c-0f2d-40f7-91bb-8eaf59682360.ff614.png,hek,2507,2499
assets/resources/native/28/28302075-f5fe-4b0f-9f21-85b12ff3cedd.733b9.png,hek,2771,2763
assets/resources/native/29/2907eba7-7739-49c6-86d2-c9fcdbca1a41.83cda.png,hek,23559,23551
assets/resources/native/29/2968b748-4e96-4942-a093-0e8b8f6f5f07.5a347.png,hek,3076,3068
assets/resources/native/29/29ba8ca7-ec9a-4243-8425-b9e33671428f.b82e4.png,hek,1875,1867
assets/resources/native/2a/2a24aae3-5a51-4a79-b6c0-02626f2c2a4d.e3952.png,hek,1391,1383
assets/resources/native/2c/2c9eedf3-a82b-4084-85d7-13132c6f6a48.0b358.png,hek,5792,5784
assets/resources/native/2c/2cac88b9-fbfe-4fca-8fbb-c346173c8600.76bd9.png,hek,1176,1168
assets/resources/native/2c/2cbdf6cb-4b02-4d48-9784-13108a28a582.ee357.png,hek,7935,7927
assets/resources/native/2d/2dd19525-2ea9-4482-bbf1-334de1a90fc2.9162b.png,hek,636,628
assets/resources/native/2e/2e58342b-fd1f-4edc-b05c-8d77a7d8b1e4.160df.png,hek,5368,5360
assets/resources/native/2e/2e86b639-3b6f-4cd1-806d-80b389047b9b.7f712.png,hek,2749,2741
assets/resources/native/2f/2f5f7b18-3405-47e5-9ab5-4a82e6f26067.2e2c4.png,hek,135,127
assets/resources/native/2f/2fbd870e-c51d-43e6-bccc-19345c902fc3.a5b1e.png,hek,4446,4438
assets/resources/native/31/3105bfa1-2c4f-43fb-a0c6-d089ba26c89a.15860.ogg,明文,257637,257637
assets/resources/native/31/31d4e5aa-c2da-4f24-bc3b-17635de67be5.48568.png,hek,3278,3270
assets/resources/native/32/3211fe23-2580-405c-a92a-c2788fa473d9.8b39e.png,hek,1082,1074
assets/resources/native/32/32efb4bf-c428-4719-bae8-d158bc9fbf3a.e8f82.png,hek,1004,996
assets/resources/native/32/32f49067-cfc4-4054-9d2e-8a6d334218b4.5a234.png,hek,115,107
assets/resources/native/33/330f222c-e2dd-49cf-9bb7-cd8e7475c39e.665f6.png,hek,372,364
assets/resources/native/34/34c088e4-5f42-4c81-abac-e53a32760e77.db757.png,hek,3042,3034
assets/resources/native/35/35079250-7d2a-4cd7-8a15-3276f4f907cb.f9605.png,hek,2742,2734
assets/resources/native/35/35192fac-04cc-4293-8883-5ac6aeecbecb.698c0.png,hek,343,335
assets/resources/native/36/36e9f62e-a1dc-4f8d-981b-d544341b07c3.13fee.png,hek,15810,15802
assets/resources/native/37/37406aa7-4b72-446f-9381-bde72cadbdf1.0df03.png,hek,398,390
assets/resources/native/39/39192573-3d88-47c4-8643-822f3d306f37.a7d7c.png,hek,2219,2211
assets/resources/native/39/399653d7-bbfb-4ed4-8c26-cafc7b87b850.4cc69.png,hek,4333,4325
assets/resources/native/39/39d2ba58-6426-4899-96f2-4bb41dc78f08.e1496.png,hek,16410,16402
assets/resources/native/3a/3a559602-8b80-4d9f-b40c-c0eea6eeb6c3.a6917.png,hek,2768,2760
assets/resources/native/3b/3bb4a920-38e2-48ae-9153-a39fa4bf1fba.49c38.png,hek,1137,1129
assets/resources/native/3b/3bed7bd4-3ca8-462f-8208-0797a8f0aa8b.cc44a.png,hek,4751,4743
assets/resources/native/3d/3d738704-9b3d-48ed-bfae-804acacc6c76.07b40.png,hek,4708,4700
assets/resources/native/3e/3e009f92-055f-42eb-80b2-b6f2c257fe0b.4dd5d.png,hek,5023,5015
assets/resources/native/3e/3e1623d4-7764-494f-b46c-731bd1f08f02.a2b44.png,hek,5664,5656
assets/resources/native/3e/3ebb6164-2d1a-467b-a397-f07423162b16.d676b.png,hek,4756,4748
assets/resources/native/3e/3ec10420-c1fa-4d79-89bb-1ca4c0b84c9f.b50f1.png,hek,19122,19114
assets/resources/native/3e/3ec6f063-4efe-492a-ad3d-b7f9602fec84.40618.pkm,hek,762,14352
assets/resources/native/3e/3ed6089a-ad3f-4b27-8742-41603ad4e822.b10cf.png,hek,242437,242429
assets/resources/native/3e/3ee228c3-fae8-483d-be71-046d764fe4b9.f049b.png,hek,20500,20492
assets/resources/native/40/4094e440-94c1-4404-9c6d-a74c22d4374c.c90fc.png,hek,3706,3698
assets/resources/native/40/40bb9a24-2465-4ca0-9bb1-7a5859c70c3a.10389.png,hek,1750,1742
assets/resources/native/41/41701843-6eed-4cb5-93fe-c0d982d6c941.23ef2.ogg,明文,15801,15801
assets/resources/native/42/426ca8fc-6ab3-47e9-a130-e85add8289e4.dd775.png,hek,15675,15667
assets/resources/native/42/42b269b2-fec5-40ec-885f-a83d55c661c6.be214.png,hek,1271,1263
assets/resources/native/42/42ec75f5-3c27-4560-9e4a-b502d765a3f9.154fd.png,hek,38296,38288
assets/resources/native/43/43d5edf7-b31d-4a55-9d51-fcef66e38fa1.26688.png,hek,1265,1257
assets/resources/native/43/43eb85c7-68d8-4f0a-acf0-346bb1ff3f08.06cbf.png,hek,141,133
assets/resources/native/44/441d852c-a574-41c5-80f2-ee943d3991c6.fcd4b.png,hek,935,927
assets/resources/native/44/44698a54-8cf6-4182-b7f0-5b94b56c61c0.39b09.png,hek,34232,34224
assets/resources/native/45/45e70dcd-f02d-414d-8524-f2f93f0b9a6d.69ba5.png,hek,9592,9584
assets/resources/native/46/466aed5c-2fe1-4f9d-87ee-6ed1df211aa7.afe5e.pkm,hek,55344,1310736
assets/resources/native/46/4677e862-6fde-4580-8a64-78881949711d.64041.png,hek,6102,6094
assets/resources/native/46/468f8cd7-4593-4c08-abc6-274386d26359.66dad.pkm,hek,21673,107536
assets/resources/native/46/46c5672d-7a82-4109-9af2-de2ddde1f543.77995.png,hek,19850,19842
assets/resources/native/46/46cd5d84-3a23-4470-b57b-3bb5b6ebb799.f677a.ogg,明文,21870,21870
assets/resources/native/46/46f24d06-063b-4e90-9d7c-91bdd73a1545.05f58.png,hek,1268,1260
assets/resources/native/47/479cd86a-1361-429a-88c6-7a48ea517549.0d1ed.png,hek,2073,2065
assets/resources/native/47/47aadf7a-5316-48ec-8664-6e140970aace.ae1cb.png,hek,3188,3180
assets/resources/native/48/48286535-8be3-415b-ae55-080a2cc960d2.7724d.png,hek,1702,1694
assets/resources/native/48/488a434e-65a9-4abc-9501-5a3b96ea39f8.63cf6.png,hek,2669,2661
assets/resources/native/48/48eb1c9c-4762-45a2-a66d-c1f58ab8569b.161eb.png,hek,4319,4311
assets/resources/native/49/4935280a-4c2f-416e-8776-d00a2a94b967.36546.png,hek,37002,36994
assets/resources/native/49/49fabebe-cd74-4757-9df3-18f66026398f.602e3.png,hek,10136,10128
assets/resources/native/4a/4a23fe3a-985a-401b-93a9-b51d4d9044b0.51059.png,hek,870,862
assets/resources/native/4a/4adcc5bc-c2fe-4be3-af4d-933cb27914a3.ce99d.png,hek,1165,1157
assets/resources/native/4b/4bcab005-4c8d-4df3-a661-68e12bb20801.e1091.png,hek,206,198
assets/resources/native/4c/4c2e83ed-872e-421d-8737-b70b754a79df.84be6.png,hek,3417,3409
assets/resources/native/4c/4c6cbd84-a04d-4470-bb6d-87302f295044.7ee2c.png,hek,1207,1199
assets/resources/native/4d/4da9a7cc-ae13-406f-89b0-7bd007cef7fe.87a48.png,hek,766,758
assets/resources/native/4d/4dd3d21b-abac-434f-b497-d33e81c05d63.70e9f.png,hek,1286,1278
assets/resources/native/4e/4e0c5a97-193d-43fb-a749-c4af381890be.67677.png,hek,1577,1569
assets/resources/native/4e/4e492a28-f56e-49c4-83cd-8a3b0c085f9a.ff11b.png,hek,3842,3834
assets/resources/native/4e/4e719854-95ed-4ab4-a1a0-c48bcccb217a.d3505.ogg,明文,20189,20189
assets/resources/native/4e/4ef2bdb2-2c2a-477a-8951-1af4d55e0e49.227f1.png,hek,4421,4413
assets/resources/native/4f/4f5fb60f-3b65-47e1-b5c8-a68a081bde0d.4c061.ogg,明文,18929,18929
assets/resources/native/50/50d0e58a-cbe1-4d8e-92b3-1d68c15631eb.9cdf0.png,hek,32671,32663
assets/resources/native/52/52e25bf3-e86f-4be1-9834-1786dcdb5d0c.89387.png,hek,11203,11195
assets/resources/native/54/547ea760-8dcf-43e2-903a-b0d69d140280.0866a.png,hek,19322,19314
assets/resources/native/54/54e551b9-2725-41e4-803c-5b4eeb391c41.fb3e1.png,hek,2721,2713
assets/resources/native/56/5608c8fa-a3bb-4928-b6ec-f33b8823bbc1.dfebf.pkm,hek,3870,13328
assets/resources/native/56/567dcd80-8bf4-4535-8a5a-313f1caf078a.5f1d9.png,hek,488,480
assets/resources/native/56/56e5a00e-9293-4306-8862-4106df653a6d.b624f.png,hek,137342,137334
assets/resources/native/58/582990d0-49d4-4e60-a5da-5d158e6e3f70.881ec.png,hek,3170,3162
assets/resources/native/58/582b1599-6e88-4cba-8730-6f55f9e40c34.1cb28.png,hek,594,586
assets/resources/native/58/586efb0e-cda3-4e07-b360-53827086e89f.087f8.png,hek,1463,1455
assets/resources/native/58/58ab6a9b-eb33-49ab-8456-d05167ee8fee.29e35.png,hek,28681,28673
assets/resources/native/58/58d03d09-6034-4e74-90a0-f3fac61fd512.1795e.png,hek,6873,6865
assets/resources/native/59/599f39a5-3933-4be7-9778-6835c967d34e.8ab22.ogg,明文,17369,17369
assets/resources/native/5a/5a60dea0-04ef-44be-8427-95f1ca1fd612.49e46.png,hek,5581,5573
assets/resources/native/5b/5b56df81-0812-40be-9482-76b7d1726ca1.0d109.png,hek,125,117
assets/resources/native/5c/5c1ff375-6118-479a-88aa-e49bec65c039.acf2e.png,hek,456,448
assets/resources/native/5c/5c1ffb8a-5a9e-4efa-8170-5ffe72067902.785c2.png,hek,3978,3970
assets/resources/native/5c/5c2cbdab-3510-4499-a470-9925de0a5533.2aa28.png,hek,21599,21591
assets/resources/native/5c/5c9368aa-3414-416e-a2ac-b18d65b01df0.e49b3.png,hek,6803,6795
assets/resources/native/5d/5d764790-ca9a-4ab9-8ab9-13f694a1f2cc.eff63.png,hek,981,973
assets/resources/native/5d/5d93d039-f4f6-449f-abeb-d2b6d5a8d982.f923e.png,hek,1868,1860
assets/resources/native/5d/5da1ab8e-949a-4b14-a62c-b9234820f377.43270.png,hek,1110,1102
assets/resources/native/5d/5da7e103-48e4-4c14-895e-51e23911d693.b9191.png,hek,7559,7551
assets/resources/native/5d/5df9c27d-7614-4913-adf2-fe660934a67d.d9ed0.png,hek,1439,1431
assets/resources/native/5e/5e3dfc0c-4150-46cf-b401-f743a3881305.a7fed.png,hek,2537,2529
assets/resources/native/5e/5e4e1909-8c4d-42b1-9ed6-10b7d436485f.7c2c3.png,hek,2998,2990
assets/resources/native/5e/5e6dce3e-030f-41b9-bee4-ce5bb674dca7.75ad4.png,hek,476,468
assets/resources/native/5e/5e75346d-ba3c-4217-8e01-55153fa79a06.2539d.png,hek,3673,3665
assets/resources/native/5f/5f3c74b9-71ac-4b47-abeb-0c098b625070.959fe.png,hek,14470,14462
assets/resources/native/5f/5f87b155-0814-4477-a659-9985ada0f272.58aa2.png,hek,4750,4742
assets/resources/native/5f/5ff3f3b4-477c-4f17-8fc7-2a0114932413.7a7d6.png,hek,4246,4238
assets/resources/native/60/60061f33-411f-4681-a5a8-0a48a1923998.a0eeb.png,hek,762,754
assets/resources/native/60/6057b7f4-6e07-472c-8227-c123c617ce9c.a20c0.png,hek,6329,6321
assets/resources/native/60/6085bccd-cc4b-4305-8d0f-d0c5babf7633.0d8cd.png,hek,1195,1187
assets/resources/native/60/608aa516-9ab6-44c2-a024-feeabe69480b.a7f27.png,hek,6826,6818
assets/resources/native/61/613f8cef-59d9-4166-be14-ad290de0afd5.afe9b.png,hek,2303,2295
assets/resources/native/61/615d972d-10ff-44f3-a9da-54f5ad3ed2c8.91a86.ogg,明文,42777,42777
assets/resources/native/61/6165ad39-7845-47d4-ae7b-488c1579ba62.1c3cb.ogg,明文,15802,15802
assets/resources/native/62/626d19d5-ec20-4af1-8396-2889513c9de9.f2e80.ogg,明文,19230,19230
assets/resources/native/62/62ba0a98-b6fd-4a13-8617-a8f93418a182.85d8e.png,hek,362,354
assets/resources/native/62/62d551ee-62e7-4c91-99a6-f42dbccd09e3.3bfdc.png,hek,846,838
assets/resources/native/62/62e50641-8ed1-4224-b8cc-8225e7de2e04.1311e.png,hek,23400,23392
assets/resources/native/62/62fa1350-c51f-41aa-ad7b-acc2c2395b3c.54544.png,hek,34655,34647
assets/resources/native/65/65aa47af-6e29-4b0b-824e-7088d3666e0b.7ff6f.png,hek,3176,3168
assets/resources/native/66/665b2d84-c7c0-4a5b-9227-575039e780af.7f8f9.pkm,hek,18758,294928
assets/resources/native/66/666c7ed4-0e93-4971-9d83-dfb811cf90ba.d7e0f.png,hek,373,365
assets/resources/native/66/66a0ccbc-1276-4227-8004-19b366f96cb1.88251.png,hek,1983,1975
assets/resources/native/66/66a4845f-ca49-4e68-a5fc-d15d1d7b639b.5be77.ogg,明文,37569,37569
assets/resources/native/66/66bdf553-fc51-4d2b-9def-64ec761e93c2.54614.png,hek,3016,3008
assets/resources/native/67/67b19f8c-e645-4b43-8adb-7663b8688123.d2cc1.png,hek,34173,34165
assets/resources/native/67/67e795d7-0ddb-4e09-88de-febdef0eefcc.ac934.ogg,明文,14561,14561
assets/resources/native/68/68f4e60e-40b4-4477-b888-4713214455c3.ebca5.png,hek,1408,1400
assets/resources/native/69/691e7574-06f7-4cc8-8598-9f2e60e8b2db.95527.png,hek,406,398
assets/resources/native/69/6980e2ce-8af4-4c1e-a813-024ceefc2489.4834f.png,hek,887,879
assets/resources/native/69/6991f750-b35d-463e-b85f-8ca2b0c967fe.bdd3d.png,hek,152,144
assets/resources/native/6a/6a18a793-7958-4b8f-8cf6-0b71373d7939.2db1c.png,hek,14409,14401
assets/resources/native/6a/6a1f7efa-eb30-4e4e-8309-2d149f984d1a.cea68.png,hek,112,104
assets/resources/native/6a/6a851036-d084-4a26-8118-64ec94c77791.29c09.png,hek,790,782
assets/resources/native/6a/6ac16858-f58f-4b14-ac9f-5255d7443525.f3112.png,hek,366,358
assets/resources/native/6b/6b702aa3-6612-4e92-aaa4-bb0805a17466.a20a1.png,hek,2759,2751
assets/resources/native/6b/6bf9a9cd-c465-467f-af83-f8c45fa15339.2c39f.png,hek,4527,4519
assets/resources/native/6c/6c36418e-354c-45a9-b259-e84a3f0c8e61.c36ee.png,hek,589,581
assets/resources/native/6c/6caf099d-0ec4-48c6-9b98-1d34fbe62f5b.8bf57.png,hek,2784,2776
assets/resources/native/6c/6ce8f259-c755-4ea8-8890-20af17517251.57f4b.ogg,明文,5428,5428
assets/resources/native/6d/6d3852aa-84e8-4a30-9392-4d6bad213a61.7647c.png,hek,43355,43347
assets/resources/native/6d/6d3aa142-629c-463a-98e9-5071994f6642.89ddb.png,hek,8347,8339
assets/resources/native/6d/6d3b3153-19b3-4d2e-8666-5b537c7ae11b.c3783.png,hek,21532,21524
assets/resources/native/6e/6e60314f-c6fe-4bbd-8ef5-0d446b61c400.35a83.png,hek,20256,20248
assets/resources/native/6e/6ee25b5f-b5a0-42d6-8913-2b35d8295ac4.140e0.png,hek,70474,70466
assets/resources/native/6f/6f5b7e74-74d7-4f50-b800-17ddeabeaa55.aaf0c.png,hek,2149,2141
assets/resources/native/6f/6ff6c940-2229-4b54-83fa-6dc04350e9b0.13074.png,hek,57812,57804
assets/resources/native/70/705534eb-007f-4440-8609-3f862f94dda8.b6006.png,hek,1736,1728
assets/resources/native/70/7082b9ea-d8b2-4812-83e0-ee5d27812dfe.6bc8c.png,hek,2659,2651
assets/resources/native/70/70b522f1-d07e-46c1-9408-ddfcdc3f55f3.8c968.png,hek,4357,4349
assets/resources/native/71/71561142-4c83-4933-afca-cb7a17f67053.c06a9.png,hek,232,224
assets/resources/native/71/718ac5a5-8853-4201-bfcb-af2726fa247c.d0fab.png,hek,2238,2230
assets/resources/native/71/719aefcf-31be-4fbe-b41c-29ca9313387d.76d32.png,hek,1416,1408
assets/resources/native/72/720e48ab-dfff-4c11-8e24-1fb934a9fc1b.c8518.png,hek,7807,7799
assets/resources/native/73/733c6f44-d577-46ac-8c79-e461977dc605.5683b.png,hek,3151,3143
assets/resources/native/73/73b2548c-7276-4336-823a-239d37e9d58e.b08d6.pkm,hek,58427,1343504
assets/resources/native/73/73f67a12-e67a-4423-b015-6ca55e5a6001.c4a3e.png,hek,351,343
assets/resources/native/74/7487b303-a3f2-4adf-b2fb-040db952362d.2e675.png,hek,2061,2053
assets/resources/native/74/74feaf54-b32c-4202-83d1-f03a2dacc965.2cb3e.png,hek,2063,2055
assets/resources/native/76/76456011-c2bc-4b09-abd7-4d212a0f38f4.50180.png,hek,3257,3249
assets/resources/native/76/767d020f-2c20-4b4b-8709-af4b142f5587.bf629.png,hek,1117,1109
assets/resources/native/77/77042d8d-0470-41bd-aebb-0f2f3b3e28b7.54e07.png,hek,125,117
assets/resources/native/77/7752a6de-9cf9-491b-94b3-4ee1d32020f5.0c748.png,hek,386,378
assets/resources/native/77/77951c30-0f49-4708-98b2-8f176be52809.d7757.png,hek,6918,6910
assets/resources/native/78/785d6199-aadf-4cdd-b24e-4ad7e827b22c.32b74.png,hek,1134,1126
assets/resources/native/78/78f59207-e4fe-4946-bd8e-060e6017b1ff.71778.pkm,hek,11685,63008
assets/resources/native/79/79e42ed0-8245-4755-b275-6f06e8bb862d.eddb5.png,hek,941,933
assets/resources/native/7a/7a2a245e-050f-4e20-8492-efee2e56f406.be538.png,hek,4774,4766
assets/resources/native/7b/7b2a4b1e-88a5-4378-b0fa-89cfae940de2.0ca98.png,hek,416,408
assets/resources/native/7b/7b501f5f-0c2e-4d88-8166-ce2651426599.70eb0.pkm,hek,538,9232
assets/resources/native/7b/7b7f1e32-93ca-434c-8915-1768b936cb15.fe7b9.png,hek,1729,1721
assets/resources/native/7b/7ba2c03f-de50-463a-8f10-2d60ac1519bc.ed21a.png,hek,805,797
assets/resources/native/7b/7bb39486-2ecc-48a6-a41e-7ee183e499ad.42c0f.png,hek,1257,1249
assets/resources/native/7c/7c12e830-f426-4a7d-a64f-0383499ef236.283a9.png,hek,12815,12807
assets/resources/native/7c/7cf3c039-952d-4374-b179-87678f971986.5fe1d.ogg,明文,13596,13596
assets/resources/native/7d/7d3abef8-4158-43f9-ad69-b5b3d4a770e3.33519.png,hek,2218,2210
assets/resources/native/7d/7d9426af-736b-4810-8cd0-5ce9111e2d03.d3064.png,hek,113,105
assets/resources/native/7e/7e0decfc-02fc-4d10-85fb-301f68f840ce.350ab.png,hek,1008,1000
assets/resources/native/7e/7e6db96e-3ca8-4235-b1ca-4c8b67074c71.67667.png,hek,57675,57667
assets/resources/native/7f/7f4e1624-1533-4e40-bad0-fc6f601426ab.b618f.png,hek,1444,1436
assets/resources/native/7f/7fef8078-8e68-4b86-831d-bd237ba9ded6.34c1e.png,hek,31779,31771
assets/resources/native/82/8223386b-239d-4525-9476-12fc51f44492.08f34.png,hek,29701,29693
assets/resources/native/82/82a7bf16-fc79-46b3-bd25-d55b103dfb8e.d2de3.png,hek,3097,3089
assets/resources/native/82/82adceb1-56de-49f5-940e-d08a1d9012a3.c30d5.png,hek,1292,1284
assets/resources/native/83/830475eb-8592-419d-8583-edce3f5e0cfa.fd681.png,hek,594,586
assets/resources/native/83/839dd7e6-1230-451a-9a90-bb87906ae34b.56d22.png,hek,2787,2779
assets/resources/native/83/839df353-be69-4f1d-a0a6-0678263d1699.b3d9a.png,hek,261,253
assets/resources/native/83/83a35851-4c6b-4fb8-9531-f7bba1ebb786.f2b21.png,hek,1652,1644
assets/resources/native/83/83f8ca51-5c89-412a-b9db-3c6ca54a291e.4690b.png,hek,9560,9552
assets/resources/native/84/84827fb5-339c-421a-a810-ed0bea517248.a2b93.png,hek,2699,2691
assets/resources/native/85/85cec4d3-5c6e-4303-8073-806851f7b5eb.e3514.png,hek,1510,1502
assets/resources/native/86/86089bfa-37c0-4db8-90fa-9bcba797f7c5.ae605.png,hek,1733,1725
assets/resources/native/87/87c02e16-7830-4304-8418-8602c6d87110.fe129.png,hek,2039,2031
assets/resources/native/88/881eebf6-96dd-4d30-afd3-a7bc3e791226.ab008.png,hek,3809,3801
assets/resources/native/88/88fe529a-71cc-4b5d-bede-734fbc00430f.1e149.png,hek,293,285
assets/resources/native/8a/8ae23f66-dfb5-418a-8426-78274bc639e7.4e76c.png,hek,1178,1170
assets/resources/native/8c/8c153e4e-5939-4f1d-be9c-c498d2200881.9114b.png,hek,204,196
assets/resources/native/8d/8d3686bf-925e-447f-802d-451f1ac5d5d1.dc887.atlas,hek,295,287
assets/resources/native/8d/8d5d42d0-c535-4090-8e83-17d99061b841.ba501.png,hek,2996,2988
assets/resources/native/8d/8d790a8c-159f-48a0-b9f5-24d85f37e8fd.084b1.png,hek,23606,23598
assets/resources/native/8d/8d9a9576-d9c0-4b99-8cc3-8fc02bca1fb8.b064c.png,hek,8325,8317
assets/resources/native/8d/8db296ba-a09b-49cc-beca-f7423cd57b12.624d8.png,hek,2607,2599
assets/resources/native/8d/8de90040-4406-4e5b-b2ef-4340c0a31b25.c5114.png,hek,1725,1717
assets/resources/native/90/902828b5-c552-4c03-bf39-a6250c02152f.74731.png,hek,19146,19138
assets/resources/native/90/9069ab85-f047-4d56-842f-4facf5a1aa9a.cc416.png,hek,846,838
assets/resources/native/91/9131ae8f-0d09-402e-9fa5-1fc709e9e64c.ca8bb.ogg,明文,6109,6109
assets/resources/native/91/9194c538-c6e1-4761-b306-260096f52257.15faa.png,hek,11872,11864
assets/resources/native/91/91b948ed-edb7-4eeb-a6a3-85a7cd9790aa.11fb5.png,hek,6040,6032
assets/resources/native/92/922fab89-c82b-4563-84c5-533ca6a71ec0.8c457.bin,hek,893,5166
assets/resources/native/92/9232fe98-0c90-4e55-bbfc-eb673ca17155.5c7b0.png,hek,866,858
assets/resources/native/92/9242932f-13d7-430a-b56c-188a849c4e3e.0e97d.png,hek,5043,5035
assets/resources/native/92/92e83f00-15b8-4e19-9071-8da5f68e1008.054d5.png,hek,2780,2772
assets/resources/native/93/931a908f-b62d-4570-bbd0-79b8e81b5191.9567d.png,hek,2170,2162
assets/resources/native/93/931c6d88-86a0-4afa-b03a-faebc0bb45ef.39918.ogg,明文,5274,5274
assets/resources/native/93/9384b12e-c54c-42f8-97bd-107da6e535b4.d823b.png,hek,2817,2809
assets/resources/native/93/93a701b0-62f8-4689-80dc-e8348613cd8e.7688d.png,hek,6530,6522
assets/resources/native/94/94a60940-61be-4fcf-b998-2f6157efcbb3.97c72.png,hek,4007,3999
assets/resources/native/94/94f27cd8-c986-49c8-901e-08c723dd0fb6.6adb3.png,hek,10192,10184
assets/resources/native/95/9586f5bd-35f4-4d8f-906e-10c9a47903a2.48d0a.png,hek,2503,2495
assets/resources/native/95/958f4d69-152a-4fa7-8b4e-5191d3f98964.ad951.png,hek,3821,3813
assets/resources/native/95/959d5830-4217-41ff-b9a6-4619da5a3cf5.efcac.png,hek,6358,6350
assets/resources/native/95/95cf089b-6700-4494-9ee2-6a571dd31c95.2cd51.png,hek,16430,16422
assets/resources/native/95/95e667d8-2f10-4613-8d03-aa3b5621561d.89c52.png,hek,4119,4111
assets/resources/native/96/968fa0a9-a79e-4895-ad2d-3addf5adc173.4fd53.ogg,明文,17395,17395
assets/resources/native/96/96b83310-9753-41cf-846a-7e19f002bb2d.d0d3c.png,hek,4138,4130
assets/resources/native/96/96e2fb00-a086-47a9-9733-8ce7a6d63e53.c9685.png,hek,4275,4267
assets/resources/native/97/97ea0603-e518-4aef-bd5e-bc5f4a23d835.3932a.png,hek,8146,8138
assets/resources/native/98/984d9eae-9bcd-4ee8-afac-3f9fd7488530.40a29.png,hek,25286,25278
assets/resources/native/9a/9a184f70-cfde-4ab6-bd57-a426cb4ddc91.9bf1b.png,hek,1410,1402
assets/resources/native/9a/9a1f332c-1a96-4062-95b8-89763302508d.db8f9.png,hek,5735,5727
assets/resources/native/9b/9b746475-b8fb-4023-a842-8d294ee2632b.eaccf.png,hek,17703,17695
assets/resources/native/9b/9bfeae0c-2b98-4c73-b261-a201d40ae21c.7bcb1.png,hek,1420,1412
assets/resources/native/9d/9d0d39f9-55d1-44cd-baf2-1d9528958f02.17059.png,hek,809,801
assets/resources/native/9d/9d268241-1947-40d3-b078-7c89bcbdbcf6.1f6d7.png,hek,764,756
assets/resources/native/9d/9d3937c0-2b69-4dfd-a0d7-d4350f391350.dbc8e.png,hek,25929,25921
assets/resources/native/9d/9d50381c-361b-45df-a67f-ab7904123460.8be68.png,hek,6477,6469
assets/resources/native/9d/9d8ad2af-c297-4775-aca8-37185727f180.7a8b4.png,hek,1804,1796
assets/resources/native/9e/9e8113f9-14ec-4906-a6af-51528daada61.ea554.png,hek,652,644
assets/resources/native/9e/9eee435d-4948-42bd-a23a-a5af8623435f.1d846.ogg,明文,28899,28899
assets/resources/native/9f/9f75bf18-4423-49db-98bd-0f963d572bd9.a3b8d/Use Font.ttf,明文,38408,38408
assets/resources/native/9f/9f7b5734-55ce-47ed-afd6-d6509451883a.da1a1.png,hek,843,835
assets/resources/native/9f/9f7ca663-6146-4e57-b493-a6ec87155869.db4de.png,hek,4935,4927
assets/resources/native/a1/a181de27-9da6-44e5-8945-8ca99296b037.167d3.png,hek,1709,1701
assets/resources/native/a2/a2a948f1-e7de-4a1f-9437-d11fd743ffcc.82363.png,hek,4067,4059
assets/resources/native/a3/a30666db-05a1-4d4d-b5dd-2f5f7569d62f.cfe02.png,hek,10097,10089
assets/resources/native/a3/a3f506ef-6764-48aa-97a6-e4ad965fc45d.80ab5.ogg,明文,18859,18859
assets/resources/native/a4/a41a3705-16fe-4ba4-83d4-321ecd97a833.7e349.ogg,明文,44338,44338
assets/resources/native/a4/a4bfdadc-5ad7-4846-a50b-381a3c03f684.a7c40.png,hek,4578,4570
assets/resources/native/a5/a5f4286e-db49-4c7d-9dc5-9e1d530900ce.f0248.png,hek,7144,7136
assets/resources/native/a6/a608ac14-1e89-47f7-845b-5254a70021b2.b2f76.png,hek,473,465
assets/resources/native/a6/a686eeb1-6731-4c81-8cee-4ac930f464c6.311f1.png,hek,36347,36339
assets/resources/native/a9/a9de6496-b044-4149-b22e-d1cfa571834c.35748.png,hek,4889,4881
assets/resources/native/ab/ab0de358-0daa-489a-9799-84834f104a86.a1b5b.png,hek,5476,5468
assets/resources/native/ab/ab8dd6f3-a990-48bc-a071-e15537a14309.65818.png,hek,429,421
assets/resources/native/ab/abccc4a6-d9e8-4651-ac26-bef615e43f36.ee9d0.png,hek,795,787
assets/resources/native/ac/ac6e3347-43b8-4caa-9296-396770c0a45d.1fac6.ogg,明文,15436,15436
assets/resources/native/ad/ad7f8ff1-8085-4706-9c98-5d05955e221c.d9d50.png,hek,3941,3933
assets/resources/native/ae/aee1739f-7339-47fc-b498-2ce3b1c74e4c.3a24b.png,hek,1143,1135
assets/resources/native/af/afff9767-736b-4b65-8b8f-8827e118a140.1726d.png,hek,3361,3353
assets/resources/native/b0/b0152297-3116-45d5-84bf-d536a87a9670.01f24.png,hek,5319,5311
assets/resources/native/b0/b022b419-612b-49cf-a5b6-1ca0c1c4b28e.ec990.png,hek,14954,14946
assets/resources/native/b0/b044b7c9-4be1-4614-bd07-d15cad60f5a0.7c5d4.png,hek,4447,4439
assets/resources/native/b1/b11aa1e2-3fdc-4d33-a2e0-c68588179c80.184be.png,hek,1291,1283
assets/resources/native/b1/b1ab4340-9176-4b67-814d-e7f01207b821.80cd7.png,hek,5613,5605
assets/resources/native/b1/b1f06448-a7b5-403c-a597-b64c730a4d82.4bcc8.png,hek,305,297
assets/resources/native/b2/b21b33c3-8628-4370-87b7-99a836d72f59.bbdb2.pkm,hek,26658,725008
assets/resources/native/b2/b28afb94-fcb7-44a5-a555-1cc1254c537d.c017d.png,hek,112,104
assets/resources/native/b3/b332420a-a003-4272-890e-ff4d772e13d6.33204.png,hek,24353,24345
assets/resources/native/b3/b3501b6c-210e-483d-932e-ea1470bfb528.a33a9.png,hek,2943,2935
assets/resources/native/b3/b368395a-614d-42c1-8a21-2c643cdeb7dc.768a1.pkm,hek,38572,331792
assets/resources/native/b3/b3db3b15-0c3b-443b-a48e-e6e8ba7e2f58.1ea84.png,hek,305,297
assets/resources/native/b4/b4390cb3-72f4-4581-8bc2-2104be406df6.faa95.png,hek,2521,2513
assets/resources/native/b4/b43ff3c2-02bb-4874-81f7-f2dea6970f18.83fcc.png,hek,253,245
assets/resources/native/b4/b4da6534-52f9-42fa-a8a5-93807ffcd00b.cec84.png,hek,7891,7883
assets/resources/native/b4/b4fe0a40-e3f5-4427-b966-4fd70520dd2b.15784.png,hek,135152,135144
assets/resources/native/b5/b579a3f3-6a89-4720-8507-da4e0f7a9c87.b4792.png,hek,1358,1350
assets/resources/native/b7/b7501ba6-7a59-421f-98da-a5c045705797.a8934.ogg,明文,6710,6710
assets/resources/native/b7/b76a60ae-ba0c-4fab-a8e9-6e1684e3c23c.34301.png,hek,13276,13268
assets/resources/native/b7/b7e054b9-d71b-4630-8e20-eef72795a13c.0262a.png,hek,2510,2502
assets/resources/native/b8/b83cc76c-2861-4e92-9830-93069737700b.3f4c9.png,hek,2549,2541
assets/resources/native/b8/b8cccc3a-e850-454f-9b72-57f240296ca4.261e4.pkm,hek,283,9232
assets/resources/native/b8/b8ea53aa-fe65-487a-9905-ef548b2425c8.f0290.png,hek,14080,14072
assets/resources/native/b9/b94219f9-7ccf-4ff5-b4cb-611537aa6bee.a0632.png,hek,1522,1514
assets/resources/native/b9/b96f7858-02c1-4c13-8dde-b9e05d720bfd.dfe2a.png,hek,278,270
assets/resources/native/ba/baf85a74-5678-43aa-85ec-36187d849664.33fce.png,hek,2208,2200
assets/resources/native/bb/bb05a2a1-28f1-4831-b2af-d788d37c1f9f.d87e2.png,hek,6109,6101
assets/resources/native/bc/bc532c4d-ce23-41be-a1c8-d1b77cdb9647.9df40.png,hek,1475,1467
assets/resources/native/bc/bcbf9f22-56f2-45f6-8d77-6da9ea33abc4.f6fb8.ogg,明文,18396,18396
assets/resources/native/bc/bcf589c9-db78-422d-9c5e-85c83f720bfc.3ace5.png,hek,4339,4331
assets/resources/native/bd/bd581582-605e-4f42-9cf0-214c8f334da2.85faa.png,hek,2265,2257
assets/resources/native/bd/bd6d3330-209d-402d-b437-4d165e95647b.6d31f.png,hek,1260,1252
assets/resources/native/bd/bd85ed14-35f0-4728-84b1-32db0953bf57.433ad.png,hek,2072,2064
assets/resources/native/bd/bdb56a2a-a434-46a7-ad2b-4673440bf32c.07e1f.png,hek,787,779
assets/resources/native/bf/bf28e74b-3fe0-4bd5-b400-cc5d4fda3a4b.4f11b.pkm,hek,17500,141328
assets/resources/native/bf/bf56bbea-4afc-4f7a-93b0-49b326abff8c.adcb0.png,hek,6444,6436
assets/resources/native/bf/bf974d3e-6f83-4ddc-a599-4cf21c84867c.807f6.png,hek,1554,1546
assets/resources/native/bf/bff1ee57-a4df-486e-9039-f492e1917d08.d73f6.png,hek,45829,45821
assets/resources/native/bf/bff95fcf-07f4-43da-9b40-3f23a9d32692.f2b7c.ogg,明文,18235,18235
assets/resources/native/c0/c0651009-6199-4bbf-97f0-f39b7b5e8e0d.f4b65.png,hek,1019,1011
assets/resources/native/c0/c0ac584a-78f7-4d90-954c-668b9ffb746d.9f51d.png,hek,148,140
assets/resources/native/c1/c1aca251-a4fe-4eb4-aaf9-10687123b828.99899.png,hek,758,750
assets/resources/native/c2/c24393af-45cf-49d9-9a71-22f0a617d407.f613b.png,hek,1207,3788
assets/resources/native/c2/c2e82427-72bd-4e6b-8615-c1982d62f606.1e1fa.png,hek,11088,11080
assets/resources/native/c3/c3adf059-b12b-4bea-b037-40f75a07990e.f79e9.png,hek,301,293
assets/resources/native/c3/c3f7d1f3-83dd-4dca-aa23-75f71ef7bba5.8566b.png,hek,2626,2618
assets/resources/native/c4/c40cdfe8-bc8c-4596-8460-0e034e770cfb.f4358.png,hek,3201,3193
assets/resources/native/c5/c577c001-8971-459a-8905-4aeff77718c1.304df.png,hek,1485,1477
assets/resources/native/c5/c59e2c71-131e-4521-a721-d9c14373a41c.2296a.ogg,明文,29456,29456
assets/resources/native/c5/c5e7d6f6-84df-470f-9327-40c64e978557.b718e.png,hek,130,122
assets/resources/native/c6/c652f243-c08c-40a6-9976-54f7f26130f5.05b4a.png,hek,20103,20095
assets/resources/native/c6/c68b3ee0-67c9-4b36-864d-7d4037e87f1c.c0aec.png,hek,19286,19278
assets/resources/native/c6/c6ceb352-a32c-4b64-9ee0-5a4c4c46ca66.536b8.png,hek,3876,3868
assets/resources/native/c6/c6fe1f3e-6fb8-4087-b8fc-484a88c902ea.6c493.png,hek,978,970
assets/resources/native/c7/c78d873d-4196-42a0-ba19-5d55a7725942.5c525.png,hek,973,965
assets/resources/native/c7/c798a162-f318-4730-ad53-971c9572dcd2.3b4ad.png,hek,995,987
assets/resources/native/c7/c7c1f80b-a8bf-4b73-be19-8a679d83111e.3d743.png,hek,813,805
assets/resources/native/c8/c87a897d-fc5f-45b9-8e7a-f887c71c11ac.c2fd5.png,hek,1264,1256
assets/resources/native/c8/c8a04852-2fcc-4a62-b160-424d36eb92e5.6e750.png,hek,7071,7063
assets/resources/native/c8/c8def4a0-23d1-42b8-af30-984f2df5a054.ace47.png,hek,423,415
assets/resources/native/c8/c8ed10b6-5cdc-45bb-95bd-d5dad4eb9643.a104b.png,hek,11561,11553
assets/resources/native/ca/ca5b92c0-6cd5-4eda-927d-b0ff202d5f37.ef4f7.png,hek,106516,106508
assets/resources/native/ca/cab922c0-5500-482f-b10b-1deefc09fcd4.0841e.png,hek,452,444
assets/resources/native/ca/cade4efe-df89-4fa2-859c-7f1f0f9d56c8.28cbf.png,hek,34463,34455
assets/resources/native/cb/cb3e0eb5-c8d3-47c5-b7c4-8475a5d324d1.a1ff1.png,hek,1240,1232
assets/resources/native/cb/cbdd5d1d-6410-4fc4-8e8c-28ee33ec1509.1701e.png,hek,3018,3010
assets/resources/native/cb/cbf96061-a3a0-42bd-be3e-fe562bb00309.92a6e.png,hek,3297,3289
assets/resources/native/cd/cd71e5e8-2bf4-4dad-af7b-fc45b53bc096.df6b6.png,hek,9346,9338
assets/resources/native/cd/cd747dae-1131-4c2c-8af6-45dc2fc4e1c5.21b09.pkm,hek,6758,892944
assets/resources/native/cd/cd901b8f-e0a4-49bb-ba29-35b9e95b382b.6c67b.png,hek,2184,2176
assets/resources/native/cf/cfb47fa7-9ffb-44ae-9f6d-2bad4bd99555.5eb64.ogg,明文,21349,21349
assets/resources/native/d0/d0d83d14-199a-4f46-bc87-f816efcc0168.882d6.png,hek,1752,1744
assets/resources/native/d1/d1a38b0b-40b1-4eba-852b-d4f39d704fb4.2c991.png,hek,3839,3831
assets/resources/native/d1/d1edb83e-2fb0-4755-be14-d923b76237e7.13fe6.png,hek,6516,6508
assets/resources/native/d2/d25896ae-e636-4b00-b065-f1c255445e72.0cc6b.png,hek,1221,1213
assets/resources/native/d3/d368808b-075f-4b31-ac7a-8ff5ef2c9621.d0e76.png,hek,5715,5707
assets/resources/native/d5/d53e75ed-338b-473f-83b3-ad2c83bafb42.9c9dd.png,hek,2128,2120
assets/resources/native/d5/d544f64c-5a62-4921-9979-64f5005c4617.0d889.png,hek,3240,3232
assets/resources/native/d6/d633bebb-2718-4e6e-99fe-ce590ec425a1.8bdff.png,hek,10434,10426
assets/resources/native/d6/d67fd260-ff54-4c65-a76e-008f48347755.94a8e.png,hek,119220,119212
assets/resources/native/d7/d712293f-48f6-403b-af36-c99239d38acc.443b7.ogg,明文,19504,19504
assets/resources/native/d7/d7babcae-76f5-4829-80e8-4af8677f01bb.39899.png,hek,3091,3083
assets/resources/native/d7/d7c9f898-3db7-4f6a-9a59-6049d84fc86f.96c84.png,hek,2700,2692
assets/resources/native/d7/d7ec244b-1f3a-497d-abb2-8b4c713de6a0.3d948.png,hek,834,826
assets/resources/native/d8/d801c7a0-1b20-4280-b9f0-5b940335c960.c9f98.pkm,hek,457594,2056208
assets/resources/native/d8/d805f9a8-1a52-4906-a288-bd854e3b2000.a0398.pkm,hek,542,2320
assets/resources/native/d8/d8247503-df8c-444f-9ce5-98c52e758ea3.9e446.png,hek,3432,3424
assets/resources/native/d8/d8faa931-e1ef-4ffa-849a-6126329017d8.6276c.png,hek,245,237
assets/resources/native/d9/d9e5c291-1ed6-4a5f-adfb-b058147e7506.ac4dd.png,hek,11882,11874
assets/resources/native/da/da3ab327-7974-4a24-b7c1-f78af5598ef6.6f0c8.png,hek,1023,1015
assets/resources/native/da/da631bfb-9fdb-4e92-aeed-50bd91f50a29.a1c89.png,hek,7316,7308
assets/resources/native/da/daf3681c-01cd-4859-94e7-4c72d006178b.20536.ogg,明文,18383,18383
assets/resources/native/db/dbc4b40d-b0c6-43ca-a06b-09270fa78136.8275b.png,hek,10199,10191
assets/resources/native/dc/dc0764ac-94ca-48f1-b1c2-cf2e5da196ef.dcf98.png,hek,1254,1246
assets/resources/native/dc/dcaee653-32b0-4857-82d8-d175c4764631.96134.png,hek,148,1706
assets/resources/native/dd/ddaebabe-d002-42bc-991a-fdb113dcd186.46a7e.ogg,明文,23515,23515
assets/resources/native/de/de17e891-c550-437e-8ede-4a6a99995a5d.71351.png,hek,822,814
assets/resources/native/e0/e0dea583-7f01-4a2e-bac0-8c1b829b1aad.addc8.pkm,hek,8294,299024
assets/resources/native/e1/e112a638-8b70-4357-8883-e16e156a39de.387e7.png,hek,26138,26130
assets/resources/native/e1/e1cf6291-d50b-44b9-8f14-73be8bf69272.e595c.png,hek,156,148
assets/resources/native/e1/e1e487f9-bb5a-4280-a522-8a5c62e97ded.627f1.png,hek,1529,1521
assets/resources/native/e2/e21ae5e5-8dc6-40fd-a83b-29c1746f0be0.410b5.atlas,hek,789,4546
assets/resources/native/e2/e28473ce-541c-4bce-ba17-cb9a55bea72f.d8955.png,hek,472,464
assets/resources/native/e3/e36184e6-c3ba-4774-b7e5-a2aabc529c1c.94138.png,hek,1610,1602
assets/resources/native/e3/e3bb96e7-edf9-4d89-a074-d6f6dfbd08b8.2608a.png,hek,1492,1484
assets/resources/native/e4/e44a494b-cd59-497c-9ec8-0d0870dd2f53.bd9e7.ogg,明文,25111,25111
assets/resources/native/e4/e4ad4017-6fbb-4b54-88c3-fc40874e7cf2.19623.png,hek,32178,32170
assets/resources/native/e4/e4cf1bdf-1cd3-4ff0-a026-b78058d39d90.ec852.png,hek,4834,4826
assets/resources/native/e5/e5235c15-bf8b-4f3e-a9d1-2248f783f82f.b4e74.png,hek,21991,21983
assets/resources/native/e5/e5e4660d-88a1-4726-8b98-2c478ff488b4.6996f.png,hek,2283,2275
assets/resources/native/e6/e66ffac4-5062-4edc-bae3-24ff7f4d4b2c.aa43a.png,hek,940,932
assets/resources/native/e7/e737cb74-583a-4794-b9da-f9064bfadbcd.2c815.png,hek,388,380
assets/resources/native/e7/e789bdde-20f7-4458-bd40-fdc8ea3d4824.7c183.png,hek,33435,33427
assets/resources/native/e7/e7e74ef6-1953-448c-988a-2ed556ce1826.a25a0.png,hek,996,988
assets/resources/native/e7/e7eb8de6-0581-4e50-894b-3740a3a2d3c5.e3520.png,hek,947,939
assets/resources/native/e8/e81de560-c2e4-4643-8db6-f6e814a71b56.539b5.png,hek,2989,2981
assets/resources/native/e8/e851e89b-faa2-4484-bea6-5c01dd9f06e2.90cf4.png,hek,242,234
assets/resources/native/e8/e89726db-ffb7-4848-86ef-88e4331c9e0b.c15e6.png,hek,1653,1645
assets/resources/native/e9/e9573e4b-409d-459e-a1c5-159bd1fefb51.898c4.png,hek,3804,3796
assets/resources/native/e9/e9a64fea-e85c-42d7-b258-17e2325af1b0.af45f.png,hek,125,117
assets/resources/native/ea/eab7cc67-2e51-4825-9c9f-588a8194e43a.510ee.png,hek,16402,16394
assets/resources/native/ec/eca8d2a7-7db2-4f60-ad15-30078afa7b3c.7605d.png,hek,22973,22965
assets/resources/native/ee/ee085d45-da61-43d0-8240-dacb69c7807c.472d9.ogg,明文,18114,18114
assets/resources/native/ee/ee7c6a95-ef39-440f-8705-9e82f035d1df.9e78f.png,hek,4779,4771
assets/resources/native/ee/ee871087-decd-4120-b552-3a8d2178ffc8.ca898.png,hek,6029,6021
assets/resources/native/ef/efbecea2-e22d-4ac1-94df-0ef514d01c20.81fbc.ogg,明文,15654,15654
assets/resources/native/ef/efc31c74-53e3-44d4-990b-9cf9cf569671.5c7c3.png,hek,1797,1789
assets/resources/native/f0/f067fd7f-1006-4ca2-bfb5-15b04bc9c530.bd3d4.png,hek,548,540
assets/resources/native/f1/f15d9311-a409-42fe-b1b2-6d99ac618b68.cf688.png,hek,1727,1719
assets/resources/native/f1/f19c1def-ccc3-4998-923a-885660aeb389.bde85.png,hek,991,983
assets/resources/native/f1/f1f32a53-0f1c-4741-af02-7411b7cc991f.d3102.png,hek,1552,1544
assets/resources/native/f2/f2abf3f0-8980-456a-8811-28ac02148d96.d6306.png,hek,3275,3267
assets/resources/native/f3/f31bfa84-8067-439d-a85b-e9acdf737149.ecb4e.png,hek,3914,3906
assets/resources/native/f3/f33c57ed-738f-467a-9cfe-2bc8f4af072d.4b0e3.png,hek,27401,27393
assets/resources/native/f3/f39e644f-35ba-4ed8-9a0b-9ab1a4295dcc.a043e.png,hek,52284,52276
assets/resources/native/f4/f4063a06-8dde-4f91-9f7e-8504cb83d143.3d458.png,hek,519,511
assets/resources/native/f6/f6002334-87fe-4a5c-ab22-c75a6714d6a0.e84b4.png,hek,2550,2542
assets/resources/native/f6/f6b374e4-f33c-4db6-a664-b798c48b3fd4.51734.png,hek,12219,12211
assets/resources/native/f7/f7393e19-529b-42c0-b842-a49e0345f845.b25c1.png,hek,20760,20752
assets/resources/native/f7/f74b280f-f0eb-423c-b1cb-224d7c0fb78a.6b19a.png,hek,16683,16675
assets/resources/native/f7/f7b5f681-e071-4488-99ea-be4f86e7f684.1c5d6.png,hek,1777,4495
assets/resources/native/f8/f874da49-d4f8-4eb2-b722-c5d98d61b57a.d3cec.png,hek,12378,12370
assets/resources/native/f8/f89ac95a-200a-4fdb-a541-4c889bee9b43.d4096.png,hek,417,409
assets/resources/native/f8/f8fe24e8-cae1-4e6a-a11d-104f07ac3ef6.60955.png,hek,38187,38179
assets/resources/native/f9/f97ce6ad-bf62-42f2-b8d9-6dac0c90fdc5.fd425.png,hek,296,288
assets/resources/native/fa/fafedd24-cd0d-4440-86e7-7bfb4c571317.6abd3.png,hek,529,521
assets/resources/native/fb/fb4c3869-2b6d-41a3-b932-e4ac6b897de9.8bc76.png,hek,13804,13796
assets/resources/native/fb/fbd8e2d0-af05-43c3-aa25-574a936e2de5.d24e9.png,hek,4440,4432
assets/resources/native/fb/fbddadb6-f5b5-424d-83ec-74e03aee0ce6.43fbc.png,hek,5151,5143
assets/resources/native/fc/fc4b4a03-8af2-491a-a0aa-c31d0db1a1b6.dee06.png,hek,766,758
assets/resources/native/fc/fcd2a25c-9b91-4538-9037-338742a2a259.0b6f8.png,hek,1867,1859
assets/resources/native/fd/fdaed050-6de5-4698-9c0f-0246161ae012.60670.png,hek,14108,14100
assets/resources/native/fd/fdb79c43-a588-4616-ba67-046b1ef42ee5.9fa62.png,hek,3131,3123
assets/resources/native/ff/ff87fad3-dffe-43ef-8355-3065ff29ea8f.bf83e.png,hek,2740,2732
assets/resources/native/ff/ffec0d36-4f74-4b23-a8ed-c7518aed29cc.f7637.png,hek,36025,36017
assets/sand_audio/config.c5ca5.json,hek,694,686
assets/sand_audio/import/2e/2ebb2764-6652-406e-8357-42326a1ff803.e878b.json,hek,129,121
assets/sand_audio/import/5b/5b5f54fc-80e8-4d77-af32-632cbe39c8b1.ab93c.json,hek,125,117
assets/sand_audio/import/64/646cfbaf-905b-4ae4-ba07-c9e14f10eb24.cb071.json,hek,130,122
assets/sand_audio/import/a9/a90e6690-2a09-4a2b-8e3a-8258edea883a.b5986.json,hek,129,121
assets/sand_audio/import/ac/ac64d3ff-d27b-4c44-ba53-1d951c4f7080.70d01.json,hek,126,118
assets/sand_audio/import/e7/e77769cd-45ca-4d87-a9c4-4ad12328a130.2a369.json,hek,131,123
assets/sand_audio/import/ee/eeadf028-0131-4f54-9bf3-e76790419277.718fb.json,hek,131,123
assets/sand_audio/index.c5ca5.jsc,jsc,320,563
assets/sand_audio/native/2e/2ebb2764-6652-406e-8357-42326a1ff803.b81f8.mp3,明文,4013,4013
assets/sand_audio/native/5b/5b5f54fc-80e8-4d77-af32-632cbe39c8b1.d36fc.mp3,明文,18792,18792
assets/sand_audio/native/64/646cfbaf-905b-4ae4-ba07-c9e14f10eb24.37df2.mp3,明文,4428,4428
assets/sand_audio/native/a9/a90e6690-2a09-4a2b-8e3a-8258edea883a.f9d46.mp3,明文,3760,3760
assets/sand_audio/native/ac/ac64d3ff-d27b-4c44-ba53-1d951c4f7080.4fbb7.mp3,明文,46980,46980
assets/sand_audio/native/e7/e77769cd-45ca-4d87-a9c4-4ad12328a130.c5ab5.mp3,明文,19479,19479
assets/sand_audio/native/ee/eeadf028-0131-4f54-9bf3-e76790419277.f3300.mp3,明文,15295,15295
assets/sand_mini/config.af4dc.json,hek,3024,6006
assets/sand_mini/import/02/0213bd47-6d22-4673-8f02-069dfcd5a602.19f1e.json,hek,224,216
assets/sand_mini/import/03/034d9298a.9b985.json,hek,640,632
assets/sand_mini/import/0c/0cd82477-d966-498c-962e-6d3fe3a3cef1.b037a.json,hek,214,206
assets/sand_mini/import/14/145bbd74-9bbe-46de-86d9-fa6418e99afd.db2ed.json,hek,121,113
assets/sand_mini/import/15/1571a71c-0898-44d0-a56d-64c97c5c4d30.946a6.json,hek,209,201
assets/sand_mini/import/1b/1b7f1067-43c0-4846-8506-a0c48414f321.632d0.json,hek,871,863
assets/sand_mini/import/28/28c27b61-05cc-4dc6-b9de-eebaf3276e3f.3b99c.json,hek,854,846
assets/sand_mini/import/29/29158224-f8dd-4661-a796-1ffab537140e.6dda3.json,hek,213,205
assets/sand_mini/import/36/360616da-6346-4e7e-ac65-386d894133f7.567ff.json,hek,1603,3459
assets/sand_mini/import/3e/3eee3f66-edd2-4fc2-ba12-44b2cd5a5b5d.06df6.json,hek,1282,2797
assets/sand_mini/import/40/40a5bee4-3a2f-41dc-b39b-7670fe74ad00.33924.json,hek,204,196
assets/sand_mini/import/46/46f7350d-197c-4c64-9bd5-eec94b2466fa.057c9.json,hek,133,125
assets/sand_mini/import/47/478809d5-b784-41d7-a8e7-07d8599827ff.dc831.json,hek,215,207
assets/sand_mini/import/49/49a42c37-0dfe-4942-afa6-1734f880a388.8c36f.json,hek,209,201
assets/sand_mini/import/54/54c4f298-2a4f-4af8-960f-cb5c0bb2fea0.37b47.json,hek,211,203
assets/sand_mini/import/59/593103f6-a5be-4f88-9a19-7a1f47ab0070.9ed7a.json,hek,2179,4806
assets/sand_mini/import/5c/5cdbfa5c-bdac-45cb-a9e3-75181eb4ca5f.48ae9.json,hek,1244,2652
assets/sand_mini/import/5f/5f463608-d6d7-432e-8cdd-551846df786e.d3b61.json,hek,443,1601
assets/sand_mini/import/66/66b1f17b-a844-4706-9c26-911769e3d45d.cdb3b.json,hek,213,205
assets/sand_mini/import/6a/6ae5c745-70df-4fb8-98fe-7f62dd748a0a.eb22d.json,hek,3153,38059
assets/sand_mini/import/73/73811ec2-d7b2-4002-b882-b0332b385841.04f2b.json,hek,771,14928
assets/sand_mini/import/78/78b16e88-c9c0-4fd3-9e3a-e97bd818d668.db246.json,hek,1251,2546
assets/sand_mini/import/87/8750cfa4-cc0d-4564-83fe-8ae6098a20a0.5bb34.json,hek,209,201
assets/sand_mini/import/8d/8d9bf459-928b-45bf-97b5-870c46fdd917.216fc.json,hek,992,984
assets/sand_mini/import/97/977304ff-cfdf-4ffb-ab41-d0b9d39a3377.94fb8.json,hek,2500,6306
assets/sand_mini/import/b2/b2ef62cb-a852-4f8a-868a-a3cb496e999e.5886c.json,hek,214,206
assets/sand_mini/import/c0/c0a92267-c39c-4597-aaa5-8611c9817bcb.9380c.json,hek,207,199
assets/sand_mini/import/ce/cec1962d-82a9-4c9b-a562-270d8f8e82a0.ed76a.json,hek,1450,3160
assets/sand_mini/import/ce/ced5220c-2b4f-4b30-99aa-864ff9bdd9e7.893d3.json,hek,209,201
assets/sand_mini/import/d0/d00fe84f-d600-4e29-a94e-c24cf05f66c2.ff5fb.json,hek,460,452
assets/sand_mini/import/d3/d3aa0e8d-ae30-4904-be55-c67137c42421.04611.json,hek,2684,20268
assets/sand_mini/import/d4/d44ef5ee-e969-4a5b-a13f-3bd8bbcfab47.69d4c.json,hek,906,5343
assets/sand_mini/import/d8/d885177e-d89a-427a-9a3a-786d65b9722e.33c3e.json,hek,2054,4417
assets/sand_mini/import/df/df181bb8-4dde-41cb-b42e-44f6a38a8b9c.b69b3.json,hek,212,204
assets/sand_mini/import/df/dfe55bc1-3ab3-48b3-ba08-2769195e01e8.2e005.json,hek,209,201
assets/sand_mini/import/e7/e7a485c9-dc19-47eb-935f-fe08605a3dbf.f150b.json,hek,833,3091
assets/sand_mini/import/e9/e9ec654c-97a2-4787-9325-e6a10375219a.12f08.json,hek,212,204
assets/sand_mini/import/ea/eaf11f1d-5004-4433-9a2c-d25db9fbe1f4.c27b0.json,hek,236,228
assets/sand_mini/import/f0/f0048c10-f03e-4c97-b9d3-3506e1d58952.35a1e.json,hek,211,203
assets/sand_mini/import/f0/f078c980-9989-4e66-8148-e21a1167f45f.d764e.json,hek,213,205
assets/sand_mini/import/f6/f6b4d15b-7778-453e-9290-20da8d18da38.aae7a.json,hek,207,199
assets/sand_mini/import/f8/f8b09221-9e59-4f55-8a66-c1d5878e7733.8224f.json,hek,143,135
assets/sand_mini/import/fa/fa40469d-bb91-49e7-9113-312685347b2c.e2c9c.json,hek,572,1078
assets/sand_mini/index.af4dc.jsc,jsc,320,563
assets/sand_mini/native/14/145bbd74-9bbe-46de-86d9-fa6418e99afd.b0373.atlas,hek,198,190
assets/sand_mini/native/2e/2e282918-2008-4354-810b-6831926f223e.1cef3.png,hek,6337,6329
assets/sand_mini/native/32/325dad10-fbeb-4b81-b38b-45ea38412471.43fbc.png,hek,5343,5335
assets/sand_mini/native/46/46dc1b00-69cd-4b4b-bb4a-2779209277a3.eacc5.png,hek,3546,3538
assets/sand_mini/native/46/46f7350d-197c-4c64-9bd5-eec94b2466fa.d293c.atlas,hek,205,197
assets/sand_mini/native/48/484c1602-b1d9-4591-9d56-a2a20388e603.3d596.png,hek,8314,8306
assets/sand_mini/native/58/5823e09b-876f-4802-bd76-6121ecc8f2b1.e595c.png,hek,112,104
assets/sand_mini/native/5f/5fab20bc-cc14-4094-956f-a999b421229e.2d6c4.png,hek,1868,1860
assets/sand_mini/native/68/6886d841-3333-4f2a-8f3c-fa798def8aed.ddabc.png,hek,2882,2874
assets/sand_mini/native/6e/6ec02baf-271c-408e-a5fc-2e797436e8a3.7bb0a.png,hek,9170,9162
assets/sand_mini/native/71/71561142-4c83-4933-afca-cb7a17f67053.c06a9.png,hek,732,1050
assets/sand_mini/native/76/76448fb8-b89c-48fe-a699-acf20ec9bd46.9a7b6.png,hek,21626,21618
assets/sand_mini/native/7e/7e9eb4f4-66d0-40c2-82f7-5c9f67e75b3d.358ec.png,hek,21930,21922
assets/sand_mini/native/b0/b045e2be-3314-498f-ae57-6d2b5c686408.b2f76.png,hek,526,518
assets/sand_mini/native/b4/b43ff3c2-02bb-4874-81f7-f2dea6970f18.83fcc.png,hek,1122,1114
assets/sand_mini/native/bc/bce8f688-7a5b-43e9-9d6b-81715c4dbd58.1d444.png,hek,8010,8002
assets/sand_mini/native/c3/c36b419e-2eaf-4fed-8710-30b85746588f.192ff.png,hek,8744,8736
assets/sand_mini/native/e6/e6b32e98-9883-4c7d-8794-163268466d01.9ea1f.png,hek,18334,18326
assets/sand_mini/native/e8/e851e89b-faa2-4484-bea6-5c01dd9f06e2.90cf4.png,hek,761,1082
assets/sand_mini/native/f1/f1f445f3-bb7b-4624-9912-7ea55a94e186.4131a.png,hek,9315,9307
assets/sand_mini/native/f7/f759e857-826b-47fb-b110-24633b5e4b9a.cfc14.png,hek,1615,1607
assets/sand_mini/native/f7/f7f350e1-3faf-4d38-8a67-e2c5302e9898.d87ec.png,hek,311,303
assets/sand_mini/native/f8/f8b09221-9e59-4f55-8a66-c1d5878e7733.3cd7d.atlas,hek,310,302
assets/sand_prefab/config.3467d.json,hek,1081,1659
assets/sand_prefab/import/02/028dd9da-d113-4107-9a62-5456397e60de.4a1ca.json,hek,2662,6206
assets/sand_prefab/import/2d/2d17b238-4ebf-422a-b51b-9d17d1694290.ffe9c.json,hek,1180,2699
assets/sand_prefab/import/41/41f117c2-3974-40b7-923d-091daab324bc.d391e.json,hek,609,601
assets/sand_prefab/import/4d/4d94b9ce-fd36-4ee6-b293-71a854344386.59ddf.json,hek,708,1370
assets/sand_prefab/import/7e/7e5c9061-0e64-49f2-850d-29eb0710c067.68cbf.json,hek,485,477
assets/sand_prefab/import/88/88d3f47d-3f0a-471d-8d48-ff6e06e53485.7871f.json,hek,86,78
assets/sand_prefab/import/9e/9ee91074-10eb-4ff1-b0b5-107e224310d0.f952e.json,hek,199,191
assets/sand_prefab/import/e6/e6c00999-db9a-430e-b49f-a7514892261a.11cad.json,hek,958,950
assets/sand_prefab/import/fc/fc758641-8c81-4d49-9d3f-9fb4e69a1758.134c4.json,hek,208,200
assets/sand_prefab/index.3467d.jsc,jsc,320,563
assets/sand_prefab/native/88/88d3f47d-3f0a-471d-8d48-ff6e06e53485.83548.png,hek,210,202
assets/sandcrush/config.32ace.json,hek,4145,9103
assets/sandcrush/import/03/038832d5-1269-4b77-ba3f-4aa6f1651083.9c6aa.json,hek,691,1371
assets/sandcrush/import/07/078d9596e.6596d.json,hek,940,932
assets/sandcrush/import/0a/0af496d0-4dcf-40b5-a9af-ee14632643ad.46984.json,hek,208,200
assets/sandcrush/import/0e/0e7a7e54-5f11-4ec6-8cbd-84f634203ef5.45a4c.json,hek,277,269
assets/sandcrush/import/11/1116be46-8a6b-4946-a264-e092d6f4bdfd.99b69.json,hek,1035,4429
assets/sandcrush/import/15/150702f7-61ad-4451-8244-8b8f32fbf52d.269b0.json,hek,122,114
assets/sandcrush/import/17/17fcaafc-632b-4e8c-af06-eedeb1cbc433.a3ed5.json,hek,1505,6873
assets/sandcrush/import/19/19798ed8-b94a-4541-8e54-4ff9b910eec5.7fae9.json,hek,704,3501
assets/sandcrush/import/1a/1a6717ef-8460-4c4d-9d79-9d774876da26.5bc94.json,hek,206,198
assets/sandcrush/import/1d/1de1389c-6b4c-40d0-b13b-8d15850784d3.9253d.json,hek,212,204
assets/sandcrush/import/20/2020ccf9-fea7-4c19-8c3e-de9009e01036.f4369.json,hek,961,3873
assets/sandcrush/import/22/22a04dd9-65f9-49c7-99ef-8e30f48b73d2.3322f.json,hek,209,201
assets/sandcrush/import/25/2535bb88-9caa-4108-8c16-3dc893415ba2.3eaa9.json,hek,201,193
assets/sandcrush/import/2b/2b910b2f-7494-435c-a0d7-c4c96eab5e0f.e903f.json,hek,907,3254
assets/sandcrush/import/38/38c171d5-b100-46bd-9bba-c3383a959ad8.71d98.json,hek,218,210
assets/sandcrush/import/3f/3f4ae552-9d95-4b20-b39c-1e1d378c1047.7dc6a.json,hek,709,1289
assets/sandcrush/import/46/467ffa47-4516-43dd-9f3d-f833f62c2ac2.38e0a.json,hek,259,251
assets/sandcrush/import/4b/4b8485e5-e125-41f8-bbec-6dd0d3814428.d0ee5.json,hek,584,1070
assets/sandcrush/import/53/531b17e4-34e0-408a-8e13-7ac25ccaf7f0.8c6a7.json,hek,174,166
assets/sandcrush/import/5f/5fd8082a-0eef-4e88-9659-1e6e2a96f451.5d6df.json,hek,1449,6054
assets/sandcrush/import/61/61c68782-24e2-4489-bee5-6812e093ff7d.ff87b.json,hek,1171,5287
assets/sandcrush/import/64/6447c285-64be-4c76-a669-f2aac07c6f2f.3f3ec.json,hek,373,1257
assets/sandcrush/import/67/676fc6df-fb2a-4e31-90b9-a4fcd20bc80a.2eb94.json,hek,221,213
assets/sandcrush/import/78/785160f6-edec-4c8e-8954-753430818cb5.7007e.json,hek,735,2928
assets/sandcrush/import/7a/7a177e0c-8541-40f2-b18e-0d32e3284eb1.8a751.json,hek,202,194
assets/sandcrush/import/7d/7d7809d0-d65f-4c8e-83d7-5e5648d78afa.a91bf.json,hek,815,2796
assets/sandcrush/import/84/84097cf4-181d-4b88-97d3-4ef31418dfa2.a0875.json,hek,802,3269
assets/sandcrush/import/84/84f0d5f7-efaa-4160-b1eb-f38beeda65c6.167f5.json,hek,1023,4180
assets/sandcrush/import/88/88aa5610-08c4-4f7a-94be-c232b34b2171.ded60.json,hek,1169,5056
assets/sandcrush/import/89/891b177a-ffc4-455a-ac56-f9a7436abd55.5d7b4.json,hek,513,3319
assets/sandcrush/import/89/89c77d13-ecc5-4515-9ede-13589d583e68.a11f4.json,hek,209,201
assets/sandcrush/import/8a/8a66e513-12bc-4ec5-9794-d9827938cd99.9c805.json,hek,212,204
assets/sandcrush/import/8a/8a87d358-b909-45b8-a02b-d0ebb84942a0.3c6aa.json,hek,205,197
assets/sandcrush/import/8a/8aaa0e75-bd92-488d-a989-71951eafa7d3.d4f6a.json,hek,138,130
assets/sandcrush/import/8b/8b273727-49e5-40a4-9c19-cfed423131da.40c7d.json,hek,174,166
assets/sandcrush/import/8b/8b76b482-4a1f-4df2-932a-a10fd9d9c832.82a7a.json,hek,190,182
assets/sandcrush/import/8b/8ba8ed9d-551c-436f-bd0c-5d935ea25728.4fd86.json,hek,894,1820
assets/sandcrush/import/8f/8f112d99-3366-4e20-99c1-a208c67e5992.1ea2e.json,hek,996,3823
assets/sandcrush/import/8f/8ff83c31-e715-4852-bf2c-52bd9b3b278f.08f28.json,hek,571,2716
assets/sandcrush/import/92/9222e78c-5559-438e-9f10-7f9f7ac9f62c.fb540.json,hek,557,1600
assets/sandcrush/import/92/928617d8-9bdf-4e50-8b49-2e3213a06761.422d1.json,hek,1611,9993
assets/sandcrush/import/94/94044bc2-d566-4e14-b3c4-1fa946626e9c.a9b5b.json,hek,231,223
assets/sandcrush/import/97/97b0d6b6-c4db-4993-8b78-b151a3c361f0.bef0f.json,hek,212,204
assets/sandcrush/import/a2/a23235d1-15db-4b95-8439-a2e005bfff91.43d76.json,hek,206,198
assets/sandcrush/import/a2/a24291c0-9c70-465c-b93f-d740e5d335bc.bb84e.json,hek,525,4197
assets/sandcrush/import/aa/aa8231c0-6316-40f2-ac30-25b743b725a0.ec1b9.json,hek,212,204
assets/sandcrush/import/ac/ac8e5394-a724-4e7c-b941-84e02a67244e.01d4d.json,hek,753,4543
assets/sandcrush/import/ae/ae44b129-4462-40c6-83ba-17d2c618ed83.17d0b.json,hek,777,2466
assets/sandcrush/import/b0/b03267dc-0c1d-4a29-a2d5-b644f88424de.6f01c.json,hek,1304,6471
assets/sandcrush/import/b5/b58af945-969a-4874-a3d7-7138c11571c1.0d1aa.json,hek,572,564
assets/sandcrush/import/b6/b6791e7e-5294-4c42-929f-40157ee32467.ad95a.json,hek,1352,5714
assets/sandcrush/import/bc/bc1b0129-e22a-40ca-babd-640373c97ad9.b1883.json,hek,263,255
assets/sandcrush/import/bf/bfe622b1-4a5d-489f-8e97-561984c8af74.01953.json,hek,211,203
assets/sandcrush/import/bf/bffd683b-10fe-43d2-8a26-60f66538d11a.11c7e.json,hek,210,202
assets/sandcrush/import/c1/c103184f-1ac8-4b1b-89bd-4e9e35f19071.34a6b.json,hek,143,135
assets/sandcrush/import/c2/c268c782-2b15-485c-8c62-631daca2dbaf.ca16b.json,hek,199,191
assets/sandcrush/import/c3/c39b1f1f-f04b-429d-955c-004ce4ee4d1f.ae10e.json,hek,238,230
assets/sandcrush/import/cd/cd369041-5bd6-40ce-8a79-46d07efbb329.95a71.json,hek,210,202
assets/sandcrush/import/ce/cea54299-f52a-4b75-9afa-398d5a3bf0e3.7b55a.json,hek,210,202
assets/sandcrush/import/d0/d03ded85-1091-4ea8-91c0-9172c28230b6.41cb4.json,hek,211,203
assets/sandcrush/import/d4/d4a5c7c4-a11f-4660-a4a4-66360040f2c7.4c366.json,hek,8155,87093
assets/sandcrush/import/d6/d6ec6695-249e-4e79-948f-02349bf08ae9.6964d.json,hek,845,3753
assets/sandcrush/import/dc/dc836842-11dc-4ca1-b65e-a17f9f796239.72a58.json,hek,261,253
assets/sandcrush/import/de/deac1405-5d8a-4b31-8ee1-9e08edffe739.231d2.json,hek,211,203
assets/sandcrush/import/e0/e030f826-6c44-49f9-9ddb-a23cfb2ec5a9.67c88.json,hek,217,209
assets/sandcrush/import/e6/e6f2adbe-23bc-4402-8f0e-2c7757409828.1bd77.json,hek,168,160
assets/sandcrush/import/ee/ee13d7c5-a65c-4ec4-a3df-c5235414d5fd.8fe4e.json,hek,800,2904
assets/sandcrush/import/ef/ef42015b-6b25-4288-8c28-032b61bab3eb.628df.json,hek,1175,5794
assets/sandcrush/import/f0/f05a3456-6121-47be-a9b0-a4f126dd1b8c.d9d9c.json,hek,173,165
assets/sandcrush/import/f0/f0797c84-db7e-4235-a763-c9560690f8c7.bafa4.json,hek,203,195
assets/sandcrush/import/f1/f1995745-e5e0-4ffa-bbe1-d64b32a27257.e0eb6.json,hek,210,202
assets/sandcrush/import/f2/f265ef6e-3041-44ff-aa81-1f0577440f5b.3fc1d.json,hek,215,207
assets/sandcrush/import/fa/fa4a130e-69a1-45a9-8b59-c61e80e34909.1dc00.json,hek,212,204
assets/sandcrush/import/fb/fbe36ed3-deea-4dd5-819a-cb87cfd562a2.806b8.json,hek,1368,7545
assets/sandcrush/import/ff/ff749287-0a9d-4853-9b65-c7a4bf9fae0b.865c8.json,hek,208,200
assets/sandcrush/index.32ace.jsc,jsc,477920,2969793
assets/sandcrush/native/05/05391d66-a43a-460f-9102-27838eece4a3.99045.png,hek,844,836
assets/sandcrush/native/08/08256573-535d-454e-a30e-1d1f85ad8776.d80c7.png,hek,862,854
assets/sandcrush/native/0e/0e1aa1fc-6a1f-4871-867d-64e43fb71f14.33833.png,hek,3376,3368
assets/sandcrush/native/0f/0f7b7de5-3ed0-4de0-973e-3c144466836e.2e8ee.png,hek,246,238
assets/sandcrush/native/15/150702f7-61ad-4451-8244-8b8f32fbf52d.a3b8d/SPARTAN-BOLD.ttf,明文,38408,38408
assets/sandcrush/native/1c/1c6b27f6-4138-4e50-82b9-c3616e81ab88.92e1b.png,hek,844,836
assets/sandcrush/native/23/23165c27-ae0a-4977-b0d6-0d040d413d06.f75b8.png,hek,256,248
assets/sandcrush/native/26/26c20e9f-f874-48f3-af1d-1098c7a8572b.2e720.png,hek,844,836
assets/sandcrush/native/30/303c6eb0-a94f-4f9a-9c96-3e5a8364c720.1498e.png,hek,1643,1635
assets/sandcrush/native/32/322ee835-6c93-40b9-a26c-2794907fee93.1c2a4.png,hek,844,836
assets/sandcrush/native/40/40dfacd7-fcb1-41ed-abf2-94133793b76e.7f60a.png,hek,698,690
assets/sandcrush/native/47/4726b180-534e-453f-b154-b052bbe33477.dc2ca.png,hek,847,839
assets/sandcrush/native/4e/4ecfee5f-2a13-4bf9-b28f-3e31168d2092.cea68.png,hek,90,82
assets/sandcrush/native/60/603eca36-74e0-4de2-a253-446b0b8025b6.9ee96.png,hek,84099,84091
assets/sandcrush/native/6c/6c88aff4-9142-47bd-8948-2814bbe31650.2dd42.png,hek,723,715
assets/sandcrush/native/85/8546bb26-91ea-4ed7-a62d-b4e85e98d4fe.a4f51.png,hek,843,835
assets/sandcrush/native/87/8754ad49-2d09-4b26-8dcb-8685155a0f74.8294c.png,hek,128,120
assets/sandcrush/native/8a/8aaa0e75-bd92-488d-a989-71951eafa7d3.28c42.atlas,hek,306,298
assets/sandcrush/native/8d/8d728142-9773-46d4-9e1c-9c5050d00175.4892d.png,hek,440,432
assets/sandcrush/native/a6/a6c10ebb-75fa-48c9-b4bf-6ceba1f27b42.51693.png,hek,513,505
assets/sandcrush/native/a8/a8c4d6fe-98ae-4a98-af31-3f909a35de2e.5e260.png,hek,808,800
assets/sandcrush/native/b9/b9f6ac1e-f5fa-4745-929e-eb5db097ec0e.db8f9.png,hek,3872,3864
assets/sandcrush/native/ba/bad0fe60-6675-4f3d-8b8c-7ef05bf24c1f.c234b.png,hek,80,72
assets/sandcrush/native/be/bebc33f6-e681-441b-85aa-b758de7c33d4.8c8bd.png,hek,14965,14957
assets/sandcrush/native/c1/c103184f-1ac8-4b1b-89bd-4e9e35f19071.20740.atlas,hek,222,214
assets/sandcrush/native/c9/c91ce8b5-f336-476b-bec7-622c6b944fd5.6e6d8.png,hek,861,853
assets/sandcrush/native/d9/d9ffec1a-c5a0-4c82-9c3b-a2070a4a1200.4f57c.png,hek,291,283
assets/sandcrush/native/db/dbb0af31-0fbd-4d56-928d-22098d49eb72.0b3f2.png,hek,115,107
assets/sandcrush/native/df/dfce6d9f-801d-4bbc-9fba-1dee63e81d33.a8602.png,hek,844,836
assets/sandcrush/native/e1/e16fad88-6249-438a-b63c-937dfd7b60c8.0ff04.png,hek,136,128
assets/sandcrush/native/fa/fab17209-8fb9-423c-a637-c025788b0373.390b3.png,hek,865,857
assets/sandcrush/native/fc/fcc77fbf-c4ba-4358-9282-015971e0a6af.d1dce.png,hek,166,158
assets/sandcrush/native/fd/fda28672-a9eb-45e5-9cf3-e3846e1a23c4.cfbad.png,hek,3537,3529
banner_mraid.js,明文,8130,8130
block.base.bundle,明文,3410384,3410384
com.moloco.sdk.xenoss.sdkdevkit.mraid.js,明文,17240,17240
corridormapconfig/corridor_factor_64-2_v1.json,明文,20345,20345
corridormapconfig/corridor_factor_66-1_v2.json,明文,11652,11652
corridormapconfig/corridor_factor_66-2_v3.json,明文,9007,9007
corridormapconfig/corridor_factor_67-1_v4.json,明文,16413,16413
corridormapconfig/corridor_factor_68-2_v5.json,明文,10924,10924
corridormapconfig/corridor_factor_71-1_v6.json,明文,21965,21965
corridormapconfig/corridor_factor_71-2_v8.json,明文,32637,32637
corridormapconfig/corridor_factor_72-1_v9.json,明文,7510,7510
corridormapconfig/corridor_file_74002.json,明文,6140,6140
corridormapconfig/corridor_file_74004.json,明文,6140,6140
corridormapconfig/corridor_file_74006.json,明文,6140,6140
dexopt/baseline.prof,明文,16179,16179
dexopt/baseline.profm,明文,1415,1415
dic,明文,4016,4016
dsa_page.html,明文,13200,13200
dtb-m.js,明文,67737,67737
ecpmconfig/ecpm_config_au.json,明文,2562,2562
ecpmconfig/ecpm_config_be.json,明文,2120,2120
ecpmconfig/ecpm_config_br.json,明文,2447,2447
ecpmconfig/ecpm_config_ca.json,明文,2673,2673
ecpmconfig/ecpm_config_de.json,明文,2120,2120
ecpmconfig/ecpm_config_es.json,明文,2314,2314
ecpmconfig/ecpm_config_fr.json,明文,2258,2258
ecpmconfig/ecpm_config_gb.json,明文,2366,2366
ecpmconfig/ecpm_config_id.json,明文,1758,1758
ecpmconfig/ecpm_config_in.json,明文,1407,1407
ecpmconfig/ecpm_config_it.json,明文,2314,2314
ecpmconfig/ecpm_config_jp.json,明文,2423,2423
ecpmconfig/ecpm_config_kr.json,明文,2536,2536
ecpmconfig/ecpm_config_mx.json,明文,2503,2503
ecpmconfig/ecpm_config_nl.json,明文,2120,2120
ecpmconfig/ecpm_config_others.json,明文,1790,1790
ecpmconfig/ecpm_config_ph.json,明文,1677,1677
ecpmconfig/ecpm_config_pl.json,明文,1952,1952
ecpmconfig/ecpm_config_ru.json,明文,2232,2232
ecpmconfig/ecpm_config_th.json,明文,1953,1953
ecpmconfig/ecpm_config_tr.json,明文,1816,1816
ecpmconfig/ecpm_config_tw.json,明文,1979,1979
ecpmconfig/ecpm_config_us.json,明文,2990,2990
frame_for_crowna812_3e9.png,明文,115,115
frame_for_snow_show_ef3.png,明文,112,112
fyb_iframe_endcard_tmpl.html,明文,520,520
fyb_static_endcard_tmpl.html,明文,3350,3350
ia_js_load_monitor.txt,明文,968,968
ia_mraid_bridge.txt,明文,28630,28630
jsb-adapter/jsb-builtin.js,hek,56668,338169
jsb-adapter/jsb-engine.js,hek,38960,226746
lottie/anr/plana/data.json,明文,4929,4929
lottie/anr/plana/images/img_0.jpg,明文,2117,2117
lottie/anr/plana/images/img_1.jpg,明文,2210,2210
lottie/anr/plana/images/img_2.jpg,明文,2112,2112
lottie/anr/plana/images/img_3.jpg,明文,2325,2325
lottie/anr/plana/images/img_4.jpg,明文,2359,2359
lottie/anr/plana/images/img_5.jpg,明文,1257,1257
main.js,hek,3164,10285
mraid-bridge.js,明文,7969,7969
mraid.js,明文,8357,8357
nedata.db,明文,5825892,5825892
omsdk-v1.js,明文,45650,45650
pob_info_button.svg,明文,334,334
pob_mraid.js,明文,25937,25937
pob_person_button.svg,明文,643,643
project.json,明文,297,297
shellinfo,明文,65,65
src/assets/libs/axios.min.a0864.js,hek,12248,37671
src/assets/libs/gameBase.d87b6.js,hek,8152,36388
src/assets/libs/jszip.min.ba8db.js,hek,28424,116248
src/assets/libs/mbh-hotupdate.7ea21.js,hek,7772,31967
src/assets/libs/sha256.min.a7a6a.js,hek,3516,11597
src/assets/libs/spark-md5.c218f.js,hek,2492,11094
src/assets/scripts/G_Cfg.3c805.js,hek,256,244
src/assets/scripts/modules/atomengine4/lib/atomengine.455f1.js,hek,80248,435799
src/cocos2d-jsb.dd852.js,hek,316556,1591111
src/settings.e2997.js,hek,43764,163667
