bundle,资产路径,类型,uuid,文件
$28510_f_TravelPassTipsTrait,dragon_bones/gp/result_gold_ske,dragonBones.DragonBonesAsset,0abb29b2-412b-45c6-9305-db648368d5f5,assets\$28510_f_TravelPassTipsTrait\import\0a\0abb29b2-412b-45c6-9305-db648368d5f5.14b68.json
$28510_f_TravelPassTipsTrait,dragon_bones/gp/result_gold_tex,cc.SpriteFrame,bd60bf51-49de-4f65-b9c9-44e69dc8e5ab,assets\$28510_f_TravelPassTipsTrait\import\bd\bd60bf51-49de-4f65-b9c9-44e69dc8e5ab.c76e1.json
$28510_f_TravelPassTipsTrait,dragon_bones/gp/result_gold_tex,cc.Texture2D,89fee6e2-7461-41b3-8f0b-ced36f94a19e,assets\$28510_f_TravelPassTipsTrait\import\89\89fee6e2-7461-41b3-8f0b-ced36f94a19e.7871f.json
$28510_f_TravelPassTipsTrait,dragon_bones/gp/result_gold_tex,dragonBones.DragonBonesAtlasAsset,dc3ac043-e451-4e02-a3d0-dd6bb0b14c21,assets\$28510_f_TravelPassTipsTrait\import\dc\dc3ac043-e451-4e02-a3d0-dd6bb0b14c21.1cd75.json
$28510_f_TravelPassTipsTrait,dragon_bones/result_gold_ske,dragonBones.DragonBonesAsset,151e1d4f-e7b2-4645-aa7e-44be83db5441,assets\$28510_f_TravelPassTipsTrait\import\15\151e1d4f-e7b2-4645-aa7e-44be83db5441.1bb61.json
$28510_f_TravelPassTipsTrait,dragon_bones/result_gold_tex,cc.SpriteFrame,c60694ef-f1f7-4ad0-9c96-78bff5e7c2f9,assets\$28510_f_TravelPassTipsTrait\import\c6\c60694ef-f1f7-4ad0-9c96-78bff5e7c2f9.2a06c.json
$28510_f_TravelPassTipsTrait,dragon_bones/result_gold_tex,cc.Texture2D,cbce4574-330f-43f3-afef-e1990d505a02,assets\$28510_f_TravelPassTipsTrait\import\cb\cbce4574-330f-43f3-afef-e1990d505a02.7871f.json
$28510_f_TravelPassTipsTrait,dragon_bones/result_gold_tex,dragonBones.DragonBonesAtlasAsset,de9f9f95-778a-4a3e-90d1-cf5cf796864f,assets\$28510_f_TravelPassTipsTrait\import\de\de9f9f95-778a-4a3e-90d1-cf5cf796864f.dd95d.json
$28510_f_TravelPassTipsTrait,dragon_bones_new/GP/result_gold_ske,dragonBones.DragonBonesAsset,a905be13-2545-4ee3-bfc6-04ae1ca7d534,assets\$28510_f_TravelPassTipsTrait\import\a9\a905be13-2545-4ee3-bfc6-04ae1ca7d534.2e3d8.json
$28510_f_TravelPassTipsTrait,dragon_bones_new/GP/result_gold_tex,cc.SpriteFrame,0451af5a-d332-4fe2-be35-064c7d2ada55,assets\$28510_f_TravelPassTipsTrait\import\04\0451af5a-d332-4fe2-be35-064c7d2ada55.1b623.json
$28510_f_TravelPassTipsTrait,dragon_bones_new/GP/result_gold_tex,cc.Texture2D,540f8841-0dd2-49f2-929a-af6288394918,assets\$28510_f_TravelPassTipsTrait\import\54\540f8841-0dd2-49f2-929a-af6288394918.7871f.json
$28510_f_TravelPassTipsTrait,dragon_bones_new/GP/result_gold_tex,dragonBones.DragonBonesAtlasAsset,e42a15c2-9b4a-4100-9e67-4a872cf2d2fe,assets\$28510_f_TravelPassTipsTrait\import\e4\e42a15c2-9b4a-4100-9e67-4a872cf2d2fe.21c6a.json
$28510_f_TravelPassTipsTrait,dragon_bones_new/result_gold_ske,dragonBones.DragonBonesAsset,743f2597-5221-430b-a0cb-bcaa724e26b7,assets\$28510_f_TravelPassTipsTrait\import\74\743f2597-5221-430b-a0cb-bcaa724e26b7.699f1.json
$28510_f_TravelPassTipsTrait,dragon_bones_new/result_gold_tex,cc.SpriteFrame,067da9fd-ec5b-42ff-b40a-19ff7ea00649,assets\$28510_f_TravelPassTipsTrait\import\06\067da9fd-ec5b-42ff-b40a-19ff7ea00649.ec8cb.json
$28510_f_TravelPassTipsTrait,dragon_bones_new/result_gold_tex,cc.Texture2D,68155a82-3156-492a-a274-55b63db99ecb,assets\$28510_f_TravelPassTipsTrait\import\68\68155a82-3156-492a-a274-55b63db99ecb.7871f.json
$28510_f_TravelPassTipsTrait,dragon_bones_new/result_gold_tex,dragonBones.DragonBonesAtlasAsset,28342c8a-6373-46f7-869d-1731bf741cc9,assets\$28510_f_TravelPassTipsTrait\import\28\28342c8a-6373-46f7-869d-1731bf741cc9.364e8.json
$28510_f_TravelPassTipsTrait,font/combo_fnt,cc.BitmapFont,78201225-3d55-4562-aa56-b407eb2a544c,assets\$28510_f_TravelPassTipsTrait\import\78\78201225-3d55-4562-aa56-b407eb2a544c.23206.json
$28510_f_TravelPassTipsTrait,font/combo_fnt,cc.SpriteFrame,550d0a20-58a0-4972-9fc0-62619cd64012,assets\$28510_f_TravelPassTipsTrait\import\55\550d0a20-58a0-4972-9fc0-62619cd64012.a3351.json
$28510_f_TravelPassTipsTrait,font/combo_fnt,cc.Texture2D,10bed1fd-f45c-4d15-8f83-0f965e322597,assets\$28510_f_TravelPassTipsTrait\import\10\10bed1fd-f45c-4d15-8f83-0f965e322597.7871f.json
$28510_f_TravelPassTipsTrait,prefab/TravelPassLevelTip,cc.Prefab,9bc6e129-158f-4e54-89d2-7a89dcaca7df,assets\$28510_f_TravelPassTipsTrait\import\9b\9bc6e129-158f-4e54-89d2-7a89dcaca7df.c1fb9.json
$28510_f_TravelPassTipsTrait,prefab/TravelPassLevelTipNew,cc.Prefab,ffa60ebf-762c-4f79-ae05-ab1ab846a28d,assets\$28510_f_TravelPassTipsTrait\import\ff\ffa60ebf-762c-4f79-ae05-ab1ab846a28d.8f428.json
$28510_f_TravelPassTipsTrait,prefab/gpTravelPassLevelTip,cc.Prefab,9aac6812-c4e7-49ff-9d4c-42ad113ae173,assets\$28510_f_TravelPassTipsTrait\import\9a\9aac6812-c4e7-49ff-9d4c-42ad113ae173.b874b.json
$28510_f_TravelPassTipsTrait,prefab/gpTravelPassLevelTipNew,cc.Prefab,cfb8ed13-e9af-4938-81fc-8a43834dfdbe,assets\$28510_f_TravelPassTipsTrait\import\cf\cfb8ed13-e9af-4938-81fc-8a43834dfdbe.9b990.json
$5784_f_HistoryBoardOfferBlockTrait,config/boardBlock,cc.JsonAsset,d4397a49-d604-44fb-9b84-05981ab25aff,assets\$5784_f_HistoryBoardOfferBlockTrait\import\d4\d4397a49-d604-44fb-9b84-05981ab25aff.3649c.json
AdSubScribePopModelTrait,dragonBones/gameplay_popup_kuang,cc.Asset,afbb1d73-43a8-418c-a096-eaeab73ae1ff,assets\AdSubScribePopModelTrait\import\af\afbb1d73-43a8-418c-a096-eaeab73ae1ff.c9146.json
AdSubScribePopModelTrait,dragonBones/gameplay_popup_kuang,cc.SpriteFrame,0beed7cb-f2bc-49b7-9cd1-fe5875a20152,assets\AdSubScribePopModelTrait\import\0b\0beed7cb-f2bc-49b7-9cd1-fe5875a20152.de754.json
AdSubScribePopModelTrait,dragonBones/gameplay_popup_kuang,cc.Texture2D,5f8b4ae7-3a66-4a0e-901d-d4823088e84a,assets\AdSubScribePopModelTrait\import\5f\5f8b4ae7-3a66-4a0e-901d-d4823088e84a.7871f.json
AdSubScribePopModelTrait,dragonBones/gameplay_popup_kuang,sp.SkeletonData,634a4004-7362-497e-a5d5-a1aed3511ec3,assets\AdSubScribePopModelTrait\import\63\634a4004-7362-497e-a5d5-a1aed3511ec3.8dace.json
AdSubScribePopModelTrait,dragonBones/gameplay_popup_xian,cc.Asset,2ca555db-5ec5-4318-a9e4-fec0f5e58e98,assets\AdSubScribePopModelTrait\import\2c\2ca555db-5ec5-4318-a9e4-fec0f5e58e98.836c0.json
AdSubScribePopModelTrait,dragonBones/gameplay_popup_xian,cc.SpriteFrame,841ebff2-22fb-472e-b6f3-294023cbfd97,assets\AdSubScribePopModelTrait\import\84\841ebff2-22fb-472e-b6f3-294023cbfd97.40910.json
AdSubScribePopModelTrait,dragonBones/gameplay_popup_xian,cc.Texture2D,c5295717-2b96-4de0-b7a7-3e9d0d80cd17,assets\AdSubScribePopModelTrait\import\c5\c5295717-2b96-4de0-b7a7-3e9d0d80cd17.7871f.json
AdSubScribePopModelTrait,dragonBones/gameplay_popup_xian,sp.SkeletonData,b56ddaac-23c3-4f53-a7f3-cd85d3c1ae95,assets\AdSubScribePopModelTrait\import\b5\b56ddaac-23c3-4f53-a7f3-cd85d3c1ae95.59713.json
AdSubScribePopModelTrait,prefabs/adSubScribePopItem,cc.Prefab,dfa79d7c-a345-49ac-b3f2-7d81888a7206,assets\AdSubScribePopModelTrait\import\df\dfa79d7c-a345-49ac-b3f2-7d81888a7206.b2322.json
AdSubScribePopModelTrait,prefabs/adSubScribePopSetPanel,cc.Prefab,96227eef-2b23-4ded-8934-ddcbd6cf473b,assets\AdSubScribePopModelTrait\import\96\96227eef-2b23-4ded-8934-ddcbd6cf473b.028b3.json
AdSubScribePopModelTrait,prefabs/adSubScribePopSubscribePanel,cc.Prefab,7a344ea8-ec9c-49c5-82f8-814865d709ef,assets\AdSubScribePopModelTrait\import\7a\7a344ea8-ec9c-49c5-82f8-814865d709ef.a75dc.json
AdSubScribePopModelTrait,prefabs/adSubscribePopGameOverNode,cc.Prefab,05ab3f4c-6b6a-4a80-8a15-214778361cd4,assets\AdSubScribePopModelTrait\import\05\05ab3f4c-6b6a-4a80-8a15-214778361cd4.29a9b.json
AdSubScribePopModelTrait,textures/bg_pop,cc.SpriteFrame,d8101979-ad79-4728-9898-4615e181c334,assets\AdSubScribePopModelTrait\import\d8\d8101979-ad79-4728-9898-4615e181c334.bb4d5.json
AdSubScribePopModelTrait,textures/bg_pop,cc.Texture2D,6a70980d-395b-4601-8654-7ca87a043474,assets\AdSubScribePopModelTrait\import\6a\6a70980d-395b-4601-8654-7ca87a043474.7871f.json
AdSubScribePopModelTrait,textures/btn_close,cc.SpriteFrame,b48c455f-df42-486e-82b9-26c35ba97f6c,assets\AdSubScribePopModelTrait\import\b4\b48c455f-df42-486e-82b9-26c35ba97f6c.21bfb.json
AdSubScribePopModelTrait,textures/btn_close,cc.Texture2D,006bda0f-1e9b-4742-ae29-9fd079fb7231,assets\AdSubScribePopModelTrait\import\00\006bda0f-1e9b-4742-ae29-9fd079fb7231.7871f.json
AdSubScribePopModelTrait,textures/btn_jiesuan_pay,cc.SpriteFrame,3011ad2d-0b4d-4fda-825d-9ca2bb2bebaf,assets\AdSubScribePopModelTrait\import\30\3011ad2d-0b4d-4fda-825d-9ca2bb2bebaf.9fcaf.json
AdSubScribePopModelTrait,textures/btn_jiesuan_pay,cc.Texture2D,11807e73-3c3b-43fb-be74-b8c2f99e158e,assets\AdSubScribePopModelTrait\import\11\11807e73-3c3b-43fb-be74-b8c2f99e158e.7871f.json
AdSubScribePopModelTrait,textures/btn_pay_price_01,cc.SpriteFrame,df3c2e45-c285-4317-94a8-5901945c08da,assets\AdSubScribePopModelTrait\import\df\df3c2e45-c285-4317-94a8-5901945c08da.9b7dd.json
AdSubScribePopModelTrait,textures/btn_pay_price_01,cc.Texture2D,60fda5be-419b-457a-9d82-fa3a1dad2a7d,assets\AdSubScribePopModelTrait\import\60\60fda5be-419b-457a-9d82-fa3a1dad2a7d.7871f.json
AdSubScribePopModelTrait,textures/btn_pay_price_02,cc.SpriteFrame,2b1b5167-0254-4b68-8b30-2f8bec32b793,assets\AdSubScribePopModelTrait\import\2b\2b1b5167-0254-4b68-8b30-2f8bec32b793.52ab8.json
AdSubScribePopModelTrait,textures/btn_pay_price_02,cc.Texture2D,143dec7d-1392-431d-908a-af6d8bd8ead7,assets\AdSubScribePopModelTrait\import\14\143dec7d-1392-431d-908a-af6d8bd8ead7.7871f.json
AdSubScribePopModelTrait,textures/btn_pay_price_03,cc.SpriteFrame,f2cdfaa6-89c2-4a28-92c2-68c7d56c1af2,assets\AdSubScribePopModelTrait\import\f2\f2cdfaa6-89c2-4a28-92c2-68c7d56c1af2.a9d7a.json
AdSubScribePopModelTrait,textures/btn_pay_price_03,cc.Texture2D,8b9c86d1-8628-4f38-9cb5-47c95985475a,assets\AdSubScribePopModelTrait\import\8b\8b9c86d1-8628-4f38-9cb5-47c95985475a.7871f.json
AdSubScribePopModelTrait,textures/btn_remove,cc.SpriteFrame,415c748a-82c3-4a6c-83df-c9ba967bb8af,assets\AdSubScribePopModelTrait\import\41\415c748a-82c3-4a6c-83df-c9ba967bb8af.92e4f.json
AdSubScribePopModelTrait,textures/btn_remove,cc.Texture2D,1aef2ff4-4691-4b4f-a1db-e65c5e642efb,assets\AdSubScribePopModelTrait\import\1a\1aef2ff4-4691-4b4f-a1db-e65c5e642efb.7871f.json
AdSubScribePopModelTrait,textures/img_ads,cc.SpriteFrame,1b79e5e5-935f-4a5a-af75-02e9bac14b15,assets\AdSubScribePopModelTrait\import\1b\1b79e5e5-935f-4a5a-af75-02e9bac14b15.de218.json
AdSubScribePopModelTrait,textures/img_ads,cc.Texture2D,b7d95177-d490-4339-9484-4fddcbd79dac,assets\AdSubScribePopModelTrait\import\b7\b7d95177-d490-4339-9484-4fddcbd79dac.7871f.json
AdSubScribePopModelTrait,textures/img_ads02,cc.SpriteFrame,21479c11-5727-4997-8fad-4befd4f98e1e,assets\AdSubScribePopModelTrait\import\21\21479c11-5727-4997-8fad-4befd4f98e1e.cdb3f.json
AdSubScribePopModelTrait,textures/img_ads02,cc.Texture2D,9e4065f7-e73e-4f61-9822-4978935322a2,assets\AdSubScribePopModelTrait\import\9e\9e4065f7-e73e-4f61-9822-4978935322a2.7871f.json
AdSubScribePopModelTrait,textures/img_bg,cc.SpriteFrame,46000076-9bca-44fa-adb5-f6dbad30fc00,assets\AdSubScribePopModelTrait\import\46\46000076-9bca-44fa-adb5-f6dbad30fc00.4bb4b.json
AdSubScribePopModelTrait,textures/img_bg,cc.Texture2D,c3eeceac-59f1-4ee6-812d-443f67ca2b11,assets\AdSubScribePopModelTrait\import\c3\c3eeceac-59f1-4ee6-812d-443f67ca2b11.7871f.json
AdSubScribePopModelTrait,textures/img_choose,cc.SpriteFrame,49f6fda7-d52d-4629-839a-15c90d515e85,assets\AdSubScribePopModelTrait\import\49\49f6fda7-d52d-4629-839a-15c90d515e85.9e62e.json
AdSubScribePopModelTrait,textures/img_choose,cc.Texture2D,7add5d39-8c13-4ad6-9a89-8b67d1b94d7e,assets\AdSubScribePopModelTrait\import\7a\7add5d39-8c13-4ad6-9a89-8b67d1b94d7e.7871f.json
AdSubScribePopModelTrait,textures/img_txt,cc.SpriteFrame,1476a6df-dccd-4979-a49b-b6b1564e6ddc,assets\AdSubScribePopModelTrait\import\14\1476a6df-dccd-4979-a49b-b6b1564e6ddc.ac000.json
AdSubScribePopModelTrait,textures/img_txt,cc.Texture2D,3ff8bc14-6011-440d-b5d3-da2b5deb18ae,assets\AdSubScribePopModelTrait\import\3f\3ff8bc14-6011-440d-b5d3-da2b5deb18ae.7871f.json
AddChapterUnlockProcessTrait,animations/ChapterBtnUnlockReddotAnim,cc.AnimationClip,b88931e4-56b8-4ffe-bb53-6a671be77ba1,assets\AddChapterUnlockProcessTrait\import\b8\b88931e4-56b8-4ffe-bb53-6a671be77ba1.a1f05.json
AddChapterUnlockProcessTrait,audios/unlock_ingame,cc.AudioClip,273c5c0a-f27d-4d28-80f3-d93f85f3e0a2,assets\AddChapterUnlockProcessTrait\import\27\273c5c0a-f27d-4d28-80f3-d93f85f3e0a2.0838e.json
AddChapterUnlockProcessTrait,audios/unlock_main,cc.AudioClip,8007966a-19f0-46e7-844c-27062556623a,assets\AddChapterUnlockProcessTrait\import\80\8007966a-19f0-46e7-844c-27062556623a.02403.json
AddChapterUnlockProcessTrait,audios/unlock_setting,cc.AudioClip,92cbcc45-dafa-439d-8078-2981c48dc045,assets\AddChapterUnlockProcessTrait\import\92\92cbcc45-dafa-439d-8078-2981c48dc045.f297f.json
AddChapterUnlockProcessTrait,dragonbones/gameplay_unlockSetting_ske,dragonBones.DragonBonesAsset,d4684af4-2483-4994-a8c7-31f5f4c85abb,assets\AddChapterUnlockProcessTrait\import\d4\d4684af4-2483-4994-a8c7-31f5f4c85abb.945c9.json
AddChapterUnlockProcessTrait,dragonbones/gameplay_unlockSetting_tex,cc.SpriteFrame,c0d546d5-fa56-4281-931f-33ea6bc60c93,assets\AddChapterUnlockProcessTrait\import\c0\c0d546d5-fa56-4281-931f-33ea6bc60c93.a9f53.json
AddChapterUnlockProcessTrait,dragonbones/gameplay_unlockSetting_tex,cc.Texture2D,c162cb25-1a6a-483a-a20a-f009cc2ebc78,assets\AddChapterUnlockProcessTrait\import\c1\c162cb25-1a6a-483a-a20a-f009cc2ebc78.7871f.json
AddChapterUnlockProcessTrait,dragonbones/gameplay_unlockSetting_tex,dragonBones.DragonBonesAtlasAsset,1e40c3e9-71d3-46ee-bad6-98e3e1781fa2,assets\AddChapterUnlockProcessTrait\import\1e\1e40c3e9-71d3-46ee-bad6-98e3e1781fa2.34e9b.json
AddChapterUnlockProcessTrait,dragonbones/main_unlockBtn_ske,dragonBones.DragonBonesAsset,51524ecb-c537-40c9-9b03-6c88be26b1a9,assets\AddChapterUnlockProcessTrait\import\51\51524ecb-c537-40c9-9b03-6c88be26b1a9.d79fc.json
AddChapterUnlockProcessTrait,dragonbones/main_unlockBtn_tex,cc.SpriteFrame,42932070-1668-4bee-b885-8bc6333564ed,assets\AddChapterUnlockProcessTrait\import\42\42932070-1668-4bee-b885-8bc6333564ed.c5081.json
AddChapterUnlockProcessTrait,dragonbones/main_unlockBtn_tex,cc.Texture2D,be25e6b3-df54-4778-ac47-cb9f6cdb4ccf,assets\AddChapterUnlockProcessTrait\import\be\be25e6b3-df54-4778-ac47-cb9f6cdb4ccf.7871f.json
AddChapterUnlockProcessTrait,dragonbones/main_unlockBtn_tex,dragonBones.DragonBonesAtlasAsset,f6ae9546-f0f0-4a6a-a588-2b81ae14b07f,assets\AddChapterUnlockProcessTrait\import\f6\f6ae9546-f0f0-4a6a-a588-2b81ae14b07f.2c24c.json
AddChapterUnlockProcessTrait,prefabs/chapterBtnUnlockAnim,cc.Prefab,e0b943ce-68ee-4f9a-b2f7-1e914bbf4447,assets\AddChapterUnlockProcessTrait\import\e0\e0b943ce-68ee-4f9a-b2f7-1e914bbf4447.de538.json
AddChapterUnlockProcessTrait,prefabs/settingUnlockAnim,cc.Prefab,2cd4c9ff-f459-4f44-8ec5-a8a44178bf04,assets\AddChapterUnlockProcessTrait\import\2c\2cd4c9ff-f459-4f44-8ec5-a8a44178bf04.396c0.json
BlockBackPlayAudioTrait,audio/s_return,cc.AudioClip,70566cf4-c408-4ed1-9857-fc1311e8021b,assets\BlockBackPlayAudioTrait\import\70\70566cf4-c408-4ed1-9857-fc1311e8021b.818bf.json
BorderGemCollectSpreadTrait,dragonbones/gameplay_gemsOut_ske,dragonBones.DragonBonesAsset,bbe64bc7-be3e-4e93-b6f6-3c9ec494b69d,assets\BorderGemCollectSpreadTrait\import\bb\bbe64bc7-be3e-4e93-b6f6-3c9ec494b69d.d1597.json
BorderGemCollectSpreadTrait,dragonbones/gameplay_gemsOut_tex,cc.SpriteFrame,d98e3e51-8887-493c-8147-c312ec5d3454,assets\BorderGemCollectSpreadTrait\import\d9\d98e3e51-8887-493c-8147-c312ec5d3454.4fca3.json
BorderGemCollectSpreadTrait,dragonbones/gameplay_gemsOut_tex,cc.Texture2D,beb6826c-0eb5-444e-bebc-52d676b93fd1,assets\BorderGemCollectSpreadTrait\import\be\beb6826c-0eb5-444e-bebc-52d676b93fd1.7871f.json
BorderGemCollectSpreadTrait,dragonbones/gameplay_gemsOut_tex,dragonBones.DragonBonesAtlasAsset,baac28d3-2f55-43e7-9032-8f900a7ae665,assets\BorderGemCollectSpreadTrait\import\ba\baac28d3-2f55-43e7-9032-8f900a7ae665.595e4.json
BorderGemCollectSpreadTrait,prefabs/BorderGemCollectSpread,cc.Prefab,3e4c3800-9b98-4748-8d5e-1815650d0386,assets\BorderGemCollectSpreadTrait\import\3e\3e4c3800-9b98-4748-8d5e-1815650d0386.2d3cf.json
BrandVisionDesignTrait,audios/man_dichen,cc.AudioClip,a5e4a142-ff27-4aeb-9658-b35ebbb539e3,assets\BrandVisionDesignTrait\import\a5\a5e4a142-ff27-4aeb-9658-b35ebbb539e3.0db79.json
BrandVisionDesignTrait,audios/man_gaokang,cc.AudioClip,559c5a40-e60e-449c-9e94-e44f6ef8a072,assets\BrandVisionDesignTrait\import\55\559c5a40-e60e-449c-9e94-e44f6ef8a072.a8053.json
BrandVisionDesignTrait,audios/man_huopo,cc.AudioClip,dd39f5e1-b09d-44e8-b665-594740470512,assets\BrandVisionDesignTrait\import\dd\dd39f5e1-b09d-44e8-b665-594740470512.d5c9a.json
BrandVisionDesignTrait,audios/man_lengjing,cc.AudioClip,74e5bedb-f159-4361-90ff-0c57acf83465,assets\BrandVisionDesignTrait\import\74\74e5bedb-f159-4361-90ff-0c57acf83465.e9a64.json
BrandVisionDesignTrait,audios/woman_huopo,cc.AudioClip,d59eae4e-593d-4dcd-bf5c-47a9dd440e0d,assets\BrandVisionDesignTrait\import\d5\d59eae4e-593d-4dcd-bf5c-47a9dd440e0d.018d1.json
BrandVisionDesignTrait,audios/woman_lengjing,cc.AudioClip,3d7dc769-0e05-4c15-af61-9f15f0228cbc,assets\BrandVisionDesignTrait\import\3d\3d7dc769-0e05-4c15-af61-9f15f0228cbc.534d5.json
BrickSoundTrait,audios/brick_drop,cc.AudioClip,4d72f8fc-b88e-47b2-9896-b29a94a45966,assets\BrickSoundTrait\import\4d\4d72f8fc-b88e-47b2-9896-b29a94a45966.47ce0.json
BrickSoundTrait,audios/brick_streak,cc.AudioClip,f13469e1-1c8d-4262-bad4-f558b0a5724e,assets\BrickSoundTrait\import\f1\f13469e1-1c8d-4262-bad4-f558b0a5724e.6eb12.json
BrickSoundTrait,audios/brick_touch,cc.AudioClip,6ccde367-2a08-46b5-b263-9649af952df2,assets\BrickSoundTrait\import\6c\6ccde367-2a08-46b5-b263-9649af952df2.66585.json
ChangeBlockSizeByProducerTrait,dragonbones/gameplay_gemBlock_ske,dragonBones.DragonBonesAsset,55b6c87a-1ce8-4137-9f07-9c5e3b48bd67,assets\ChangeBlockSizeByProducerTrait\import\55\55b6c87a-1ce8-4137-9f07-9c5e3b48bd67.3d70a.json
ChangeBlockSizeByProducerTrait,dragonbones/gameplay_gemBlock_tex,cc.SpriteFrame,2f2f8bb9-8212-4580-9a67-677932a32f8c,assets\ChangeBlockSizeByProducerTrait\import\2f\2f2f8bb9-8212-4580-9a67-677932a32f8c.4d937.json
ChangeBlockSizeByProducerTrait,dragonbones/gameplay_gemBlock_tex,cc.Texture2D,da28d38a-c560-4d12-89d3-7cec0d08af7f,assets\ChangeBlockSizeByProducerTrait\import\da\da28d38a-c560-4d12-89d3-7cec0d08af7f.7871f.json
ChangeBlockSizeByProducerTrait,dragonbones/gameplay_gemBlock_tex,dragonBones.DragonBonesAtlasAsset,58591e00-8804-4921-80fb-a1f78ccd7f71,assets\ChangeBlockSizeByProducerTrait\import\58\58591e00-8804-4921-80fb-a1f78ccd7f71.be848.json
ChangeBlockSizeByProducerTrait,prefabs/ChapterChangeBlockSizeByProducerAnim,cc.Prefab,04f67137-7532-4c3f-a63a-ebbf107a44df,assets\ChangeBlockSizeByProducerTrait\import\04\04f67137-7532-4c3f-a63a-ebbf107a44df.61914.json
ChangeBlockSizeByProducerTrait,prefabs/ChapterChangeBlockSizeByProducerUI,cc.Prefab,bf7219b8-b2f8-42cd-9fc2-2ee8109fa4eb,assets\ChangeBlockSizeByProducerTrait\import\bf\bf7219b8-b2f8-42cd-9fc2-2ee8109fa4eb.74340.json
ChangeBlockSizeByProducerTrait,textures/Gems101,cc.SpriteFrame,ebc9525d-9621-43c1-82a2-88b961fe0dfb,assets\ChangeBlockSizeByProducerTrait\import\eb\ebc9525d-9621-43c1-82a2-88b961fe0dfb.5878a.json
ChangeBlockSizeByProducerTrait,textures/Gems101,cc.Texture2D,7e056c4e-f3f5-488f-9d6d-6396abb410ea,assets\ChangeBlockSizeByProducerTrait\import\7e\7e056c4e-f3f5-488f-9d6d-6396abb410ea.7871f.json
ChangeBlockSizeByProducerTrait,textures/Gems102,cc.SpriteFrame,eacf92d9-8a40-4f40-b089-f984248e307e,assets\ChangeBlockSizeByProducerTrait\import\ea\eacf92d9-8a40-4f40-b089-f984248e307e.39a5f.json
ChangeBlockSizeByProducerTrait,textures/Gems102,cc.Texture2D,4951dea9-74d2-4a5b-bbc3-b7e89160ccb6,assets\ChangeBlockSizeByProducerTrait\import\49\4951dea9-74d2-4a5b-bbc3-b7e89160ccb6.7871f.json
ChangeBlockSizeByProducerTrait,textures/Gems103,cc.SpriteFrame,3da9ccfb-ee12-4508-9c29-dfabbaec0bd1,assets\ChangeBlockSizeByProducerTrait\import\3d\3da9ccfb-ee12-4508-9c29-dfabbaec0bd1.5b428.json
ChangeBlockSizeByProducerTrait,textures/Gems103,cc.Texture2D,58b6eb6a-40ec-420b-a4a0-b6060ab10509,assets\ChangeBlockSizeByProducerTrait\import\58\58b6eb6a-40ec-420b-a4a0-b6060ab10509.7871f.json
ChangeBlockSizeByProducerTrait,textures/Gems104,cc.SpriteFrame,de1256cb-2ead-48f1-be9e-67d82dbefde3,assets\ChangeBlockSizeByProducerTrait\import\de\de1256cb-2ead-48f1-be9e-67d82dbefde3.1c334.json
ChangeBlockSizeByProducerTrait,textures/Gems104,cc.Texture2D,2b82c303-d9a0-4902-a516-9aef0c461466,assets\ChangeBlockSizeByProducerTrait\import\2b\2b82c303-d9a0-4902-a516-9aef0c461466.7871f.json
ChangeBlockSizeByProducerTrait,textures/Gems105,cc.SpriteFrame,94866fca-526a-4079-ba99-14f28eb4cad4,assets\ChangeBlockSizeByProducerTrait\import\94\94866fca-526a-4079-ba99-14f28eb4cad4.7e5e9.json
ChangeBlockSizeByProducerTrait,textures/Gems105,cc.Texture2D,6431bceb-63fa-4fd6-80d5-4db489220a94,assets\ChangeBlockSizeByProducerTrait\import\64\6431bceb-63fa-4fd6-80d5-4db489220a94.7871f.json
ChangeBlockSizeByProducerTrait,textures/Gems106,cc.SpriteFrame,25b191dc-0f8a-4b13-9dea-48e38f76abc1,assets\ChangeBlockSizeByProducerTrait\import\25\25b191dc-0f8a-4b13-9dea-48e38f76abc1.e989b.json
ChangeBlockSizeByProducerTrait,textures/Gems106,cc.Texture2D,08a61130-9d54-4ce3-835f-9a9c58bf2c1d,assets\ChangeBlockSizeByProducerTrait\import\08\08a61130-9d54-4ce3-835f-9a9c58bf2c1d.7871f.json
ChangeMoreGamesDoubleColTrait,prefabs/GLHallMoreGamesPopupColItem,cc.Prefab,c36b1fb4-1f24-4e3b-ac54-75e414e1a59e,assets\ChangeMoreGamesDoubleColTrait\import\c3\c36b1fb4-1f24-4e3b-ac54-75e414e1a59e.869c4.json
ChangeMoreGamesDoubleColTrait,prefabs/GLHallMoreGamesPopupContent,cc.Prefab,2dea7a50-8aaa-4cb4-9760-4fcd7b601abc,assets\ChangeMoreGamesDoubleColTrait\import\2d\2dea7a50-8aaa-4cb4-9760-4fcd7b601abc.0dd51.json
ChangeMoreGamesDoubleColTrait,textures/gameplay_bg_banzi,cc.SpriteFrame,4fc6d04c-5a2d-4abd-95e9-c15bb4280765,assets\ChangeMoreGamesDoubleColTrait\import\4f\4fc6d04c-5a2d-4abd-95e9-c15bb4280765.174ac.json
ChangeMoreGamesDoubleColTrait,textures/gameplay_bg_banzi,cc.Texture2D,863fac96-e6fa-474d-96ff-36fec8a295bb,assets\ChangeMoreGamesDoubleColTrait\import\86\863fac96-e6fa-474d-96ff-36fec8a295bb.7871f.json
ChangeMoreGamesDoubleColTrait,textures/icon_blockSlide,cc.SpriteFrame,f4fb48a0-feb1-404a-8f73-069e4843503d,assets\ChangeMoreGamesDoubleColTrait\import\f4\f4fb48a0-feb1-404a-8f73-069e4843503d.1c863.json
ChangeMoreGamesDoubleColTrait,textures/icon_blockSlide,cc.Texture2D,853610f5-2ab2-4d22-a3d1-cd524b6b656d,assets\ChangeMoreGamesDoubleColTrait\import\85\853610f5-2ab2-4d22-a3d1-cd524b6b656d.7871f.json
ChangeMoreGamesDoubleColTrait,textures/icon_fruitMerge,cc.SpriteFrame,f7d4a310-017b-4450-a0ab-2fbdb6d857fe,assets\ChangeMoreGamesDoubleColTrait\import\f7\f7d4a310-017b-4450-a0ab-2fbdb6d857fe.c21d9.json
ChangeMoreGamesDoubleColTrait,textures/icon_fruitMerge,cc.Texture2D,6a59cf60-8cc3-4365-8caf-544b0773c6eb,assets\ChangeMoreGamesDoubleColTrait\import\6a\6a59cf60-8cc3-4365-8caf-544b0773c6eb.7871f.json
ChangeMoreGamesDoubleColTrait,textures/icon_mahjong,cc.SpriteFrame,2a620a9d-2a9b-4cbc-8f42-a31284cb3f36,assets\ChangeMoreGamesDoubleColTrait\import\2a\2a620a9d-2a9b-4cbc-8f42-a31284cb3f36.9c01e.json
ChangeMoreGamesDoubleColTrait,textures/icon_mahjong,cc.Texture2D,25e0751a-c2cb-4606-92d9-3cc551b170cc,assets\ChangeMoreGamesDoubleColTrait\import\25\25e0751a-c2cb-4606-92d9-3cc551b170cc.7871f.json
ChangeMoreGamesDoubleColTrait,textures/icon_oneLine,cc.SpriteFrame,f76f8b7c-244c-438e-b888-68d2983c0cb9,assets\ChangeMoreGamesDoubleColTrait\import\f7\f76f8b7c-244c-438e-b888-68d2983c0cb9.e9958.json
ChangeMoreGamesDoubleColTrait,textures/icon_oneLine,cc.Texture2D,b133402e-c905-4104-af3b-9a73b3a762a3,assets\ChangeMoreGamesDoubleColTrait\import\b1\b133402e-c905-4104-af3b-9a73b3a762a3.7871f.json
ChangeMoreGamesDoubleColTrait,textures/icon_onet,cc.SpriteFrame,3cb36205-b58f-430d-a8b6-19a685315e3e,assets\ChangeMoreGamesDoubleColTrait\import\3c\3cb36205-b58f-430d-a8b6-19a685315e3e.8e2a0.json
ChangeMoreGamesDoubleColTrait,textures/icon_onet,cc.Texture2D,20e0313e-b74d-4836-9a23-a0ebd04b8254,assets\ChangeMoreGamesDoubleColTrait\import\20\20e0313e-b74d-4836-9a23-a0ebd04b8254.7871f.json
ChangeMoreGamesDoubleColTrait,textures/icon_sudoku,cc.SpriteFrame,6093d0e3-79ec-42b4-9be9-ec1c560ab31b,assets\ChangeMoreGamesDoubleColTrait\import\60\6093d0e3-79ec-42b4-9be9-ec1c560ab31b.cb29d.json
ChangeMoreGamesDoubleColTrait,textures/icon_sudoku,cc.Texture2D,60747e59-86d7-4a55-9c99-91e02643b560,assets\ChangeMoreGamesDoubleColTrait\import\60\60747e59-86d7-4a55-9c99-91e02643b560.7871f.json
ChangeMoreGamesDoubleColTrait,textures/icon_ticTacToe,cc.SpriteFrame,7ee84fed-daff-4891-8e53-70c3def4b2a1,assets\ChangeMoreGamesDoubleColTrait\import\7e\7ee84fed-daff-4891-8e53-70c3def4b2a1.70ef3.json
ChangeMoreGamesDoubleColTrait,textures/icon_ticTacToe,cc.Texture2D,c43947c0-c93b-4541-9065-0c7f7e205e98,assets\ChangeMoreGamesDoubleColTrait\import\c4\c43947c0-c93b-4541-9065-0c7f7e205e98.7871f.json
ChangeMoreGamesDoubleColTrait,textures/icon_waterSort,cc.SpriteFrame,e106621c-3e88-4d37-9725-5e7e38e5aeb6,assets\ChangeMoreGamesDoubleColTrait\import\e1\e106621c-3e88-4d37-9725-5e7e38e5aeb6.202fa.json
ChangeMoreGamesDoubleColTrait,textures/icon_waterSort,cc.Texture2D,e592879b-678f-4282-bcac-b38bf31925c7,assets\ChangeMoreGamesDoubleColTrait\import\e5\e592879b-678f-4282-bcac-b38bf31925c7.7871f.json
ChangeMoreGamesDoubleColTrait,textures/txt_blockSlide,cc.SpriteFrame,af455f22-8eb1-4973-b9fd-4b575a07f199,assets\ChangeMoreGamesDoubleColTrait\import\af\af455f22-8eb1-4973-b9fd-4b575a07f199.4356b.json
ChangeMoreGamesDoubleColTrait,textures/txt_blockSlide,cc.Texture2D,d03528e4-ce0c-4188-ba51-1505b43b6d99,assets\ChangeMoreGamesDoubleColTrait\import\d0\d03528e4-ce0c-4188-ba51-1505b43b6d99.7871f.json
ChangeMoreGamesDoubleColTrait,textures/txt_fruitMerge,cc.SpriteFrame,a4708704-36f7-41e1-8737-c328c0a43b93,assets\ChangeMoreGamesDoubleColTrait\import\a4\a4708704-36f7-41e1-8737-c328c0a43b93.6fb13.json
ChangeMoreGamesDoubleColTrait,textures/txt_fruitMerge,cc.Texture2D,9b465626-6309-4bd9-a1af-70843cf1483c,assets\ChangeMoreGamesDoubleColTrait\import\9b\9b465626-6309-4bd9-a1af-70843cf1483c.7871f.json
ChangeMoreGamesDoubleColTrait,textures/txt_mahjong,cc.SpriteFrame,265f986f-af07-4611-8c0e-f9d2c8ab1f4a,assets\ChangeMoreGamesDoubleColTrait\import\26\265f986f-af07-4611-8c0e-f9d2c8ab1f4a.12075.json
ChangeMoreGamesDoubleColTrait,textures/txt_mahjong,cc.Texture2D,a9c6ee91-f650-46b5-81e0-4835ac5cceaf,assets\ChangeMoreGamesDoubleColTrait\import\a9\a9c6ee91-f650-46b5-81e0-4835ac5cceaf.7871f.json
ChangeMoreGamesDoubleColTrait,textures/txt_oneLine,cc.SpriteFrame,ed7786a2-4cf6-4d81-b447-65d3b7405f5d,assets\ChangeMoreGamesDoubleColTrait\import\ed\ed7786a2-4cf6-4d81-b447-65d3b7405f5d.470be.json
ChangeMoreGamesDoubleColTrait,textures/txt_oneLine,cc.Texture2D,7c7cfc19-09d9-4aeb-8487-38cb0db82200,assets\ChangeMoreGamesDoubleColTrait\import\7c\7c7cfc19-09d9-4aeb-8487-38cb0db82200.7871f.json
ChangeMoreGamesDoubleColTrait,textures/txt_onet,cc.SpriteFrame,5fea91db-7662-4bd5-89f0-c13ebf580e39,assets\ChangeMoreGamesDoubleColTrait\import\5f\5fea91db-7662-4bd5-89f0-c13ebf580e39.e9ac8.json
ChangeMoreGamesDoubleColTrait,textures/txt_onet,cc.Texture2D,d9276976-81b4-4dd1-9a23-1c42f6e34b7f,assets\ChangeMoreGamesDoubleColTrait\import\d9\d9276976-81b4-4dd1-9a23-1c42f6e34b7f.7871f.json
ChangeMoreGamesDoubleColTrait,textures/txt_sudoku,cc.SpriteFrame,5a30307d-a986-4a2e-b712-b1ae626c4c1b,assets\ChangeMoreGamesDoubleColTrait\import\5a\5a30307d-a986-4a2e-b712-b1ae626c4c1b.268f6.json
ChangeMoreGamesDoubleColTrait,textures/txt_sudoku,cc.Texture2D,22a002d7-a9f3-49c5-b350-e6784e7d0c41,assets\ChangeMoreGamesDoubleColTrait\import\22\22a002d7-a9f3-49c5-b350-e6784e7d0c41.7871f.json
ChangeMoreGamesDoubleColTrait,textures/txt_ticTacToe,cc.SpriteFrame,311c8d7e-d52a-487b-a4c8-e2c0b2be02d2,assets\ChangeMoreGamesDoubleColTrait\import\31\311c8d7e-d52a-487b-a4c8-e2c0b2be02d2.6503e.json
ChangeMoreGamesDoubleColTrait,textures/txt_ticTacToe,cc.Texture2D,5f1948d3-d79b-4e0c-854a-a740366a631c,assets\ChangeMoreGamesDoubleColTrait\import\5f\5f1948d3-d79b-4e0c-854a-a740366a631c.7871f.json
ChangeMoreGamesDoubleColTrait,textures/txt_waterSort,cc.SpriteFrame,ae5b3040-c51a-419c-9be9-5a133b637f32,assets\ChangeMoreGamesDoubleColTrait\import\ae\ae5b3040-c51a-419c-9be9-5a133b637f32.32fcf.json
ChangeMoreGamesDoubleColTrait,textures/txt_waterSort,cc.Texture2D,259d8930-890c-4d75-85b4-52d6726e65b5,assets\ChangeMoreGamesDoubleColTrait\import\25\259d8930-890c-4d75-85b4-52d6726e65b5.7871f.json
ChapterCollectPreClearEffectTrait,configs/chapterCollectPreClear_skin_1000,cc.JsonAsset,007ba36e-80df-441a-80ee-f1008daf5293,assets\ChapterCollectPreClearEffectTrait\import\00\007ba36e-80df-441a-80ee-f1008daf5293.7ce1b.json
ChapterCollectPreClearEffectTrait,configs/chapterCollectPreClear_skin_1001,cc.JsonAsset,41ae5bd9-c3cc-443d-b4c7-9a98432759ca,assets\ChapterCollectPreClearEffectTrait\import\41\41ae5bd9-c3cc-443d-b4c7-9a98432759ca.460f4.json
ChapterCollectPreClearEffectTrait,configs/chapterCollectPreClear_skin_1002,cc.JsonAsset,714f67fa-f9ee-4530-b947-1a5ef0f053e0,assets\ChapterCollectPreClearEffectTrait\import\71\714f67fa-f9ee-4530-b947-1a5ef0f053e0.cc222.json
ChapterCollectPreClearEffectTrait,configs/chapterCollectPreClear_skin_1003,cc.JsonAsset,5ffd881a-8eaa-4ffe-8f2d-7a4201db0dab,assets\ChapterCollectPreClearEffectTrait\import\5f\5ffd881a-8eaa-4ffe-8f2d-7a4201db0dab.c22c3.json
ChapterCollectPreClearEffectTrait,configs/chapterCollectPreClear_skin_1004,cc.JsonAsset,d7b810d0-8925-4fbb-b40c-df9eb0da5852,assets\ChapterCollectPreClearEffectTrait\import\d7\d7b810d0-8925-4fbb-b40c-df9eb0da5852.562e9.json
ChapterCollectPreClearEffectTrait,configs/chapterCollectPreClear_skin_1005,cc.JsonAsset,1bf8b262-128e-43e9-804a-d86f3349cec8,assets\ChapterCollectPreClearEffectTrait\import\1b\1bf8b262-128e-43e9-804a-d86f3349cec8.91b32.json
ChapterCollectPreClearEffectTrait,configs/chapterCollectPreClear_skin_1006,cc.JsonAsset,d665783f-bc86-4f31-994f-7d94ee8480c7,assets\ChapterCollectPreClearEffectTrait\import\d6\d665783f-bc86-4f31-994f-7d94ee8480c7.fa77a.json
ChapterCollectPreClearEffectTrait,configs/chapterCollectPreClear_skin_1007,cc.JsonAsset,3ae9dc05-d1ed-4fc4-8e95-eb82066f8ae2,assets\ChapterCollectPreClearEffectTrait\import\3a\3ae9dc05-d1ed-4fc4-8e95-eb82066f8ae2.91fd8.json
ChapterCollectPreClearEffectTrait,configs/chapterCollectPreClear_skin_1008,cc.JsonAsset,978c3b79-4ee5-4a58-ac04-914a5e2395a3,assets\ChapterCollectPreClearEffectTrait\import\97\978c3b79-4ee5-4a58-ac04-914a5e2395a3.92f56.json
ChapterCollectPreClearEffectTrait,configs/chapterCollectPreClear_skin_1009,cc.JsonAsset,156e72b0-f0c1-45ef-8a97-185b54d1635e,assets\ChapterCollectPreClearEffectTrait\import\15\156e72b0-f0c1-45ef-8a97-185b54d1635e.1d88c.json
ChapterCollectPreClearEffectTrait,configs/chapterCollectPreClear_skin_1010,cc.JsonAsset,ec1d23a4-6c18-4a5f-9503-288914fd047f,assets\ChapterCollectPreClearEffectTrait\import\ec\ec1d23a4-6c18-4a5f-9503-288914fd047f.de745.json
ChapterCollectPreClearEffectTrait,configs/chapterCollectPreClear_skin_1011,cc.JsonAsset,406b178f-1038-497d-9867-936c8080e21b,assets\ChapterCollectPreClearEffectTrait\import\40\406b178f-1038-497d-9867-936c8080e21b.feb54.json
ChapterCollectPreClearEffectTrait,configs/chapterCollectPreClear_skin_1012,cc.JsonAsset,fa15ef51-f762-4942-bcc9-8b06efc20038,assets\ChapterCollectPreClearEffectTrait\import\fa\fa15ef51-f762-4942-bcc9-8b06efc20038.6ea00.json
ChapterCollectPreClearEffectTrait,configs/chapterCollectPreClear_skin_1013,cc.JsonAsset,cba195a3-8f4a-4b89-972e-9cea88b171c4,assets\ChapterCollectPreClearEffectTrait\import\cb\cba195a3-8f4a-4b89-972e-9cea88b171c4.6bca6.json
ChapterCollectPreClearEffectTrait,configs/chapterCollectPreClear_skin_1014,cc.JsonAsset,661d598d-c13f-4b9c-945a-839cf383b84f,assets\ChapterCollectPreClearEffectTrait\import\66\661d598d-c13f-4b9c-945a-839cf383b84f.187be.json
ChapterCollectPreClearEffectTrait,configs/chapterCollectPreClear_skin_1015,cc.JsonAsset,6437c18e-27f8-4539-8790-043c6a713107,assets\ChapterCollectPreClearEffectTrait\import\64\6437c18e-27f8-4539-8790-043c6a713107.b7b56.json
ChapterCollectPreClearEffectTrait,configs/chapterCollectPreClear_skin_1016,cc.JsonAsset,4228ad3e-bd0a-4536-8af0-d277c3dda00e,assets\ChapterCollectPreClearEffectTrait\import\42\4228ad3e-bd0a-4536-8af0-d277c3dda00e.063e7.json
ChapterCollectPreClearEffectTrait,configs/chapterCollectPreClear_skin_1017,cc.JsonAsset,eaac989a-58c3-4abf-801c-a80ecef2e171,assets\ChapterCollectPreClearEffectTrait\import\ea\eaac989a-58c3-4abf-801c-a80ecef2e171.44820.json
ChapterCollectPreClearEffectTrait,configs/chapterCollectPreClear_skin_1018,cc.JsonAsset,ab43a7c2-6fd5-4747-9467-65e12266c881,assets\ChapterCollectPreClearEffectTrait\import\ab\ab43a7c2-6fd5-4747-9467-65e12266c881.25ce1.json
ChapterCollectPreClearEffectTrait,configs/chapterCollectPreClear_skin_1019,cc.JsonAsset,f2fc423e-7866-42e9-981a-c207fff6a483,assets\ChapterCollectPreClearEffectTrait\import\f2\f2fc423e-7866-42e9-981a-c207fff6a483.42dbb.json
ChapterCollectPreClearEffectTrait,configs/chapterCollectPreClear_skin_1020,cc.JsonAsset,d92fc9d6-f765-4faa-99d6-968366509bf6,assets\ChapterCollectPreClearEffectTrait\import\d9\d92fc9d6-f765-4faa-99d6-968366509bf6.ec7c2.json
ChapterCollectPreClearEffectTrait,configs/chapterCollectPreClear_skin_1021,cc.JsonAsset,6bc4ae0e-70c5-421b-821b-478d792ea90e,assets\ChapterCollectPreClearEffectTrait\import\6b\6bc4ae0e-70c5-421b-821b-478d792ea90e.f8fd0.json
ChapterCollectPreClearEffectTrait,configs/chapterCollectPreClear_skin_1022,cc.JsonAsset,0c5b10c8-bfc9-4cfb-aa75-66c1a4ae63cb,assets\ChapterCollectPreClearEffectTrait\import\0c\0c5b10c8-bfc9-4cfb-aa75-66c1a4ae63cb.911e6.json
ChapterCollectPreClearEffectTrait,configs/chapterCollectPreClear_skin_1023,cc.JsonAsset,9956a86c-2ce8-4e1d-a781-31a3409f76f4,assets\ChapterCollectPreClearEffectTrait\import\99\9956a86c-2ce8-4e1d-a781-31a3409f76f4.105da.json
ChapterCollectPreClearEffectTrait,configs/chapterCollectPreClear_skin_1024,cc.JsonAsset,11577f4a-9d76-44ba-8ab6-ffb7080eb010,assets\ChapterCollectPreClearEffectTrait\import\11\11577f4a-9d76-44ba-8ab6-ffb7080eb010.46996.json
ChapterCollectPreClearEffectTrait,configs/chapterCollectPreClear_skin_1025,cc.JsonAsset,81bbb94d-97c1-47d4-974b-ebed0f4c5a50,assets\ChapterCollectPreClearEffectTrait\import\81\81bbb94d-97c1-47d4-974b-ebed0f4c5a50.89685.json
ChapterCollectPreClearEffectTrait,configs/chapterCollectPreClear_skin_1026,cc.JsonAsset,7196e98c-771b-47b9-87e8-b3d5d0f88dba,assets\ChapterCollectPreClearEffectTrait\import\71\7196e98c-771b-47b9-87e8-b3d5d0f88dba.b28b4.json
ChapterCollectPreClearEffectTrait,configs/chapterCollectPreClear_skin_1027,cc.JsonAsset,18621261-096a-4335-8e19-559b52975264,assets\ChapterCollectPreClearEffectTrait\import\18\18621261-096a-4335-8e19-559b52975264.40062.json
ChapterCollectPreClearEffectTrait,configs/chapterCollectPreClear_skin_1028,cc.JsonAsset,fb6b0cc8-0b31-486c-ae98-a9e6b9126020,assets\ChapterCollectPreClearEffectTrait\import\fb\fb6b0cc8-0b31-486c-ae98-a9e6b9126020.a54ca.json
ChapterCollectPreClearEffectTrait,configs/chapterCollectPreClear_skin_1029,cc.JsonAsset,b3a18d22-4aca-42af-98e6-96564a60d892,assets\ChapterCollectPreClearEffectTrait\import\b3\b3a18d22-4aca-42af-98e6-96564a60d892.d9b53.json
ChapterCollectPreClearEffectTrait,configs/chapterCollectPreClear_skin_1030,cc.JsonAsset,63777ec5-9954-4f86-815c-8594db72ed5b,assets\ChapterCollectPreClearEffectTrait\import\63\63777ec5-9954-4f86-815c-8594db72ed5b.a1f83.json
ChapterCollectPreClearEffectTrait,configs/chapterCollectPreClear_skin_1031,cc.JsonAsset,a1bf312e-073d-490c-8c19-b381daafd10f,assets\ChapterCollectPreClearEffectTrait\import\a1\a1bf312e-073d-490c-8c19-b381daafd10f.52bf1.json
ChapterCollectPreClearEffectTrait,configs/chapterCollectPreClear_skin_1032,cc.JsonAsset,236042d0-ea28-4f71-90af-c696feecf786,assets\ChapterCollectPreClearEffectTrait\import\23\236042d0-ea28-4f71-90af-c696feecf786.c7f83.json
ChapterCollectPreClearEffectTrait,configs/chapterCollectPreClear_skin_1033,cc.JsonAsset,14a16445-9f3b-438d-8848-cec2a2ec2db0,assets\ChapterCollectPreClearEffectTrait\import\14\14a16445-9f3b-438d-8848-cec2a2ec2db0.98425.json
ChapterCollectPreClearEffectTrait,configs/chapterCollectPreClear_skin_1034,cc.JsonAsset,c09f9f5b-1c10-446b-9f2d-063ade257c56,assets\ChapterCollectPreClearEffectTrait\import\c0\c09f9f5b-1c10-446b-9f2d-063ade257c56.5ed50.json
ChapterCollectPreClearEffectTrait,configs/chapterCollectPreClear_skin_1035,cc.JsonAsset,a8815ad0-89bd-4b92-9da1-e329e801eb57,assets\ChapterCollectPreClearEffectTrait\import\a8\a8815ad0-89bd-4b92-9da1-e329e801eb57.61739.json
ChapterCollectPreClearEffectTrait,configs/chapterCollectPreClear_skin_1036,cc.JsonAsset,9af70f7a-c555-4b9b-913d-571d5cee344a,assets\ChapterCollectPreClearEffectTrait\import\9a\9af70f7a-c555-4b9b-913d-571d5cee344a.93d09.json
ChapterCollectPreClearEffectTrait,configs/chapterCollectPreClear_skin_1037,cc.JsonAsset,2880ebc8-f510-431f-9b98-db20fda8833f,assets\ChapterCollectPreClearEffectTrait\import\28\2880ebc8-f510-431f-9b98-db20fda8833f.22b0a.json
ChapterCollectPreClearEffectTrait,configs/chapterCollectPreClear_skin_1038,cc.JsonAsset,5366d8dd-18be-43d7-8f0b-b0be1b41b87f,assets\ChapterCollectPreClearEffectTrait\import\53\5366d8dd-18be-43d7-8f0b-b0be1b41b87f.c9fda.json
ChapterCollectPreClearEffectTrait,configs/chapterCollectPreClear_skin_1039,cc.JsonAsset,3627cf3c-2c15-4813-ae48-bd902ee498c4,assets\ChapterCollectPreClearEffectTrait\import\36\3627cf3c-2c15-4813-ae48-bd902ee498c4.a5d0a.json
ChapterCollectPreClearEffectTrait,dragonbones/gameplay_eliminatePrompt_increment_ske,dragonBones.DragonBonesAsset,a1f53667-eb37-4944-91d7-5ea8d9da5d03,assets\ChapterCollectPreClearEffectTrait\import\a1\a1f53667-eb37-4944-91d7-5ea8d9da5d03.10243.json
ChapterCollectPreClearEffectTrait,dragonbones/gameplay_eliminatePrompt_increment_tex,cc.SpriteFrame,42fa3b50-48e0-449e-b2ce-fdd60f474488,assets\ChapterCollectPreClearEffectTrait\import\42\42fa3b50-48e0-449e-b2ce-fdd60f474488.cd9c4.json
ChapterCollectPreClearEffectTrait,dragonbones/gameplay_eliminatePrompt_increment_tex,cc.Texture2D,04d1971c-f1e3-4c2a-ad2c-fd7d87def213,assets\ChapterCollectPreClearEffectTrait\import\04\04d1971c-f1e3-4c2a-ad2c-fd7d87def213.7871f.json
ChapterCollectPreClearEffectTrait,dragonbones/gameplay_eliminatePrompt_increment_tex,dragonBones.DragonBonesAtlasAsset,1742e1ea-1b3c-45ee-a7b5-60ca2346b6de,assets\ChapterCollectPreClearEffectTrait\import\17\1742e1ea-1b3c-45ee-a7b5-60ca2346b6de.830e7.json
ChapterCollectPreClearEffectTrait,prefabs/ChapterCollectPreClearEffect,cc.Prefab,08228cc3-49e0-4edf-a77a-cd95fb686c69,assets\ChapterCollectPreClearEffectTrait\import\08\08228cc3-49e0-4edf-a77a-cd95fb686c69.a0b5e.json
ChapterReplaySkipGoalTrait,prefabs/ChapterReplaySkipGoal,cc.Prefab,fcc6e665-492a-403c-9d20-adc9e45ac8a0,assets\ChapterReplaySkipGoalTrait\import\fc\fcc6e665-492a-403c-9d20-adc9e45ac8a0.4c0f2.json
ChapterReplaySkipGoalTrait,spine/gameplay_shuaping,cc.Asset,f08e6868-b9cd-40ef-ba1b-137d9503dd56,assets\ChapterReplaySkipGoalTrait\import\f0\f08e6868-b9cd-40ef-ba1b-137d9503dd56.25258.json
ChapterReplaySkipGoalTrait,spine/gameplay_shuaping,cc.SpriteFrame,6c0721c3-f478-4c86-986f-3420573540a2,assets\ChapterReplaySkipGoalTrait\import\6c\6c0721c3-f478-4c86-986f-3420573540a2.b4e0c.json
ChapterReplaySkipGoalTrait,spine/gameplay_shuaping,cc.Texture2D,276fd73d-ecdc-418d-a043-aa91709e6bfd,assets\ChapterReplaySkipGoalTrait\import\27\276fd73d-ecdc-418d-a043-aa91709e6bfd.7871f.json
ChapterReplaySkipGoalTrait,spine/gameplay_shuaping,sp.SkeletonData,f87f0056-5eee-48d0-8992-2e6718308124,assets\ChapterReplaySkipGoalTrait\import\f8\f87f0056-5eee-48d0-8992-2e6718308124.dfdfb.json
ChapterReplaySkipGoalTrait,spine/gameplay_shuaping2,cc.Asset,249f3f60-88e9-48b2-8e08-02f2221dd4b4,assets\ChapterReplaySkipGoalTrait\import\24\249f3f60-88e9-48b2-8e08-02f2221dd4b4.791df.json
ChapterReplaySkipGoalTrait,spine/gameplay_shuaping2,cc.SpriteFrame,b2345585-df53-4b27-b500-af0cdeb22d7b,assets\ChapterReplaySkipGoalTrait\import\b2\b2345585-df53-4b27-b500-af0cdeb22d7b.af34c.json
ChapterReplaySkipGoalTrait,spine/gameplay_shuaping2,cc.Texture2D,9e9149a1-fef3-4152-bdce-f189f6f61989,assets\ChapterReplaySkipGoalTrait\import\9e\9e9149a1-fef3-4152-bdce-f189f6f61989.7871f.json
ChapterReplaySkipGoalTrait,spine/gameplay_shuaping2,sp.SkeletonData,9cd9d0a8-0793-40e6-b242-4111d9b0d3bf,assets\ChapterReplaySkipGoalTrait\import\9c\9cd9d0a8-0793-40e6-b242-4111d9b0d3bf.c39fe.json
ChapterReviveWithComboTrait,effects/shipinbt_ske,dragonBones.DragonBonesAsset,9d6c8e86-30d3-4caf-93a0-6d7c3c792131,assets\ChapterReviveWithComboTrait\import\9d\9d6c8e86-30d3-4caf-93a0-6d7c3c792131.063f3.json
ChapterReviveWithComboTrait,effects/shipinbt_tex,cc.SpriteFrame,022bdec8-8190-4671-809f-bacca7960ad0,assets\ChapterReviveWithComboTrait\import\02\022bdec8-8190-4671-809f-bacca7960ad0.6bc02.json
ChapterReviveWithComboTrait,effects/shipinbt_tex,cc.Texture2D,9960c64a-c0e4-4ab2-b1d6-c3811144a0a5,assets\ChapterReviveWithComboTrait\import\99\9960c64a-c0e4-4ab2-b1d6-c3811144a0a5.7871f.json
ChapterReviveWithComboTrait,effects/shipinbt_tex,dragonBones.DragonBonesAtlasAsset,641e68bf-11c0-4219-8040-8ad5dbf1a039,assets\ChapterReviveWithComboTrait\import\64\641e68bf-11c0-4219-8040-8ad5dbf1a039.8738c.json
ChapterScoreSettlementModifyAnimationTrait,dragonbones/gameplay_clearanceDone_ske,dragonBones.DragonBonesAsset,649a193b-2632-4c00-9288-18d76f6733bc,assets\ChapterScoreSettlementModifyAnimationTrait\import\64\649a193b-2632-4c00-9288-18d76f6733bc.24116.json
ChapterScoreSettlementModifyAnimationTrait,dragonbones/gameplay_clearanceDone_tex,cc.SpriteFrame,89d92831-d3b7-4013-8058-20ebe8a14da2,assets\ChapterScoreSettlementModifyAnimationTrait\import\89\89d92831-d3b7-4013-8058-20ebe8a14da2.59068.json
ChapterScoreSettlementModifyAnimationTrait,dragonbones/gameplay_clearanceDone_tex,cc.Texture2D,00301a67-a252-4bc5-8fa6-21c12541fc7a,assets\ChapterScoreSettlementModifyAnimationTrait\import\00\00301a67-a252-4bc5-8fa6-21c12541fc7a.7871f.json
ChapterScoreSettlementModifyAnimationTrait,dragonbones/gameplay_clearanceDone_tex,dragonBones.DragonBonesAtlasAsset,f734100c-40ad-43dc-a467-33aac9134e4d,assets\ChapterScoreSettlementModifyAnimationTrait\import\f7\f734100c-40ad-43dc-a467-33aac9134e4d.dc44f.json
ChapterScoreSettlementModifyAnimationTrait,prefabs/CheckAnimation,cc.Prefab,9d40e4b1-e9bf-4e47-b316-26846129536c,assets\ChapterScoreSettlementModifyAnimationTrait\import\9d\9d40e4b1-e9bf-4e47-b316-26846129536c.7b36f.json
ClassDailySignTrait,dragonbones/main_logo_checkin_ske,dragonBones.DragonBonesAsset,355d58dd-3344-40cf-96ea-a57dce79bf10,assets\ClassDailySignTrait\import\35\355d58dd-3344-40cf-96ea-a57dce79bf10.59643.json
ClassDailySignTrait,dragonbones/main_logo_checkin_tex,cc.SpriteFrame,bd63af9a-5627-4a8b-900e-19dec8b6de79,assets\ClassDailySignTrait\import\bd\bd63af9a-5627-4a8b-900e-19dec8b6de79.67f35.json
ClassDailySignTrait,dragonbones/main_logo_checkin_tex,cc.Texture2D,760fcfe7-5444-4d74-8996-c7af85bc1e7e,assets\ClassDailySignTrait\import\76\760fcfe7-5444-4d74-8996-c7af85bc1e7e.7871f.json
ClassDailySignTrait,dragonbones/main_logo_checkin_tex,dragonBones.DragonBonesAtlasAsset,b3670bc1-91a7-4d10-b21a-e652d108c6c0,assets\ClassDailySignTrait\import\b3\b3670bc1-91a7-4d10-b21a-e652d108c6c0.d4b0a.json
ClassDailySignTrait,prefabs/ClassDailySign,cc.Prefab,d2b281c3-6257-4cfb-a27c-96564c099c6d,assets\ClassDailySignTrait\import\d2\d2b281c3-6257-4cfb-a27c-96564c099c6d.1bb76.json
ClassGameEndEncourageTrait,configs/high_score_messages,cc.JsonAsset,2cb6f1bd-24cc-4d28-8817-f974eb5617f3,assets\ClassGameEndEncourageTrait\import\2c\2cb6f1bd-24cc-4d28-8817-f974eb5617f3.be272.json
ClassGameEndEncourageTrait,prefabs/ClassGameEndEncourage,cc.Prefab,7e4ea124-5df1-4172-89fa-7a23c6645e23,assets\ClassGameEndEncourageTrait\import\7e\7e4ea124-5df1-4172-89fa-7a23c6645e23.db747.json
ClassGuideConfigEnhanceTrait,prefabs/guideInfo,cc.Prefab,b4aedf82-2aac-43a2-980b-67424987a93a,assets\ClassGuideConfigEnhanceTrait\import\b4\b4aedf82-2aac-43a2-980b-67424987a93a.ba7d1.json
ClassGuideConfigEnhanceTrait,spine/gameplay_guide_eff,cc.Asset,861fc2eb-0e93-48dd-b72b-d73b76f70da3,assets\ClassGuideConfigEnhanceTrait\import\86\861fc2eb-0e93-48dd-b72b-d73b76f70da3.be52f.json
ClassGuideConfigEnhanceTrait,spine/gameplay_guide_eff,cc.SpriteFrame,03fb6ba4-db36-4c34-bf75-f285a6d459c3,assets\ClassGuideConfigEnhanceTrait\import\03\03fb6ba4-db36-4c34-bf75-f285a6d459c3.75828.json
ClassGuideConfigEnhanceTrait,spine/gameplay_guide_eff,cc.Texture2D,7b7ee6c7-2cfb-437f-9e50-ec6303c7ac8d,assets\ClassGuideConfigEnhanceTrait\import\7b\7b7ee6c7-2cfb-437f-9e50-ec6303c7ac8d.7871f.json
ClassGuideConfigEnhanceTrait,spine/gameplay_guide_eff,sp.SkeletonData,93995777-3212-4cf2-89cd-d6d6f86f4060,assets\ClassGuideConfigEnhanceTrait\import\93\93995777-3212-4cf2-89cd-d6d6f86f4060.e75d6.json
ClassGuideConfigEnhanceTrait,textures/gameplay_txt01,cc.SpriteFrame,1dffed7a-5e2e-414e-811c-7dfcb63976f9,assets\ClassGuideConfigEnhanceTrait\import\1d\1dffed7a-5e2e-414e-811c-7dfcb63976f9.e021c.json
ClassGuideConfigEnhanceTrait,textures/gameplay_txt01,cc.Texture2D,aba0241c-028f-4753-bf60-3b23057cdcb0,assets\ClassGuideConfigEnhanceTrait\import\ab\aba0241c-028f-4753-bf60-3b23057cdcb0.7871f.json
ClassGuideConfigEnhanceTrait,textures/gameplay_txt02,cc.SpriteFrame,8a3a70ef-3da7-4c6a-a60a-1190948cca4e,assets\ClassGuideConfigEnhanceTrait\import\8a\8a3a70ef-3da7-4c6a-a60a-1190948cca4e.f6f60.json
ClassGuideConfigEnhanceTrait,textures/gameplay_txt02,cc.Texture2D,26cc8647-2c51-40aa-b2fe-e0fb261dad19,assets\ClassGuideConfigEnhanceTrait\import\26\26cc8647-2c51-40aa-b2fe-e0fb261dad19.7871f.json
ClassGuideConfigEnhanceTrait,textures/gameplay_txt03,cc.SpriteFrame,a36a4ed8-9fae-4810-8dff-66e7efc48f00,assets\ClassGuideConfigEnhanceTrait\import\a3\a36a4ed8-9fae-4810-8dff-66e7efc48f00.fc4b9.json
ClassGuideConfigEnhanceTrait,textures/gameplay_txt03,cc.Texture2D,1cb1bc62-a432-4054-9de8-2e403111cb39,assets\ClassGuideConfigEnhanceTrait\import\1c\1cb1bc62-a432-4054-9de8-2e403111cb39.7871f.json
ClassGuideDirectThreeBlockTrait,prefabs/effect,cc.Prefab,3909739d-59c7-4cdb-8436-e1d0a8c61006,assets\ClassGuideDirectThreeBlockTrait\import\39\3909739d-59c7-4cdb-8436-e1d0a8c61006.d9cd0.json
ClassGuideDirectThreeBlockTrait,spine/gameplay_biankuang_efc,cc.Asset,c756f6e4-4ca2-4262-ac3e-15a73c40932c,assets\ClassGuideDirectThreeBlockTrait\import\c7\c756f6e4-4ca2-4262-ac3e-15a73c40932c.f17c7.json
ClassGuideDirectThreeBlockTrait,spine/gameplay_biankuang_efc,cc.SpriteFrame,2c66211f-a7d8-4d06-9722-cea7501dd8ec,assets\ClassGuideDirectThreeBlockTrait\import\2c\2c66211f-a7d8-4d06-9722-cea7501dd8ec.71314.json
ClassGuideDirectThreeBlockTrait,spine/gameplay_biankuang_efc,cc.Texture2D,b9a304fb-a1ff-48cf-af59-ccebbc59db08,assets\ClassGuideDirectThreeBlockTrait\import\b9\b9a304fb-a1ff-48cf-af59-ccebbc59db08.7871f.json
ClassGuideDirectThreeBlockTrait,spine/gameplay_biankuang_efc,sp.SkeletonData,cc02cdf2-f46c-4810-90cb-a4b9bf838a7f,assets\ClassGuideDirectThreeBlockTrait\import\cc\cc02cdf2-f46c-4810-90cb-a4b9bf838a7f.f71ac.json
ClassShowGameCompletedTrait,textures/completed,cc.SpriteFrame,6e10acce-0288-4737-aa4e-193efa37bc49,assets\ClassShowGameCompletedTrait\import\6e\6e10acce-0288-4737-aa4e-193efa37bc49.13c8a.json
ClassShowGameCompletedTrait,textures/completed,cc.Texture2D,dfd14f9b-3c78-4a43-aec5-dcdc946d7dd4,assets\ClassShowGameCompletedTrait\import\df\dfd14f9b-3c78-4a43-aec5-dcdc946d7dd4.7871f.json
ClearScreenSkinTransitionTrait,dragonbones/gameplay_skinChange_model_ske,dragonBones.DragonBonesAsset,6391ccde-3ea4-40f8-a015-9c66bb1044d1,assets\ClearScreenSkinTransitionTrait\import\63\6391ccde-3ea4-40f8-a015-9c66bb1044d1.93a9d.json
ClearScreenSkinTransitionTrait,dragonbones/gameplay_skinChange_model_tex,cc.SpriteFrame,2d1e2ce1-0b84-4cce-9d71-87823d751878,assets\ClearScreenSkinTransitionTrait\import\2d\2d1e2ce1-0b84-4cce-9d71-87823d751878.a4fd9.json
ClearScreenSkinTransitionTrait,dragonbones/gameplay_skinChange_model_tex,cc.Texture2D,ad8a3bcd-0e4b-4501-87bf-847a67d211e8,assets\ClearScreenSkinTransitionTrait\import\ad\ad8a3bcd-0e4b-4501-87bf-847a67d211e8.7871f.json
ClearScreenSkinTransitionTrait,dragonbones/gameplay_skinChange_model_tex,dragonBones.DragonBonesAtlasAsset,7d6e4f48-a9fa-4d7f-b0a6-7b62050a04c9,assets\ClearScreenSkinTransitionTrait\import\7d\7d6e4f48-a9fa-4d7f-b0a6-7b62050a04c9.d0891.json
ClearScreenSkinTransitionTrait,prefabs/ClearScreenSkinTransition,cc.Prefab,1c500592-774a-4e6d-ac47-f78c2e6bf4ef,assets\ClearScreenSkinTransitionTrait\import\1c\1c500592-774a-4e6d-ac47-f78c2e6bf4ef.9c2df.json
ClearScreenSkinTransitionTrait,shader/swipe,cc.EffectAsset,6e10d2f3-c66e-4a28-9866-3099364f2c23,assets\ClearScreenSkinTransitionTrait\import\6e\6e10d2f3-c66e-4a28-9866-3099364f2c23.6d233.json
ClearScreenSkinTransitionTrait,shader/swipe,cc.Material,87402ec5-dd49-4c45-97a8-48328ba1b704,assets\ClearScreenSkinTransitionTrait\import\87\87402ec5-dd49-4c45-97a8-48328ba1b704.ff7df.json
CollectedItemsEliminateAndReplaceTrait,dragonbones/collectinfo/gameplay_Collect_ske,dragonBones.DragonBonesAsset,cbfbb228-729c-489d-8a77-eb390937935a,assets\CollectedItemsEliminateAndReplaceTrait\import\cb\cbfbb228-729c-489d-8a77-eb390937935a.f8294.json
CollectedItemsEliminateAndReplaceTrait,dragonbones/collectinfo/gameplay_Collect_tex,cc.SpriteFrame,ae62a448-27d0-4902-818a-bb30fe5e209c,assets\CollectedItemsEliminateAndReplaceTrait\import\ae\ae62a448-27d0-4902-818a-bb30fe5e209c.ed86e.json
CollectedItemsEliminateAndReplaceTrait,dragonbones/collectinfo/gameplay_Collect_tex,cc.Texture2D,3058c72e-f9a3-4ce6-a03d-750cf4f1315d,assets\CollectedItemsEliminateAndReplaceTrait\import\30\3058c72e-f9a3-4ce6-a03d-750cf4f1315d.7871f.json
CollectedItemsEliminateAndReplaceTrait,dragonbones/collectinfo/gameplay_Collect_tex,dragonBones.DragonBonesAtlasAsset,1919a0a5-9747-4f86-a205-21f0a6e97d4d,assets\CollectedItemsEliminateAndReplaceTrait\import\19\1919a0a5-9747-4f86-a205-21f0a6e97d4d.54ccd.json
CollectedItemsEliminateAndReplaceTrait,dragonbones/refresh/gameplay_refresh_ske,dragonBones.DragonBonesAsset,52b27e62-f375-4bf2-b8ee-791acb833c15,assets\CollectedItemsEliminateAndReplaceTrait\import\52\52b27e62-f375-4bf2-b8ee-791acb833c15.f1e51.json
CollectedItemsEliminateAndReplaceTrait,dragonbones/refresh/gameplay_refresh_tex,cc.SpriteFrame,6cc8a232-3910-4e3c-baa8-be71a371043f,assets\CollectedItemsEliminateAndReplaceTrait\import\6c\6cc8a232-3910-4e3c-baa8-be71a371043f.fb8f6.json
CollectedItemsEliminateAndReplaceTrait,dragonbones/refresh/gameplay_refresh_tex,cc.Texture2D,bd44d748-b8a3-41d7-af81-29b4e631f173,assets\CollectedItemsEliminateAndReplaceTrait\import\bd\bd44d748-b8a3-41d7-af81-29b4e631f173.7871f.json
CollectedItemsEliminateAndReplaceTrait,dragonbones/refresh/gameplay_refresh_tex,dragonBones.DragonBonesAtlasAsset,3f9cc668-187a-4c17-8e30-dd1e7519f268,assets\CollectedItemsEliminateAndReplaceTrait\import\3f\3f9cc668-187a-4c17-8e30-dd1e7519f268.ea294.json
CollectedItemsEliminateAndReplaceTrait,prefabs/ChapterNodeDragonCollect,cc.Prefab,91173a06-b1c6-4821-a915-5483716d5c5c,assets\CollectedItemsEliminateAndReplaceTrait\import\91\91173a06-b1c6-4821-a915-5483716d5c5c.c5717.json
ComboBorderEffectTrait,effects/gameplay_combo4_biankuang_ske,dragonBones.DragonBonesAsset,435a0ecc-a30e-42c9-8801-60ff1cbc7122,assets\ComboBorderEffectTrait\import\43\435a0ecc-a30e-42c9-8801-60ff1cbc7122.ff11c.json
ComboBorderEffectTrait,effects/gameplay_combo4_biankuang_tex,cc.SpriteFrame,cbbd209b-dcd2-4325-b27b-eb345c2daf6e,assets\ComboBorderEffectTrait\import\cb\cbbd209b-dcd2-4325-b27b-eb345c2daf6e.31bea.json
ComboBorderEffectTrait,effects/gameplay_combo4_biankuang_tex,cc.Texture2D,43a727ed-ae62-40e5-b68f-4fa6256ccc4e,assets\ComboBorderEffectTrait\import\43\43a727ed-ae62-40e5-b68f-4fa6256ccc4e.7871f.json
ComboBorderEffectTrait,effects/gameplay_combo4_biankuang_tex,dragonBones.DragonBonesAtlasAsset,ae22a628-e460-442e-99d1-51d98d0782eb,assets\ComboBorderEffectTrait\import\ae\ae22a628-e460-442e-99d1-51d98d0782eb.e8176.json
ComboBorderEffectTrait,prefabs/borderEffect,cc.Prefab,cfb406be-8de4-4096-94f5-6104af735970,assets\ComboBorderEffectTrait\import\cf\cfb406be-8de4-4096-94f5-6104af735970.50bf0.json
ComboButterflyBorderEffectTrait,dragonbones/gameplay_combo_vfx_ske,dragonBones.DragonBonesAsset,333607b0-4fba-4d73-9c09-31eb5f04a849,assets\ComboButterflyBorderEffectTrait\import\33\333607b0-4fba-4d73-9c09-31eb5f04a849.f1349.json
ComboButterflyBorderEffectTrait,dragonbones/gameplay_combo_vfx_tex,cc.SpriteFrame,6f29a16a-5dbf-498c-ae31-8481f0c3dbb8,assets\ComboButterflyBorderEffectTrait\import\6f\6f29a16a-5dbf-498c-ae31-8481f0c3dbb8.9eebf.json
ComboButterflyBorderEffectTrait,dragonbones/gameplay_combo_vfx_tex,cc.Texture2D,e1dd2e47-6a21-4516-9866-5b19c9517cc9,assets\ComboButterflyBorderEffectTrait\import\e1\e1dd2e47-6a21-4516-9866-5b19c9517cc9.7871f.json
ComboButterflyBorderEffectTrait,dragonbones/gameplay_combo_vfx_tex,dragonBones.DragonBonesAtlasAsset,0d289ac4-5deb-43be-b5c3-6d215dde4934,assets\ComboButterflyBorderEffectTrait\import\0d\0d289ac4-5deb-43be-b5c3-6d215dde4934.6181b.json
ComboButterflyBorderEffectTrait,prefabs/butterflyEff,cc.Prefab,b9ceabec-dd16-46e0-9019-8b80590103d9,assets\ComboButterflyBorderEffectTrait\import\b9\b9ceabec-dd16-46e0-9019-8b80590103d9.b736b.json
CommonGameEntrance1SetupTrait,font/SPARTAN-BOLD,cc.TTFFont,5597228e-9568-4914-9b1e-c045a885d466,assets\CommonGameEntrance1SetupTrait\import\55\5597228e-9568-4914-9b1e-c045a885d466.269b0.json
CommonGameEntrance1SetupTrait,image/set_btn_medal,cc.SpriteFrame,5993c90a-3699-4963-89cc-39266a759a83,assets\CommonGameEntrance1SetupTrait\import\59\5993c90a-3699-4963-89cc-39266a759a83.f8fff.json
CommonGameEntrance1SetupTrait,image/set_btn_medal,cc.Texture2D,79e2e12d-50ef-4f2a-aaea-d0fb2cd97689,assets\CommonGameEntrance1SetupTrait\import\79\79e2e12d-50ef-4f2a-aaea-d0fb2cd97689.7871f.json
CommonGameEntrance1SetupTrait,image/set_txt_medal,cc.SpriteFrame,98e69d27-652f-40ea-b5d2-09e8f174a433,assets\CommonGameEntrance1SetupTrait\import\98\98e69d27-652f-40ea-b5d2-09e8f174a433.a4504.json
CommonGameEntrance1SetupTrait,image/set_txt_medal,cc.Texture2D,0a1fe231-3e2d-40c4-b9cf-16b02a6c6a0b,assets\CommonGameEntrance1SetupTrait\import\0a\0a1fe231-3e2d-40c4-b9cf-16b02a6c6a0b.7871f.json
CommonGameEntrance1SetupTrait,prefab/MedalSetupBtnItem,cc.Prefab,0f2d5467-e869-4c6a-b5bf-6db44bb64679,assets\CommonGameEntrance1SetupTrait\import\0f\0f2d5467-e869-4c6a-b5bf-6db44bb64679.7ac9d.json
CommonGameEntrance1SetupTrait,prefab/btn_seting,cc.Prefab,f77d1d11-4bde-4032-94d4-6c9f0fb600a3,assets\CommonGameEntrance1SetupTrait\import\f7\f77d1d11-4bde-4032-94d4-6c9f0fb600a3.d4e32.json
CommonGameEntrance1SetupTrait,prefab/winStreakIcon,cc.Prefab,b50614b4-eed4-4867-8fac-29eda69182fb,assets\CommonGameEntrance1SetupTrait\import\b5\b50614b4-eed4-4867-8fac-29eda69182fb.f07f2.json
CommonGameEntrance1SetupTrait,spine/winningstreak_ske,cc.Asset,54502c77-b442-4a8d-a456-db2af422246a,assets\CommonGameEntrance1SetupTrait\import\54\54502c77-b442-4a8d-a456-db2af422246a.d7758.json
CommonGameEntrance1SetupTrait,spine/winningstreak_ske,cc.SpriteFrame,dac2af72-6ff3-4835-b8a8-a5078da432f9,assets\CommonGameEntrance1SetupTrait\import\da\dac2af72-6ff3-4835-b8a8-a5078da432f9.f3e2b.json
CommonGameEntrance1SetupTrait,spine/winningstreak_ske,cc.Texture2D,87db3a45-ba2c-41fc-b159-5d8ddf76e4f5,assets\CommonGameEntrance1SetupTrait\import\87\87db3a45-ba2c-41fc-b159-5d8ddf76e4f5.7871f.json
CommonGameEntrance1SetupTrait,spine/winningstreak_ske,sp.SkeletonData,1d01bc61-fa43-4210-91f1-f772c28e6046,assets\CommonGameEntrance1SetupTrait\import\1d\1d01bc61-fa43-4210-91f1-f772c28e6046.e10d2.json
CommonGameEntrance1Trait,image/main_pic_cornerMark,cc.SpriteFrame,64eaa1f6-d4a7-4742-a6af-cd3d31e083f7,assets\CommonGameEntrance1Trait\import\64\64eaa1f6-d4a7-4742-a6af-cd3d31e083f7.ba3d9.json
CommonGameEntrance1Trait,image/main_pic_cornerMark,cc.Texture2D,d90c26a9-c349-4070-bdb8-be968330ed83,assets\CommonGameEntrance1Trait\import\d9\d90c26a9-c349-4070-bdb8-be968330ed83.7871f.json
CommonGameEntrance1Trait,image/main_pic_new,cc.SpriteFrame,76afab91-5aac-4d07-84b6-2464c551d5ce,assets\CommonGameEntrance1Trait\import\76\76afab91-5aac-4d07-84b6-2464c551d5ce.2a205.json
CommonGameEntrance1Trait,image/main_pic_new,cc.Texture2D,8734c19f-8ae7-4f9b-b67f-d2a41532a90c,assets\CommonGameEntrance1Trait\import\87\8734c19f-8ae7-4f9b-b67f-d2a41532a90c.7871f.json
CommonGameEntrance1Trait,image/main_pic_red_number,cc.SpriteFrame,c7ad27e1-3d62-4edd-8b6b-201e40b03b5f,assets\CommonGameEntrance1Trait\import\c7\c7ad27e1-3d62-4edd-8b6b-201e40b03b5f.4c930.json
CommonGameEntrance1Trait,image/main_pic_red_number,cc.Texture2D,3c2df282-0b1d-478b-9eb8-3bbbc88af267,assets\CommonGameEntrance1Trait\import\3c\3c2df282-0b1d-478b-9eb8-3bbbc88af267.7871f.json
CommonGameEntrance1Trait,image/num_cornerMark,cc.BitmapFont,b2fcf3bc-6c5a-4ff5-8ecc-8f291c60fe5f,assets\CommonGameEntrance1Trait\import\b2\b2fcf3bc-6c5a-4ff5-8ecc-8f291c60fe5f.e7f6a.json
CommonGameEntrance1Trait,image/num_cornerMark,cc.SpriteFrame,6fdbef7a-b613-4197-ad8f-a2aceba3eddd,assets\CommonGameEntrance1Trait\import\6f\6fdbef7a-b613-4197-ad8f-a2aceba3eddd.0b98f.json
CommonGameEntrance1Trait,image/num_cornerMark,cc.Texture2D,62d2e9ea-3373-4e21-9f7a-1c7d25cd5aba,assets\CommonGameEntrance1Trait\import\62\62d2e9ea-3373-4e21-9f7a-1c7d25cd5aba.7871f.json
CommonGameEntrance1Trait,image/num_red,cc.BitmapFont,b2701fe5-3705-4087-be37-c679072e28fe,assets\CommonGameEntrance1Trait\import\b2\b2701fe5-3705-4087-be37-c679072e28fe.9c1e9.json
CommonGameEntrance1Trait,image/num_red,cc.SpriteFrame,4c48b9a8-5b98-4164-b01d-dd203cbf73d4,assets\CommonGameEntrance1Trait\import\4c\4c48b9a8-5b98-4164-b01d-dd203cbf73d4.bec2b.json
CommonGameEntrance1Trait,image/num_red,cc.Texture2D,ef966df4-2caa-4f23-95f7-f33ea9855b4d,assets\CommonGameEntrance1Trait\import\ef\ef966df4-2caa-4f23-95f7-f33ea9855b4d.7871f.json
CommonGameEntrance1Trait,prefabs/redNumber,cc.Prefab,a533736c-bda5-4f35-b958-17ca8084609a,assets\CommonGameEntrance1Trait\import\a5\a533736c-bda5-4f35-b958-17ca8084609a.15f3d.json
CommonGameListUI2Trait,image/bg_countdown_2,cc.SpriteFrame,401ae5e5-bc8c-4740-9221-1588d94c8e12,assets\CommonGameListUI2Trait\import\40\401ae5e5-bc8c-4740-9221-1588d94c8e12.b48d5.json
CommonGameListUI2Trait,image/bg_countdown_2,cc.Texture2D,cf0e5ab2-665f-49f9-a85b-6a82eec79dbd,assets\CommonGameListUI2Trait\import\cf\cf0e5ab2-665f-49f9-a85b-6a82eec79dbd.7871f.json
CommonGameListUI2Trait,image/bg_mask,cc.SpriteFrame,02f6601e-24da-4dcd-8e49-0beca284db8e,assets\CommonGameListUI2Trait\import\02\02f6601e-24da-4dcd-8e49-0beca284db8e.00c11.json
CommonGameListUI2Trait,image/bg_mask,cc.Texture2D,f4c97401-c063-4c83-ae61-ee112070cd13,assets\CommonGameListUI2Trait\import\f4\f4c97401-c063-4c83-ae61-ee112070cd13.7871f.json
CommonGameListUI2Trait,image/bg_masks_5,cc.SpriteFrame,7838399e-2091-487d-ad65-f9ab12f0f9de,assets\CommonGameListUI2Trait\import\78\7838399e-2091-487d-ad65-f9ab12f0f9de.82c6b.json
CommonGameListUI2Trait,image/bg_masks_5,cc.Texture2D,597a4067-9688-43a9-b70e-a2bc231859c6,assets\CommonGameListUI2Trait\import\59\597a4067-9688-43a9-b70e-a2bc231859c6.7871f.json
CommonGameListUI2Trait,image/bg_pic_title,cc.SpriteFrame,3737d467-907e-4377-bd1b-5ab45e880044,assets\CommonGameListUI2Trait\import\37\3737d467-907e-4377-bd1b-5ab45e880044.b700f.json
CommonGameListUI2Trait,image/bg_pic_title,cc.Texture2D,79307fe5-e0b5-411b-87a7-1ec5d4f31f6f,assets\CommonGameListUI2Trait\import\79\79307fe5-e0b5-411b-87a7-1ec5d4f31f6f.7871f.json
CommonGameListUI2Trait,image/btn_2248_big,cc.SpriteFrame,1ce1c230-2a2a-4124-ab11-bef20fe9075b,assets\CommonGameListUI2Trait\import\1c\1ce1c230-2a2a-4124-ab11-bef20fe9075b.aa8d3.json
CommonGameListUI2Trait,image/btn_2248_big,cc.Texture2D,71066335-ab53-494f-bc56-21f5dd962e97,assets\CommonGameListUI2Trait\import\71\71066335-ab53-494f-bc56-21f5dd962e97.7871f.json
CommonGameListUI2Trait,image/btn_adventure_big,cc.SpriteFrame,b76ca2aa-ed6d-478d-bb87-496100d7556f,assets\CommonGameListUI2Trait\import\b7\b76ca2aa-ed6d-478d-bb87-496100d7556f.a657c.json
CommonGameListUI2Trait,image/btn_adventure_big,cc.Texture2D,7eb76222-e8f3-4959-b611-d9ed3c873fa8,assets\CommonGameListUI2Trait\import\7e\7eb76222-e8f3-4959-b611-d9ed3c873fa8.7871f.json
CommonGameListUI2Trait,image/btn_arrows_big,cc.SpriteFrame,6c228ab4-b0a2-4979-b111-67ab61ec90b4,assets\CommonGameListUI2Trait\import\6c\6c228ab4-b0a2-4979-b111-67ab61ec90b4.1256f.json
CommonGameListUI2Trait,image/btn_arrows_big,cc.Texture2D,0d75f0ae-5b7f-4324-9efc-f98ea10ace0b,assets\CommonGameListUI2Trait\import\0d\0d75f0ae-5b7f-4324-9efc-f98ea10ace0b.7871f.json
CommonGameListUI2Trait,image/btn_blast_Io_big,cc.SpriteFrame,38ae4201-24f9-4458-9764-f441a9ff943a,assets\CommonGameListUI2Trait\import\38\38ae4201-24f9-4458-9764-f441a9ff943a.50b53.json
CommonGameListUI2Trait,image/btn_blast_Io_big,cc.Texture2D,f020088e-b7bf-439d-bfc1-9ae87a41d8b4,assets\CommonGameListUI2Trait\import\f0\f020088e-b7bf-439d-bfc1-9ae87a41d8b4.7871f.json
CommonGameListUI2Trait,image/btn_blockSlide_big,cc.SpriteFrame,62e90399-fc99-4181-828b-6e590a5b78c3,assets\CommonGameListUI2Trait\import\62\62e90399-fc99-4181-828b-6e590a5b78c3.93165.json
CommonGameListUI2Trait,image/btn_blockSlide_big,cc.Texture2D,a15337cd-1570-495f-b41d-2f79f36a38b2,assets\CommonGameListUI2Trait\import\a1\a15337cd-1570-495f-b41d-2f79f36a38b2.7871f.json
CommonGameListUI2Trait,image/btn_fruitMerge_big,cc.SpriteFrame,e9f06f7f-cda1-4080-96f1-91d25eaf7b3a,assets\CommonGameListUI2Trait\import\e9\e9f06f7f-cda1-4080-96f1-91d25eaf7b3a.1b4be.json
CommonGameListUI2Trait,image/btn_fruitMerge_big,cc.Texture2D,e0492321-b72e-4dd2-b134-4080f62dad6f,assets\CommonGameListUI2Trait\import\e0\e0492321-b72e-4dd2-b134-4080f62dad6f.7871f.json
CommonGameListUI2Trait,image/btn_mahjong_big,cc.SpriteFrame,4eea2962-f449-41f8-ba7b-bd28830dfdbe,assets\CommonGameListUI2Trait\import\4e\4eea2962-f449-41f8-ba7b-bd28830dfdbe.c21fe.json
CommonGameListUI2Trait,image/btn_mahjong_big,cc.Texture2D,4e3aee4e-4ee8-4f3e-8537-9ce5cce8d51b,assets\CommonGameListUI2Trait\import\4e\4e3aee4e-4ee8-4f3e-8537-9ce5cce8d51b.7871f.json
CommonGameListUI2Trait,image/btn_oneLine_big,cc.SpriteFrame,82949ff9-9d04-464d-a6a1-202fec94bde7,assets\CommonGameListUI2Trait\import\82\82949ff9-9d04-464d-a6a1-202fec94bde7.8c32c.json
CommonGameListUI2Trait,image/btn_oneLine_big,cc.Texture2D,ccfdb6af-fdec-4d02-9660-14b17f741278,assets\CommonGameListUI2Trait\import\cc\ccfdb6af-fdec-4d02-9660-14b17f741278.7871f.json
CommonGameListUI2Trait,image/btn_onet_big,cc.SpriteFrame,c3155cd3-5895-432c-b806-d2a14c8305ac,assets\CommonGameListUI2Trait\import\c3\c3155cd3-5895-432c-b806-d2a14c8305ac.70f5a.json
CommonGameListUI2Trait,image/btn_onet_big,cc.Texture2D,5cacdca8-fe1d-4004-93f2-183d35c6c670,assets\CommonGameListUI2Trait\import\5c\5cacdca8-fe1d-4004-93f2-183d35c6c670.7871f.json
CommonGameListUI2Trait,image/btn_sandCrush_big,cc.SpriteFrame,c87f1e9d-f008-45c3-aa36-54bbe8f1c51a,assets\CommonGameListUI2Trait\import\c8\c87f1e9d-f008-45c3-aa36-54bbe8f1c51a.8b916.json
CommonGameListUI2Trait,image/btn_sandCrush_big,cc.Texture2D,a22bf5d6-f347-4a51-a8da-057caf8790de,assets\CommonGameListUI2Trait\import\a2\a22bf5d6-f347-4a51-a8da-057caf8790de.7871f.json
CommonGameListUI2Trait,image/btn_sudoku_big,cc.SpriteFrame,6b95252b-4ec5-4063-b994-af5c8bbfff53,assets\CommonGameListUI2Trait\import\6b\6b95252b-4ec5-4063-b994-af5c8bbfff53.f61fb.json
CommonGameListUI2Trait,image/btn_sudoku_big,cc.Texture2D,c19f6e7f-c5d4-4b5a-9085-6e34d912230f,assets\CommonGameListUI2Trait\import\c1\c19f6e7f-c5d4-4b5a-9085-6e34d912230f.7871f.json
CommonGameListUI2Trait,image/btn_ticTacToe_big,cc.SpriteFrame,be297d6e-aea1-4ea2-974a-e089a8cbe0d7,assets\CommonGameListUI2Trait\import\be\be297d6e-aea1-4ea2-974a-e089a8cbe0d7.3c9a1.json
CommonGameListUI2Trait,image/btn_ticTacToe_big,cc.Texture2D,ed6b78ca-6405-4237-91a7-7af644c7d8bd,assets\CommonGameListUI2Trait\import\ed\ed6b78ca-6405-4237-91a7-7af644c7d8bd.7871f.json
CommonGameListUI2Trait,image/btn_waterSort_big,cc.SpriteFrame,c358f7a2-fe8e-4cea-84d7-6b0a455f0926,assets\CommonGameListUI2Trait\import\c3\c358f7a2-fe8e-4cea-84d7-6b0a455f0926.fc3f1.json
CommonGameListUI2Trait,image/btn_waterSort_big,cc.Texture2D,7713241e-3272-404e-8769-67105270e046,assets\CommonGameListUI2Trait\import\77\7713241e-3272-404e-8769-67105270e046.7871f.json
CommonGameListUI2Trait,image/icon_countdown,cc.SpriteFrame,ae75fa5d-ed7f-4d28-b361-e68d3c4d436d,assets\CommonGameListUI2Trait\import\ae\ae75fa5d-ed7f-4d28-b361-e68d3c4d436d.f5eb3.json
CommonGameListUI2Trait,image/icon_countdown,cc.Texture2D,01feeaa5-5857-4ea1-8461-2f810f54f145,assets\CommonGameListUI2Trait\import\01\01feeaa5-5857-4ea1-8461-2f810f54f145.7871f.json
CommonGameListUI2Trait,image/main_pic_cornerMark,cc.SpriteFrame,d9d3c9c7-28fa-4392-8730-86459cdad37c,assets\CommonGameListUI2Trait\import\d9\d9d3c9c7-28fa-4392-8730-86459cdad37c.b8858.json
CommonGameListUI2Trait,image/main_pic_cornerMark,cc.Texture2D,e45dda23-3095-4698-91b4-6dd3cf5794a2,assets\CommonGameListUI2Trait\import\e4\e45dda23-3095-4698-91b4-6dd3cf5794a2.7871f.json
CommonGameListUI2Trait,image/main_pic_new,cc.SpriteFrame,82b06b8a-2d75-43cc-a955-6f9dae6ccbb3,assets\CommonGameListUI2Trait\import\82\82b06b8a-2d75-43cc-a955-6f9dae6ccbb3.3f9e8.json
CommonGameListUI2Trait,image/main_pic_new,cc.Texture2D,00bd8f19-f9f5-4f0b-99bf-f5baac8290b7,assets\CommonGameListUI2Trait\import\00\00bd8f19-f9f5-4f0b-99bf-f5baac8290b7.7871f.json
CommonGameListUI2Trait,image/main_pic_red_number,cc.SpriteFrame,820d0258-5fb5-4fe8-a1bf-b2d727d09deb,assets\CommonGameListUI2Trait\import\82\820d0258-5fb5-4fe8-a1bf-b2d727d09deb.200e6.json
CommonGameListUI2Trait,image/main_pic_red_number,cc.Texture2D,97d4acb0-f388-4f1a-803c-5cc798412466,assets\CommonGameListUI2Trait\import\97\97d4acb0-f388-4f1a-803c-5cc798412466.7871f.json
CommonGameListUI2Trait,image/txt_moreGames,cc.SpriteFrame,16fbfc41-a781-4620-ba65-ff9149ad13ed,assets\CommonGameListUI2Trait\import\16\16fbfc41-a781-4620-ba65-ff9149ad13ed.61537.json
CommonGameListUI2Trait,image/txt_moreGames,cc.Texture2D,51a8dc3b-030c-41df-a72d-f0857ef475e9,assets\CommonGameListUI2Trait\import\51\51a8dc3b-030c-41df-a72d-f0857ef475e9.7871f.json
CommonGameListUI2Trait,image/txt_played,cc.SpriteFrame,cd89c491-dab2-4dd9-aa61-c30532a78e8a,assets\CommonGameListUI2Trait\import\cd\cd89c491-dab2-4dd9-aa61-c30532a78e8a.fe092.json
CommonGameListUI2Trait,image/txt_played,cc.Texture2D,75b46d80-bcfe-448b-8b92-119b5bbda391,assets\CommonGameListUI2Trait\import\75\75b46d80-bcfe-448b-8b92-119b5bbda391.7871f.json
CommonGameListUI2Trait,prefabs/CommonGameListUI2,cc.Prefab,fda98cbd-05a1-4b81-acfa-bf7cdd77e2e1,assets\CommonGameListUI2Trait\import\fd\fda98cbd-05a1-4b81-acfa-bf7cdd77e2e1.1c087.json
CommonGameListUI2Trait,prefabs/CommonGameListUI2Item,cc.Prefab,db1ce959-f9c5-40b4-a9f8-d7ff9564f698,assets\CommonGameListUI2Trait\import\db\db1ce959-f9c5-40b4-a9f8-d7ff9564f698.850a1.json
CommonGameListUI2Trait,prefabs/redNumber,cc.Prefab,6953bc56-0dd1-4577-af05-795cbc769b6a,assets\CommonGameListUI2Trait\import\69\6953bc56-0dd1-4577-af05-795cbc769b6a.a7cf2.json
CommonGameListUI2Trait,prefabs/split_line,cc.Prefab,60044c46-2425-4978-bfda-b81dfaaf62e9,assets\CommonGameListUI2Trait\import\60\60044c46-2425-4978-bfda-b81dfaaf62e9.b96c3.json
CommonGameListUI2Trait,prefabs/tips,cc.Prefab,78516227-dc70-4bfa-b682-9bfa0a34b365,assets\CommonGameListUI2Trait\import\78\78516227-dc70-4bfa-b682-9bfa0a34b365.823c6.json
DifficultProblemReminderTrait,dragonbones/gameplay_nttx_2_ske,dragonBones.DragonBonesAsset,55c5d6a6-1698-4419-9853-e93eb3b0a979,assets\DifficultProblemReminderTrait\import\55\55c5d6a6-1698-4419-9853-e93eb3b0a979.efc66.json
DifficultProblemReminderTrait,dragonbones/gameplay_nttx_2_tex,cc.SpriteFrame,b869beb6-c9ca-408c-a23e-cd4eefe5c6f5,assets\DifficultProblemReminderTrait\import\b8\b869beb6-c9ca-408c-a23e-cd4eefe5c6f5.951b0.json
DifficultProblemReminderTrait,dragonbones/gameplay_nttx_2_tex,cc.Texture2D,9ae57c3f-fc39-421d-8ebc-40a5f3d55780,assets\DifficultProblemReminderTrait\import\9a\9ae57c3f-fc39-421d-8ebc-40a5f3d55780.7871f.json
DifficultProblemReminderTrait,dragonbones/gameplay_nttx_2_tex,dragonBones.DragonBonesAtlasAsset,07c845f8-b779-497b-93ac-47da52085b0c,assets\DifficultProblemReminderTrait\import\07\07c845f8-b779-497b-93ac-47da52085b0c.786b0.json
DownloadCancelTrait,prefabs/downloadWindow,cc.Prefab,ce68e8e4-f327-42dc-90c2-780205deb8be,assets\DownloadCancelTrait\import\ce\ce68e8e4-f327-42dc-90c2-780205deb8be.c41d3.json
DownloadCancelTrait,scripts/jsb.d,cc.TextAsset,2f38b5ea-f396-4551-a66b-0bc06ea1971a,assets\DownloadCancelTrait\import\2f\2f38b5ea-f396-4551-a66b-0bc06ea1971a.c7c8d.json
DownloadCancelTrait,textures/commen_Btn_Blue,cc.SpriteFrame,bfb8d0ce-6474-4ee0-8f98-5c687965b375,assets\DownloadCancelTrait\import\bf\bfb8d0ce-6474-4ee0-8f98-5c687965b375.599e1.json
DownloadCancelTrait,textures/commen_Btn_Blue,cc.Texture2D,52d2ed8b-60fc-4005-88b0-6bf6fdd1e19e,assets\DownloadCancelTrait\import\52\52d2ed8b-60fc-4005-88b0-6bf6fdd1e19e.7871f.json
DownloadCancelTrait,textures/icon_sandCrush,cc.SpriteFrame,484c5d7e-8a8f-45ba-83d9-f97402c613f1,assets\DownloadCancelTrait\import\48\484c5d7e-8a8f-45ba-83d9-f97402c613f1.6878f.json
DownloadCancelTrait,textures/icon_sandCrush,cc.Texture2D,bd69afe9-5c00-4b4f-9b42-103c0a4bc51a,assets\DownloadCancelTrait\import\bd\bd69afe9-5c00-4b4f-9b42-103c0a4bc51a.7871f.json
DownloadCancelTrait,textures/tips_bg,cc.SpriteFrame,2529856a-302e-4924-a881-b87c00989784,assets\DownloadCancelTrait\import\25\2529856a-302e-4924-a881-b87c00989784.60f7a.json
DownloadCancelTrait,textures/tips_bg,cc.Texture2D,84844a39-590b-44d0-bdd3-ffdcb0555ace,assets\DownloadCancelTrait\import\84\84844a39-590b-44d0-bdd3-ffdcb0555ace.7871f.json
DownloadCancelTrait,textures/tips_btn_minimum,cc.SpriteFrame,f994dcbf-276a-4e94-a92b-8014ed62099b,assets\DownloadCancelTrait\import\f9\f994dcbf-276a-4e94-a92b-8014ed62099b.1cbcf.json
DownloadCancelTrait,textures/tips_btn_minimum,cc.Texture2D,5f30b48f-2093-46d2-9a4c-2ce4fd0243d0,assets\DownloadCancelTrait\import\5f\5f30b48f-2093-46d2-9a4c-2ce4fd0243d0.7871f.json
DownloadCancelTrait,textures/tips_img_hint,cc.SpriteFrame,a72f81e1-7b28-4631-b1a0-5ba5a9eefd80,assets\DownloadCancelTrait\import\a7\a72f81e1-7b28-4631-b1a0-5ba5a9eefd80.9239d.json
DownloadCancelTrait,textures/tips_img_hint,cc.Texture2D,151aab3d-1e52-4d4c-a43a-5f41978466be,assets\DownloadCancelTrait\import\15\151aab3d-1e52-4d4c-a43a-5f41978466be.7871f.json
DownloadCancelTrait,textures/tips_img_progressDn,cc.SpriteFrame,e677c1fc-1563-405d-bb65-a0cad2467fe1,assets\DownloadCancelTrait\import\e6\e677c1fc-1563-405d-bb65-a0cad2467fe1.bc4aa.json
DownloadCancelTrait,textures/tips_img_progressDn,cc.Texture2D,a3d86e23-3dc8-4542-ad3b-6b68fee02965,assets\DownloadCancelTrait\import\a3\a3d86e23-3dc8-4542-ad3b-6b68fee02965.7871f.json
DownloadCancelTrait,textures/tips_img_progressUp,cc.SpriteFrame,04164efc-117e-4e7d-9ee6-35bce0f82543,assets\DownloadCancelTrait\import\04\04164efc-117e-4e7d-9ee6-35bce0f82543.ba00c.json
DownloadCancelTrait,textures/tips_img_progressUp,cc.Texture2D,06d6f22e-7028-4db2-8b85-9f6a11752473,assets\DownloadCancelTrait\import\06\06d6f22e-7028-4db2-8b85-9f6a11752473.7871f.json
DownloadCancelTrait,textures/tips_txt_cancle,cc.SpriteFrame,bbaad36c-5d3f-4b4d-bf7a-d08bedae2e64,assets\DownloadCancelTrait\import\bb\bbaad36c-5d3f-4b4d-bf7a-d08bedae2e64.d753c.json
DownloadCancelTrait,textures/tips_txt_cancle,cc.Texture2D,ceb90f2f-21d9-4c52-b319-b378be85f45d,assets\DownloadCancelTrait\import\ce\ceb90f2f-21d9-4c52-b319-b378be85f45d.7871f.json
DownloadCancelTrait,textures/tips_txt_pause,cc.SpriteFrame,7094d89e-2ddb-4a50-8d4c-e66847991c33,assets\DownloadCancelTrait\import\70\7094d89e-2ddb-4a50-8d4c-e66847991c33.88f63.json
DownloadCancelTrait,textures/tips_txt_pause,cc.Texture2D,6fbc5dc3-b02c-4bd6-9360-2cd99bfe6f06,assets\DownloadCancelTrait\import\6f\6fbc5dc3-b02c-4bd6-9360-2cd99bfe6f06.7871f.json
DownloadCancelTrait,textures/txt_sandCrush,cc.SpriteFrame,634fe821-87d7-4906-ad70-90d2765880db,assets\DownloadCancelTrait\import\63\634fe821-87d7-4906-ad70-90d2765880db.7937e.json
DownloadCancelTrait,textures/txt_sandCrush,cc.Texture2D,2eef1bd7-fb36-4a85-963b-ada224a62033,assets\DownloadCancelTrait\import\2e\2eef1bd7-fb36-4a85-963b-ada224a62033.7871f.json
DynamicSoundTrait,audios/yz2_combo1,cc.AudioClip,d27396ab-9ec4-4f7d-92af-e2e7c890619d,assets\DynamicSoundTrait\import\d2\d27396ab-9ec4-4f7d-92af-e2e7c890619d.a7fce.json
DynamicSoundTrait,audios/yz2_combo10,cc.AudioClip,af023ae1-c411-4050-9a47-c1406e8c4b21,assets\DynamicSoundTrait\import\af\af023ae1-c411-4050-9a47-c1406e8c4b21.ecafe.json
DynamicSoundTrait,audios/yz2_combo11,cc.AudioClip,391618e3-e551-4ce8-a85d-6242fdc2a2ad,assets\DynamicSoundTrait\import\39\391618e3-e551-4ce8-a85d-6242fdc2a2ad.fd21f.json
DynamicSoundTrait,audios/yz2_combo12,cc.AudioClip,03d2d0c6-ad14-4070-bf4b-2b05d735f1a5,assets\DynamicSoundTrait\import\03\03d2d0c6-ad14-4070-bf4b-2b05d735f1a5.79439.json
DynamicSoundTrait,audios/yz2_combo13,cc.AudioClip,5a2ec760-f1b1-4fa7-b9aa-6ca51f49902e,assets\DynamicSoundTrait\import\5a\5a2ec760-f1b1-4fa7-b9aa-6ca51f49902e.3c4b9.json
DynamicSoundTrait,audios/yz2_combo2,cc.AudioClip,03b8c40b-212d-476d-8768-cc213b28a5c1,assets\DynamicSoundTrait\import\03\03b8c40b-212d-476d-8768-cc213b28a5c1.2c195.json
DynamicSoundTrait,audios/yz2_combo3,cc.AudioClip,89587463-c26e-4f81-88a5-ddd36d4c5620,assets\DynamicSoundTrait\import\89\89587463-c26e-4f81-88a5-ddd36d4c5620.04ed5.json
DynamicSoundTrait,audios/yz2_combo4,cc.AudioClip,7ab14986-9c3d-40cc-a030-a848f2409b97,assets\DynamicSoundTrait\import\7a\7ab14986-9c3d-40cc-a030-a848f2409b97.a8be7.json
DynamicSoundTrait,audios/yz2_combo5,cc.AudioClip,3e2493bf-7f24-4bad-92a3-3ef58d74bba7,assets\DynamicSoundTrait\import\3e\3e2493bf-7f24-4bad-92a3-3ef58d74bba7.a98d7.json
DynamicSoundTrait,audios/yz2_combo6,cc.AudioClip,ce7441bb-3297-4be6-bb43-e8dd4f46ae83,assets\DynamicSoundTrait\import\ce\ce7441bb-3297-4be6-bb43-e8dd4f46ae83.f0a8e.json
DynamicSoundTrait,audios/yz2_combo7,cc.AudioClip,e75d1ebb-29c8-42d3-9c93-d22206d926e1,assets\DynamicSoundTrait\import\e7\e75d1ebb-29c8-42d3-9c93-d22206d926e1.7cb12.json
DynamicSoundTrait,audios/yz2_combo8,cc.AudioClip,090609ba-db9c-4b68-850f-6db73c99767a,assets\DynamicSoundTrait\import\09\090609ba-db9c-4b68-850f-6db73c99767a.e6d96.json
DynamicSoundTrait,audios/yz2_combo9,cc.AudioClip,c6407493-c700-451a-affb-72d59b070cc0,assets\DynamicSoundTrait\import\c6\c6407493-c700-451a-affb-72d59b070cc0.2ef33.json
DynamicSoundTrait,audios/yz2_put,cc.AudioClip,e41b61bb-5e11-4517-af5b-ae1dd77775ae,assets\DynamicSoundTrait\import\e4\e41b61bb-5e11-4517-af5b-ae1dd77775ae.4f25f.json
DynamicSoundTrait,audios/yz2_streak,cc.AudioClip,08836a7a-2be7-470c-a111-b9d5b1a0a39d,assets\DynamicSoundTrait\import\08\08836a7a-2be7-470c-a111-b9d5b1a0a39d.607fe.json
DynamicSoundTrait,audios/yz2_touch,cc.AudioClip,45d73f73-3796-4fe5-a1ef-a255c8c7899d,assets\DynamicSoundTrait\import\45\45d73f73-3796-4fe5-a1ef-a255c8c7899d.df916.json
ElectronicSoundTrait,audios/yz1_streak1,cc.AudioClip,5b972eaf-0a79-4b22-ab1c-776cbacdb90f,assets\ElectronicSoundTrait\import\5b\5b972eaf-0a79-4b22-ab1c-776cbacdb90f.1096e.json
ElectronicSoundTrait,audios/yz1_streak10,cc.AudioClip,1348ca26-a252-498d-b4a7-8c38a0ae3e97,assets\ElectronicSoundTrait\import\13\1348ca26-a252-498d-b4a7-8c38a0ae3e97.151eb.json
ElectronicSoundTrait,audios/yz1_streak2,cc.AudioClip,d153a91b-392a-4c41-bc50-00b3502ad4a6,assets\ElectronicSoundTrait\import\d1\d153a91b-392a-4c41-bc50-00b3502ad4a6.25c40.json
ElectronicSoundTrait,audios/yz1_streak3,cc.AudioClip,08dd1a21-8860-441b-946b-7b4a44969b81,assets\ElectronicSoundTrait\import\08\08dd1a21-8860-441b-946b-7b4a44969b81.67965.json
ElectronicSoundTrait,audios/yz1_streak4,cc.AudioClip,5e724708-8e42-4d86-8afb-f9762e206f60,assets\ElectronicSoundTrait\import\5e\5e724708-8e42-4d86-8afb-f9762e206f60.331c7.json
ElectronicSoundTrait,audios/yz1_streak5,cc.AudioClip,4d9f8ce6-e1e6-4125-a9f1-5817b896de67,assets\ElectronicSoundTrait\import\4d\4d9f8ce6-e1e6-4125-a9f1-5817b896de67.c7e28.json
ElectronicSoundTrait,audios/yz1_streak6,cc.AudioClip,ca10ede5-b066-436c-b5f8-8365dcff8830,assets\ElectronicSoundTrait\import\ca\ca10ede5-b066-436c-b5f8-8365dcff8830.2e8fc.json
ElectronicSoundTrait,audios/yz1_streak7,cc.AudioClip,32cacbd6-b71f-4729-86a7-7e5084dc8b10,assets\ElectronicSoundTrait\import\32\32cacbd6-b71f-4729-86a7-7e5084dc8b10.6fb21.json
ElectronicSoundTrait,audios/yz1_streak8,cc.AudioClip,7d877e92-e056-462b-9490-fef7a56b50b9,assets\ElectronicSoundTrait\import\7d\7d877e92-e056-462b-9490-fef7a56b50b9.81411.json
ElectronicSoundTrait,audios/yz1_streak9,cc.AudioClip,cda37364-068c-40dc-abbc-a92c9ebb9a3e,assets\ElectronicSoundTrait\import\cd\cda37364-068c-40dc-abbc-a92c9ebb9a3e.5292b.json
ElectronicSoundTrait,audios/yz1_touch,cc.AudioClip,eda2db23-1f0b-4632-9a43-02787e1cabcc,assets\ElectronicSoundTrait\import\ed\eda2db23-1f0b-4632-9a43-02787e1cabcc.28fd6.json
EliminateEncourageRainbowLikesTrait,dragonbones/gameplay_encourage_model_upvot_ske,dragonBones.DragonBonesAsset,fe70be2e-b842-41ae-9ef0-8c2e59be0eed,assets\EliminateEncourageRainbowLikesTrait\import\fe\fe70be2e-b842-41ae-9ef0-8c2e59be0eed.86aa2.json
EliminateEncourageRainbowLikesTrait,dragonbones/gameplay_encourage_model_upvot_tex,cc.SpriteFrame,e2808a79-382a-46a1-99ec-a3365171ea4b,assets\EliminateEncourageRainbowLikesTrait\import\e2\e2808a79-382a-46a1-99ec-a3365171ea4b.fbba2.json
EliminateEncourageRainbowLikesTrait,dragonbones/gameplay_encourage_model_upvot_tex,cc.Texture2D,ad44a21d-eaa9-4352-aa96-0773945c73f6,assets\EliminateEncourageRainbowLikesTrait\import\ad\ad44a21d-eaa9-4352-aa96-0773945c73f6.7871f.json
EliminateEncourageRainbowLikesTrait,dragonbones/gameplay_encourage_model_upvot_tex,dragonBones.DragonBonesAtlasAsset,89571815-34da-44e4-9586-46f6606f38ac,assets\EliminateEncourageRainbowLikesTrait\import\89\89571815-34da-44e4-9586-46f6606f38ac.e886d.json
EliminateEncourageRainbowLikesTrait,prefabs/RainbowLikes,cc.Prefab,cce1f057-34b5-4bf3-99fd-20c851eb72bb,assets\EliminateEncourageRainbowLikesTrait\import\cc\cce1f057-34b5-4bf3-99fd-20c851eb72bb.2d8b4.json
EndlessNextLevelButtonShowRedTrait,prefab/NextLevelButtonRed,cc.Prefab,460c1a79-0078-441d-a57b-90d79f38ca0b,assets\EndlessNextLevelButtonShowRedTrait\import\46\460c1a79-0078-441d-a57b-90d79f38ca0b.f9475.json
GameOverButtonShineEffectTrait,dragonbones/ava_saoguang_ske,dragonBones.DragonBonesAsset,0b41636a-81b3-466c-8fc8-7d78c073afdd,assets\GameOverButtonShineEffectTrait\import\0b\0b41636a-81b3-466c-8fc8-7d78c073afdd.05f83.json
GameOverButtonShineEffectTrait,dragonbones/ava_saoguang_tex,cc.SpriteFrame,d307c560-4b20-41b7-84ad-875ab0e85541,assets\GameOverButtonShineEffectTrait\import\d3\d307c560-4b20-41b7-84ad-875ab0e85541.d174c.json
GameOverButtonShineEffectTrait,dragonbones/ava_saoguang_tex,cc.Texture2D,d8dcde65-cf6b-4b7b-8962-02e7dfdf0d62,assets\GameOverButtonShineEffectTrait\import\d8\d8dcde65-cf6b-4b7b-8962-02e7dfdf0d62.7871f.json
GameOverButtonShineEffectTrait,dragonbones/ava_saoguang_tex,dragonBones.DragonBonesAtlasAsset,bdaeba78-1d4a-415b-a599-d293d57523c1,assets\GameOverButtonShineEffectTrait\import\bd\bdaeba78-1d4a-415b-a599-d293d57523c1.823d2.json
GameOverButtonShineEffectTrait,prefabs/saoguang,cc.Prefab,d7b17d9d-64ef-4451-861f-4b89deb120c0,assets\GameOverButtonShineEffectTrait\import\d7\d7b17d9d-64ef-4451-861f-4b89deb120c0.cb5c8.json
GameOverShowMiniGameIconTrait,prefabs/NodeClassGameOverShowMiniGameIcon,cc.Prefab,8c39f44b-dcda-42b5-b220-e9947bbc9c9b,assets\GameOverShowMiniGameIconTrait\import\8c\8c39f44b-dcda-42b5-b220-e9947bbc9c9b.4b8b7.json
GameOverShowMiniGameIconTrait,textures/icon_fruitMerge,cc.SpriteFrame,587687b1-223c-45b7-afff-9e24f46503af,assets\GameOverShowMiniGameIconTrait\import\58\587687b1-223c-45b7-afff-9e24f46503af.70399.json
GameOverShowMiniGameIconTrait,textures/icon_fruitMerge,cc.Texture2D,e5512b1f-ac44-4495-b341-d47927b6f088,assets\GameOverShowMiniGameIconTrait\import\e5\e5512b1f-ac44-4495-b341-d47927b6f088.7871f.json
GameOverShowMiniGameIconTrait,textures/icon_oneLine,cc.SpriteFrame,a880645f-9f15-4547-a6e2-27d40b822499,assets\GameOverShowMiniGameIconTrait\import\a8\a880645f-9f15-4547-a6e2-27d40b822499.28ad9.json
GameOverShowMiniGameIconTrait,textures/icon_oneLine,cc.Texture2D,ede42fb8-fcea-4e7e-b0d0-e5fdb9923a01,assets\GameOverShowMiniGameIconTrait\import\ed\ede42fb8-fcea-4e7e-b0d0-e5fdb9923a01.7871f.json
GameOverShowMiniGameIconTrait,textures/icon_onet,cc.SpriteFrame,9cc8857f-48f4-437a-a735-b81b21823d3d,assets\GameOverShowMiniGameIconTrait\import\9c\9cc8857f-48f4-437a-a735-b81b21823d3d.c0a9e.json
GameOverShowMiniGameIconTrait,textures/icon_onet,cc.Texture2D,05580aed-f764-4f37-bc33-501eaaa2e939,assets\GameOverShowMiniGameIconTrait\import\05\05580aed-f764-4f37-bc33-501eaaa2e939.7871f.json
GameOverShowMiniGameIconTrait,textures/icon_waterSort,cc.SpriteFrame,49cec575-a37e-4f29-9512-64ec5da0f20b,assets\GameOverShowMiniGameIconTrait\import\49\49cec575-a37e-4f29-9512-64ec5da0f20b.066fe.json
GameOverShowMiniGameIconTrait,textures/icon_waterSort,cc.Texture2D,5ab5b3c2-8ba2-4440-ae86-d0a956fe220d,assets\GameOverShowMiniGameIconTrait\import\5a\5ab5b3c2-8ba2-4440-ae86-d0a956fe220d.7871f.json
GameWinShowTarotWordTrait,prefabs/ChapterWinTarotWord,cc.Prefab,dec9e394-9725-4899-8569-716e872a9316,assets\GameWinShowTarotWordTrait\import\de\dec9e394-9725-4899-8569-716e872a9316.8f70c.json
HighScoreShowRainbowColorTrait,dragonbones/encourage_newhighscore_ske,dragonBones.DragonBonesAsset,d004b1a5-d93c-4940-90b6-9c01fe25408e,assets\HighScoreShowRainbowColorTrait\import\d0\d004b1a5-d93c-4940-90b6-9c01fe25408e.10b6b.json
HighScoreShowRainbowColorTrait,dragonbones/encourage_newhighscore_tex,cc.SpriteFrame,c1f5ed32-b3b0-4663-ab0f-36d54b311af9,assets\HighScoreShowRainbowColorTrait\import\c1\c1f5ed32-b3b0-4663-ab0f-36d54b311af9.cb530.json
HighScoreShowRainbowColorTrait,dragonbones/encourage_newhighscore_tex,cc.Texture2D,3334710d-8e80-47d2-8709-ce6bb2c4693c,assets\HighScoreShowRainbowColorTrait\import\33\3334710d-8e80-47d2-8709-ce6bb2c4693c.7871f.json
HighScoreShowRainbowColorTrait,dragonbones/encourage_newhighscore_tex,dragonBones.DragonBonesAtlasAsset,d0799a94-fd8b-4cf7-b3a1-58fb57027a68,assets\HighScoreShowRainbowColorTrait\import\d0\d0799a94-fd8b-4cf7-b3a1-58fb57027a68.ed3fa.json
HighScoreShowRainbowColorTrait,dragonbones/gameplay_combo_guangyun_ske,dragonBones.DragonBonesAsset,c2358314-f72f-40ae-b0d5-4dee3e0550ba,assets\HighScoreShowRainbowColorTrait\import\c2\c2358314-f72f-40ae-b0d5-4dee3e0550ba.70b2b.json
HighScoreShowRainbowColorTrait,dragonbones/gameplay_combo_guangyun_tex,cc.SpriteFrame,470e1e70-17de-4bba-ba97-1918f241c536,assets\HighScoreShowRainbowColorTrait\import\47\470e1e70-17de-4bba-ba97-1918f241c536.93a38.json
HighScoreShowRainbowColorTrait,dragonbones/gameplay_combo_guangyun_tex,cc.Texture2D,2d9fe0d3-9c6b-4601-a305-8a9ef0ef3bee,assets\HighScoreShowRainbowColorTrait\import\2d\2d9fe0d3-9c6b-4601-a305-8a9ef0ef3bee.7871f.json
HighScoreShowRainbowColorTrait,dragonbones/gameplay_combo_guangyun_tex,dragonBones.DragonBonesAtlasAsset,64ea8981-e7a9-41df-856f-61dc2d6e34b2,assets\HighScoreShowRainbowColorTrait\import\64\64ea8981-e7a9-41df-856f-61dc2d6e34b2.a1c7e.json
HighScoreShowRainbowColorTrait,prefabs/ClassNodeHighScoreShowRainbowColorAnim,cc.Prefab,c77088e1-210e-48b9-befa-96e093df85ba,assets\HighScoreShowRainbowColorTrait\import\c7\c77088e1-210e-48b9-befa-96e093df85ba.718d6.json
HighScoreShowRainbowColorTrait,prefabs/ClassNodeHighScoreShowRainbowColorUI,cc.Prefab,71740381-c01c-4bf8-a99d-3cac8573a14a,assets\HighScoreShowRainbowColorTrait\import\71\71740381-c01c-4bf8-a99d-3cac8573a14a.b4c82.json
HighScoreShowRainbowColorTrait,textures/HighScoreShowRainbowColor_gameplay_bg,cc.SpriteFrame,2760977f-67ac-4ead-b328-8939a4970749,assets\HighScoreShowRainbowColorTrait\import\27\2760977f-67ac-4ead-b328-8939a4970749.c33eb.json
HighScoreShowRainbowColorTrait,textures/HighScoreShowRainbowColor_gameplay_bg,cc.Texture2D,57795d14-3356-43bc-a300-46a40bc6f7b8,assets\HighScoreShowRainbowColorTrait\import\57\57795d14-3356-43bc-a300-46a40bc6f7b8.7871f.json
HighScoreShowRainbowColorTrait,textures/HighScoreShowRainbowColor_gameplay_board_bg,cc.SpriteFrame,4c243bee-493c-4d97-b3f3-d5b913c0c6fd,assets\HighScoreShowRainbowColorTrait\import\4c\4c243bee-493c-4d97-b3f3-d5b913c0c6fd.97583.json
HighScoreShowRainbowColorTrait,textures/HighScoreShowRainbowColor_gameplay_board_bg,cc.Texture2D,c7568dca-a68e-460b-8184-b5195c4627c5,assets\HighScoreShowRainbowColorTrait\import\c7\c7568dca-a68e-460b-8184-b5195c4627c5.7871f.json
HighScoreShowRainbowColorTrait,textures/HighScoreShowRainbowColor_gameplay_btn_set,cc.SpriteFrame,417a780b-04dd-466b-bdb6-0aa5906a5a75,assets\HighScoreShowRainbowColorTrait\import\41\417a780b-04dd-466b-bdb6-0aa5906a5a75.7e43b.json
HighScoreShowRainbowColorTrait,textures/HighScoreShowRainbowColor_gameplay_btn_set,cc.Texture2D,a0b170c5-3ae4-4baf-b714-ee91760b7ac5,assets\HighScoreShowRainbowColorTrait\import\a0\a0b170c5-3ae4-4baf-b714-ee91760b7ac5.7871f.json
HighScoreShowRainbowColorTrait,textures/HighScoreShowRainbowColor_gameplay_iconCrown,cc.SpriteFrame,57d99f53-c6fe-4549-bb4d-a6578d9ab53c,assets\HighScoreShowRainbowColorTrait\import\57\57d99f53-c6fe-4549-bb4d-a6578d9ab53c.d052c.json
HighScoreShowRainbowColorTrait,textures/HighScoreShowRainbowColor_gameplay_iconCrown,cc.Texture2D,5ee4db4f-85ac-4b62-9aa3-7f800ff3dc6d,assets\HighScoreShowRainbowColorTrait\import\5e\5ee4db4f-85ac-4b62-9aa3-7f800ff3dc6d.7871f.json
HighWeightBoardAroundBlinkTrait,dragonbones/gameplay_bg_skinlight_ske,dragonBones.DragonBonesAsset,f4826384-15f7-42b2-9b7d-673ca9930a13,assets\HighWeightBoardAroundBlinkTrait\import\f4\f4826384-15f7-42b2-9b7d-673ca9930a13.44e67.json
HighWeightBoardAroundBlinkTrait,dragonbones/gameplay_bg_skinlight_tex,cc.SpriteFrame,a73a78bf-ff3b-49e3-87f6-088cf5398701,assets\HighWeightBoardAroundBlinkTrait\import\a7\a73a78bf-ff3b-49e3-87f6-088cf5398701.27a1a.json
HighWeightBoardAroundBlinkTrait,dragonbones/gameplay_bg_skinlight_tex,cc.Texture2D,9ec2d7ed-9d04-4f70-a432-ec7357251f11,assets\HighWeightBoardAroundBlinkTrait\import\9e\9ec2d7ed-9d04-4f70-a432-ec7357251f11.7871f.json
HighWeightBoardAroundBlinkTrait,dragonbones/gameplay_bg_skinlight_tex,dragonBones.DragonBonesAtlasAsset,47612e0c-9594-453b-ad0c-22ecaf49a173,assets\HighWeightBoardAroundBlinkTrait\import\47\47612e0c-9594-453b-ad0c-22ecaf49a173.63a8d.json
IsIncreaseEnjoyCollectionColorfulTrait,effects/gameplay_7colorwaikuang_ske,dragonBones.DragonBonesAsset,14ba0d32-77c9-4d7e-888f-103a4cd60a0d,assets\IsIncreaseEnjoyCollectionColorfulTrait\import\14\14ba0d32-77c9-4d7e-888f-103a4cd60a0d.e878c.json
IsIncreaseEnjoyCollectionColorfulTrait,effects/gameplay_7colorwaikuang_tex,cc.SpriteFrame,f78a309d-b6d9-48e0-b4c4-f45f74a179c1,assets\IsIncreaseEnjoyCollectionColorfulTrait\import\f7\f78a309d-b6d9-48e0-b4c4-f45f74a179c1.765fe.json
IsIncreaseEnjoyCollectionColorfulTrait,effects/gameplay_7colorwaikuang_tex,cc.Texture2D,239e0b42-d281-473b-a3e3-f94076651af7,assets\IsIncreaseEnjoyCollectionColorfulTrait\import\23\239e0b42-d281-473b-a3e3-f94076651af7.7871f.json
IsIncreaseEnjoyCollectionColorfulTrait,effects/gameplay_7colorwaikuang_tex,dragonBones.DragonBonesAtlasAsset,ac7544da-d1db-4bf0-8926-c551d321a7f2,assets\IsIncreaseEnjoyCollectionColorfulTrait\import\ac\ac7544da-d1db-4bf0-8926-c551d321a7f2.1656d.json
IsIncreaseEnjoyCollectionColorfulTrait,prefabs/chapterCollectionColorfulNode,cc.Prefab,dbf258a7-dfc2-46fb-be30-6cef236ac817,assets\IsIncreaseEnjoyCollectionColorfulTrait\import\db\dbf258a7-dfc2-46fb-be30-6cef236ac817.06d05.json
IsOpen5RemoveSurfaceCtrTrait,config/FiveRemoveInitBoardConfig,cc.JsonAsset,4f6119bd-8cc2-439a-9179-10b476c1fa69,assets\IsOpen5RemoveSurfaceCtrTrait\import\4f\4f6119bd-8cc2-439a-9179-10b476c1fa69.61b99.json
IsOpenBlockRefreshFlashEffectTrait,dragonbones/gameplay_ck_01_ske,dragonBones.DragonBonesAsset,b7760de0-8e36-4963-b44b-5981ebf2a55e,assets\IsOpenBlockRefreshFlashEffectTrait\import\b7\b7760de0-8e36-4963-b44b-5981ebf2a55e.9b381.json
IsOpenBlockRefreshFlashEffectTrait,dragonbones/gameplay_ck_01_tex,cc.SpriteFrame,bc4dfba8-ba37-48c3-b691-b5a5aaf30dc9,assets\IsOpenBlockRefreshFlashEffectTrait\import\bc\bc4dfba8-ba37-48c3-b691-b5a5aaf30dc9.a9304.json
IsOpenBlockRefreshFlashEffectTrait,dragonbones/gameplay_ck_01_tex,cc.Texture2D,d071a9cd-89dc-4e3a-b962-dd2b1b5336bb,assets\IsOpenBlockRefreshFlashEffectTrait\import\d0\d071a9cd-89dc-4e3a-b962-dd2b1b5336bb.7871f.json
IsOpenBlockRefreshFlashEffectTrait,dragonbones/gameplay_ck_01_tex,dragonBones.DragonBonesAtlasAsset,1687ce27-c4fd-4c8d-acb3-97ed5cb6020c,assets\IsOpenBlockRefreshFlashEffectTrait\import\16\1687ce27-c4fd-4c8d-acb3-97ed5cb6020c.2b06d.json
IsOpenBlockRefreshFlashEffectTrait,prefabs/blockRefreshFlashEffect,cc.Prefab,4afc74e0-d9ea-4a16-a1fa-fc04054c2ab0,assets\IsOpenBlockRefreshFlashEffectTrait\import\4a\4afc74e0-d9ea-4a16-a1fa-fc04054c2ab0.f5106.json
IsOpenClassDeathFrontBlockRedCircleEffTrait,prefabs/gameOverBlockRedCircleEff,cc.Prefab,e3b730cd-ab5c-4e5e-acd4-d5099eaf5301,assets\IsOpenClassDeathFrontBlockRedCircleEffTrait\import\e3\e3b730cd-ab5c-4e5e-acd4-d5099eaf5301.442d5.json
IsOpenClassDeathFrontBlockRedCircleEffTrait,textures/gang,cc.SpriteFrame,39ae5635-152c-4beb-8ad5-c72f3e9569b2,assets\IsOpenClassDeathFrontBlockRedCircleEffTrait\import\39\39ae5635-152c-4beb-8ad5-c72f3e9569b2.982bf.json
IsOpenClassDeathFrontBlockRedCircleEffTrait,textures/gang,cc.Texture2D,cbca8709-ebea-4424-9579-541b6a057f4e,assets\IsOpenClassDeathFrontBlockRedCircleEffTrait\import\cb\cbca8709-ebea-4424-9579-541b6a057f4e.7871f.json
IsOpenClassDeathFrontBlockRedCircleEffTrait,textures/kuang,cc.SpriteFrame,0945211b-75a1-49e1-bd38-dc59f21741b8,assets\IsOpenClassDeathFrontBlockRedCircleEffTrait\import\09\0945211b-75a1-49e1-bd38-dc59f21741b8.b50ca.json
IsOpenClassDeathFrontBlockRedCircleEffTrait,textures/kuang,cc.Texture2D,cafc3397-3409-4e87-8591-ddddfb535fc0,assets\IsOpenClassDeathFrontBlockRedCircleEffTrait\import\ca\cafc3397-3409-4e87-8591-ddddfb535fc0.7871f.json
IsOpenClassDeathFrontRedLightEffTrait,prefabs/gameOverBoardRedLightEff,cc.Prefab,0e5f9e8c-ee3c-425d-adc9-4e6c9d6ec193,assets\IsOpenClassDeathFrontRedLightEffTrait\import\0e\0e5f9e8c-ee3c-425d-adc9-4e6c9d6ec193.d2283.json
IsOpenClassDeathFrontRedLightEffTrait,textures/light1,cc.SpriteFrame,e4ba2d34-3d5b-4e71-973d-b38f7b563d17,assets\IsOpenClassDeathFrontRedLightEffTrait\import\e4\e4ba2d34-3d5b-4e71-973d-b38f7b563d17.c89c0.json
IsOpenClassDeathFrontRedLightEffTrait,textures/light1,cc.Texture2D,eebaca4e-9f04-4d40-bb9d-cb3ae0f03fe7,assets\IsOpenClassDeathFrontRedLightEffTrait\import\ee\eebaca4e-9f04-4d40-bb9d-cb3ae0f03fe7.7871f.json
IsOpenClassDeathFrontRedLightEffTrait,textures/light2,cc.SpriteFrame,d5f9726b-6c6b-4c51-80cf-4a681a794396,assets\IsOpenClassDeathFrontRedLightEffTrait\import\d5\d5f9726b-6c6b-4c51-80cf-4a681a794396.9a910.json
IsOpenClassDeathFrontRedLightEffTrait,textures/light2,cc.Texture2D,47357e6f-7c5a-460c-9cd7-70cf17528e65,assets\IsOpenClassDeathFrontRedLightEffTrait\import\47\47357e6f-7c5a-460c-9cd7-70cf17528e65.7871f.json
IsOpenClassMusicBlockTrait,audios/music_time,cc.AudioClip,7b4ac9e6-e976-48fa-b4a6-b3dc3408fd6b,assets\IsOpenClassMusicBlockTrait\import\7b\7b4ac9e6-e976-48fa-b4a6-b3dc3408fd6b.0bf19.json
IsOpenClassMusicBlockTrait,audios/note 1,cc.AudioClip,473df2ca-7603-431b-9dbc-0db6dcdc9d9a,assets\IsOpenClassMusicBlockTrait\import\47\473df2ca-7603-431b-9dbc-0db6dcdc9d9a.a1490.json
IsOpenClassMusicBlockTrait,audios/note 2,cc.AudioClip,fa1c9199-bbf1-4939-afb5-7f278e57a887,assets\IsOpenClassMusicBlockTrait\import\fa\fa1c9199-bbf1-4939-afb5-7f278e57a887.5960c.json
IsOpenClassMusicBlockTrait,audios/note 3,cc.AudioClip,7f8631bf-03f3-4a9a-8781-5eb49303e348,assets\IsOpenClassMusicBlockTrait\import\7f\7f8631bf-03f3-4a9a-8781-5eb49303e348.91a0a.json
IsOpenClassMusicBlockTrait,audios/note 4,cc.AudioClip,71c4e72d-2919-4a9b-8090-65dad7fa8945,assets\IsOpenClassMusicBlockTrait\import\71\71c4e72d-2919-4a9b-8090-65dad7fa8945.25db1.json
IsOpenClassMusicBlockTrait,audios/note 5,cc.AudioClip,8b9606c4-6d14-47cd-8c0b-7e8c2ddfa4b4,assets\IsOpenClassMusicBlockTrait\import\8b\8b9606c4-6d14-47cd-8c0b-7e8c2ddfa4b4.42be5.json
IsOpenClassMusicBlockTrait,audios/note 6,cc.AudioClip,9a2cbbed-b5a7-43d5-a7d2-81df4289c620,assets\IsOpenClassMusicBlockTrait\import\9a\9a2cbbed-b5a7-43d5-a7d2-81df4289c620.e2f79.json
IsOpenClassMusicBlockTrait,audios/note 7,cc.AudioClip,17eb56e1-5b90-4508-adf7-4d31e92a34af,assets\IsOpenClassMusicBlockTrait\import\17\17eb56e1-5b90-4508-adf7-4d31e92a34af.efb25.json
IsOpenClassMusicBlockTrait,audios/note+1,cc.AudioClip,adf79082-eddf-4dcc-bb89-07e4603fc7a6,assets\IsOpenClassMusicBlockTrait\import\ad\adf79082-eddf-4dcc-bb89-07e4603fc7a6.3acf9.json
IsOpenClassMusicBlockTrait,audios/note+2,cc.AudioClip,808ef780-a2af-4a9e-bf06-134c067d7590,assets\IsOpenClassMusicBlockTrait\import\80\808ef780-a2af-4a9e-bf06-134c067d7590.4236a.json
IsOpenClassMusicBlockTrait,audios/note+3,cc.AudioClip,9f63ca17-d226-4fa4-80c4-8b200886a1f1,assets\IsOpenClassMusicBlockTrait\import\9f\9f63ca17-d226-4fa4-80c4-8b200886a1f1.71ce1.json
IsOpenClassMusicBlockTrait,audios/note+4,cc.AudioClip,50e8936c-aa5f-4c04-a344-eda8cd3bfcca,assets\IsOpenClassMusicBlockTrait\import\50\50e8936c-aa5f-4c04-a344-eda8cd3bfcca.2f6ee.json
IsOpenClassMusicBlockTrait,audios/note+5,cc.AudioClip,c993f9c4-22ff-4f2e-90c6-567932475621,assets\IsOpenClassMusicBlockTrait\import\c9\c993f9c4-22ff-4f2e-90c6-567932475621.2ffb4.json
IsOpenClassMusicBlockTrait,audios/note+6,cc.AudioClip,adc0a2e0-786c-462c-a2d2-a85da04c4870,assets\IsOpenClassMusicBlockTrait\import\ad\adc0a2e0-786c-462c-a2d2-a85da04c4870.c6268.json
IsOpenClassMusicBlockTrait,audios/note+7,cc.AudioClip,8a3c82c2-cb57-4fd6-9345-1033a67e9d41,assets\IsOpenClassMusicBlockTrait\import\8a\8a3c82c2-cb57-4fd6-9345-1033a67e9d41.74a3f.json
IsOpenClassMusicBlockTrait,audios/note-1,cc.AudioClip,6d118dba-d297-4a30-bee8-58acc9c754ba,assets\IsOpenClassMusicBlockTrait\import\6d\6d118dba-d297-4a30-bee8-58acc9c754ba.89c03.json
IsOpenClassMusicBlockTrait,audios/note-2,cc.AudioClip,a78043c5-c66f-4127-a3f2-bf6499e4e579,assets\IsOpenClassMusicBlockTrait\import\a7\a78043c5-c66f-4127-a3f2-bf6499e4e579.aa8c2.json
IsOpenClassMusicBlockTrait,audios/note-3,cc.AudioClip,4978d306-7d59-4198-be81-79c1af4e3757,assets\IsOpenClassMusicBlockTrait\import\49\4978d306-7d59-4198-be81-79c1af4e3757.90940.json
IsOpenClassMusicBlockTrait,audios/note-4,cc.AudioClip,9c25511d-7442-4157-8082-9683f1ab7c15,assets\IsOpenClassMusicBlockTrait\import\9c\9c25511d-7442-4157-8082-9683f1ab7c15.0320a.json
IsOpenClassMusicBlockTrait,audios/note-5,cc.AudioClip,2482d6f2-8220-46d4-907a-f85059bb441c,assets\IsOpenClassMusicBlockTrait\import\24\2482d6f2-8220-46d4-907a-f85059bb441c.42075.json
IsOpenClassMusicBlockTrait,audios/note-6,cc.AudioClip,efbce863-be9c-48b0-bbed-a75f4330df1f,assets\IsOpenClassMusicBlockTrait\import\ef\efbce863-be9c-48b0-bbed-a75f4330df1f.9699f.json
IsOpenClassMusicBlockTrait,audios/note-7,cc.AudioClip,ac87ad9d-31a2-4937-8276-1a00947be848,assets\IsOpenClassMusicBlockTrait\import\ac\ac87ad9d-31a2-4937-8276-1a00947be848.bfbc9.json
IsOpenClassMusicBlockTrait,dragonbones/gameplay_music_click_ske,dragonBones.DragonBonesAsset,f1c0c6a8-83d7-4d34-8df3-0db2146d16d7,assets\IsOpenClassMusicBlockTrait\import\f1\f1c0c6a8-83d7-4d34-8df3-0db2146d16d7.a3259.json
IsOpenClassMusicBlockTrait,dragonbones/gameplay_music_click_tex,cc.SpriteFrame,7c6fdb62-e24f-406d-850f-3fb301171917,assets\IsOpenClassMusicBlockTrait\import\7c\7c6fdb62-e24f-406d-850f-3fb301171917.9db77.json
IsOpenClassMusicBlockTrait,dragonbones/gameplay_music_click_tex,cc.Texture2D,449073fe-58c6-4cf8-a121-9176964aabf3,assets\IsOpenClassMusicBlockTrait\import\44\449073fe-58c6-4cf8-a121-9176964aabf3.7871f.json
IsOpenClassMusicBlockTrait,dragonbones/gameplay_music_click_tex,dragonBones.DragonBonesAtlasAsset,47329906-85c8-4873-bb1e-96095b3b0300,assets\IsOpenClassMusicBlockTrait\import\47\47329906-85c8-4873-bb1e-96095b3b0300.81ff0.json
IsOpenClassMusicBlockTrait,dragonbones/gameplay_musictime_ske,dragonBones.DragonBonesAsset,468d953c-9596-458d-9181-cfa85d9d794a,assets\IsOpenClassMusicBlockTrait\import\46\468d953c-9596-458d-9181-cfa85d9d794a.61578.json
IsOpenClassMusicBlockTrait,dragonbones/gameplay_musictime_tex,cc.SpriteFrame,9a544ebd-c36a-4e71-8a94-b6d46cdf7501,assets\IsOpenClassMusicBlockTrait\import\9a\9a544ebd-c36a-4e71-8a94-b6d46cdf7501.801ac.json
IsOpenClassMusicBlockTrait,dragonbones/gameplay_musictime_tex,cc.Texture2D,06d43046-0eeb-49f3-8d6e-a3930772e93a,assets\IsOpenClassMusicBlockTrait\import\06\06d43046-0eeb-49f3-8d6e-a3930772e93a.7871f.json
IsOpenClassMusicBlockTrait,dragonbones/gameplay_musictime_tex,dragonBones.DragonBonesAtlasAsset,f983d46b-cc9e-4c4c-baa4-ac0635430b90,assets\IsOpenClassMusicBlockTrait\import\f9\f983d46b-cc9e-4c4c-baa4-ac0635430b90.b8943.json
IsOpenClassMusicBlockTrait,fonts/gameplay_num_yinyue,cc.BitmapFont,070d8abd-6213-4ad3-a0e3-abb1379b9247,assets\IsOpenClassMusicBlockTrait\import\07\070d8abd-6213-4ad3-a0e3-abb1379b9247.5eebc.json
IsOpenClassMusicBlockTrait,fonts/gameplay_num_yinyue,cc.SpriteFrame,92e55ac9-9d87-419c-8072-6acd9675aafa,assets\IsOpenClassMusicBlockTrait\import\92\92e55ac9-9d87-419c-8072-6acd9675aafa.ec147.json
IsOpenClassMusicBlockTrait,fonts/gameplay_num_yinyue,cc.Texture2D,46ab2f34-5a24-4cbb-b6e5-7deb9b2d9f4b,assets\IsOpenClassMusicBlockTrait\import\46\46ab2f34-5a24-4cbb-b6e5-7deb9b2d9f4b.7871f.json
IsOpenClassMusicBlockTrait,prefabs/musicBlockEff,cc.Prefab,d0f128f2-3362-4a7b-b03a-6c2cf4d07764,assets\IsOpenClassMusicBlockTrait\import\d0\d0f128f2-3362-4a7b-b03a-6c2cf4d07764.dd18a.json
IsOpenClassMusicBlockTrait,prefabs/musicBlockMusicTimeEff,cc.Prefab,0d9fc658-ec13-4f5d-acb1-ef8fda584a0c,assets\IsOpenClassMusicBlockTrait\import\0d\0d9fc658-ec13-4f5d-acb1-ef8fda584a0c.1495a.json
IsOpenClassMusicBlockTrait,textures/gameplay_img_dian,cc.SpriteFrame,1fa600a1-f1b2-460c-90cf-28be3afe0ce6,assets\IsOpenClassMusicBlockTrait\import\1f\1fa600a1-f1b2-460c-90cf-28be3afe0ce6.0fa26.json
IsOpenClassMusicBlockTrait,textures/gameplay_img_dian,cc.Texture2D,e119c56e-2838-4169-9996-c2b6a6667ea4,assets\IsOpenClassMusicBlockTrait\import\e1\e119c56e-2838-4169-9996-c2b6a6667ea4.7871f.json
IsOpenClassMusicBlockTrait,textures/l1,cc.SpriteFrame,bab2e100-ecb2-4f21-9e63-4f3f91c8481d,assets\IsOpenClassMusicBlockTrait\import\ba\bab2e100-ecb2-4f21-9e63-4f3f91c8481d.eafb4.json
IsOpenClassMusicBlockTrait,textures/l1,cc.Texture2D,b67727fd-ebb3-405c-9dd0-9e8d2fb931a8,assets\IsOpenClassMusicBlockTrait\import\b6\b67727fd-ebb3-405c-9dd0-9e8d2fb931a8.7871f.json
IsOpenClassMusicBlockTrait,textures/l2,cc.SpriteFrame,0d693237-ba01-490c-82d5-a3e409a63c9a,assets\IsOpenClassMusicBlockTrait\import\0d\0d693237-ba01-490c-82d5-a3e409a63c9a.7e64a.json
IsOpenClassMusicBlockTrait,textures/l2,cc.Texture2D,2353e7b5-609d-449e-a83e-c1baa668f95a,assets\IsOpenClassMusicBlockTrait\import\23\2353e7b5-609d-449e-a83e-c1baa668f95a.7871f.json
IsOpenClassMusicBlockTrait,textures/l3,cc.SpriteFrame,c4724524-9f9d-49e2-8ea5-48cd659317ad,assets\IsOpenClassMusicBlockTrait\import\c4\c4724524-9f9d-49e2-8ea5-48cd659317ad.2709d.json
IsOpenClassMusicBlockTrait,textures/l3,cc.Texture2D,36a6448b-33dc-41b4-a3a8-547ecd6c9b04,assets\IsOpenClassMusicBlockTrait\import\36\36a6448b-33dc-41b4-a3a8-547ecd6c9b04.7871f.json
IsOpenClassMusicBlockTrait,textures/l4,cc.SpriteFrame,527d80f7-696b-4001-acdd-38ef6343815b,assets\IsOpenClassMusicBlockTrait\import\52\527d80f7-696b-4001-acdd-38ef6343815b.30a90.json
IsOpenClassMusicBlockTrait,textures/l4,cc.Texture2D,38f6bd43-87d5-44ad-96f3-2a92763aa6cf,assets\IsOpenClassMusicBlockTrait\import\38\38f6bd43-87d5-44ad-96f3-2a92763aa6cf.7871f.json
IsOpenClassMusicBlockTrait,textures/l5,cc.SpriteFrame,44848c26-6222-45a6-9fab-64e387feb19c,assets\IsOpenClassMusicBlockTrait\import\44\44848c26-6222-45a6-9fab-64e387feb19c.9b7dd.json
IsOpenClassMusicBlockTrait,textures/l5,cc.Texture2D,f025ea46-1ef9-4912-99b3-1dd8ac27b127,assets\IsOpenClassMusicBlockTrait\import\f0\f025ea46-1ef9-4912-99b3-1dd8ac27b127.7871f.json
IsOpenClassMusicBlockTrait,textures/l6,cc.SpriteFrame,b0a57eac-81fc-4d4d-bfea-f9f1f9b4ee34,assets\IsOpenClassMusicBlockTrait\import\b0\b0a57eac-81fc-4d4d-bfea-f9f1f9b4ee34.6997e.json
IsOpenClassMusicBlockTrait,textures/l6,cc.Texture2D,c26bf8be-7331-4ae9-a708-2b194ee7469e,assets\IsOpenClassMusicBlockTrait\import\c2\c26bf8be-7331-4ae9-a708-2b194ee7469e.7871f.json
IsOpenClassMusicBlockTrait,textures/l7,cc.SpriteFrame,1267f16b-486a-41bb-baa9-748c6051b83a,assets\IsOpenClassMusicBlockTrait\import\12\1267f16b-486a-41bb-baa9-748c6051b83a.6eb39.json
IsOpenClassMusicBlockTrait,textures/l7,cc.Texture2D,2e01bf47-03f2-4359-b08b-9985a13a4bde,assets\IsOpenClassMusicBlockTrait\import\2e\2e01bf47-03f2-4359-b08b-9985a13a4bde.7871f.json
IsOpenClassMusicBlockTrait,textures/lyuan,cc.SpriteFrame,bb59ef98-6feb-48c7-afbe-c719ad5db79c,assets\IsOpenClassMusicBlockTrait\import\bb\bb59ef98-6feb-48c7-afbe-c719ad5db79c.f4b9d.json
IsOpenClassMusicBlockTrait,textures/lyuan,cc.Texture2D,34ec8d30-094c-4b97-ae7e-e5e08707593a,assets\IsOpenClassMusicBlockTrait\import\34\34ec8d30-094c-4b97-ae7e-e5e08707593a.7871f.json
IsOpenEliminateMoreThanThreeShockAndSoundTrait,audios/cheerup,cc.AudioClip,dbd0df79-419d-445a-a3d3-0a6e5c883c91,assets\IsOpenEliminateMoreThanThreeShockAndSoundTrait\import\db\dbd0df79-419d-445a-a3d3-0a6e5c883c91.00873.json
IsOpenEliminateSpecialEffectTrait,dragonbones/gameplay_multiline_ske,dragonBones.DragonBonesAsset,94f67d8c-1960-4282-9e19-c2c6205be22b,assets\IsOpenEliminateSpecialEffectTrait\import\94\94f67d8c-1960-4282-9e19-c2c6205be22b.abd8a.json
IsOpenEliminateSpecialEffectTrait,dragonbones/gameplay_multiline_tex,cc.SpriteFrame,7212356b-29ab-494c-8495-7c091dae69e7,assets\IsOpenEliminateSpecialEffectTrait\import\72\7212356b-29ab-494c-8495-7c091dae69e7.497b8.json
IsOpenEliminateSpecialEffectTrait,dragonbones/gameplay_multiline_tex,cc.Texture2D,b899ae7d-b64b-4103-94f9-517d18e5e64c,assets\IsOpenEliminateSpecialEffectTrait\import\b8\b899ae7d-b64b-4103-94f9-517d18e5e64c.7871f.json
IsOpenEliminateSpecialEffectTrait,dragonbones/gameplay_multiline_tex,dragonBones.DragonBonesAtlasAsset,2a414b96-0328-428e-8299-359477868e29,assets\IsOpenEliminateSpecialEffectTrait\import\2a\2a414b96-0328-428e-8299-359477868e29.7867d.json
IsOpenEliminateSpecialEffectTrait,prefabs/eliminateSpecialEffect,cc.Prefab,f9849d73-4f1d-44f0-8730-5afea169f92a,assets\IsOpenEliminateSpecialEffectTrait\import\f9\f9849d73-4f1d-44f0-8730-5afea169f92a.d3cb0.json
IsOpenEstablishCollectTargetsTrait,prefabs/topCollectTargets,cc.Prefab,1073def1-a420-4ec5-82f8-c51972643763,assets\IsOpenEstablishCollectTargetsTrait\import\10\1073def1-a420-4ec5-82f8-c51972643763.10bbf.json
IsOpenEstablishCollectTargetsTrait,textures/gameplay_bg_Target Collection,cc.SpriteFrame,e8aef292-363a-4389-bdfc-e2600928cf62,assets\IsOpenEstablishCollectTargetsTrait\import\e8\e8aef292-363a-4389-bdfc-e2600928cf62.9c463.json
IsOpenEstablishCollectTargetsTrait,textures/gameplay_bg_Target Collection,cc.Texture2D,a8b6500b-54be-4b56-87c1-3d5fc8039e28,assets\IsOpenEstablishCollectTargetsTrait\import\a8\a8b6500b-54be-4b56-87c1-3d5fc8039e28.7871f.json
IsOpenResultClickEffectTrait,dragonbones/touchIcon_ske,dragonBones.DragonBonesAsset,0330387c-6835-47d9-bda1-10d5209d9da6,assets\IsOpenResultClickEffectTrait\import\03\0330387c-6835-47d9-bda1-10d5209d9da6.7c70c.json
IsOpenResultClickEffectTrait,dragonbones/touchIcon_tex,cc.SpriteFrame,aa2e417c-2767-4eb5-a366-5c4b4e094476,assets\IsOpenResultClickEffectTrait\import\aa\aa2e417c-2767-4eb5-a366-5c4b4e094476.dfde5.json
IsOpenResultClickEffectTrait,dragonbones/touchIcon_tex,cc.Texture2D,bda2cd4e-815c-4e47-98e4-e4d48b28603c,assets\IsOpenResultClickEffectTrait\import\bd\bda2cd4e-815c-4e47-98e4-e4d48b28603c.7871f.json
IsOpenResultClickEffectTrait,dragonbones/touchIcon_tex,dragonBones.DragonBonesAtlasAsset,5a2f78bc-ec4d-4bb7-94e2-ac77d6e2d090,assets\IsOpenResultClickEffectTrait\import\5a\5a2f78bc-ec4d-4bb7-94e2-ac77d6e2d090.bbc37.json
IsOpenResultClickEffectTrait,prefabs/clickEffect,cc.Prefab,58a0e5d4-4d2f-4e2f-8f91-98f9aaabc4e7,assets\IsOpenResultClickEffectTrait\import\58\58a0e5d4-4d2f-4e2f-8f91-98f9aaabc4e7.a4fb7.json
IsOpenScoreFlyInnFeedbackTrait,animations/IsOpenScoreFlyInnFeedback,cc.AnimationClip,2ca0d760-8c8a-4fa2-ab0a-3f7bacaef527,assets\IsOpenScoreFlyInnFeedbackTrait\import\2c\2ca0d760-8c8a-4fa2-ab0a-3f7bacaef527.cd892.json
IsShowAdPicReplaceOfGuideTrait,res/ShowAdPicReplaceOfGuide,cc.Prefab,7e076cf2-0434-48a6-b819-75d3c9fd906a,assets\IsShowAdPicReplaceOfGuideTrait\import\7e\7e076cf2-0434-48a6-b819-75d3c9fd906a.d97a4.json
IsShowAdPicReplaceOfGuideTrait,res/eff/gameplay_guide_arrow_ske,dragonBones.DragonBonesAsset,e1b368fc-e663-4c6b-9bbc-0450a5d724f8,assets\IsShowAdPicReplaceOfGuideTrait\import\e1\e1b368fc-e663-4c6b-9bbc-0450a5d724f8.14ff8.json
IsShowAdPicReplaceOfGuideTrait,res/eff/gameplay_guide_arrow_tex,cc.SpriteFrame,dc3dc558-caf9-48e4-88eb-5e4508956713,assets\IsShowAdPicReplaceOfGuideTrait\import\dc\dc3dc558-caf9-48e4-88eb-5e4508956713.ca846.json
IsShowAdPicReplaceOfGuideTrait,res/eff/gameplay_guide_arrow_tex,cc.Texture2D,9999e93d-aee8-4bb0-ac96-24e63964bf88,assets\IsShowAdPicReplaceOfGuideTrait\import\99\9999e93d-aee8-4bb0-ac96-24e63964bf88.7871f.json
IsShowAdPicReplaceOfGuideTrait,res/eff/gameplay_guide_arrow_tex,dragonBones.DragonBonesAtlasAsset,45ddd4ac-3d7d-4e2d-96d4-ab55064f9469,assets\IsShowAdPicReplaceOfGuideTrait\import\45\45ddd4ac-3d7d-4e2d-96d4-ab55064f9469.3607f.json
IsShowAdPicReplaceOfGuideTrait,res/pic/gameplay_img_addictive,cc.SpriteFrame,bb7a3566-95f9-455f-ba2c-57366049be2e,assets\IsShowAdPicReplaceOfGuideTrait\import\bb\bb7a3566-95f9-455f-ba2c-57366049be2e.5d9ec.json
IsShowAdPicReplaceOfGuideTrait,res/pic/gameplay_img_addictive,cc.Texture2D,1378fdab-185b-44cb-ad63-5135aa7afdac,assets\IsShowAdPicReplaceOfGuideTrait\import\13\1378fdab-185b-44cb-ad63-5135aa7afdac.4b3a3.json
IsShowAdPicReplaceOfGuideTrait,res/pic/gameplay_img_bdian,cc.SpriteFrame,f89c8d2a-197f-400d-b41d-4a9413a3b9d7,assets\IsShowAdPicReplaceOfGuideTrait\import\f8\f89c8d2a-197f-400d-b41d-4a9413a3b9d7.89121.json
IsShowAdPicReplaceOfGuideTrait,res/pic/gameplay_img_bdian,cc.Texture2D,bb3c143a-6c77-48fd-bcfd-9e9d117fe552,assets\IsShowAdPicReplaceOfGuideTrait\import\bb\bb3c143a-6c77-48fd-bcfd-9e9d117fe552.7871f.json
IsShowAdPicReplaceOfGuideTrait,res/pic/gameplay_img_ditu,cc.SpriteFrame,6e900516-91fd-4f12-b83b-d4fa31b28692,assets\IsShowAdPicReplaceOfGuideTrait\import\6e\6e900516-91fd-4f12-b83b-d4fa31b28692.2a36d.json
IsShowAdPicReplaceOfGuideTrait,res/pic/gameplay_img_ditu,cc.Texture2D,1c59ed69-89f8-4c03-b9ee-7459f7f5e6fe,assets\IsShowAdPicReplaceOfGuideTrait\import\1c\1c59ed69-89f8-4c03-b9ee-7459f7f5e6fe.7871f.json
IsShowAdPicReplaceOfGuideTrait,res/pic/gameplay_img_heidi,cc.SpriteFrame,69725d5b-4d14-4b0c-a809-70e6fafa83f1,assets\IsShowAdPicReplaceOfGuideTrait\import\69\69725d5b-4d14-4b0c-a809-70e6fafa83f1.f4aad.json
IsShowAdPicReplaceOfGuideTrait,res/pic/gameplay_img_heidi,cc.Texture2D,5fbb41f6-d367-4f6b-8a4e-de60333ff83d,assets\IsShowAdPicReplaceOfGuideTrait\import\5f\5fbb41f6-d367-4f6b-8a4e-de60333ff83d.7871f.json
IsShowAdPicReplaceOfGuideTrait,res/pic/gameplay_img_interesting,cc.SpriteFrame,40984008-9250-49a5-acb1-e5015cde86b1,assets\IsShowAdPicReplaceOfGuideTrait\import\40\40984008-9250-49a5-acb1-e5015cde86b1.2e628.json
IsShowAdPicReplaceOfGuideTrait,res/pic/gameplay_img_interesting,cc.Texture2D,e9ebb3fd-5ac9-4589-b108-e2bfb6a7f4ff,assets\IsShowAdPicReplaceOfGuideTrait\import\e9\e9ebb3fd-5ac9-4589-b108-e2bfb6a7f4ff.4b3a3.json
IsShowAdPicReplaceOfGuideTrait,res/pic/gameplay_img_playNow,cc.SpriteFrame,4a7230e7-1463-43f7-9426-fa92f8876325,assets\IsShowAdPicReplaceOfGuideTrait\import\4a\4a7230e7-1463-43f7-9426-fa92f8876325.7572f.json
IsShowAdPicReplaceOfGuideTrait,res/pic/gameplay_img_playNow,cc.Texture2D,b26cce6b-ae74-482d-8027-8bdac8b56c9c,assets\IsShowAdPicReplaceOfGuideTrait\import\b2\b26cce6b-ae74-482d-8027-8bdac8b56c9c.4b3a3.json
IsShowAdPicReplaceOfGuideTrait,res/pic/gameplay_img_relaxing,cc.SpriteFrame,fcb747de-6e4a-4a09-8253-c7b22a1b3fe7,assets\IsShowAdPicReplaceOfGuideTrait\import\fc\fcb747de-6e4a-4a09-8253-c7b22a1b3fe7.14a46.json
IsShowAdPicReplaceOfGuideTrait,res/pic/gameplay_img_relaxing,cc.Texture2D,d7399725-51f0-4d5b-bf2f-4eb3d3400319,assets\IsShowAdPicReplaceOfGuideTrait\import\d7\d7399725-51f0-4d5b-bf2f-4eb3d3400319.4b3a3.json
IsShowAdPicReplaceOfGuideTrait,res/pic/gameplay_img_sdian,cc.SpriteFrame,48485468-a6db-470c-8760-04476d38c19d,assets\IsShowAdPicReplaceOfGuideTrait\import\48\48485468-a6db-470c-8760-04476d38c19d.a4e5d.json
IsShowAdPicReplaceOfGuideTrait,res/pic/gameplay_img_sdian,cc.Texture2D,61b80a9c-6269-44ab-8e7e-4f00ac332dd0,assets\IsShowAdPicReplaceOfGuideTrait\import\61\61b80a9c-6269-44ab-8e7e-4f00ac332dd0.7871f.json
IsShowAdPicReplaceOfGuideTrait,res/pic/gameplay_img_skip,cc.SpriteFrame,ed1fa97a-a016-4115-9026-29a57b1a56d8,assets\IsShowAdPicReplaceOfGuideTrait\import\ed\ed1fa97a-a016-4115-9026-29a57b1a56d8.3c6bf.json
IsShowAdPicReplaceOfGuideTrait,res/pic/gameplay_img_skip,cc.Texture2D,ebe67a48-75c5-4a21-a637-a047b829e8ca,assets\IsShowAdPicReplaceOfGuideTrait\import\eb\ebe67a48-75c5-4a21-a637-a047b829e8ca.7871f.json
IsShowAdPicReplaceOfGuideTrait,res/sound/logo_click,cc.AudioClip,35cc6c5b-4a26-41cf-a8f9-1ef111f73d38,assets\IsShowAdPicReplaceOfGuideTrait\import\35\35cc6c5b-4a26-41cf-a8f9-1ef111f73d38.53851.json
IsShowAdPicReplaceOfGuideTrait,res/sound/rank_pop,cc.AudioClip,4995e4a8-5cf9-4fe2-923d-e366bc505a9a,assets\IsShowAdPicReplaceOfGuideTrait\import\49\4995e4a8-5cf9-4fe2-923d-e366bc505a9a.a4ce2.json
IsShowAdPicReplaceOfGuideTrait,res/sound/slide,cc.AudioClip,b43533f6-c163-46b1-bafc-7da39c12b1b1,assets\IsShowAdPicReplaceOfGuideTrait\import\b4\b43533f6-c163-46b1-bafc-7da39c12b1b1.ba037.json
JewelGameReturnOptimizeTrait,prefabs/JewelGameReturnOptimizeCom,cc.Prefab,9a5f6ef7-cd70-417f-a84f-24859089647a,assets\JewelGameReturnOptimizeTrait\import\9a\9a5f6ef7-cd70-417f-a84f-24859089647a.4bbe2.json
JewelGameReturnOptimizeTrait,textures/btn_back,cc.SpriteFrame,e89cc810-3dc1-43ff-ab03-025fb7c59abb,assets\JewelGameReturnOptimizeTrait\import\e8\e89cc810-3dc1-43ff-ab03-025fb7c59abb.cf951.json
JewelGameReturnOptimizeTrait,textures/btn_back,cc.Texture2D,6e2787db-a32a-4c87-9889-ce022c1c7310,assets\JewelGameReturnOptimizeTrait\import\6e\6e2787db-a32a-4c87-9889-ce022c1c7310.7871f.json
JewelGameReturnOptimizeTrait,textures/btn_refresh,cc.SpriteFrame,02a3a2f3-4e67-48ed-8afa-db55d16f5bb5,assets\JewelGameReturnOptimizeTrait\import\02\02a3a2f3-4e67-48ed-8afa-db55d16f5bb5.68316.json
JewelGameReturnOptimizeTrait,textures/btn_refresh,cc.Texture2D,c867551f-fa18-49e9-a3d8-c1bc00fdf96c,assets\JewelGameReturnOptimizeTrait\import\c8\c867551f-fa18-49e9-a3d8-c1bc00fdf96c.7871f.json
JewelGameUnlockEncourageTrait,prefabs/JewelGameUnlockEncourage,cc.Prefab,30b891f6-c326-43b5-b946-f43ecf780a1c,assets\JewelGameUnlockEncourageTrait\import\30\30b891f6-c326-43b5-b946-f43ecf780a1c.00761.json
JewelGameUnlockEncourageTrait,spine/gameplay_ma,cc.Asset,a6ba3622-ca09-4cdf-948d-6340f08f8444,assets\JewelGameUnlockEncourageTrait\import\a6\a6ba3622-ca09-4cdf-948d-6340f08f8444.b19f4.json
JewelGameUnlockEncourageTrait,spine/gameplay_ma,cc.SpriteFrame,48c06f31-bef4-4be4-8393-ff5a8b83ca61,assets\JewelGameUnlockEncourageTrait\import\48\48c06f31-bef4-4be4-8393-ff5a8b83ca61.75af4.json
JewelGameUnlockEncourageTrait,spine/gameplay_ma,cc.Texture2D,3a44699c-abdb-4c84-9dfb-72ccf32a4c73,assets\JewelGameUnlockEncourageTrait\import\3a\3a44699c-abdb-4c84-9dfb-72ccf32a4c73.7871f.json
JewelGameUnlockEncourageTrait,spine/gameplay_ma,sp.SkeletonData,68bbfcad-597e-41f1-8542-ac020f2cdaaf,assets\JewelGameUnlockEncourageTrait\import\68\68bbfcad-597e-41f1-8542-ac020f2cdaaf.825ef.json
LaunchBrandAdDisplayTrait,prefabs/launchAd,cc.Prefab,7406f3a3-96da-41ec-a158-170a88828f5e,assets\LaunchBrandAdDisplayTrait\import\74\7406f3a3-96da-41ec-a158-170a88828f5e.dfb12.json
LaunchBrandAdDisplayTrait,textures/ad,cc.SpriteFrame,09d556b3-d351-4c7c-992c-401e81895f5c,assets\LaunchBrandAdDisplayTrait\import\09\09d556b3-d351-4c7c-992c-401e81895f5c.b64c4.json
LaunchBrandAdDisplayTrait,textures/ad,cc.Texture2D,e0f8ce40-cfe7-4ba2-8962-0e03d1d32e01,assets\LaunchBrandAdDisplayTrait\import\e0\e0f8ce40-cfe7-4ba2-8962-0e03d1d32e01.7871f.json
LaunchBrandAdDisplayTrait,textures/bg2,cc.SpriteFrame,06051004-08c4-499f-abdd-a191903260a4,assets\LaunchBrandAdDisplayTrait\import\06\06051004-08c4-499f-abdd-a191903260a4.96f3d.json
LaunchBrandAdDisplayTrait,textures/bg2,cc.Texture2D,375195e1-6f98-4c93-ba1f-5fb300b38528,assets\LaunchBrandAdDisplayTrait\import\37\375195e1-6f98-4c93-ba1f-5fb300b38528.4b3a3.json
LaunchBrandAdDisplayTrait,textures/buttonplay,cc.SpriteFrame,1acddec3-3b54-489e-952e-e96200ba5790,assets\LaunchBrandAdDisplayTrait\import\1a\1acddec3-3b54-489e-952e-e96200ba5790.b0583.json
LaunchBrandAdDisplayTrait,textures/buttonplay,cc.Texture2D,fbae7aac-0ef4-48bb-9983-49634570d5f5,assets\LaunchBrandAdDisplayTrait\import\fb\fbae7aac-0ef4-48bb-9983-49634570d5f5.7871f.json
LaunchBrandAdDisplayTrait,textures/majong2,cc.SpriteFrame,f22f5a74-84d8-4ffb-a8c6-87ee887a3187,assets\LaunchBrandAdDisplayTrait\import\f2\f22f5a74-84d8-4ffb-a8c6-87ee887a3187.7f515.json
LaunchBrandAdDisplayTrait,textures/majong2,cc.Texture2D,568f5290-4377-4c63-9da3-b101be149e0b,assets\LaunchBrandAdDisplayTrait\import\56\568f5290-4377-4c63-9da3-b101be149e0b.7871f.json
LaunchBrandAdDisplayTrait,textures/play,cc.SpriteFrame,8abe9ab2-f94a-4255-8134-bd179aceb521,assets\LaunchBrandAdDisplayTrait\import\8a\8abe9ab2-f94a-4255-8134-bd179aceb521.99eb2.json
LaunchBrandAdDisplayTrait,textures/play,cc.Texture2D,ccd0a93d-17d3-47cc-ac51-08f4316af48c,assets\LaunchBrandAdDisplayTrait\import\cc\ccd0a93d-17d3-47cc-ac51-08f4316af48c.7871f.json
LaunchBrandAdDisplayTrait,textures/skip,cc.SpriteFrame,8e98f25b-7d09-4bb2-bc1a-5e1bb156022c,assets\LaunchBrandAdDisplayTrait\import\8e\8e98f25b-7d09-4bb2-bc1a-5e1bb156022c.15322.json
LaunchBrandAdDisplayTrait,textures/skip,cc.Texture2D,f4ead02b-f3a7-4a66-be0b-e467990e309d,assets\LaunchBrandAdDisplayTrait\import\f4\f4ead02b-f3a7-4a66-be0b-e467990e309d.7871f.json
LevelDifficultyDisplayTrait,prefabs/LevelDifficultyDisplay,cc.Prefab,ba75baea-f53d-4fa5-81fc-8fe3495dbf9c,assets\LevelDifficultyDisplayTrait\import\ba\ba75baea-f53d-4fa5-81fc-8fe3495dbf9c.fcc44.json
LevelDifficultyDisplayTrait,textures/gameplay_img_label_easy,cc.SpriteFrame,280f25b4-f1fb-4d44-9393-d09dabaa4735,assets\LevelDifficultyDisplayTrait\import\28\280f25b4-f1fb-4d44-9393-d09dabaa4735.a1471.json
LevelDifficultyDisplayTrait,textures/gameplay_img_label_easy,cc.Texture2D,9d4f7827-d64b-4bc1-9ec4-8a27f2963b7e,assets\LevelDifficultyDisplayTrait\import\9d\9d4f7827-d64b-4bc1-9ec4-8a27f2963b7e.7871f.json
LevelDifficultyDisplayTrait,textures/gameplay_img_label_hard,cc.SpriteFrame,908e274e-4a44-4f82-a785-3e64e81ec94c,assets\LevelDifficultyDisplayTrait\import\90\908e274e-4a44-4f82-a785-3e64e81ec94c.b7fbf.json
LevelDifficultyDisplayTrait,textures/gameplay_img_label_hard,cc.Texture2D,8ddd9c14-927e-460b-9af7-a0aeb5aaaa8e,assets\LevelDifficultyDisplayTrait\import\8d\8ddd9c14-927e-460b-9af7-a0aeb5aaaa8e.7871f.json
LevelDifficultyDisplayTrait,textures/gameplay_img_label_normal,cc.SpriteFrame,5d2c3f65-4ce6-4c97-ab21-9f8a587e568a,assets\LevelDifficultyDisplayTrait\import\5d\5d2c3f65-4ce6-4c97-ab21-9f8a587e568a.a4d13.json
LevelDifficultyDisplayTrait,textures/gameplay_img_label_normal,cc.Texture2D,a3ca6d5f-cfe2-4c18-9b3b-925693c652d6,assets\LevelDifficultyDisplayTrait\import\a3\a3ca6d5f-cfe2-4c18-9b3b-925693c652d6.7871f.json
LightColorSkinEnlargeBlockChangeShadowTrait,textures/bg,cc.SpriteFrame,90d935d0-4914-406c-a4c8-f9da8f2b694c,assets\LightColorSkinEnlargeBlockChangeShadowTrait\import\90\90d935d0-4914-406c-a4c8-f9da8f2b694c.46508.json
LightColorSkinEnlargeBlockChangeShadowTrait,textures/bg,cc.Texture2D,7cc4f47f-e7bd-4f9f-9058-95697211d58f,assets\LightColorSkinEnlargeBlockChangeShadowTrait\import\7c\7cc4f47f-e7bd-4f9f-9058-95697211d58f.7871f.json
MergeBlockTrait,materials/MergeBlock,cc.EffectAsset,f2bf4e6b-e31c-42c5-992d-dc4be6037640,assets\MergeBlockTrait\import\f2\f2bf4e6b-e31c-42c5-992d-dc4be6037640.64ee7.json
MergeBlockTrait,materials/MergeBlock,cc.Material,3942ac30-3b66-4a83-970f-83e517bb1117,assets\MergeBlockTrait\import\39\3942ac30-3b66-4a83-970f-83e517bb1117.211e5.json
MergeBlockTrait,prefabs/MergeSkinBlockPrefab,cc.Prefab,badd4162-1986-4add-ba2e-13aafc4198a8,assets\MergeBlockTrait\import\ba\badd4162-1986-4add-ba2e-13aafc4198a8.0d883.json
MiniGameEnterChangeColorTrait,dragonbones/icon_entrance_ske,dragonBones.DragonBonesAsset,5faad134-0d24-4b38-96a5-f76a9280efb6,assets\MiniGameEnterChangeColorTrait\import\5f\5faad134-0d24-4b38-96a5-f76a9280efb6.058d1.json
MiniGameEnterChangeColorTrait,dragonbones/icon_entrance_tex,cc.SpriteFrame,abe5e739-f3b8-4bcb-a3c3-fd597596b623,assets\MiniGameEnterChangeColorTrait\import\ab\abe5e739-f3b8-4bcb-a3c3-fd597596b623.812fa.json
MiniGameEnterChangeColorTrait,dragonbones/icon_entrance_tex,cc.Texture2D,0febd447-6a4d-4a3a-8100-390472a088b8,assets\MiniGameEnterChangeColorTrait\import\0f\0febd447-6a4d-4a3a-8100-390472a088b8.7871f.json
MiniGameEnterChangeColorTrait,dragonbones/icon_entrance_tex,dragonBones.DragonBonesAtlasAsset,5900b429-0222-4b48-bff1-cafb41b367e0,assets\MiniGameEnterChangeColorTrait\import\59\5900b429-0222-4b48-bff1-cafb41b367e0.ca950.json
MiniGameMainEnterChangeColorTrait,img/btn_moreGames,cc.SpriteFrame,e628ee16-3142-4728-b0bd-966f74ae4c5a,assets\MiniGameMainEnterChangeColorTrait\import\e6\e628ee16-3142-4728-b0bd-966f74ae4c5a.3f688.json
MiniGameMainEnterChangeColorTrait,img/btn_moreGames,cc.Texture2D,08c78b6c-d477-494e-a5ca-ba1e4ea44575,assets\MiniGameMainEnterChangeColorTrait\import\08\08c78b6c-d477-494e-a5ca-ba1e4ea44575.7871f.json
MiniGameSetEnterChangeColorTrait,img/setting_btn_common_purple,cc.SpriteFrame,1c851307-d2ed-4906-b4a9-73503b2b44a2,assets\MiniGameSetEnterChangeColorTrait\import\1c\1c851307-d2ed-4906-b4a9-73503b2b44a2.85e43.json
MiniGameSetEnterChangeColorTrait,img/setting_btn_common_purple,cc.Texture2D,5eed9792-7463-44ab-b2fa-6e2718811754,assets\MiniGameSetEnterChangeColorTrait\import\5e\5eed9792-7463-44ab-b2fa-6e2718811754.7871f.json
MiniGameSetEnterChangeColorTrait,img/setting_icon_moreGames_purple,cc.SpriteFrame,fdf9d76b-cb2a-42f9-8221-29bb6ad37f5f,assets\MiniGameSetEnterChangeColorTrait\import\fd\fdf9d76b-cb2a-42f9-8221-29bb6ad37f5f.28cd3.json
MiniGameSetEnterChangeColorTrait,img/setting_icon_moreGames_purple,cc.Texture2D,155a7e8c-d1c4-40f1-b8a3-e91952f343d7,assets\MiniGameSetEnterChangeColorTrait\import\15\155a7e8c-d1c4-40f1-b8a3-e91952f343d7.7871f.json
MiniGameSetEnterChangeColorTrait,img/setting_txt_moreGames_purple,cc.SpriteFrame,ef882fef-adaf-44ca-946a-d84d3f66e641,assets\MiniGameSetEnterChangeColorTrait\import\ef\ef882fef-adaf-44ca-946a-d84d3f66e641.518f1.json
MiniGameSetEnterChangeColorTrait,img/setting_txt_moreGames_purple,cc.Texture2D,c1ff0c5e-6f92-4e32-92e9-0f4663598f4d,assets\MiniGameSetEnterChangeColorTrait\import\c1\c1ff0c5e-6f92-4e32-92e9-0f4663598f4d.7871f.json
MiniGameSetShowProgressTrait,img/bg_corner,cc.SpriteFrame,c264155d-c4fa-4417-ac8f-48780866d1b7,assets\MiniGameSetShowProgressTrait\import\c2\c264155d-c4fa-4417-ac8f-48780866d1b7.ff855.json
MiniGameSetShowProgressTrait,img/bg_corner,cc.Texture2D,50d4bc21-9a92-4649-a55c-7245b6aba77a,assets\MiniGameSetShowProgressTrait\import\50\50d4bc21-9a92-4649-a55c-7245b6aba77a.7871f.json
MiniGameSetShowProgressTrait,img/bg_masks,cc.SpriteFrame,7379ad0f-7f4c-4950-8786-9250219ee7db,assets\MiniGameSetShowProgressTrait\import\73\7379ad0f-7f4c-4950-8786-9250219ee7db.ea735.json
MiniGameSetShowProgressTrait,img/bg_masks,cc.Texture2D,33d6e1c4-ce80-4712-b634-2c5a26e888e1,assets\MiniGameSetShowProgressTrait\import\33\33d6e1c4-ce80-4712-b634-2c5a26e888e1.7871f.json
MiniGameSetShowProgressTrait,img/bg_tips,cc.SpriteFrame,eeac3860-6941-44c6-b4de-0727781364e7,assets\MiniGameSetShowProgressTrait\import\ee\eeac3860-6941-44c6-b4de-0727781364e7.e7f1a.json
MiniGameSetShowProgressTrait,img/bg_tips,cc.Texture2D,b5a542ad-058d-41c2-b77a-0c5a379567cd,assets\MiniGameSetShowProgressTrait\import\b5\b5a542ad-058d-41c2-b77a-0c5a379567cd.7871f.json
MiniGameSetShowProgressTrait,img/icon_lock,cc.SpriteFrame,01d68cbc-a23f-4276-b207-0ea61fdab28b,assets\MiniGameSetShowProgressTrait\import\01\01d68cbc-a23f-4276-b207-0ea61fdab28b.8cdd7.json
MiniGameSetShowProgressTrait,img/icon_lock,cc.Texture2D,31b54234-4852-4e87-a02b-9ca8c8297715,assets\MiniGameSetShowProgressTrait\import\31\31b54234-4852-4e87-a02b-9ca8c8297715.7871f.json
MiniGameSetShowProgressTrait,prefabs/MiniGameSetShowProgress,cc.Prefab,72b7b3fa-23fb-45dd-b686-d8614e1d699f,assets\MiniGameSetShowProgressTrait\import\72\72b7b3fa-23fb-45dd-b686-d8614e1d699f.edee3.json
MiniGameSetShowProgressTrait,textures/moregames_bg_lenel,cc.SpriteFrame,72179154-6798-4f4a-8a67-0fba5bcf399c,assets\MiniGameSetShowProgressTrait\import\72\72179154-6798-4f4a-8a67-0fba5bcf399c.d4119.json
MiniGameSetShowProgressTrait,textures/moregames_bg_lenel,cc.Texture2D,f2f9f4ca-d0fb-4751-9e78-d8c02a0daf7d,assets\MiniGameSetShowProgressTrait\import\f2\f2f9f4ca-d0fb-4751-9e78-d8c02a0daf7d.7871f.json
MoreStepGuideTrait,dragonbones/DJS_ske,dragonBones.DragonBonesAsset,d5fa5265-696c-49a8-9dbf-52c218c8bed4,assets\MoreStepGuideTrait\import\d5\d5fa5265-696c-49a8-9dbf-52c218c8bed4.61832.json
MoreStepGuideTrait,dragonbones/DJS_tex,cc.SpriteFrame,d4e75aac-2b61-4323-9113-d13f0c26fb1e,assets\MoreStepGuideTrait\import\d4\d4e75aac-2b61-4323-9113-d13f0c26fb1e.18fed.json
MoreStepGuideTrait,dragonbones/DJS_tex,cc.Texture2D,78ad6813-d303-4637-bdcb-d1fdc7ed2a97,assets\MoreStepGuideTrait\import\78\78ad6813-d303-4637-bdcb-d1fdc7ed2a97.7871f.json
MoreStepGuideTrait,dragonbones/DJS_tex,dragonBones.DragonBonesAtlasAsset,0c79a68f-2c56-476a-8200-b845313ba2e6,assets\MoreStepGuideTrait\import\0c\0c79a68f-2c56-476a-8200-b845313ba2e6.3b8d6.json
MoreStepGuideTrait,prefabs/MoreStepGuide,cc.Prefab,736b3db6-c4d9-4f36-ad2b-63b28281129e,assets\MoreStepGuideTrait\import\73\736b3db6-c4d9-4f36-ad2b-63b28281129e.784e3.json
NewPlayerGuideSkipRefactorTrait,prefabs/LayerNewPlayerGuideSkipCom,cc.Prefab,64f159e7-7073-4cac-9040-9346d5daec1b,assets\NewPlayerGuideSkipRefactorTrait\import\64\64f159e7-7073-4cac-9040-9346d5daec1b.1bb9e.json
NewPlayerGuideSkipRefactorTrait,textures/gameplay_bg_skip,cc.SpriteFrame,678b9c60-57f9-44e4-b12b-693e365bfd25,assets\NewPlayerGuideSkipRefactorTrait\import\67\678b9c60-57f9-44e4-b12b-693e365bfd25.badc2.json
NewPlayerGuideSkipRefactorTrait,textures/gameplay_bg_skip,cc.Texture2D,6ac28ec5-c0d5-47e2-b19c-526237e8cc43,assets\NewPlayerGuideSkipRefactorTrait\import\6a\6ac28ec5-c0d5-47e2-b19c-526237e8cc43.7871f.json
NewPlayerGuideSkipRefactorTrait,textures/gameplay_skip,cc.SpriteFrame,15192d5d-b47c-42bb-be59-d66684d28d30,assets\NewPlayerGuideSkipRefactorTrait\import\15\15192d5d-b47c-42bb-be59-d66684d28d30.126ac.json
NewPlayerGuideSkipRefactorTrait,textures/gameplay_skip,cc.Texture2D,d82c3abc-d05b-43c6-937b-46e46bb70a6c,assets\NewPlayerGuideSkipRefactorTrait\import\d8\d82c3abc-d05b-43c6-937b-46e46bb70a6c.7871f.json
NewPlayerGuideSkipTrait,prefabs/LayerNewPlayerGuideSkipCom,cc.Prefab,0ecd5e3d-b561-4b64-8ca6-9825c74e5d78,assets\NewPlayerGuideSkipTrait\import\0e\0ecd5e3d-b561-4b64-8ca6-9825c74e5d78.64427.json
NewPlayerGuideSkipTrait,textures/gameplay_bg_skip,cc.SpriteFrame,98d33ae2-d7ca-4653-aea0-5ce3751aa906,assets\NewPlayerGuideSkipTrait\import\98\98d33ae2-d7ca-4653-aea0-5ce3751aa906.826d8.json
NewPlayerGuideSkipTrait,textures/gameplay_bg_skip,cc.Texture2D,9318d064-05da-4354-934e-da98d4dede67,assets\NewPlayerGuideSkipTrait\import\93\9318d064-05da-4354-934e-da98d4dede67.7871f.json
NewPlayerGuideSkipTrait,textures/gameplay_skip,cc.SpriteFrame,186591d9-ce24-44b7-bddd-0a59a1d207c4,assets\NewPlayerGuideSkipTrait\import\18\186591d9-ce24-44b7-bddd-0a59a1d207c4.2662e.json
NewPlayerGuideSkipTrait,textures/gameplay_skip,cc.Texture2D,d776454f-cdf1-431f-b31d-2cb2ecb2273e,assets\NewPlayerGuideSkipTrait\import\d7\d776454f-cdf1-431f-b31d-2cb2ecb2273e.7871f.json
NewUserBoardDiffTrait,spine/board1/gameplay_xinshou,cc.Asset,03d861a7-322c-4aa9-b6a9-6b543e5b6301,assets\NewUserBoardDiffTrait\import\03\03d861a7-322c-4aa9-b6a9-6b543e5b6301.ff421.json
NewUserBoardDiffTrait,spine/board1/gameplay_xinshou,cc.SpriteFrame,13396210-deaa-4f3c-a862-8a1b226c8538,assets\NewUserBoardDiffTrait\import\13\13396210-deaa-4f3c-a862-8a1b226c8538.5d27b.json
NewUserBoardDiffTrait,spine/board1/gameplay_xinshou,cc.Texture2D,16129ddb-ed96-4324-a86f-02c612e3e6ab,assets\NewUserBoardDiffTrait\import\16\16129ddb-ed96-4324-a86f-02c612e3e6ab.7871f.json
NewUserBoardDiffTrait,spine/board1/gameplay_xinshou,sp.SkeletonData,4e107bd4-ce97-4601-8f24-6b670d572cd7,assets\NewUserBoardDiffTrait\import\4e\4e107bd4-ce97-4601-8f24-6b670d572cd7.1cd30.json
NewUserEarlyRoundsBoardTrait,spine/board1/gameplay_xinshou,cc.Asset,27d8cfdb-2524-49ba-a281-8d6b3c68182d,assets\NewUserEarlyRoundsBoardTrait\import\27\27d8cfdb-2524-49ba-a281-8d6b3c68182d.ff421.json
NewUserEarlyRoundsBoardTrait,spine/board1/gameplay_xinshou,cc.SpriteFrame,ea9df11e-2755-4458-a1b5-c85e85a8b816,assets\NewUserEarlyRoundsBoardTrait\import\ea\ea9df11e-2755-4458-a1b5-c85e85a8b816.43afd.json
NewUserEarlyRoundsBoardTrait,spine/board1/gameplay_xinshou,cc.Texture2D,36734e7c-35f2-41bc-84c4-496431c3f47c,assets\NewUserEarlyRoundsBoardTrait\import\36\36734e7c-35f2-41bc-84c4-496431c3f47c.7871f.json
NewUserEarlyRoundsBoardTrait,spine/board1/gameplay_xinshou,sp.SkeletonData,49ab213b-8981-4688-9498-5f3147443752,assets\NewUserEarlyRoundsBoardTrait\import\49\49ab213b-8981-4688-9498-5f3147443752.728f7.json
OneStepClearGuideTrait,prefabs/guideEffect,cc.Prefab,7842de1a-83a4-4b68-98ce-8829dce84f36,assets\OneStepClearGuideTrait\import\78\7842de1a-83a4-4b68-98ce-8829dce84f36.b4564.json
OneStepClearGuideTrait,spine/gameplay_Guide_glow,cc.Asset,eaf7f13f-f847-43b7-9333-7b3b41e78d0b,assets\OneStepClearGuideTrait\import\ea\eaf7f13f-f847-43b7-9333-7b3b41e78d0b.e2cdf.json
OneStepClearGuideTrait,spine/gameplay_Guide_glow,cc.SpriteFrame,ae2ebf87-62a9-46b2-8597-2559ba4ea450,assets\OneStepClearGuideTrait\import\ae\ae2ebf87-62a9-46b2-8597-2559ba4ea450.ba8d3.json
OneStepClearGuideTrait,spine/gameplay_Guide_glow,cc.Texture2D,89d4d2c5-0fea-466b-b475-e685b16f4bcc,assets\OneStepClearGuideTrait\import\89\89d4d2c5-0fea-466b-b475-e685b16f4bcc.7871f.json
OneStepClearGuideTrait,spine/gameplay_Guide_glow,sp.SkeletonData,9145b733-d513-4853-8272-9091bf43f8ae,assets\OneStepClearGuideTrait\import\91\9145b733-d513-4853-8272-9091bf43f8ae.0d7cc.json
PreEliminateGemBreathTrait,prefab/BreathSpine,cc.Prefab,46b942aa-6e3b-4409-8a3d-4257802e5e72,assets\PreEliminateGemBreathTrait\import\46\46b942aa-6e3b-4409-8a3d-4257802e5e72.e2de6.json
PreEliminateGemBreathTrait,res/gameplay_xingxing_g,cc.Asset,05940ecc-36b2-4f25-b27a-7679b358fca7,assets\PreEliminateGemBreathTrait\import\05\05940ecc-36b2-4f25-b27a-7679b358fca7.6594c.json
PreEliminateGemBreathTrait,res/gameplay_xingxing_g,cc.SpriteFrame,581f31b6-bdb5-4a5e-8a36-17a7994eedbf,assets\PreEliminateGemBreathTrait\import\58\581f31b6-bdb5-4a5e-8a36-17a7994eedbf.ab6d5.json
PreEliminateGemBreathTrait,res/gameplay_xingxing_g,cc.Texture2D,f2453b68-87cd-4565-abd2-5244073a6fc7,assets\PreEliminateGemBreathTrait\import\f2\f2453b68-87cd-4565-abd2-5244073a6fc7.7871f.json
PreEliminateGemBreathTrait,res/gameplay_xingxing_g,sp.SkeletonData,eec2b8f9-e896-4d1c-b810-b5e2ac0f6116,assets\PreEliminateGemBreathTrait\import\ee\eec2b8f9-e896-4d1c-b810-b5e2ac0f6116.956ba.json
ReplaceGuideSchemeTrait,prefabs/ReplaceGuideScheme,cc.Prefab,cf8b6bdd-b9c1-4fc5-8a92-63c2df8a9ad1,assets\ReplaceGuideSchemeTrait\import\cf\cf8b6bdd-b9c1-4fc5-8a92-63c2df8a9ad1.79fef.json
ReplaceGuideSchemeTrait,spine/gameplay_xinshou,cc.Asset,084c862e-cf55-4005-864d-6b3d939cd2dc,assets\ReplaceGuideSchemeTrait\import\08\084c862e-cf55-4005-864d-6b3d939cd2dc.ff421.json
ReplaceGuideSchemeTrait,spine/gameplay_xinshou,cc.SpriteFrame,33347830-2e53-489e-b0b5-c58f24b4cf37,assets\ReplaceGuideSchemeTrait\import\33\33347830-2e53-489e-b0b5-c58f24b4cf37.a5193.json
ReplaceGuideSchemeTrait,spine/gameplay_xinshou,cc.Texture2D,f4f8f221-4802-401d-8838-542dcb24c468,assets\ReplaceGuideSchemeTrait\import\f4\f4f8f221-4802-401d-8838-542dcb24c468.7871f.json
ReplaceGuideSchemeTrait,spine/gameplay_xinshou,sp.SkeletonData,2f0ff2d7-8619-4145-99cd-6fb5e06337ad,assets\ReplaceGuideSchemeTrait\import\2f\2f0ff2d7-8619-4145-99cd-6fb5e06337ad.0312f.json
ReplaceGuideSchemeTrait,textures/Btn_Play_Green,cc.SpriteFrame,fbf2ebf6-3b27-43ed-8e99-f1c39de6f744,assets\ReplaceGuideSchemeTrait\import\fb\fbf2ebf6-3b27-43ed-8e99-f1c39de6f744.fd58d.json
ReplaceGuideSchemeTrait,textures/Btn_Play_Green,cc.Texture2D,45bcf732-a9da-491d-9eb0-cd8a01b37e8e,assets\ReplaceGuideSchemeTrait\import\45\45bcf732-a9da-491d-9eb0-cd8a01b37e8e.7871f.json
ReviveBlockGrayAnimTrait,dragonbones/gameplay_over_color_ske,dragonBones.DragonBonesAsset,232fb1f3-70d8-4bd7-b440-c1137e853682,assets\ReviveBlockGrayAnimTrait\import\23\232fb1f3-70d8-4bd7-b440-c1137e853682.e7cbb.json
ReviveBlockGrayAnimTrait,dragonbones/gameplay_over_color_tex,cc.SpriteFrame,935763d0-2180-487a-a4cc-8ca7057376fe,assets\ReviveBlockGrayAnimTrait\import\93\935763d0-2180-487a-a4cc-8ca7057376fe.1efdd.json
ReviveBlockGrayAnimTrait,dragonbones/gameplay_over_color_tex,cc.Texture2D,d0cf4155-f4bf-47bb-a5bf-ce4845e30e85,assets\ReviveBlockGrayAnimTrait\import\d0\d0cf4155-f4bf-47bb-a5bf-ce4845e30e85.7871f.json
ReviveBlockGrayAnimTrait,dragonbones/gameplay_over_color_tex,dragonBones.DragonBonesAtlasAsset,212a2805-05f0-4b65-b170-b74dd58483d6,assets\ReviveBlockGrayAnimTrait\import\21\212a2805-05f0-4b65-b170-b74dd58483d6.3b280.json
ReviveBlockGrayAnimTrait,prefabs/BlockGrayAnim,cc.Prefab,30dddeda-ec43-4c61-9515-b41daff03687,assets\ReviveBlockGrayAnimTrait\import\30\30dddeda-ec43-4c61-9515-b41daff03687.8ddfb.json
ReviveUITimeEffectChangeTrait,prefabs/NodeReviveUITimeEffectChange,cc.Prefab,3b57649f-d5cf-4449-8e08-40406c19a274,assets\ReviveUITimeEffectChangeTrait\import\3b\3b57649f-d5cf-4449-8e08-40406c19a274.bfa20.json
ReviveUITimeEffectChangeTrait,spines/revive_number,cc.Asset,f9b567a4-fc6a-4bca-bbba-998446725437,assets\ReviveUITimeEffectChangeTrait\import\f9\f9b567a4-fc6a-4bca-bbba-998446725437.f0bfc.json
ReviveUITimeEffectChangeTrait,spines/revive_number,cc.SpriteFrame,89acb3af-04bc-4fe9-ab9f-ca0246c28103,assets\ReviveUITimeEffectChangeTrait\import\89\89acb3af-04bc-4fe9-ab9f-ca0246c28103.bf641.json
ReviveUITimeEffectChangeTrait,spines/revive_number,cc.Texture2D,80ca8ee0-e805-4f18-b8eb-11619b32b3ad,assets\ReviveUITimeEffectChangeTrait\import\80\80ca8ee0-e805-4f18-b8eb-11619b32b3ad.7871f.json
ReviveUITimeEffectChangeTrait,spines/revive_number,sp.SkeletonData,2c663c06-f0f5-43b1-a026-150f71fb8c59,assets\ReviveUITimeEffectChangeTrait\import\2c\2c663c06-f0f5-43b1-a026-150f71fb8c59.1c00b.json
ReviveXBlockCurlUpTrait,animations/x,cc.AnimationClip,80df87e0-f6bb-4c57-b5b8-d6bac68557a5,assets\ReviveXBlockCurlUpTrait\import\80\80df87e0-f6bb-4c57-b5b8-d6bac68557a5.638cd.json
ReviveXBlockCurlUpTrait,prefabs/reviveX,cc.Prefab,2a8a4f72-b8c4-4325-8788-41fa6b5bb43c,assets\ReviveXBlockCurlUpTrait\import\2a\2a8a4f72-b8c4-4325-8788-41fa6b5bb43c.bf64a.json
ReviveXBlockCurlUpTrait,textures/revive_img_X,cc.SpriteFrame,111e56ce-aa68-4c2a-b0e9-988a1326b552,assets\ReviveXBlockCurlUpTrait\import\11\111e56ce-aa68-4c2a-b0e9-988a1326b552.e6120.json
ReviveXBlockCurlUpTrait,textures/revive_img_X,cc.Texture2D,eedb0d9c-3976-4d9c-a606-c2b74f4bfb95,assets\ReviveXBlockCurlUpTrait\import\ee\eedb0d9c-3976-4d9c-a606-c2b74f4bfb95.7871f.json
ShowEffectWhenInitEmptyBoardTrait,dragonbones/gameplay_emptyNew_ske,dragonBones.DragonBonesAsset,d84852b0-792b-44dd-97e6-37e9f993a155,assets\ShowEffectWhenInitEmptyBoardTrait\import\d8\d84852b0-792b-44dd-97e6-37e9f993a155.8637b.json
ShowEffectWhenInitEmptyBoardTrait,dragonbones/gameplay_emptyNew_tex,cc.SpriteFrame,c0b0a5e8-530f-46e8-854d-82ca1a9295cf,assets\ShowEffectWhenInitEmptyBoardTrait\import\c0\c0b0a5e8-530f-46e8-854d-82ca1a9295cf.664f2.json
ShowEffectWhenInitEmptyBoardTrait,dragonbones/gameplay_emptyNew_tex,cc.Texture2D,f0ccea29-c826-47ac-8ad5-ec6b3d2496d9,assets\ShowEffectWhenInitEmptyBoardTrait\import\f0\f0ccea29-c826-47ac-8ad5-ec6b3d2496d9.7871f.json
ShowEffectWhenInitEmptyBoardTrait,dragonbones/gameplay_emptyNew_tex,dragonBones.DragonBonesAtlasAsset,6e5ab596-c0b3-4601-aac6-39034fd6af7d,assets\ShowEffectWhenInitEmptyBoardTrait\import\6e\6e5ab596-c0b3-4601-aac6-39034fd6af7d.9e0d5.json
ShowLoginDaysTrait,audios/day_number,cc.AudioClip,80bc9e55-4345-4cd7-89c9-f7686a4bb3bf,assets\ShowLoginDaysTrait\import\80\80bc9e55-4345-4cd7-89c9-f7686a4bb3bf.71b5c.json
ShowLoginDaysTrait,dragonbones/main_days_ske,dragonBones.DragonBonesAsset,014800f7-f58d-4a4e-a0bc-7af6b3c475d0,assets\ShowLoginDaysTrait\import\01\014800f7-f58d-4a4e-a0bc-7af6b3c475d0.a9977.json
ShowLoginDaysTrait,dragonbones/main_days_tex,cc.SpriteFrame,a811dd74-9f09-4ac8-aa61-910abf0fd134,assets\ShowLoginDaysTrait\import\a8\a811dd74-9f09-4ac8-aa61-910abf0fd134.fc3b5.json
ShowLoginDaysTrait,dragonbones/main_days_tex,cc.Texture2D,d7c584d5-064e-4e58-a30b-b93ab67758f9,assets\ShowLoginDaysTrait\import\d7\d7c584d5-064e-4e58-a30b-b93ab67758f9.7871f.json
ShowLoginDaysTrait,dragonbones/main_days_tex,dragonBones.DragonBonesAtlasAsset,1aa126f9-dc05-454e-9c6e-fcc9eb9a919a,assets\ShowLoginDaysTrait\import\1a\1aa126f9-dc05-454e-9c6e-fcc9eb9a919a.126f2.json
ShowLoginDaysTrait,fonts/main_num_high,cc.BitmapFont,277995dc-3854-4385-a216-197fa8ca4c34,assets\ShowLoginDaysTrait\import\27\277995dc-3854-4385-a216-197fa8ca4c34.12744.json
ShowLoginDaysTrait,fonts/main_num_high,cc.SpriteFrame,e538ab01-a7b2-4a5b-9323-538a7913f180,assets\ShowLoginDaysTrait\import\e5\e538ab01-a7b2-4a5b-9323-538a7913f180.f77b4.json
ShowLoginDaysTrait,fonts/main_num_high,cc.Texture2D,2cd5c802-2710-4101-b14b-4c1187ff3b30,assets\ShowLoginDaysTrait\import\2c\2cd5c802-2710-4101-b14b-4c1187ff3b30.7871f.json
ShowLoginDaysTrait,fonts/main_num_low,cc.BitmapFont,a73ba48e-e9ed-4463-8c8e-e127bcb46a54,assets\ShowLoginDaysTrait\import\a7\a73ba48e-e9ed-4463-8c8e-e127bcb46a54.2d08a.json
ShowLoginDaysTrait,fonts/main_num_low,cc.SpriteFrame,d66eea15-0afb-43b0-9afd-733353a278e6,assets\ShowLoginDaysTrait\import\d6\d66eea15-0afb-43b0-9afd-733353a278e6.ea31e.json
ShowLoginDaysTrait,fonts/main_num_low,cc.Texture2D,399dba07-a5d9-4925-ae55-98c9e19acfb3,assets\ShowLoginDaysTrait\import\39\399dba07-a5d9-4925-ae55-98c9e19acfb3.7871f.json
ShowLoginDaysTrait,fonts/main_num_middle,cc.BitmapFont,5b118476-69bc-4300-9dc4-15204f8b7100,assets\ShowLoginDaysTrait\import\5b\5b118476-69bc-4300-9dc4-15204f8b7100.169d8.json
ShowLoginDaysTrait,fonts/main_num_middle,cc.SpriteFrame,a5dbc192-e9d4-4205-ae4a-d66d76bea1e4,assets\ShowLoginDaysTrait\import\a5\a5dbc192-e9d4-4205-ae4a-d66d76bea1e4.ce5da.json
ShowLoginDaysTrait,fonts/main_num_middle,cc.Texture2D,08eb3a2b-1f4e-4256-b8c4-a8354443b8a1,assets\ShowLoginDaysTrait\import\08\08eb3a2b-1f4e-4256-b8c4-a8354443b8a1.7871f.json
ShowLoginDaysTrait,prefabs/LaunchLoginDays,cc.Prefab,8e7406e4-bcf8-47ab-886d-ce3f9f8c15d2,assets\ShowLoginDaysTrait\import\8e\8e7406e4-bcf8-47ab-886d-ce3f9f8c15d2.7595e.json
ShowLoginDaysTrait,textures/main_img_day_high,cc.SpriteFrame,4c6b1c08-de3d-486d-879b-6fec703bf17e,assets\ShowLoginDaysTrait\import\4c\4c6b1c08-de3d-486d-879b-6fec703bf17e.c8d70.json
ShowLoginDaysTrait,textures/main_img_day_high,cc.Texture2D,98adc31c-c040-495c-99b6-3d28c274be56,assets\ShowLoginDaysTrait\import\98\98adc31c-c040-495c-99b6-3d28c274be56.7871f.json
ShowLoginDaysTrait,textures/main_img_day_low,cc.SpriteFrame,4d813763-5087-42bb-a83a-5a988a6b24cd,assets\ShowLoginDaysTrait\import\4d\4d813763-5087-42bb-a83a-5a988a6b24cd.3662d.json
ShowLoginDaysTrait,textures/main_img_day_low,cc.Texture2D,1a50813e-b33e-4bb9-b060-e6d27a13d4a9,assets\ShowLoginDaysTrait\import\1a\1a50813e-b33e-4bb9-b060-e6d27a13d4a9.7871f.json
ShowLoginDaysTrait,textures/main_img_day_middle,cc.SpriteFrame,5618d436-2efa-45bb-a897-7e0447e9c20b,assets\ShowLoginDaysTrait\import\56\5618d436-2efa-45bb-a897-7e0447e9c20b.dcafb.json
ShowLoginDaysTrait,textures/main_img_day_middle,cc.Texture2D,6449a7a1-7f86-4aba-b8cb-38b01074ce2e,assets\ShowLoginDaysTrait\import\64\6449a7a1-7f86-4aba-b8cb-38b01074ce2e.7871f.json
ShowLoginDaysTrait,textures/main_img_days_high,cc.SpriteFrame,73f37b31-fd44-450e-8337-cd36cf6a9b29,assets\ShowLoginDaysTrait\import\73\73f37b31-fd44-450e-8337-cd36cf6a9b29.3b477.json
ShowLoginDaysTrait,textures/main_img_days_high,cc.Texture2D,e7c2f7ad-46fb-4cd3-9017-2cdb685ea528,assets\ShowLoginDaysTrait\import\e7\e7c2f7ad-46fb-4cd3-9017-2cdb685ea528.7871f.json
ShowLoginDaysTrait,textures/main_img_days_low,cc.SpriteFrame,c1b2df6b-79e4-4ed8-9809-a14b1ebbc3d5,assets\ShowLoginDaysTrait\import\c1\c1b2df6b-79e4-4ed8-9809-a14b1ebbc3d5.459da.json
ShowLoginDaysTrait,textures/main_img_days_low,cc.Texture2D,60f10c16-fc9f-420d-88c5-075f2665e67c,assets\ShowLoginDaysTrait\import\60\60f10c16-fc9f-420d-88c5-075f2665e67c.7871f.json
ShowLoginDaysTrait,textures/main_img_days_middle,cc.SpriteFrame,52110b44-2a9a-444c-bca7-85097a1984f6,assets\ShowLoginDaysTrait\import\52\52110b44-2a9a-444c-bca7-85097a1984f6.d1dcb.json
ShowLoginDaysTrait,textures/main_img_days_middle,cc.Texture2D,b5f99ba1-000d-4fd3-8104-2deafb22b5f8,assets\ShowLoginDaysTrait\import\b5\b5f99ba1-000d-4fd3-8104-2deafb22b5f8.7871f.json
ShowSSSWhenSkinChangeTrait,dragonbones/gameplay_pfxyd_ske,dragonBones.DragonBonesAsset,633e74a8-7da7-4039-a8fb-6044b4591c66,assets\ShowSSSWhenSkinChangeTrait\import\63\633e74a8-7da7-4039-a8fb-6044b4591c66.99ee4.json
ShowSSSWhenSkinChangeTrait,dragonbones/gameplay_pfxyd_tex,cc.SpriteFrame,8f9c39d7-c7ba-429e-b011-a664eaa70e43,assets\ShowSSSWhenSkinChangeTrait\import\8f\8f9c39d7-c7ba-429e-b011-a664eaa70e43.96558.json
ShowSSSWhenSkinChangeTrait,dragonbones/gameplay_pfxyd_tex,cc.Texture2D,85d90a25-b34f-4f1d-b957-1a7016b96f60,assets\ShowSSSWhenSkinChangeTrait\import\85\85d90a25-b34f-4f1d-b957-1a7016b96f60.7871f.json
ShowSSSWhenSkinChangeTrait,dragonbones/gameplay_pfxyd_tex,dragonBones.DragonBonesAtlasAsset,8f0cfe07-7cc2-4143-857f-2dd0083380fd,assets\ShowSSSWhenSkinChangeTrait\import\8f\8f0cfe07-7cc2-4143-857f-2dd0083380fd.df459.json
ShowSSSWhenSkinChangeTrait,dragonbones/newArt/gameplay_pfxyd_ske,dragonBones.DragonBonesAsset,39c16f5d-20ea-4a5d-867b-ae56eb557ab5,assets\ShowSSSWhenSkinChangeTrait\import\39\39c16f5d-20ea-4a5d-867b-ae56eb557ab5.7dd13.json
ShowSSSWhenSkinChangeTrait,dragonbones/newArt/gameplay_pfxyd_tex,cc.SpriteFrame,675ce19a-5378-4d79-ac4c-148a43a87c8c,assets\ShowSSSWhenSkinChangeTrait\import\67\675ce19a-5378-4d79-ac4c-148a43a87c8c.c8e38.json
ShowSSSWhenSkinChangeTrait,dragonbones/newArt/gameplay_pfxyd_tex,cc.Texture2D,54a3ce19-ea39-4c91-be5b-c29f72ba19dc,assets\ShowSSSWhenSkinChangeTrait\import\54\54a3ce19-ea39-4c91-be5b-c29f72ba19dc.7871f.json
ShowSSSWhenSkinChangeTrait,dragonbones/newArt/gameplay_pfxyd_tex,dragonBones.DragonBonesAtlasAsset,9d5cf03b-969e-4633-b35a-4a2917748250,assets\ShowSSSWhenSkinChangeTrait\import\9d\9d5cf03b-969e-4633-b35a-4a2917748250.2ad0f.json
ShowSSSWhenSkinChangeTrait,prefabs/newArt/showSSSWhenSkinChangeFix,cc.Prefab,668abc40-148b-4b50-bc89-fafbe0c34ad3,assets\ShowSSSWhenSkinChangeTrait\import\66\668abc40-148b-4b50-bc89-fafbe0c34ad3.d23d6.json
ShowSSSWhenSkinChangeTrait,prefabs/showSSSWhenSkinChange,cc.Prefab,66b0e336-ebac-4dfe-a434-c7724b2546e9,assets\ShowSSSWhenSkinChangeTrait\import\66\66b0e336-ebac-4dfe-a434-c7724b2546e9.5b7d1.json
ShowSkipButtonAfterReviveCountdownTrait,prefabs/SkipButton,cc.Prefab,5b152d79-2059-43f1-b8e9-b88df4dfd01d,assets\ShowSkipButtonAfterReviveCountdownTrait\import\5b\5b152d79-2059-43f1-b8e9-b88df4dfd01d.4ad41.json
ShowWelcomeEveryDayTrait,prefabs/effect,cc.Prefab,365e3219-d2fb-4145-b68c-0bbf348a4dea,assets\ShowWelcomeEveryDayTrait\import\36\365e3219-d2fb-4145-b68c-0bbf348a4dea.0c4ec.json
ShowWelcomeEveryDayTrait,spine/main_welcome_popUp,cc.Asset,5e3d6ebd-3aea-46be-b3b3-a0938db446c9,assets\ShowWelcomeEveryDayTrait\import\5e\5e3d6ebd-3aea-46be-b3b3-a0938db446c9.f0184.json
ShowWelcomeEveryDayTrait,spine/main_welcome_popUp,cc.SpriteFrame,ab386538-559e-4d45-8af6-32769e99cb4f,assets\ShowWelcomeEveryDayTrait\import\ab\ab386538-559e-4d45-8af6-32769e99cb4f.e3c4f.json
ShowWelcomeEveryDayTrait,spine/main_welcome_popUp,cc.Texture2D,be42d3c8-b552-42bd-9ede-22b7daabf8c7,assets\ShowWelcomeEveryDayTrait\import\be\be42d3c8-b552-42bd-9ede-22b7daabf8c7.7871f.json
ShowWelcomeEveryDayTrait,spine/main_welcome_popUp,sp.SkeletonData,9f0e5a90-c076-430e-9e31-86f6866ec54e,assets\ShowWelcomeEveryDayTrait\import\9f\9f0e5a90-c076-430e-9e31-86f6866ec54e.f59b7.json
ShowWelcomeEveryDayTrait,textures/AutoAtlas,cc.SpriteAtlas,d58933f2-921f-4cb6-a2fb-b1f79bbd7c74,assets\ShowWelcomeEveryDayTrait\import\d5\d58933f2-921f-4cb6-a2fb-b1f79bbd7c74.ca3af.json
ShowWelcomeEveryDayTrait,textures/main_dialogueBg_dn,cc.SpriteFrame,c85c32e8-ff93-4f74-9065-d5cfed68ca50,assets\ShowWelcomeEveryDayTrait\import\c8\c85c32e8-ff93-4f74-9065-d5cfed68ca50.609de.json
ShowWelcomeEveryDayTrait,textures/main_dialogueBg_up,cc.SpriteFrame,a34be7fe-463c-4100-b01c-28a36784734f,assets\ShowWelcomeEveryDayTrait\import\a3\a34be7fe-463c-4100-b01c-28a36784734f.325de.json
SkinChangeSettlementEffectTrait,materials/skinchangesettlement_mask_effect,cc.EffectAsset,4871b719-3da5-4e2d-8f4c-9d57469cf519,assets\SkinChangeSettlementEffectTrait\import\48\4871b719-3da5-4e2d-8f4c-9d57469cf519.eaad8.json
SkinChangeSettlementEffectTrait,materials/skinchangesettlement_mask_material,cc.Material,789fb283-0b58-4e21-8832-86827a84bc4d,assets\SkinChangeSettlementEffectTrait\import\78\789fb283-0b58-4e21-8832-86827a84bc4d.ce5aa.json
SkinChangeSettlementEffectTrait,prefabs/skinChangeSettlementEffect,cc.Prefab,7022b08a-ccba-4ae5-8edf-8f76d1a12981,assets\SkinChangeSettlementEffectTrait\import\70\7022b08a-ccba-4ae5-8edf-8f76d1a12981.6fb71.json
SkinChangeSettlementEffectTrait,textures/mask,cc.SpriteFrame,f71ea44d-a9dd-42f3-8b32-3b1a9586e960,assets\SkinChangeSettlementEffectTrait\import\f7\f71ea44d-a9dd-42f3-8b32-3b1a9586e960.cd335.json
SkinChangeSettlementEffectTrait,textures/mask,cc.Texture2D,112b3d97-1d25-4aeb-8650-81ddaec3d620,assets\SkinChangeSettlementEffectTrait\import\11\112b3d97-1d25-4aeb-8650-81ddaec3d620.7871f.json
SkinChangeSettlementEffectTrait,textures/result_bg_gameOver,cc.SpriteFrame,6053a2ae-8b5f-41dc-aa1c-6a9d4055637d,assets\SkinChangeSettlementEffectTrait\import\60\6053a2ae-8b5f-41dc-aa1c-6a9d4055637d.bc4ae.json
SkinChangeSettlementEffectTrait,textures/result_bg_gameOver,cc.Texture2D,950316e3-fba2-4060-8992-67109e103709,assets\SkinChangeSettlementEffectTrait\import\95\950316e3-fba2-4060-8992-67109e103709.7871f.json
SkinChangeSettlementEffectTrait,textures/result_bg_score,cc.SpriteFrame,d2f8e0d5-c69b-4d53-bb2f-8b876e44585b,assets\SkinChangeSettlementEffectTrait\import\d2\d2f8e0d5-c69b-4d53-bb2f-8b876e44585b.1aece.json
SkinChangeSettlementEffectTrait,textures/result_bg_score,cc.Texture2D,0e9bb2c9-732b-40aa-b7f1-214de3c984b1,assets\SkinChangeSettlementEffectTrait\import\0e\0e9bb2c9-732b-40aa-b7f1-214de3c984b1.7871f.json
SkinSwitchTrait,dragonbones/NewProject_1_ske,dragonBones.DragonBonesAsset,1e9004b1-1673-43be-861e-543989ead8b1,assets\SkinSwitchTrait\import\1e\1e9004b1-1673-43be-861e-543989ead8b1.1b2db.json
SkinSwitchTrait,dragonbones/NewProject_1_tex,cc.SpriteFrame,0c29242c-e8a9-4e52-a324-44202a399b9c,assets\SkinSwitchTrait\import\0c\0c29242c-e8a9-4e52-a324-44202a399b9c.0da9a.json
SkinSwitchTrait,dragonbones/NewProject_1_tex,cc.Texture2D,f86b33dd-c6ce-47e8-9652-0e72261e679b,assets\SkinSwitchTrait\import\f8\f86b33dd-c6ce-47e8-9652-0e72261e679b.7871f.json
SkinSwitchTrait,dragonbones/NewProject_1_tex,dragonBones.DragonBonesAtlasAsset,e101b342-19ff-4adb-b610-df9638232db8,assets\SkinSwitchTrait\import\e1\e101b342-19ff-4adb-b610-df9638232db8.86799.json
SkinSwitchTrait,dragonbones/NoName/set_entranceb_ske,dragonBones.DragonBonesAsset,b1982fa9-acbe-4c99-b0fa-54e5571e0041,assets\SkinSwitchTrait\import\b1\b1982fa9-acbe-4c99-b0fa-54e5571e0041.197b2.json
SkinSwitchTrait,dragonbones/NoName/set_entranceb_tex,cc.SpriteFrame,aaae5190-c5df-4a41-a0be-9ed263e9d69e,assets\SkinSwitchTrait\import\aa\aaae5190-c5df-4a41-a0be-9ed263e9d69e.e7a26.json
SkinSwitchTrait,dragonbones/NoName/set_entranceb_tex,cc.Texture2D,06979afb-05ba-41fe-a2c4-8dcbc18aadab,assets\SkinSwitchTrait\import\06\06979afb-05ba-41fe-a2c4-8dcbc18aadab.7871f.json
SkinSwitchTrait,dragonbones/NoName/set_entranceb_tex,dragonBones.DragonBonesAtlasAsset,eb29727a-d7c2-44d5-b907-1f1cda24205c,assets\SkinSwitchTrait\import\eb\eb29727a-d7c2-44d5-b907-1f1cda24205c.f406f.json
SkinSwitchTrait,dragonbones/set_entrance_ske,dragonBones.DragonBonesAsset,4efe3e6e-3f73-4160-ad2c-f46aa3397538,assets\SkinSwitchTrait\import\4e\4efe3e6e-3f73-4160-ad2c-f46aa3397538.0aa01.json
SkinSwitchTrait,dragonbones/set_entrance_tex,cc.SpriteFrame,0e3d1d00-bebb-4040-bf83-372f0842d330,assets\SkinSwitchTrait\import\0e\0e3d1d00-bebb-4040-bf83-372f0842d330.2c62b.json
SkinSwitchTrait,dragonbones/set_entrance_tex,cc.Texture2D,7d07210d-eae1-43c8-998e-1a288041bfa5,assets\SkinSwitchTrait\import\7d\7d07210d-eae1-43c8-998e-1a288041bfa5.7871f.json
SkinSwitchTrait,dragonbones/set_entrance_tex,dragonBones.DragonBonesAtlasAsset,aa22c2c4-f816-4813-9d42-8284433abc77,assets\SkinSwitchTrait\import\aa\aa22c2c4-f816-4813-9d42-8284433abc77.ed0d0.json
SkinSwitchTrait,prefabs/SkinShaderChangeSkinBtn,cc.Prefab,fb77e341-c202-436b-96b2-da838ef4bb9a,assets\SkinSwitchTrait\import\fb\fb77e341-c202-436b-96b2-da838ef4bb9a.c3fda.json
SkinSwitchTrait,prefabs/skinItem,cc.Prefab,83594d14-ba2a-4849-a755-5730512fc233,assets\SkinSwitchTrait\import\83\83594d14-ba2a-4849-a755-5730512fc233.59ceb.json
SkinSwitchTrait,prefabs/skinItemNoName,cc.Prefab,6493ab0d-177d-4419-aba5-df61d78207b5,assets\SkinSwitchTrait\import\64\6493ab0d-177d-4419-aba5-df61d78207b5.7e76f.json
SkinSwitchTrait,prefabs/skinListNode,cc.Prefab,d1ef9a14-6e33-4382-ab3d-664e7520f78c,assets\SkinSwitchTrait\import\d1\d1ef9a14-6e33-4382-ab3d-664e7520f78c.f6713.json
SkinSwitchTrait,prefabs/skinUpItem,cc.Prefab,018558c3-22c8-4e70-8703-f4764a207c3e,assets\SkinSwitchTrait\import\01\018558c3-22c8-4e70-8703-f4764a207c3e.e1186.json
SkinSwitchTrait,textures/Btn_Play_Yellow,cc.SpriteFrame,3adf5b44-5b93-4227-ac1f-b1051de0964b,assets\SkinSwitchTrait\import\3a\3adf5b44-5b93-4227-ac1f-b1051de0964b.7c210.json
SkinSwitchTrait,textures/Btn_Play_Yellow,cc.Texture2D,1a51fa8c-7dbc-4103-bcb5-8056a816fee7,assets\SkinSwitchTrait\import\1a\1a51fa8c-7dbc-4103-bcb5-8056a816fee7.7871f.json
SkinSwitchTrait,textures/gameplay_BtnClose,cc.SpriteFrame,ff7b1540-c5f5-40e2-a6ff-b6f9543c0ee4,assets\SkinSwitchTrait\import\ff\ff7b1540-c5f5-40e2-a6ff-b6f9543c0ee4.df4f8.json
SkinSwitchTrait,textures/gameplay_BtnClose,cc.Texture2D,3e164f73-a7c9-44aa-9be4-215c3455baec,assets\SkinSwitchTrait\import\3e\3e164f73-a7c9-44aa-9be4-215c3455baec.7871f.json
SkinSwitchTrait,textures/gameplay_Btn_Yellow1,cc.SpriteFrame,e25dd5ff-a548-4406-a8ed-572a1879d0e7,assets\SkinSwitchTrait\import\e2\e25dd5ff-a548-4406-a8ed-572a1879d0e7.7c52e.json
SkinSwitchTrait,textures/gameplay_Btn_Yellow1,cc.Texture2D,f8f77f6c-aad1-406e-9a3d-471fd7ca025b,assets\SkinSwitchTrait\import\f8\f8f77f6c-aad1-406e-9a3d-471fd7ca025b.7871f.json
SkinSwitchTrait,textures/gameplay_Btn_x,cc.SpriteFrame,9f337075-7b1c-4398-a6c1-7596a812b2c0,assets\SkinSwitchTrait\import\9f\9f337075-7b1c-4398-a6c1-7596a812b2c0.d94d9.json
SkinSwitchTrait,textures/gameplay_Btn_x,cc.Texture2D,ebebb32e-c745-4893-8109-d34cadea0db5,assets\SkinSwitchTrait\import\eb\ebebb32e-c745-4893-8109-d34cadea0db5.7871f.json
SkinSwitchTrait,textures/gameplay_Loading,cc.SpriteFrame,aece4286-a7ba-4f0e-9ca3-6fab20fb0758,assets\SkinSwitchTrait\import\ae\aece4286-a7ba-4f0e-9ca3-6fab20fb0758.e3bbc.json
SkinSwitchTrait,textures/gameplay_Loading,cc.Texture2D,52ba75df-e481-40d7-9de5-d8f971e0ea4a,assets\SkinSwitchTrait\import\52\52ba75df-e481-40d7-9de5-d8f971e0ea4a.7871f.json
SkinSwitchTrait,textures/gameplay_Loading2,cc.SpriteFrame,add59b78-3284-4c27-a1f0-3b566a534586,assets\SkinSwitchTrait\import\ad\add59b78-3284-4c27-a1f0-3b566a534586.69e2e.json
SkinSwitchTrait,textures/gameplay_Loading2,cc.Texture2D,4e142ac4-06cf-430e-8ae8-498690885af9,assets\SkinSwitchTrait\import\4e\4e142ac4-06cf-430e-8ae8-498690885af9.7871f.json
SkinSwitchTrait,textures/gameplay_Skin_icon,cc.SpriteFrame,b304ad16-2873-4e96-a65d-01410758b2a3,assets\SkinSwitchTrait\import\b3\b304ad16-2873-4e96-a65d-01410758b2a3.fa5d2.json
SkinSwitchTrait,textures/gameplay_Skin_icon,cc.Texture2D,d0071c81-8074-48cc-bbb7-1f711bab9f1a,assets\SkinSwitchTrait\import\d0\d0071c81-8074-48cc-bbb7-1f711bab9f1a.7871f.json
SkinSwitchTrait,textures/gameplay_btn_FB,cc.SpriteFrame,8604214a-dcc8-4cae-9081-ccfd582b0274,assets\SkinSwitchTrait\import\86\8604214a-dcc8-4cae-9081-ccfd582b0274.61958.json
SkinSwitchTrait,textures/gameplay_btn_FB,cc.Texture2D,c60cdc24-9a72-423b-81e3-c6fe153387f7,assets\SkinSwitchTrait\import\c6\c60cdc24-9a72-423b-81e3-c6fe153387f7.7871f.json
SkinSwitchTrait,textures/gameplay_btn_Tiktok,cc.SpriteFrame,a27311bf-7301-4d99-ab5c-64805f42d293,assets\SkinSwitchTrait\import\a2\a27311bf-7301-4d99-ab5c-64805f42d293.5db72.json
SkinSwitchTrait,textures/gameplay_btn_Tiktok,cc.Texture2D,62855c17-5908-41b1-816e-0a6c89c922bb,assets\SkinSwitchTrait\import\62\62855c17-5908-41b1-816e-0a6c89c922bb.7871f.json
SkinSwitchTrait,textures/gameplay_btn_youtube,cc.SpriteFrame,71bd97b4-5c08-4020-af7a-de8793590b69,assets\SkinSwitchTrait\import\71\71bd97b4-5c08-4020-af7a-de8793590b69.a9bc7.json
SkinSwitchTrait,textures/gameplay_btn_youtube,cc.Texture2D,2f8ffd11-3714-420d-b81b-d35224e8c45d,assets\SkinSwitchTrait\import\2f\2f8ffd11-3714-420d-b81b-d35224e8c45d.7871f.json
SkinSwitchTrait,textures/gameplay_color_bg1,cc.SpriteFrame,dfbb9a2e-41a9-4bce-867e-dec83b0bf24f,assets\SkinSwitchTrait\import\df\dfbb9a2e-41a9-4bce-867e-dec83b0bf24f.ecd12.json
SkinSwitchTrait,textures/gameplay_color_bg1,cc.Texture2D,30d31a8d-add8-49a9-8143-f15c7dae0a66,assets\SkinSwitchTrait\import\30\30d31a8d-add8-49a9-8143-f15c7dae0a66.7871f.json
SkinSwitchTrait,textures/gameplay_img_Title,cc.SpriteFrame,0241fad2-5907-43a7-86ba-172a3b12b405,assets\SkinSwitchTrait\import\02\0241fad2-5907-43a7-86ba-172a3b12b405.d229a.json
SkinSwitchTrait,textures/gameplay_img_Title,cc.Texture2D,6264d7ac-d132-4ddd-9cfc-248c863b1caf,assets\SkinSwitchTrait\import\62\6264d7ac-d132-4ddd-9cfc-248c863b1caf.7871f.json
SkinSwitchTrait,textures/gameplay_img_bg1,cc.SpriteFrame,8b0f710e-95c5-43f1-9665-b81509dcb240,assets\SkinSwitchTrait\import\8b\8b0f710e-95c5-43f1-9665-b81509dcb240.5a719.json
SkinSwitchTrait,textures/gameplay_img_bg1,cc.Texture2D,e66549eb-72fa-42ed-89e2-becd7ccfff3c,assets\SkinSwitchTrait\import\e6\e66549eb-72fa-42ed-89e2-becd7ccfff3c.7871f.json
SkinSwitchTrait,textures/gameplay_img_bg2,cc.SpriteFrame,af312331-6e97-47e6-a0a5-8beaf3cf2fe8,assets\SkinSwitchTrait\import\af\af312331-6e97-47e6-a0a5-8beaf3cf2fe8.bc77a.json
SkinSwitchTrait,textures/gameplay_img_bg2,cc.Texture2D,8268ba6f-4441-4d07-a656-72dddcdd8d36,assets\SkinSwitchTrait\import\82\8268ba6f-4441-4d07-a656-72dddcdd8d36.7871f.json
SkinSwitchTrait,textures/gameplay_img_check,cc.SpriteFrame,2146cf87-cda1-40aa-abe0-57e15c9267be,assets\SkinSwitchTrait\import\21\2146cf87-cda1-40aa-abe0-57e15c9267be.94a07.json
SkinSwitchTrait,textures/gameplay_img_check,cc.Texture2D,2a678f91-2ee1-4dd5-865c-9a257f707499,assets\SkinSwitchTrait\import\2a\2a678f91-2ee1-4dd5-865c-9a257f707499.7871f.json
SkinSwitchTrait,textures/gameplay_img_check1,cc.SpriteFrame,bc4e80ab-c701-455a-8d41-9d8130f7cbd4,assets\SkinSwitchTrait\import\bc\bc4e80ab-c701-455a-8d41-9d8130f7cbd4.e82b7.json
SkinSwitchTrait,textures/gameplay_img_check1,cc.Texture2D,0f52404f-c8bd-4556-838b-cea5b931b014,assets\SkinSwitchTrait\import\0f\0f52404f-c8bd-4556-838b-cea5b931b014.7871f.json
SkinSwitchTrait,textures/gameplay_img_check2,cc.SpriteFrame,8bdc5b2c-dd95-4608-9729-5a52bc4e301a,assets\SkinSwitchTrait\import\8b\8bdc5b2c-dd95-4608-9729-5a52bc4e301a.64f8c.json
SkinSwitchTrait,textures/gameplay_img_check2,cc.Texture2D,83d1691a-c4e1-46a4-9d47-f4cfb7c6ee52,assets\SkinSwitchTrait\import\83\83d1691a-c4e1-46a4-9d47-f4cfb7c6ee52.7871f.json
SkinSwitchTrait,textures/gameplay_img_lock,cc.SpriteFrame,5bed4021-67a4-454d-b934-4ee66c2b23d4,assets\SkinSwitchTrait\import\5b\5bed4021-67a4-454d-b934-4ee66c2b23d4.0e6f6.json
SkinSwitchTrait,textures/gameplay_img_lock,cc.Texture2D,bdc1e281-4f4a-4eaa-98a7-59e1a119b308,assets\SkinSwitchTrait\import\bd\bdc1e281-4f4a-4eaa-98a7-59e1a119b308.7871f.json
SkinSwitchTrait,textures/gameplay_img_new1,cc.SpriteFrame,cba85425-df51-40f2-b42e-e154355d4fd9,assets\SkinSwitchTrait\import\cb\cba85425-df51-40f2-b42e-e154355d4fd9.7fc51.json
SkinSwitchTrait,textures/gameplay_img_new1,cc.Texture2D,e00ff7cd-13b3-4deb-87d0-e6b1cb621107,assets\SkinSwitchTrait\import\e0\e00ff7cd-13b3-4deb-87d0-e6b1cb621107.7871f.json
SkinSwitchTrait,textures/gameplay_img_new2,cc.SpriteFrame,b9a13f1d-f77e-48e9-89ef-34d73ec211ee,assets\SkinSwitchTrait\import\b9\b9a13f1d-f77e-48e9-89ef-34d73ec211ee.04248.json
SkinSwitchTrait,textures/gameplay_img_new2,cc.Texture2D,a9ad5186-0007-4fad-821b-5da895746c43,assets\SkinSwitchTrait\import\a9\a9ad5186-0007-4fad-821b-5da895746c43.7871f.json
SkinSwitchTrait,textures/gameplay_img_txt1,cc.SpriteFrame,8ae0e601-ac82-497c-b5ec-a119cea953b9,assets\SkinSwitchTrait\import\8a\8ae0e601-ac82-497c-b5ec-a119cea953b9.c88a2.json
SkinSwitchTrait,textures/gameplay_img_txt1,cc.Texture2D,a8f92bba-dd8c-4958-8044-a4bc973a6358,assets\SkinSwitchTrait\import\a8\a8f92bba-dd8c-4958-8044-a4bc973a6358.7871f.json
SkinSwitchTrait,textures/gameplay_img_txt2,cc.SpriteFrame,e24d725a-f018-4fab-84db-1f71b3084af0,assets\SkinSwitchTrait\import\e2\e24d725a-f018-4fab-84db-1f71b3084af0.bf8bd.json
SkinSwitchTrait,textures/gameplay_img_txt2,cc.Texture2D,40071dc5-790c-479f-9363-45df56c0a8a1,assets\SkinSwitchTrait\import\40\40071dc5-790c-479f-9363-45df56c0a8a1.7871f.json
SkinSwitchTrait,textures/imgNoName/gameplay_img_check,cc.SpriteFrame,9b6d5bec-6e49-48bf-bcdd-346f40dc3b9d,assets\SkinSwitchTrait\import\9b\9b6d5bec-6e49-48bf-bcdd-346f40dc3b9d.21624.json
SkinSwitchTrait,textures/imgNoName/gameplay_img_check,cc.Texture2D,5062f2ac-b6bb-4df5-8b73-15789e8e7302,assets\SkinSwitchTrait\import\50\5062f2ac-b6bb-4df5-8b73-15789e8e7302.7871f.json
SkinSwitchTrait,textures/imgNoName/gameplay_img_lock,cc.SpriteFrame,a85c7889-d933-4dd0-bf1a-3ebd6c21f31e,assets\SkinSwitchTrait\import\a8\a85c7889-d933-4dd0-bf1a-3ebd6c21f31e.74ebc.json
SkinSwitchTrait,textures/imgNoName/gameplay_img_lock,cc.Texture2D,96d404ba-14cb-4259-bfdb-527a901a502f,assets\SkinSwitchTrait\import\96\96d404ba-14cb-4259-bfdb-527a901a502f.7871f.json
SkinSwitchTrait,textures/skin/iconName1,cc.SpriteAtlas,6d391d32-0623-40f4-aa5f-f688c1c87e88,assets\SkinSwitchTrait\import\6d\6d391d32-0623-40f4-aa5f-f688c1c87e88.e6116.json
SkinSwitchTrait,textures/skin/iconName1,cc.Texture2D,55f6bf01-15dc-4b44-a2ab-0d6ce575e909,assets\SkinSwitchTrait\import\55\55f6bf01-15dc-4b44-a2ab-0d6ce575e909.7871f.json
SkinSwitchTrait,textures/skin/iconName2,cc.SpriteAtlas,63aff668-547a-4342-a480-0a9c6d9ad791,assets\SkinSwitchTrait\import\63\63aff668-547a-4342-a480-0a9c6d9ad791.8bcbf.json
SkinSwitchTrait,textures/skin/iconName2,cc.Texture2D,c18b0fb7-dc9a-443e-a5ee-3fb05e8d5d82,assets\SkinSwitchTrait\import\c1\c18b0fb7-dc9a-443e-a5ee-3fb05e8d5d82.7871f.json
SkinSwitchTrait,textures/skin/iconNoName1,cc.SpriteAtlas,58859feb-0dc0-4533-88b6-eced7a95be79,assets\SkinSwitchTrait\import\58\58859feb-0dc0-4533-88b6-eced7a95be79.e4065.json
SkinSwitchTrait,textures/skin/iconNoName1,cc.Texture2D,4b03c879-6e4a-4d07-8022-d363583a5add,assets\SkinSwitchTrait\import\4b\4b03c879-6e4a-4d07-8022-d363583a5add.7871f.json
SkinSwitchTrait,textures/skin/iconNoName2,cc.SpriteAtlas,4e8829e3-eb3a-4403-9440-e3344a224e6f,assets\SkinSwitchTrait\import\4e\4e8829e3-eb3a-4403-9440-e3344a224e6f.ae1a8.json
SkinSwitchTrait,textures/skin/iconNoName2,cc.Texture2D,07314ee7-91d0-4b39-bf39-816438c8870d,assets\SkinSwitchTrait\import\07\07314ee7-91d0-4b39-bf39-816438c8870d.7871f.json
SkinUGCTrait,config/ugc_color_template,cc.JsonAsset,2bd70f65-75e4-49f9-8ea6-e3fc20245306,assets\SkinUGCTrait\import\2b\2bd70f65-75e4-49f9-8ea6-e3fc20245306.c20bd.json
SkinUGCTrait,config/ugc_colors,cc.JsonAsset,013a36e3-e7ca-48b3-b54b-90f318b66777,assets\SkinUGCTrait\import\01\013a36e3-e7ca-48b3-b54b-90f318b66777.2916a.json
SkinUGCTrait,prefabs/ColorTools,cc.Prefab,5bf96276-8d3c-4c14-968f-c52819e9cf67,assets\SkinUGCTrait\import\5b\5bf96276-8d3c-4c14-968f-c52819e9cf67.e8074.json
SkinUGCTrait,prefabs/SkinUGCBtn,cc.Prefab,1ba9906b-e577-48ea-aff8-3ce6493e34e5,assets\SkinUGCTrait\import\1b\1ba9906b-e577-48ea-aff8-3ce6493e34e5.d4f8f.json
SkinUGCTrait,prefabs/SkinUGCDelete,cc.Prefab,2dd9861d-fdbd-4b0c-876d-48434fd11a18,assets\SkinUGCTrait\import\2d\2dd9861d-fdbd-4b0c-876d-48434fd11a18.e6974.json
SkinUGCTrait,prefabs/SkinUGCEdit,cc.Prefab,a306be1f-8791-424b-a73a-0f93148a3f7c,assets\SkinUGCTrait\import\a3\a306be1f-8791-424b-a73a-0f93148a3f7c.bf8be.json
SkinUGCTrait,prefabs/SkinUGCItem,cc.Prefab,88055a29-81c9-4a06-8026-0ac8e50480ff,assets\SkinUGCTrait\import\88\88055a29-81c9-4a06-8026-0ac8e50480ff.69d42.json
SkinUGCTrait,prefabs/SkinUGCList,cc.Prefab,e4a1afba-eb66-41a6-a3d5-c4c38a5dc282,assets\SkinUGCTrait\import\e4\e4a1afba-eb66-41a6-a3d5-c4c38a5dc282.224eb.json
SkinUGCTrait,textures/gameplay_edit_btn_add,cc.SpriteFrame,1afcead4-5a53-45b2-8657-3537b9304661,assets\SkinUGCTrait\import\1a\1afcead4-5a53-45b2-8657-3537b9304661.fd1be.json
SkinUGCTrait,textures/gameplay_edit_btn_add,cc.Texture2D,ef41f593-31bc-4248-a3aa-da5b671d3e02,assets\SkinUGCTrait\import\ef\ef41f593-31bc-4248-a3aa-da5b671d3e02.7871f.json
SkinUGCTrait,textures/gameplay_edit_btn_close,cc.SpriteFrame,b7461bc8-d131-49bd-9233-9e57c24b4d1e,assets\SkinUGCTrait\import\b7\b7461bc8-d131-49bd-9233-9e57c24b4d1e.c6cfa.json
SkinUGCTrait,textures/gameplay_edit_btn_close,cc.Texture2D,f6dec21e-4beb-49f8-9070-6fbb08440264,assets\SkinUGCTrait\import\f6\f6dec21e-4beb-49f8-9070-6fbb08440264.7871f.json
SkinUGCTrait,textures/gameplay_edit_color,cc.SpriteFrame,3da3d115-76a8-430f-8308-8fa26d41c390,assets\SkinUGCTrait\import\3d\3da3d115-76a8-430f-8308-8fa26d41c390.863cc.json
SkinUGCTrait,textures/gameplay_edit_color,cc.Texture2D,5005a41e-7d55-458e-861a-5aacb42dba08,assets\SkinUGCTrait\import\50\5005a41e-7d55-458e-861a-5aacb42dba08.7871f.json
SkinUGCTrait,textures/gameplay_edit_img_white,cc.SpriteFrame,f62c8079-444c-472f-b6b8-4f98957517ab,assets\SkinUGCTrait\import\f6\f62c8079-444c-472f-b6b8-4f98957517ab.72016.json
SkinUGCTrait,textures/gameplay_edit_img_white,cc.Texture2D,f0a2ae85-9f6e-425d-99ce-750fda72a0fa,assets\SkinUGCTrait\import\f0\f0a2ae85-9f6e-425d-99ce-750fda72a0fa.91de0.json
SkinUGCTrait,textures/ugc,cc.SpriteAtlas,a2615478-e6cd-486c-a01a-a71f81a293ed,assets\SkinUGCTrait\import\a2\a2615478-e6cd-486c-a01a-a71f81a293ed.e2657.json
SkinUGCTrait,textures/ugc,cc.Texture2D,d40abd6b-69ae-45d8-ab95-be935e11739d,assets\SkinUGCTrait\import\d4\d40abd6b-69ae-45d8-ab95-be935e11739d.7871f.json
SolveDiffProblemEncourageTrait,anim/gameplay_ohgenius_ske,dragonBones.DragonBonesAsset,637e8b0b-27d4-498b-83eb-46e7df09477b,assets\SolveDiffProblemEncourageTrait\import\63\637e8b0b-27d4-498b-83eb-46e7df09477b.caa64.json
SolveDiffProblemEncourageTrait,anim/gameplay_ohgenius_tex,cc.SpriteFrame,f11e06aa-53b5-47cc-93e6-599b680978f2,assets\SolveDiffProblemEncourageTrait\import\f1\f11e06aa-53b5-47cc-93e6-599b680978f2.49ecd.json
SolveDiffProblemEncourageTrait,anim/gameplay_ohgenius_tex,cc.Texture2D,48deb975-c34d-4c8e-967b-ad1230a190f6,assets\SolveDiffProblemEncourageTrait\import\48\48deb975-c34d-4c8e-967b-ad1230a190f6.7871f.json
SolveDiffProblemEncourageTrait,anim/gameplay_ohgenius_tex,dragonBones.DragonBonesAtlasAsset,beca3e1c-c14b-4c90-b5f9-d0b8801b8ad1,assets\SolveDiffProblemEncourageTrait\import\be\beca3e1c-c14b-4c90-b5f9-d0b8801b8ad1.74720.json
SwipeUpToContinueTrait,prefabs/SwipeUpToContinue,cc.Prefab,c5aeddeb-9466-43ea-85e8-cd75f90627ea,assets\SwipeUpToContinueTrait\import\c5\c5aeddeb-9466-43ea-85e8-cd75f90627ea.ee190.json
SwipeUpToContinueTrait,textures/arrows1,cc.SpriteFrame,b6295832-8b84-41c6-88bf-c81bca43693c,assets\SwipeUpToContinueTrait\import\b6\b6295832-8b84-41c6-88bf-c81bca43693c.6113f.json
SwipeUpToContinueTrait,textures/arrows1,cc.Texture2D,4451c982-b1fd-4daa-9295-cc5e0d2f4ec4,assets\SwipeUpToContinueTrait\import\44\4451c982-b1fd-4daa-9295-cc5e0d2f4ec4.7871f.json
SwipeUpToContinueTrait,textures/arrows2,cc.SpriteFrame,66a2d8f2-1df1-4cd2-afd3-fdce58b3cfd2,assets\SwipeUpToContinueTrait\import\66\66a2d8f2-1df1-4cd2-afd3-fdce58b3cfd2.5c78b.json
SwipeUpToContinueTrait,textures/arrows2,cc.Texture2D,4d250a02-8c54-43e7-993b-fb3bf71a3502,assets\SwipeUpToContinueTrait\import\4d\4d250a02-8c54-43e7-993b-fb3bf71a3502.7871f.json
SwipeUpToContinueTrait,textures/swipe up to continue,cc.SpriteFrame,13cd904d-d7b5-4fb7-88a9-0c22e5dbb100,assets\SwipeUpToContinueTrait\import\13\13cd904d-d7b5-4fb7-88a9-0c22e5dbb100.1223f.json
SwipeUpToContinueTrait,textures/swipe up to continue,cc.Texture2D,1eb04090-e1ca-4d6d-b626-adb594fbebe4,assets\SwipeUpToContinueTrait\import\1e\1eb04090-e1ca-4d6d-b626-adb594fbebe4.7871f.json
SwitchingSkinNameMotivationalWordTrait,README,cc.TextAsset,f32bd095-260c-435c-b0b4-c64a36c5980b,assets\SwitchingSkinNameMotivationalWordTrait\import\f3\f32bd095-260c-435c-b0b4-c64a36c5980b.4c7c6.json
SwitchingSkinNameMotivationalWordTrait,json/skinEncourage,cc.JsonAsset,52856a60-ebf6-4224-8b33-c724c26b7407,assets\SwitchingSkinNameMotivationalWordTrait\import\52\52856a60-ebf6-4224-8b33-c724c26b7407.74465.json
SwitchingSkinNameMotivationalWordTrait,prefabs/SwitchingSkinNameEncourage,cc.Prefab,9ac31e4d-17f8-4dc3-b3da-cd8e6d128249,assets\SwitchingSkinNameMotivationalWordTrait\import\9a\9ac31e4d-17f8-4dc3-b3da-cd8e6d128249.aa089.json
SwitchingSkinNameMotivationalWordTrait,textures/1000/gameplay_skinname_1000,cc.SpriteFrame,06ab82bd-80b0-4dd1-aa66-da536d2294da,assets\SwitchingSkinNameMotivationalWordTrait\import\06\06ab82bd-80b0-4dd1-aa66-da536d2294da.d5b64.json
SwitchingSkinNameMotivationalWordTrait,textures/1000/gameplay_skinname_1000,cc.Texture2D,ca646347-315c-43c0-bf0f-dc7cc826aba2,assets\SwitchingSkinNameMotivationalWordTrait\import\ca\ca646347-315c-43c0-bf0f-dc7cc826aba2.7871f.json
SwitchingSkinNameMotivationalWordTrait,textures/1000/gameplay_skinname_bg_1000,cc.SpriteFrame,a72ccddf-985e-4bc4-b4f9-68036e9144b9,assets\SwitchingSkinNameMotivationalWordTrait\import\a7\a72ccddf-985e-4bc4-b4f9-68036e9144b9.a8312.json
SwitchingSkinNameMotivationalWordTrait,textures/1000/gameplay_skinname_bg_1000,cc.Texture2D,e09c2140-980c-4ffa-a68f-f575a6f39df7,assets\SwitchingSkinNameMotivationalWordTrait\import\e0\e09c2140-980c-4ffa-a68f-f575a6f39df7.7871f.json
SwitchingSkinNameMotivationalWordTrait,textures/1001/gameplay_skinname_1001,cc.SpriteFrame,e6750c7b-b08b-4803-b5e2-ce5b73ac8d00,assets\SwitchingSkinNameMotivationalWordTrait\import\e6\e6750c7b-b08b-4803-b5e2-ce5b73ac8d00.10d0a.json
SwitchingSkinNameMotivationalWordTrait,textures/1001/gameplay_skinname_1001,cc.Texture2D,5342ae0d-8410-4745-96ec-aa723b750683,assets\SwitchingSkinNameMotivationalWordTrait\import\53\5342ae0d-8410-4745-96ec-aa723b750683.7871f.json
SwitchingSkinNameMotivationalWordTrait,textures/1001/gameplay_skinname_bg_1001,cc.SpriteFrame,1f6da6df-8b8e-4c29-9662-12dba857dfce,assets\SwitchingSkinNameMotivationalWordTrait\import\1f\1f6da6df-8b8e-4c29-9662-12dba857dfce.795a8.json
SwitchingSkinNameMotivationalWordTrait,textures/1001/gameplay_skinname_bg_1001,cc.Texture2D,843d6cf8-31e3-4bcf-bf4b-7eee88f2a87d,assets\SwitchingSkinNameMotivationalWordTrait\import\84\843d6cf8-31e3-4bcf-bf4b-7eee88f2a87d.7871f.json
SwitchingSkinNameMotivationalWordTrait,textures/1002/gameplay_skinname_1002,cc.SpriteFrame,bd8957b1-f45f-40f8-9544-8bc36edd8a60,assets\SwitchingSkinNameMotivationalWordTrait\import\bd\bd8957b1-f45f-40f8-9544-8bc36edd8a60.5e67a.json
SwitchingSkinNameMotivationalWordTrait,textures/1002/gameplay_skinname_1002,cc.Texture2D,18ac785b-84e9-4d0a-ae90-e641edc4b296,assets\SwitchingSkinNameMotivationalWordTrait\import\18\18ac785b-84e9-4d0a-ae90-e641edc4b296.7871f.json
SwitchingSkinNameMotivationalWordTrait,textures/1002/gameplay_skinname_bg_1002,cc.SpriteFrame,34c55552-e9c1-4679-bb54-00846fb28ffc,assets\SwitchingSkinNameMotivationalWordTrait\import\34\34c55552-e9c1-4679-bb54-00846fb28ffc.ccfc7.json
SwitchingSkinNameMotivationalWordTrait,textures/1002/gameplay_skinname_bg_1002,cc.Texture2D,3f4349cb-5387-4d42-903f-a2aba3094429,assets\SwitchingSkinNameMotivationalWordTrait\import\3f\3f4349cb-5387-4d42-903f-a2aba3094429.7871f.json
SwitchingSkinNameMotivationalWordTrait,textures/1003/gameplay_skinname_1003,cc.SpriteFrame,de6e8340-b39f-4996-b0a1-74ae1f6f0834,assets\SwitchingSkinNameMotivationalWordTrait\import\de\de6e8340-b39f-4996-b0a1-74ae1f6f0834.287d2.json
SwitchingSkinNameMotivationalWordTrait,textures/1003/gameplay_skinname_1003,cc.Texture2D,c5ed1863-2fbc-4d4e-b45a-c15d35dfc6c1,assets\SwitchingSkinNameMotivationalWordTrait\import\c5\c5ed1863-2fbc-4d4e-b45a-c15d35dfc6c1.7871f.json
SwitchingSkinNameMotivationalWordTrait,textures/1003/gameplay_skinname_bg_1003,cc.SpriteFrame,8f373702-b3a5-4e88-b720-5bedd4f94c19,assets\SwitchingSkinNameMotivationalWordTrait\import\8f\8f373702-b3a5-4e88-b720-5bedd4f94c19.27c16.json
SwitchingSkinNameMotivationalWordTrait,textures/1003/gameplay_skinname_bg_1003,cc.Texture2D,a477b4f9-2b5a-4eb5-afa2-63dc51f410b7,assets\SwitchingSkinNameMotivationalWordTrait\import\a4\a477b4f9-2b5a-4eb5-afa2-63dc51f410b7.7871f.json
SwitchingSkinNameMotivationalWordTrait,textures/1004/gameplay_skinname_1004,cc.SpriteFrame,42468a20-e51e-49c9-bf92-22594e55a6a9,assets\SwitchingSkinNameMotivationalWordTrait\import\42\42468a20-e51e-49c9-bf92-22594e55a6a9.80e91.json
SwitchingSkinNameMotivationalWordTrait,textures/1004/gameplay_skinname_1004,cc.Texture2D,f5159b93-e9c5-4185-bd10-f2ef775afd62,assets\SwitchingSkinNameMotivationalWordTrait\import\f5\f5159b93-e9c5-4185-bd10-f2ef775afd62.7871f.json
SwitchingSkinNameMotivationalWordTrait,textures/1004/gameplay_skinname_bg_1004,cc.SpriteFrame,a6a174cd-da3f-46c9-b6d4-4ca50802f60c,assets\SwitchingSkinNameMotivationalWordTrait\import\a6\a6a174cd-da3f-46c9-b6d4-4ca50802f60c.e16e1.json
SwitchingSkinNameMotivationalWordTrait,textures/1004/gameplay_skinname_bg_1004,cc.Texture2D,62486314-b3d1-4a8d-be76-d71bbe520967,assets\SwitchingSkinNameMotivationalWordTrait\import\62\62486314-b3d1-4a8d-be76-d71bbe520967.7871f.json
SwitchingSkinNameMotivationalWordTrait,textures/1005/gameplay_skinname_1005,cc.SpriteFrame,5168f712-0a4e-4fd0-8e54-a322f680ca0b,assets\SwitchingSkinNameMotivationalWordTrait\import\51\5168f712-0a4e-4fd0-8e54-a322f680ca0b.cd1cd.json
SwitchingSkinNameMotivationalWordTrait,textures/1005/gameplay_skinname_1005,cc.Texture2D,e0177b2e-92d3-49b1-8e08-b45d1157438f,assets\SwitchingSkinNameMotivationalWordTrait\import\e0\e0177b2e-92d3-49b1-8e08-b45d1157438f.7871f.json
SwitchingSkinNameMotivationalWordTrait,textures/1005/gameplay_skinname_bg_1005,cc.SpriteFrame,ba99ac82-a4bd-4073-b1ab-dfaca67d5e64,assets\SwitchingSkinNameMotivationalWordTrait\import\ba\ba99ac82-a4bd-4073-b1ab-dfaca67d5e64.afc50.json
SwitchingSkinNameMotivationalWordTrait,textures/1005/gameplay_skinname_bg_1005,cc.Texture2D,c5370447-6664-4b87-93ec-41ff93942742,assets\SwitchingSkinNameMotivationalWordTrait\import\c5\c5370447-6664-4b87-93ec-41ff93942742.7871f.json
SwitchingSkinNameMotivationalWordTrait,textures/1006/gameplay_skinname_1006,cc.SpriteFrame,260c121c-6510-47a8-b467-5c8a2bcb3926,assets\SwitchingSkinNameMotivationalWordTrait\import\26\260c121c-6510-47a8-b467-5c8a2bcb3926.c21eb.json
SwitchingSkinNameMotivationalWordTrait,textures/1006/gameplay_skinname_1006,cc.Texture2D,8e6773a4-4c6c-413a-931a-1d1a288bca82,assets\SwitchingSkinNameMotivationalWordTrait\import\8e\8e6773a4-4c6c-413a-931a-1d1a288bca82.7871f.json
SwitchingSkinNameMotivationalWordTrait,textures/1006/gameplay_skinname_bg_1006,cc.SpriteFrame,d260fe3f-d4fc-4605-8694-aea59fdb102e,assets\SwitchingSkinNameMotivationalWordTrait\import\d2\d260fe3f-d4fc-4605-8694-aea59fdb102e.40970.json
SwitchingSkinNameMotivationalWordTrait,textures/1006/gameplay_skinname_bg_1006,cc.Texture2D,e5d019f2-c04e-4860-ba35-b1c9c55d739d,assets\SwitchingSkinNameMotivationalWordTrait\import\e5\e5d019f2-c04e-4860-ba35-b1c9c55d739d.7871f.json
SwitchingSkinNameMotivationalWordTrait,textures/1007/gameplay_skinname_1007,cc.SpriteFrame,d389c105-d9b8-4192-8c9b-538261089191,assets\SwitchingSkinNameMotivationalWordTrait\import\d3\d389c105-d9b8-4192-8c9b-538261089191.ac507.json
SwitchingSkinNameMotivationalWordTrait,textures/1007/gameplay_skinname_1007,cc.Texture2D,1de485f1-874e-457d-b616-8a15fffd4a91,assets\SwitchingSkinNameMotivationalWordTrait\import\1d\1de485f1-874e-457d-b616-8a15fffd4a91.7871f.json
SwitchingSkinNameMotivationalWordTrait,textures/1007/gameplay_skinname_bg_1007,cc.SpriteFrame,a15e8f7d-375b-4ee3-a221-5de02da27cb0,assets\SwitchingSkinNameMotivationalWordTrait\import\a1\a15e8f7d-375b-4ee3-a221-5de02da27cb0.c5d2d.json
SwitchingSkinNameMotivationalWordTrait,textures/1007/gameplay_skinname_bg_1007,cc.Texture2D,6a1510b7-71b6-4061-82f8-dd0816bb96cb,assets\SwitchingSkinNameMotivationalWordTrait\import\6a\6a1510b7-71b6-4061-82f8-dd0816bb96cb.7871f.json
SwitchingSkinNameMotivationalWordTrait,textures/1008/gameplay_skinname_1008,cc.SpriteFrame,153b3e6e-7c6a-43b9-9f02-d8b87b4299c8,assets\SwitchingSkinNameMotivationalWordTrait\import\15\153b3e6e-7c6a-43b9-9f02-d8b87b4299c8.09c0a.json
SwitchingSkinNameMotivationalWordTrait,textures/1008/gameplay_skinname_1008,cc.Texture2D,1991c2ef-7c69-4d57-a293-da1dd2eb4516,assets\SwitchingSkinNameMotivationalWordTrait\import\19\1991c2ef-7c69-4d57-a293-da1dd2eb4516.7871f.json
SwitchingSkinNameMotivationalWordTrait,textures/1008/gameplay_skinname_bg_1008,cc.SpriteFrame,c4b8969a-55fc-4333-8008-3b3acf7d1a31,assets\SwitchingSkinNameMotivationalWordTrait\import\c4\c4b8969a-55fc-4333-8008-3b3acf7d1a31.4f008.json
SwitchingSkinNameMotivationalWordTrait,textures/1008/gameplay_skinname_bg_1008,cc.Texture2D,9d0ac438-d91b-45ae-8967-05f5f5d647a9,assets\SwitchingSkinNameMotivationalWordTrait\import\9d\9d0ac438-d91b-45ae-8967-05f5f5d647a9.7871f.json
SwitchingSkinNameMotivationalWordTrait,textures/1009/gameplay_skinname_1009,cc.SpriteFrame,76747710-da7b-48d7-ac00-5118eba900bc,assets\SwitchingSkinNameMotivationalWordTrait\import\76\76747710-da7b-48d7-ac00-5118eba900bc.aa227.json
SwitchingSkinNameMotivationalWordTrait,textures/1009/gameplay_skinname_1009,cc.Texture2D,50f22748-8428-4807-a108-9e4425d23260,assets\SwitchingSkinNameMotivationalWordTrait\import\50\50f22748-8428-4807-a108-9e4425d23260.7871f.json
SwitchingSkinNameMotivationalWordTrait,textures/1009/gameplay_skinname_bg_1009,cc.SpriteFrame,1718b6d1-c907-47a8-9b4b-5d4fdefe260f,assets\SwitchingSkinNameMotivationalWordTrait\import\17\1718b6d1-c907-47a8-9b4b-5d4fdefe260f.60462.json
SwitchingSkinNameMotivationalWordTrait,textures/1009/gameplay_skinname_bg_1009,cc.Texture2D,90363bac-7e5f-4e0b-bf25-f9302344bf84,assets\SwitchingSkinNameMotivationalWordTrait\import\90\90363bac-7e5f-4e0b-bf25-f9302344bf84.7871f.json
SwitchingSkinNameMotivationalWordTrait,textures/1010/gameplay_skinname_1010,cc.SpriteFrame,3e436cb8-f2a7-4af6-b763-c148ca86d6d6,assets\SwitchingSkinNameMotivationalWordTrait\import\3e\3e436cb8-f2a7-4af6-b763-c148ca86d6d6.da849.json
SwitchingSkinNameMotivationalWordTrait,textures/1010/gameplay_skinname_1010,cc.Texture2D,05919578-2521-404a-8e32-9ffeb9a73d51,assets\SwitchingSkinNameMotivationalWordTrait\import\05\05919578-2521-404a-8e32-9ffeb9a73d51.7871f.json
SwitchingSkinNameMotivationalWordTrait,textures/1010/gameplay_skinname_bg_1010,cc.SpriteFrame,b6afe76e-8cfb-4baa-bffc-256021756e62,assets\SwitchingSkinNameMotivationalWordTrait\import\b6\b6afe76e-8cfb-4baa-bffc-256021756e62.37707.json
SwitchingSkinNameMotivationalWordTrait,textures/1010/gameplay_skinname_bg_1010,cc.Texture2D,8ed5d1b8-6ff7-462f-8603-ec35362da222,assets\SwitchingSkinNameMotivationalWordTrait\import\8e\8ed5d1b8-6ff7-462f-8603-ec35362da222.7871f.json
SwitchingSkinNameMotivationalWordTrait,textures/1011/gameplay_skinname_1011,cc.SpriteFrame,02c105a8-edd6-447a-934b-a80b06a0549d,assets\SwitchingSkinNameMotivationalWordTrait\import\02\02c105a8-edd6-447a-934b-a80b06a0549d.6c071.json
SwitchingSkinNameMotivationalWordTrait,textures/1011/gameplay_skinname_1011,cc.Texture2D,eafaac65-7c3b-4c7b-a988-ca4b41ce4ec1,assets\SwitchingSkinNameMotivationalWordTrait\import\ea\eafaac65-7c3b-4c7b-a988-ca4b41ce4ec1.7871f.json
SwitchingSkinNameMotivationalWordTrait,textures/1011/gameplay_skinname_bg_1011,cc.SpriteFrame,3daca26b-d139-4ada-b034-207fbd4c1c0f,assets\SwitchingSkinNameMotivationalWordTrait\import\3d\3daca26b-d139-4ada-b034-207fbd4c1c0f.c6795.json
SwitchingSkinNameMotivationalWordTrait,textures/1011/gameplay_skinname_bg_1011,cc.Texture2D,68a7da83-e2a9-4039-bdcd-a72b20ede8ee,assets\SwitchingSkinNameMotivationalWordTrait\import\68\68a7da83-e2a9-4039-bdcd-a72b20ede8ee.7871f.json
SwitchingSkinNameMotivationalWordTrait,textures/1012/gameplay_skinname_1012,cc.SpriteFrame,924c23cf-9b0b-4764-98d1-e649bab6b226,assets\SwitchingSkinNameMotivationalWordTrait\import\92\924c23cf-9b0b-4764-98d1-e649bab6b226.6c98a.json
SwitchingSkinNameMotivationalWordTrait,textures/1012/gameplay_skinname_1012,cc.Texture2D,1448f3ab-0266-4d0a-8c49-bdf0f965d522,assets\SwitchingSkinNameMotivationalWordTrait\import\14\1448f3ab-0266-4d0a-8c49-bdf0f965d522.7871f.json
SwitchingSkinNameMotivationalWordTrait,textures/1012/gameplay_skinname_bg_1012,cc.SpriteFrame,f8981fc9-2367-4c18-90a1-a2d015b938bd,assets\SwitchingSkinNameMotivationalWordTrait\import\f8\f8981fc9-2367-4c18-90a1-a2d015b938bd.3e105.json
SwitchingSkinNameMotivationalWordTrait,textures/1012/gameplay_skinname_bg_1012,cc.Texture2D,f6543f01-63dc-4756-9850-58bd34e3ba86,assets\SwitchingSkinNameMotivationalWordTrait\import\f6\f6543f01-63dc-4756-9850-58bd34e3ba86.7871f.json
SwitchingSkinNameMotivationalWordTrait,textures/1013/gameplay_skinname_1013,cc.SpriteFrame,8d36469e-516f-4f4c-b6ef-51334f56fd73,assets\SwitchingSkinNameMotivationalWordTrait\import\8d\8d36469e-516f-4f4c-b6ef-51334f56fd73.7c87a.json
SwitchingSkinNameMotivationalWordTrait,textures/1013/gameplay_skinname_1013,cc.Texture2D,eec3df29-43ae-4e56-bf1b-418061e8ba14,assets\SwitchingSkinNameMotivationalWordTrait\import\ee\eec3df29-43ae-4e56-bf1b-418061e8ba14.7871f.json
SwitchingSkinNameMotivationalWordTrait,textures/1013/gameplay_skinname_bg_1013,cc.SpriteFrame,10a8244d-05aa-4ac3-bcc3-83faf4dd7c1b,assets\SwitchingSkinNameMotivationalWordTrait\import\10\10a8244d-05aa-4ac3-bcc3-83faf4dd7c1b.569e2.json
SwitchingSkinNameMotivationalWordTrait,textures/1013/gameplay_skinname_bg_1013,cc.Texture2D,36149e87-b62c-4e5a-89ed-f37d7a15f4b6,assets\SwitchingSkinNameMotivationalWordTrait\import\36\36149e87-b62c-4e5a-89ed-f37d7a15f4b6.7871f.json
SwitchingSkinNameMotivationalWordTrait,textures/1014/gameplay_skinname_1014,cc.SpriteFrame,95e946f3-0f2d-4566-baf1-3643db13284d,assets\SwitchingSkinNameMotivationalWordTrait\import\95\95e946f3-0f2d-4566-baf1-3643db13284d.44e92.json
SwitchingSkinNameMotivationalWordTrait,textures/1014/gameplay_skinname_1014,cc.Texture2D,fa71ad2d-5e66-4642-b32c-83f5be2a7cfa,assets\SwitchingSkinNameMotivationalWordTrait\import\fa\fa71ad2d-5e66-4642-b32c-83f5be2a7cfa.7871f.json
SwitchingSkinNameMotivationalWordTrait,textures/1014/gameplay_skinname_bg_1014,cc.SpriteFrame,bc597bc0-c621-49f0-b4fc-e928be6e9c0a,assets\SwitchingSkinNameMotivationalWordTrait\import\bc\bc597bc0-c621-49f0-b4fc-e928be6e9c0a.f0d9b.json
SwitchingSkinNameMotivationalWordTrait,textures/1014/gameplay_skinname_bg_1014,cc.Texture2D,c5762b67-773b-45b7-aadd-36b03724034e,assets\SwitchingSkinNameMotivationalWordTrait\import\c5\c5762b67-773b-45b7-aadd-36b03724034e.7871f.json
SwitchingSkinNameMotivationalWordTrait,textures/1015/gameplay_skinname_1015,cc.SpriteFrame,5aa92d15-8261-4e85-8580-399079856d69,assets\SwitchingSkinNameMotivationalWordTrait\import\5a\5aa92d15-8261-4e85-8580-399079856d69.c8e58.json
SwitchingSkinNameMotivationalWordTrait,textures/1015/gameplay_skinname_1015,cc.Texture2D,0ac67afe-d8bb-4f72-95a1-dedfd09e5b6d,assets\SwitchingSkinNameMotivationalWordTrait\import\0a\0ac67afe-d8bb-4f72-95a1-dedfd09e5b6d.7871f.json
SwitchingSkinNameMotivationalWordTrait,textures/1015/gameplay_skinname_bg_1015,cc.SpriteFrame,7c9a155c-68ba-4a45-8a98-5900308ef4b0,assets\SwitchingSkinNameMotivationalWordTrait\import\7c\7c9a155c-68ba-4a45-8a98-5900308ef4b0.95da9.json
SwitchingSkinNameMotivationalWordTrait,textures/1015/gameplay_skinname_bg_1015,cc.Texture2D,b14531a0-dbb9-4b64-8891-5a5032eb00b5,assets\SwitchingSkinNameMotivationalWordTrait\import\b1\b14531a0-dbb9-4b64-8891-5a5032eb00b5.7871f.json
SwitchingSkinNameMotivationalWordTrait,textures/1016/gameplay_skinname_1016,cc.SpriteFrame,6158c1fc-f47d-4e99-97b9-f592b9ca4235,assets\SwitchingSkinNameMotivationalWordTrait\import\61\6158c1fc-f47d-4e99-97b9-f592b9ca4235.06bf9.json
SwitchingSkinNameMotivationalWordTrait,textures/1016/gameplay_skinname_1016,cc.Texture2D,85e912c6-ffc7-45ba-89be-0cf03928c5df,assets\SwitchingSkinNameMotivationalWordTrait\import\85\85e912c6-ffc7-45ba-89be-0cf03928c5df.7871f.json
SwitchingSkinNameMotivationalWordTrait,textures/1016/gameplay_skinname_bg_1016,cc.SpriteFrame,13f4320d-e878-4846-bd62-fb694b81e29f,assets\SwitchingSkinNameMotivationalWordTrait\import\13\13f4320d-e878-4846-bd62-fb694b81e29f.835b6.json
SwitchingSkinNameMotivationalWordTrait,textures/1016/gameplay_skinname_bg_1016,cc.Texture2D,403eae3f-f760-48b4-a1d6-fad3e567c394,assets\SwitchingSkinNameMotivationalWordTrait\import\40\403eae3f-f760-48b4-a1d6-fad3e567c394.7871f.json
SwitchingSkinNameMotivationalWordTrait,textures/1017/gameplay_skinname_1017,cc.SpriteFrame,dbbf5225-e346-469f-bc87-baae85e9f066,assets\SwitchingSkinNameMotivationalWordTrait\import\db\dbbf5225-e346-469f-bc87-baae85e9f066.c5974.json
SwitchingSkinNameMotivationalWordTrait,textures/1017/gameplay_skinname_1017,cc.Texture2D,eb4dcce8-b8ee-4e8e-bbfd-7ae0b97ec9fe,assets\SwitchingSkinNameMotivationalWordTrait\import\eb\eb4dcce8-b8ee-4e8e-bbfd-7ae0b97ec9fe.7871f.json
SwitchingSkinNameMotivationalWordTrait,textures/1017/gameplay_skinname_bg_1017,cc.SpriteFrame,e447184b-80e9-49f4-bddf-3d143ad8f134,assets\SwitchingSkinNameMotivationalWordTrait\import\e4\e447184b-80e9-49f4-bddf-3d143ad8f134.49634.json
SwitchingSkinNameMotivationalWordTrait,textures/1017/gameplay_skinname_bg_1017,cc.Texture2D,3d3b7174-ecec-4b27-8067-3cbeaff818a9,assets\SwitchingSkinNameMotivationalWordTrait\import\3d\3d3b7174-ecec-4b27-8067-3cbeaff818a9.7871f.json
SwitchingSkinNameMotivationalWordTrait,textures/1018/gameplay_skinname_1018,cc.SpriteFrame,7fa511ab-9b2e-48c0-bad2-7283c07318c5,assets\SwitchingSkinNameMotivationalWordTrait\import\7f\7fa511ab-9b2e-48c0-bad2-7283c07318c5.3414a.json
SwitchingSkinNameMotivationalWordTrait,textures/1018/gameplay_skinname_1018,cc.Texture2D,755f6f8a-26ff-4ed1-b9fd-5bcf5a1c9675,assets\SwitchingSkinNameMotivationalWordTrait\import\75\755f6f8a-26ff-4ed1-b9fd-5bcf5a1c9675.7871f.json
SwitchingSkinNameMotivationalWordTrait,textures/1018/gameplay_skinname_bg_1018,cc.SpriteFrame,de87cc2b-7449-4230-8531-0d25f2933f52,assets\SwitchingSkinNameMotivationalWordTrait\import\de\de87cc2b-7449-4230-8531-0d25f2933f52.1fa53.json
SwitchingSkinNameMotivationalWordTrait,textures/1018/gameplay_skinname_bg_1018,cc.Texture2D,4022cf90-f1e4-416a-a1aa-892ac3a8facf,assets\SwitchingSkinNameMotivationalWordTrait\import\40\4022cf90-f1e4-416a-a1aa-892ac3a8facf.7871f.json
SwitchingSkinNameMotivationalWordTrait,textures/1019/gameplay_skinname_1019,cc.SpriteFrame,7d105bd1-aabb-4a5d-a9f5-47e8eb19b9bc,assets\SwitchingSkinNameMotivationalWordTrait\import\7d\7d105bd1-aabb-4a5d-a9f5-47e8eb19b9bc.511d6.json
SwitchingSkinNameMotivationalWordTrait,textures/1019/gameplay_skinname_1019,cc.Texture2D,63803120-6bfe-4691-af30-6ea0292f26ea,assets\SwitchingSkinNameMotivationalWordTrait\import\63\63803120-6bfe-4691-af30-6ea0292f26ea.7871f.json
SwitchingSkinNameMotivationalWordTrait,textures/1019/gameplay_skinname_bg_1019,cc.SpriteFrame,cb578b13-f3da-43a2-9fc7-b64d5bfe8a11,assets\SwitchingSkinNameMotivationalWordTrait\import\cb\cb578b13-f3da-43a2-9fc7-b64d5bfe8a11.35d71.json
SwitchingSkinNameMotivationalWordTrait,textures/1019/gameplay_skinname_bg_1019,cc.Texture2D,875dbff7-027a-4dca-b7b1-eaf69ab470b7,assets\SwitchingSkinNameMotivationalWordTrait\import\87\875dbff7-027a-4dca-b7b1-eaf69ab470b7.7871f.json
SwitchingSkinNameMotivationalWordTrait,textures/1020/gameplay_skinname_1020,cc.SpriteFrame,2f5845f4-0b70-49c2-8c13-3286b52cbc6d,assets\SwitchingSkinNameMotivationalWordTrait\import\2f\2f5845f4-0b70-49c2-8c13-3286b52cbc6d.5cbcf.json
SwitchingSkinNameMotivationalWordTrait,textures/1020/gameplay_skinname_1020,cc.Texture2D,054cef27-72b2-46f5-87b5-894ba4ff6d4b,assets\SwitchingSkinNameMotivationalWordTrait\import\05\054cef27-72b2-46f5-87b5-894ba4ff6d4b.7871f.json
SwitchingSkinNameMotivationalWordTrait,textures/1020/gameplay_skinname_bg_1020,cc.SpriteFrame,9a1bf0e6-e0e4-476d-900c-9fe09599af4e,assets\SwitchingSkinNameMotivationalWordTrait\import\9a\9a1bf0e6-e0e4-476d-900c-9fe09599af4e.9b1b1.json
SwitchingSkinNameMotivationalWordTrait,textures/1020/gameplay_skinname_bg_1020,cc.Texture2D,6202009f-7f77-432c-84e6-7d35fb56ed0d,assets\SwitchingSkinNameMotivationalWordTrait\import\62\6202009f-7f77-432c-84e6-7d35fb56ed0d.7871f.json
SwitchingSkinNameMotivationalWordTrait,textures/1021/gameplay_skinname_1021,cc.SpriteFrame,20051ef0-122f-4ccd-904b-ca1e60b7b201,assets\SwitchingSkinNameMotivationalWordTrait\import\20\20051ef0-122f-4ccd-904b-ca1e60b7b201.dbca8.json
SwitchingSkinNameMotivationalWordTrait,textures/1021/gameplay_skinname_1021,cc.Texture2D,ee92b9d1-6076-41a7-ae47-2d292b9f06ac,assets\SwitchingSkinNameMotivationalWordTrait\import\ee\ee92b9d1-6076-41a7-ae47-2d292b9f06ac.7871f.json
SwitchingSkinNameMotivationalWordTrait,textures/1021/gameplay_skinname_bg_1021,cc.SpriteFrame,c324b8d9-62ba-400a-8f3b-a7e7409e2467,assets\SwitchingSkinNameMotivationalWordTrait\import\c3\c324b8d9-62ba-400a-8f3b-a7e7409e2467.69311.json
SwitchingSkinNameMotivationalWordTrait,textures/1021/gameplay_skinname_bg_1021,cc.Texture2D,f2afac7e-963a-4194-aa52-21fd617d87fb,assets\SwitchingSkinNameMotivationalWordTrait\import\f2\f2afac7e-963a-4194-aa52-21fd617d87fb.7871f.json
SwitchingSkinNameMotivationalWordTrait,textures/1022/gameplay_skinname_1022,cc.SpriteFrame,82328994-e47c-4339-9b0c-f67580f8e1c8,assets\SwitchingSkinNameMotivationalWordTrait\import\82\82328994-e47c-4339-9b0c-f67580f8e1c8.9efd7.json
SwitchingSkinNameMotivationalWordTrait,textures/1022/gameplay_skinname_1022,cc.Texture2D,1265af02-dd7c-42f6-9291-1d315b15a6d0,assets\SwitchingSkinNameMotivationalWordTrait\import\12\1265af02-dd7c-42f6-9291-1d315b15a6d0.7871f.json
SwitchingSkinNameMotivationalWordTrait,textures/1022/gameplay_skinname_bg_1022,cc.SpriteFrame,dc12f176-1cc4-4584-8f7b-6f06d4dd47cb,assets\SwitchingSkinNameMotivationalWordTrait\import\dc\dc12f176-1cc4-4584-8f7b-6f06d4dd47cb.e5626.json
SwitchingSkinNameMotivationalWordTrait,textures/1022/gameplay_skinname_bg_1022,cc.Texture2D,3a35fe13-f910-43a6-bb10-23d7f1d08b2c,assets\SwitchingSkinNameMotivationalWordTrait\import\3a\3a35fe13-f910-43a6-bb10-23d7f1d08b2c.7871f.json
SwitchingSkinNameMotivationalWordTrait,textures/1023/gameplay_skinname_1023,cc.SpriteFrame,e7fbbec2-145f-4699-a709-2ccae7f3e4bb,assets\SwitchingSkinNameMotivationalWordTrait\import\e7\e7fbbec2-145f-4699-a709-2ccae7f3e4bb.24165.json
SwitchingSkinNameMotivationalWordTrait,textures/1023/gameplay_skinname_1023,cc.Texture2D,1149520a-bd22-4428-bbc9-8c498ce264d8,assets\SwitchingSkinNameMotivationalWordTrait\import\11\1149520a-bd22-4428-bbc9-8c498ce264d8.7871f.json
SwitchingSkinNameMotivationalWordTrait,textures/1023/gameplay_skinname_bg_1023,cc.SpriteFrame,dc5fac0e-5caf-41bc-8574-efb288c4862e,assets\SwitchingSkinNameMotivationalWordTrait\import\dc\dc5fac0e-5caf-41bc-8574-efb288c4862e.fe91f.json
SwitchingSkinNameMotivationalWordTrait,textures/1023/gameplay_skinname_bg_1023,cc.Texture2D,e3709b27-0270-48af-a493-72253bea78d9,assets\SwitchingSkinNameMotivationalWordTrait\import\e3\e3709b27-0270-48af-a493-72253bea78d9.7871f.json
SwitchingSkinNameMotivationalWordTrait,textures/1024/gameplay_skinname_1024,cc.SpriteFrame,ff20c817-2c60-4e53-bd43-1ecd6937c3aa,assets\SwitchingSkinNameMotivationalWordTrait\import\ff\ff20c817-2c60-4e53-bd43-1ecd6937c3aa.008ea.json
SwitchingSkinNameMotivationalWordTrait,textures/1024/gameplay_skinname_1024,cc.Texture2D,c86219db-5f7a-4d3e-800c-78e19e76704a,assets\SwitchingSkinNameMotivationalWordTrait\import\c8\c86219db-5f7a-4d3e-800c-78e19e76704a.7871f.json
SwitchingSkinNameMotivationalWordTrait,textures/1024/gameplay_skinname_bg_1024,cc.SpriteFrame,2fd0204e-1f32-472a-9c8f-451ce572adba,assets\SwitchingSkinNameMotivationalWordTrait\import\2f\2fd0204e-1f32-472a-9c8f-451ce572adba.f69d7.json
SwitchingSkinNameMotivationalWordTrait,textures/1024/gameplay_skinname_bg_1024,cc.Texture2D,2af8d348-7b09-4f75-a24d-dab5b4840404,assets\SwitchingSkinNameMotivationalWordTrait\import\2a\2af8d348-7b09-4f75-a24d-dab5b4840404.7871f.json
SwitchingSkinNameMotivationalWordTrait,textures/1025/gameplay_skinname_1025,cc.SpriteFrame,0be2c113-9c22-4b1e-bcec-4069424d7837,assets\SwitchingSkinNameMotivationalWordTrait\import\0b\0be2c113-9c22-4b1e-bcec-4069424d7837.5faf0.json
SwitchingSkinNameMotivationalWordTrait,textures/1025/gameplay_skinname_1025,cc.Texture2D,03fd7575-56a1-442f-bd13-f3898892656e,assets\SwitchingSkinNameMotivationalWordTrait\import\03\03fd7575-56a1-442f-bd13-f3898892656e.7871f.json
SwitchingSkinNameMotivationalWordTrait,textures/1025/gameplay_skinname_bg_1025,cc.SpriteFrame,df7517f3-82e7-4bb1-a5d4-1bd7026a9fe7,assets\SwitchingSkinNameMotivationalWordTrait\import\df\df7517f3-82e7-4bb1-a5d4-1bd7026a9fe7.4952c.json
SwitchingSkinNameMotivationalWordTrait,textures/1025/gameplay_skinname_bg_1025,cc.Texture2D,9590a3d5-96c0-4cbd-a288-7ecefcda4eb1,assets\SwitchingSkinNameMotivationalWordTrait\import\95\9590a3d5-96c0-4cbd-a288-7ecefcda4eb1.7871f.json
SwitchingSkinNameMotivationalWordTrait,textures/1026/gameplay_skinname_1026,cc.SpriteFrame,b95c2dc4-0cb0-4221-b0b8-6d58eafa08da,assets\SwitchingSkinNameMotivationalWordTrait\import\b9\b95c2dc4-0cb0-4221-b0b8-6d58eafa08da.dc45a.json
SwitchingSkinNameMotivationalWordTrait,textures/1026/gameplay_skinname_1026,cc.Texture2D,c7a13101-8a59-4889-afeb-d35860aaec7a,assets\SwitchingSkinNameMotivationalWordTrait\import\c7\c7a13101-8a59-4889-afeb-d35860aaec7a.7871f.json
SwitchingSkinNameMotivationalWordTrait,textures/1026/gameplay_skinname_bg_1026,cc.SpriteFrame,05be44a0-d366-47e4-b654-1fbbf655f0e0,assets\SwitchingSkinNameMotivationalWordTrait\import\05\05be44a0-d366-47e4-b654-1fbbf655f0e0.2d004.json
SwitchingSkinNameMotivationalWordTrait,textures/1026/gameplay_skinname_bg_1026,cc.Texture2D,1cbfb106-e6ec-4108-8e25-38b796440287,assets\SwitchingSkinNameMotivationalWordTrait\import\1c\1cbfb106-e6ec-4108-8e25-38b796440287.7871f.json
SwitchingSkinNameMotivationalWordTrait,textures/1027/gameplay_skinname_1027,cc.SpriteFrame,44748f20-6f19-46dd-8829-c092d7e72427,assets\SwitchingSkinNameMotivationalWordTrait\import\44\44748f20-6f19-46dd-8829-c092d7e72427.2ca58.json
SwitchingSkinNameMotivationalWordTrait,textures/1027/gameplay_skinname_1027,cc.Texture2D,c7da7615-37e9-4bdf-92c4-5763fc251861,assets\SwitchingSkinNameMotivationalWordTrait\import\c7\c7da7615-37e9-4bdf-92c4-5763fc251861.7871f.json
SwitchingSkinNameMotivationalWordTrait,textures/1027/gameplay_skinname_bg_1027,cc.SpriteFrame,160e192f-9314-4a5d-bdfc-59371884b441,assets\SwitchingSkinNameMotivationalWordTrait\import\16\160e192f-9314-4a5d-bdfc-59371884b441.d0a67.json
SwitchingSkinNameMotivationalWordTrait,textures/1027/gameplay_skinname_bg_1027,cc.Texture2D,3ac711ef-540a-4eb6-b47a-33a6b0075016,assets\SwitchingSkinNameMotivationalWordTrait\import\3a\3ac711ef-540a-4eb6-b47a-33a6b0075016.7871f.json
SwitchingSkinNameMotivationalWordTrait,textures/1028/gameplay_skinname_1028,cc.SpriteFrame,870e335a-0022-4793-bd60-b0a8d3171a79,assets\SwitchingSkinNameMotivationalWordTrait\import\87\870e335a-0022-4793-bd60-b0a8d3171a79.96ab3.json
SwitchingSkinNameMotivationalWordTrait,textures/1028/gameplay_skinname_1028,cc.Texture2D,867165e5-15c6-49be-8094-f432edcc651c,assets\SwitchingSkinNameMotivationalWordTrait\import\86\867165e5-15c6-49be-8094-f432edcc651c.7871f.json
SwitchingSkinNameMotivationalWordTrait,textures/1028/gameplay_skinname_bg_1028,cc.SpriteFrame,d33794d2-ac84-434e-b10b-b43e8a6cdc82,assets\SwitchingSkinNameMotivationalWordTrait\import\d3\d33794d2-ac84-434e-b10b-b43e8a6cdc82.d1669.json
SwitchingSkinNameMotivationalWordTrait,textures/1028/gameplay_skinname_bg_1028,cc.Texture2D,4e8b3813-441c-4d08-ad49-dd37f7c947ac,assets\SwitchingSkinNameMotivationalWordTrait\import\4e\4e8b3813-441c-4d08-ad49-dd37f7c947ac.7871f.json
SwitchingSkinNameMotivationalWordTrait,textures/1029/gameplay_skinname_1029,cc.SpriteFrame,c9efa80e-9d08-4744-af60-76f7b977c516,assets\SwitchingSkinNameMotivationalWordTrait\import\c9\c9efa80e-9d08-4744-af60-76f7b977c516.f87cd.json
SwitchingSkinNameMotivationalWordTrait,textures/1029/gameplay_skinname_1029,cc.Texture2D,e2fd4cc5-3bb2-4db9-825d-969cdb9e6ab3,assets\SwitchingSkinNameMotivationalWordTrait\import\e2\e2fd4cc5-3bb2-4db9-825d-969cdb9e6ab3.7871f.json
SwitchingSkinNameMotivationalWordTrait,textures/1029/gameplay_skinname_bg_1029,cc.SpriteFrame,7d30b3b5-100f-4f8f-ade1-40837fbdc0e1,assets\SwitchingSkinNameMotivationalWordTrait\import\7d\7d30b3b5-100f-4f8f-ade1-40837fbdc0e1.06336.json
SwitchingSkinNameMotivationalWordTrait,textures/1029/gameplay_skinname_bg_1029,cc.Texture2D,c48174ed-d33f-407e-b3b5-f38c686bf1f5,assets\SwitchingSkinNameMotivationalWordTrait\import\c4\c48174ed-d33f-407e-b3b5-f38c686bf1f5.7871f.json
SwitchingSkinNameMotivationalWordTrait,textures/1030/gameplay_skinname_1030,cc.SpriteFrame,6e0e7294-33bc-447a-abe9-5c5b35985cfb,assets\SwitchingSkinNameMotivationalWordTrait\import\6e\6e0e7294-33bc-447a-abe9-5c5b35985cfb.276d5.json
SwitchingSkinNameMotivationalWordTrait,textures/1030/gameplay_skinname_1030,cc.Texture2D,f0b8418f-9c5f-47fe-97dd-c272ebc25755,assets\SwitchingSkinNameMotivationalWordTrait\import\f0\f0b8418f-9c5f-47fe-97dd-c272ebc25755.7871f.json
SwitchingSkinNameMotivationalWordTrait,textures/1030/gameplay_skinname_bg_1030,cc.SpriteFrame,1b6d95b2-9e02-4c6a-bd70-5e0e65e59822,assets\SwitchingSkinNameMotivationalWordTrait\import\1b\1b6d95b2-9e02-4c6a-bd70-5e0e65e59822.1778d.json
SwitchingSkinNameMotivationalWordTrait,textures/1030/gameplay_skinname_bg_1030,cc.Texture2D,f849d4e4-c4cf-4eb0-b37e-0853ab1e6ddc,assets\SwitchingSkinNameMotivationalWordTrait\import\f8\f849d4e4-c4cf-4eb0-b37e-0853ab1e6ddc.7871f.json
SwitchingSkinNameMotivationalWordTrait,textures/1031/gameplay_skinname_1031,cc.SpriteFrame,cd2cb54a-44c5-4d29-9a8c-eb22ec3c49a7,assets\SwitchingSkinNameMotivationalWordTrait\import\cd\cd2cb54a-44c5-4d29-9a8c-eb22ec3c49a7.bac67.json
SwitchingSkinNameMotivationalWordTrait,textures/1031/gameplay_skinname_1031,cc.Texture2D,06db3b0e-ca17-4fe9-80d4-37d9eb3af3d2,assets\SwitchingSkinNameMotivationalWordTrait\import\06\06db3b0e-ca17-4fe9-80d4-37d9eb3af3d2.7871f.json
SwitchingSkinNameMotivationalWordTrait,textures/1031/gameplay_skinname_bg_1031,cc.SpriteFrame,cded99b4-a7e8-4fc8-9b18-502e41cd42a4,assets\SwitchingSkinNameMotivationalWordTrait\import\cd\cded99b4-a7e8-4fc8-9b18-502e41cd42a4.32a63.json
SwitchingSkinNameMotivationalWordTrait,textures/1031/gameplay_skinname_bg_1031,cc.Texture2D,22fb8df4-fe7c-4965-9c2a-598652b15ebd,assets\SwitchingSkinNameMotivationalWordTrait\import\22\22fb8df4-fe7c-4965-9c2a-598652b15ebd.7871f.json
SwitchingSkinNameMotivationalWordTrait,textures/1032/gameplay_skinname_1032,cc.SpriteFrame,44ca1d30-914b-4cbd-b6c2-7a1527d6e249,assets\SwitchingSkinNameMotivationalWordTrait\import\44\44ca1d30-914b-4cbd-b6c2-7a1527d6e249.c2885.json
SwitchingSkinNameMotivationalWordTrait,textures/1032/gameplay_skinname_1032,cc.Texture2D,53b583da-0d57-4786-aa98-10a9d96c784b,assets\SwitchingSkinNameMotivationalWordTrait\import\53\53b583da-0d57-4786-aa98-10a9d96c784b.7871f.json
SwitchingSkinNameMotivationalWordTrait,textures/1032/gameplay_skinname_bg_1032,cc.SpriteFrame,fc9b3c37-886a-478c-a18b-11f9891fe35f,assets\SwitchingSkinNameMotivationalWordTrait\import\fc\fc9b3c37-886a-478c-a18b-11f9891fe35f.c718f.json
SwitchingSkinNameMotivationalWordTrait,textures/1032/gameplay_skinname_bg_1032,cc.Texture2D,d843413d-de3a-410c-93e4-d1484d607195,assets\SwitchingSkinNameMotivationalWordTrait\import\d8\d843413d-de3a-410c-93e4-d1484d607195.7871f.json
SwitchingSkinNameMotivationalWordTrait,textures/1033/gameplay_skinname_1033,cc.SpriteFrame,9ce58d40-be72-4159-9301-792202223697,assets\SwitchingSkinNameMotivationalWordTrait\import\9c\9ce58d40-be72-4159-9301-792202223697.985aa.json
SwitchingSkinNameMotivationalWordTrait,textures/1033/gameplay_skinname_1033,cc.Texture2D,bfe5751d-5fbe-409a-83c2-3119d1073806,assets\SwitchingSkinNameMotivationalWordTrait\import\bf\bfe5751d-5fbe-409a-83c2-3119d1073806.7871f.json
SwitchingSkinNameMotivationalWordTrait,textures/1033/gameplay_skinname_bg_1033,cc.SpriteFrame,64875f38-b8bf-4d99-8e59-1483dcabe580,assets\SwitchingSkinNameMotivationalWordTrait\import\64\64875f38-b8bf-4d99-8e59-1483dcabe580.3d16f.json
SwitchingSkinNameMotivationalWordTrait,textures/1033/gameplay_skinname_bg_1033,cc.Texture2D,a2c7eddf-5e78-4d97-98e8-aa5e69df7b79,assets\SwitchingSkinNameMotivationalWordTrait\import\a2\a2c7eddf-5e78-4d97-98e8-aa5e69df7b79.7871f.json
SwitchingSkinNameMotivationalWordTrait,textures/1034/gameplay_skinname_1034,cc.SpriteFrame,852be295-2050-48a1-b5f8-4dc414868f7b,assets\SwitchingSkinNameMotivationalWordTrait\import\85\852be295-2050-48a1-b5f8-4dc414868f7b.22016.json
SwitchingSkinNameMotivationalWordTrait,textures/1034/gameplay_skinname_1034,cc.Texture2D,7a0f23ac-fdf0-47a2-8242-78735099d116,assets\SwitchingSkinNameMotivationalWordTrait\import\7a\7a0f23ac-fdf0-47a2-8242-78735099d116.7871f.json
SwitchingSkinNameMotivationalWordTrait,textures/1034/gameplay_skinname_bg_1034,cc.SpriteFrame,c565b2c0-e651-4890-983b-069f6f446311,assets\SwitchingSkinNameMotivationalWordTrait\import\c5\c565b2c0-e651-4890-983b-069f6f446311.c3c3d.json
SwitchingSkinNameMotivationalWordTrait,textures/1034/gameplay_skinname_bg_1034,cc.Texture2D,c6df9dc0-685d-4701-a94d-abf4e99e349b,assets\SwitchingSkinNameMotivationalWordTrait\import\c6\c6df9dc0-685d-4701-a94d-abf4e99e349b.7871f.json
SwitchingSkinNameMotivationalWordTrait,textures/1035/gameplay_skinname_1035,cc.SpriteFrame,98396392-adda-40fb-8112-c2a597ec0a7f,assets\SwitchingSkinNameMotivationalWordTrait\import\98\98396392-adda-40fb-8112-c2a597ec0a7f.9923f.json
SwitchingSkinNameMotivationalWordTrait,textures/1035/gameplay_skinname_1035,cc.Texture2D,955f0a6b-cffc-4494-955a-33325a4da32f,assets\SwitchingSkinNameMotivationalWordTrait\import\95\955f0a6b-cffc-4494-955a-33325a4da32f.7871f.json
SwitchingSkinNameMotivationalWordTrait,textures/1035/gameplay_skinname_bg_1035,cc.SpriteFrame,cf8fcafd-231e-4a55-b6b1-4b6f1a2ac999,assets\SwitchingSkinNameMotivationalWordTrait\import\cf\cf8fcafd-231e-4a55-b6b1-4b6f1a2ac999.3d4d9.json
SwitchingSkinNameMotivationalWordTrait,textures/1035/gameplay_skinname_bg_1035,cc.Texture2D,e247fce1-7fbb-4622-9b43-34531cd6d6a2,assets\SwitchingSkinNameMotivationalWordTrait\import\e2\e247fce1-7fbb-4622-9b43-34531cd6d6a2.7871f.json
SwitchingSkinNameMotivationalWordTrait,textures/1036/gameplay_skinname_1036,cc.SpriteFrame,1040afcb-8b22-4f9e-ac87-2e08ba285454,assets\SwitchingSkinNameMotivationalWordTrait\import\10\1040afcb-8b22-4f9e-ac87-2e08ba285454.3f9d5.json
SwitchingSkinNameMotivationalWordTrait,textures/1036/gameplay_skinname_1036,cc.Texture2D,fe8f762a-d24a-46ac-b7f4-c6f2432240cd,assets\SwitchingSkinNameMotivationalWordTrait\import\fe\fe8f762a-d24a-46ac-b7f4-c6f2432240cd.7871f.json
SwitchingSkinNameMotivationalWordTrait,textures/1036/gameplay_skinname_bg_1036,cc.SpriteFrame,652e6a8b-9f18-4b6c-aa0a-4e7657cae957,assets\SwitchingSkinNameMotivationalWordTrait\import\65\652e6a8b-9f18-4b6c-aa0a-4e7657cae957.96a7b.json
SwitchingSkinNameMotivationalWordTrait,textures/1036/gameplay_skinname_bg_1036,cc.Texture2D,b07fc8d4-1aeb-4b9d-a6ab-32fdf073e2f1,assets\SwitchingSkinNameMotivationalWordTrait\import\b0\b07fc8d4-1aeb-4b9d-a6ab-32fdf073e2f1.7871f.json
SwitchingSkinNameMotivationalWordTrait,textures/1037/gameplay_skinname_1037,cc.SpriteFrame,312f6135-5a38-42f0-86b2-4c05700f1c4d,assets\SwitchingSkinNameMotivationalWordTrait\import\31\312f6135-5a38-42f0-86b2-4c05700f1c4d.1f7ac.json
SwitchingSkinNameMotivationalWordTrait,textures/1037/gameplay_skinname_1037,cc.Texture2D,9bb6a662-39c8-4d76-95c3-2ba88a78a3d9,assets\SwitchingSkinNameMotivationalWordTrait\import\9b\9bb6a662-39c8-4d76-95c3-2ba88a78a3d9.7871f.json
SwitchingSkinNameMotivationalWordTrait,textures/1037/gameplay_skinname_bg_1037,cc.SpriteFrame,57d0cc9a-cf06-4739-80e3-51a98a69e39a,assets\SwitchingSkinNameMotivationalWordTrait\import\57\57d0cc9a-cf06-4739-80e3-51a98a69e39a.cbc2a.json
SwitchingSkinNameMotivationalWordTrait,textures/1037/gameplay_skinname_bg_1037,cc.Texture2D,7d56097f-ac98-46fa-b314-62200b522c26,assets\SwitchingSkinNameMotivationalWordTrait\import\7d\7d56097f-ac98-46fa-b314-62200b522c26.7871f.json
SwitchingSkinNameMotivationalWordTrait,textures/1038/gameplay_skinname_1038,cc.SpriteFrame,3d90a1a9-31ad-44cb-963f-dbe2fe8f436c,assets\SwitchingSkinNameMotivationalWordTrait\import\3d\3d90a1a9-31ad-44cb-963f-dbe2fe8f436c.b7c6d.json
SwitchingSkinNameMotivationalWordTrait,textures/1038/gameplay_skinname_1038,cc.Texture2D,bccdb758-e5d0-4f6a-800b-ebcb767d2fda,assets\SwitchingSkinNameMotivationalWordTrait\import\bc\bccdb758-e5d0-4f6a-800b-ebcb767d2fda.7871f.json
SwitchingSkinNameMotivationalWordTrait,textures/1038/gameplay_skinname_bg_1038,cc.SpriteFrame,2827ed70-d058-4475-9471-44f408101507,assets\SwitchingSkinNameMotivationalWordTrait\import\28\2827ed70-d058-4475-9471-44f408101507.93fda.json
SwitchingSkinNameMotivationalWordTrait,textures/1038/gameplay_skinname_bg_1038,cc.Texture2D,17f9c3f8-a1bd-404c-9682-cf48760948a1,assets\SwitchingSkinNameMotivationalWordTrait\import\17\17f9c3f8-a1bd-404c-9682-cf48760948a1.7871f.json
SwitchingSkinNameMotivationalWordTrait,textures/1039/gameplay_skinname_1039,cc.SpriteFrame,a295a71c-39a9-4293-811f-07b6e61aa2f2,assets\SwitchingSkinNameMotivationalWordTrait\import\a2\a295a71c-39a9-4293-811f-07b6e61aa2f2.4cbdb.json
SwitchingSkinNameMotivationalWordTrait,textures/1039/gameplay_skinname_1039,cc.Texture2D,4ce9483e-3a1c-42d4-8f7c-b284fb9f5533,assets\SwitchingSkinNameMotivationalWordTrait\import\4c\4ce9483e-3a1c-42d4-8f7c-b284fb9f5533.7871f.json
SwitchingSkinNameMotivationalWordTrait,textures/1039/gameplay_skinname_bg_1039,cc.SpriteFrame,adcf982d-75ed-40ea-a5d1-2e89ef918b27,assets\SwitchingSkinNameMotivationalWordTrait\import\ad\adcf982d-75ed-40ea-a5d1-2e89ef918b27.b2972.json
SwitchingSkinNameMotivationalWordTrait,textures/1039/gameplay_skinname_bg_1039,cc.Texture2D,7aa2f8f2-e8b8-47c4-84c3-5e5ff2a3c13b,assets\SwitchingSkinNameMotivationalWordTrait\import\7a\7aa2f8f2-e8b8-47c4-84c3-5e5ff2a3c13b.7871f.json
ThanksAfterAdTrait,dragonbones/gameplayt_Thanks1_ske,dragonBones.DragonBonesAsset,bc70cb06-72fa-4e7d-a7ed-75e9d9f76cd2,assets\ThanksAfterAdTrait\import\bc\bc70cb06-72fa-4e7d-a7ed-75e9d9f76cd2.0f428.json
ThanksAfterAdTrait,dragonbones/gameplayt_Thanks1_tex,cc.SpriteFrame,e4e55052-1ba1-4962-96a6-c68beb032551,assets\ThanksAfterAdTrait\import\e4\e4e55052-1ba1-4962-96a6-c68beb032551.4bfe6.json
ThanksAfterAdTrait,dragonbones/gameplayt_Thanks1_tex,cc.Texture2D,278bb743-83f7-446e-ab78-53216caa9115,assets\ThanksAfterAdTrait\import\27\278bb743-83f7-446e-ab78-53216caa9115.7871f.json
ThanksAfterAdTrait,dragonbones/gameplayt_Thanks1_tex,dragonBones.DragonBonesAtlasAsset,97665fef-f830-466a-abe6-e19c6f7ddc9a,assets\ThanksAfterAdTrait\import\97\97665fef-f830-466a-abe6-e19c6f7ddc9a.9e73f.json
ThanksAfterAdTrait,dragonbones/gameplayt_Thanks3_ske,dragonBones.DragonBonesAsset,b6f1d72a-0812-48ff-aa9c-39001b8aa97e,assets\ThanksAfterAdTrait\import\b6\b6f1d72a-0812-48ff-aa9c-39001b8aa97e.c9574.json
ThanksAfterAdTrait,dragonbones/gameplayt_Thanks3_tex,cc.SpriteFrame,d0ce7b8e-4feb-48bb-a126-de3fa919b642,assets\ThanksAfterAdTrait\import\d0\d0ce7b8e-4feb-48bb-a126-de3fa919b642.72fef.json
ThanksAfterAdTrait,dragonbones/gameplayt_Thanks3_tex,cc.Texture2D,11e326f0-266c-4262-9f3e-e2f91e2d6bc0,assets\ThanksAfterAdTrait\import\11\11e326f0-266c-4262-9f3e-e2f91e2d6bc0.7871f.json
ThanksAfterAdTrait,dragonbones/gameplayt_Thanks3_tex,dragonBones.DragonBonesAtlasAsset,cf7cc330-b828-4b05-b504-32fc6191d6b3,assets\ThanksAfterAdTrait\import\cf\cf7cc330-b828-4b05-b504-32fc6191d6b3.529ca.json
ThanksAfterAdTrait,prefabs/ThanksAfterAd1,cc.Prefab,a1e15930-d900-4307-b493-2a4d23d7393b,assets\ThanksAfterAdTrait\import\a1\a1e15930-d900-4307-b493-2a4d23d7393b.60827.json
ThanksAfterAdTrait,prefabs/ThanksAfterAd3,cc.Prefab,4001e643-b56f-4839-b068-9cbe79b33cce,assets\ThanksAfterAdTrait\import\40\4001e643-b56f-4839-b068-9cbe79b33cce.76a06.json
ThreeSkinRandomOneTrait,dragonbones/gameplay_choiceskin_ske,dragonBones.DragonBonesAsset,8db87644-323a-481e-899f-1cd5f4f8a3b4,assets\ThreeSkinRandomOneTrait\import\8d\8db87644-323a-481e-899f-1cd5f4f8a3b4.d22fe.json
ThreeSkinRandomOneTrait,dragonbones/gameplay_choiceskin_tex,cc.SpriteFrame,58ec5879-5e08-4d36-842d-df666d4a53f8,assets\ThreeSkinRandomOneTrait\import\58\58ec5879-5e08-4d36-842d-df666d4a53f8.4d944.json
ThreeSkinRandomOneTrait,dragonbones/gameplay_choiceskin_tex,cc.Texture2D,e6d761ad-0ea4-41a0-955b-e4b0e2b3fe7e,assets\ThreeSkinRandomOneTrait\import\e6\e6d761ad-0ea4-41a0-955b-e4b0e2b3fe7e.7871f.json
ThreeSkinRandomOneTrait,dragonbones/gameplay_choiceskin_tex,dragonBones.DragonBonesAtlasAsset,f37fcc4d-f4af-4e67-bb0e-004023725e9b,assets\ThreeSkinRandomOneTrait\import\f3\f37fcc4d-f4af-4e67-bb0e-004023725e9b.1d7ea.json
ThreeSkinRandomOneTrait,prefabs/ThreeSkinRandomOne,cc.Prefab,22ecc89d-cc03-4d40-b2dd-0bc7bf461e7f,assets\ThreeSkinRandomOneTrait\import\22\22ecc89d-cc03-4d40-b2dd-0bc7bf461e7f.523c5.json
ThreeSkinRandomOneTrait,prefabs/ThreeSkinRandomOneItem,cc.Prefab,2c7dadcd-f7d3-4fdb-9ef2-c25321b0c773,assets\ThreeSkinRandomOneTrait\import\2c\2c7dadcd-f7d3-4fdb-9ef2-c25321b0c773.fe11b.json
ThreeSkinRandomOneTrait,textures/gameplay_NewColors_bg,cc.SpriteFrame,ef36ea2a-6161-4ae5-9a10-c757c0d021b8,assets\ThreeSkinRandomOneTrait\import\ef\ef36ea2a-6161-4ae5-9a10-c757c0d021b8.52ce5.json
ThreeSkinRandomOneTrait,textures/gameplay_NewColors_bg,cc.Texture2D,7715337a-86e9-441b-8479-7ea1d14de21f,assets\ThreeSkinRandomOneTrait\import\77\7715337a-86e9-441b-8479-7ea1d14de21f.7871f.json
ThreeSkinRandomOneTrait,textures/gameplay_NewColors_select_bg,cc.SpriteFrame,e0209515-1aa2-4295-834b-0fb64e7d749e,assets\ThreeSkinRandomOneTrait\import\e0\e0209515-1aa2-4295-834b-0fb64e7d749e.0a1e1.json
ThreeSkinRandomOneTrait,textures/gameplay_NewColors_select_bg,cc.Texture2D,00535e90-422f-4675-9d73-5fbf699414f0,assets\ThreeSkinRandomOneTrait\import\00\00535e90-422f-4675-9d73-5fbf699414f0.7871f.json
ThreeSkinRandomOneTrait,textures/gameplay_NewColors_select_checkmark,cc.SpriteFrame,08713ce4-8aca-4b24-a78b-7e93435aebf2,assets\ThreeSkinRandomOneTrait\import\08\08713ce4-8aca-4b24-a78b-7e93435aebf2.c4598.json
ThreeSkinRandomOneTrait,textures/gameplay_NewColors_select_checkmark,cc.Texture2D,9b43984d-a045-41ce-9fd3-247d72553894,assets\ThreeSkinRandomOneTrait\import\9b\9b43984d-a045-41ce-9fd3-247d72553894.7871f.json
ThreeSkinRandomOneTrait,textures/icon,cc.SpriteAtlas,d5c0aeb4-939f-4913-92b0-21ae0bd18539,assets\ThreeSkinRandomOneTrait\import\d5\d5c0aeb4-939f-4913-92b0-21ae0bd18539.b95c8.json
ThreeSkinRandomOneTrait,textures/icon,cc.Texture2D,fafdd92d-69f3-4ccb-949e-50be42c94674,assets\ThreeSkinRandomOneTrait\import\fa\fafdd92d-69f3-4ccb-949e-50be42c94674.7871f.json
TravelMosaicProgressTrait,prefabs/mosaicItem,cc.Prefab,55f23a50-bd00-42b6-8043-3f6ed08aa277,assets\TravelMosaicProgressTrait\import\55\55f23a50-bd00-42b6-8043-3f6ed08aa277.17282.json
TravelMosaicProgressTrait,prefabs/mosaicProgress,cc.Prefab,b6bf56cb-2187-4277-9141-a8dfc4494f5b,assets\TravelMosaicProgressTrait\import\b6\b6bf56cb-2187-4277-9141-a8dfc4494f5b.bdcfd.json
TravelMosaicProgressTrait,spine/main_mosaic,cc.Asset,399e6429-a6dd-4e6b-9b7a-0e8c35112737,assets\TravelMosaicProgressTrait\import\39\399e6429-a6dd-4e6b-9b7a-0e8c35112737.e587e.json
TravelMosaicProgressTrait,spine/main_mosaic,cc.SpriteFrame,5970924c-de18-4928-b6ed-e4016f210fa9,assets\TravelMosaicProgressTrait\import\59\5970924c-de18-4928-b6ed-e4016f210fa9.65d67.json
TravelMosaicProgressTrait,spine/main_mosaic,cc.Texture2D,6fb8d89c-77fe-4ced-918b-4a38a77f6a2f,assets\TravelMosaicProgressTrait\import\6f\6fb8d89c-77fe-4ced-918b-4a38a77f6a2f.7871f.json
TravelMosaicProgressTrait,spine/main_mosaic,sp.SkeletonData,810eb135-7806-4071-a28d-f3696a69185d,assets\TravelMosaicProgressTrait\import\81\810eb135-7806-4071-a28d-f3696a69185d.e773d.json
TravelMosaicProgressTrait,spine/main_mosaic_eff,cc.Asset,f1ec8692-f801-4e69-9a31-66b61160b87c,assets\TravelMosaicProgressTrait\import\f1\f1ec8692-f801-4e69-9a31-66b61160b87c.3c832.json
TravelMosaicProgressTrait,spine/main_mosaic_eff,cc.SpriteFrame,bef4d6de-3cf2-4911-a4f8-ed5b059dc444,assets\TravelMosaicProgressTrait\import\be\bef4d6de-3cf2-4911-a4f8-ed5b059dc444.1bccf.json
TravelMosaicProgressTrait,spine/main_mosaic_eff,cc.Texture2D,9508be4c-0a74-4aa0-b212-4f041455bbca,assets\TravelMosaicProgressTrait\import\95\9508be4c-0a74-4aa0-b212-4f041455bbca.7871f.json
TravelMosaicProgressTrait,spine/main_mosaic_eff,sp.SkeletonData,c92da366-5317-4253-8dc9-beafe5750738,assets\TravelMosaicProgressTrait\import\c9\c92da366-5317-4253-8dc9-beafe5750738.de678.json
UEExploreBeginnerDragTargetHighlightTrait,prefabs/highlight,cc.Prefab,b19cee88-6509-461d-a439-0cd9a143b9cf,assets\UEExploreBeginnerDragTargetHighlightTrait\import\b1\b19cee88-6509-461d-a439-0cd9a143b9cf.e0914.json
UEExploreBeginnerDragTargetHighlightTrait,spine/gameplay_xinshou,cc.Asset,0c25cc21-33ac-48cf-976c-8a2d3fe077a8,assets\UEExploreBeginnerDragTargetHighlightTrait\import\0c\0c25cc21-33ac-48cf-976c-8a2d3fe077a8.ff421.json
UEExploreBeginnerDragTargetHighlightTrait,spine/gameplay_xinshou,cc.SpriteFrame,8c035748-c9fe-4004-8296-f4fec53b4d1a,assets\UEExploreBeginnerDragTargetHighlightTrait\import\8c\8c035748-c9fe-4004-8296-f4fec53b4d1a.e56a3.json
UEExploreBeginnerDragTargetHighlightTrait,spine/gameplay_xinshou,cc.Texture2D,7eb5815d-0a0d-4117-84fa-fded2b126de4,assets\UEExploreBeginnerDragTargetHighlightTrait\import\7e\7eb5815d-0a0d-4117-84fa-fded2b126de4.7871f.json
UEExploreBeginnerDragTargetHighlightTrait,spine/gameplay_xinshou,sp.SkeletonData,22a1ef8a-1eb9-4f1b-b1c2-fb1e9d37588b,assets\UEExploreBeginnerDragTargetHighlightTrait\import\22\22a1ef8a-1eb9-4f1b-b1c2-fb1e9d37588b.f5a28.json
UEExploreGuideCompleteLikeTrait,prefabs/effect,cc.Prefab,34de0059-3a86-46b6-97d6-3fbd297861dc,assets\UEExploreGuideCompleteLikeTrait\import\34\34de0059-3a86-46b6-97d6-3fbd297861dc.4a152.json
UEExploreGuideCompleteLikeTrait,spines/gameplay_jlc_WellDone,cc.Asset,b4e3da1f-481c-43e4-864d-1272d99c54b7,assets\UEExploreGuideCompleteLikeTrait\import\b4\b4e3da1f-481c-43e4-864d-1272d99c54b7.c4456.json
UEExploreGuideCompleteLikeTrait,spines/gameplay_jlc_WellDone,cc.SpriteFrame,d2ba80b2-9483-4262-ae25-3a1a466f4c9a,assets\UEExploreGuideCompleteLikeTrait\import\d2\d2ba80b2-9483-4262-ae25-3a1a466f4c9a.84e7d.json
UEExploreGuideCompleteLikeTrait,spines/gameplay_jlc_WellDone,cc.Texture2D,64b0a30a-d1f5-4c12-9191-382dc001c9cd,assets\UEExploreGuideCompleteLikeTrait\import\64\64b0a30a-d1f5-4c12-9191-382dc001c9cd.7871f.json
UEExploreGuideCompleteLikeTrait,spines/gameplay_jlc_WellDone,sp.SkeletonData,df479717-e2a8-4b85-8903-7a2e9cce3151,assets\UEExploreGuideCompleteLikeTrait\import\df\df479717-e2a8-4b85-8903-7a2e9cce3151.4f957.json
UEExplorePopViewGuideTrait,prefabs/popView,cc.Prefab,58b289fa-713f-4a08-b5e7-779de39b1409,assets\UEExplorePopViewGuideTrait\import\58\58b289fa-713f-4a08-b5e7-779de39b1409.40fc0.json
UEExplorePopViewGuideTrait,spine/gameplay_tanchuan,cc.Asset,bcbfd088-b3cd-4399-9a3e-1e0709452602,assets\UEExplorePopViewGuideTrait\import\bc\bcbfd088-b3cd-4399-9a3e-1e0709452602.7f593.json
UEExplorePopViewGuideTrait,spine/gameplay_tanchuan,cc.SpriteFrame,be3c5673-93f6-43cb-8fd8-332f581eec5e,assets\UEExplorePopViewGuideTrait\import\be\be3c5673-93f6-43cb-8fd8-332f581eec5e.6e5e6.json
UEExplorePopViewGuideTrait,spine/gameplay_tanchuan,cc.Texture2D,1f358503-3e6c-4332-8639-062d03540c47,assets\UEExplorePopViewGuideTrait\import\1f\1f358503-3e6c-4332-8639-062d03540c47.7871f.json
UEExplorePopViewGuideTrait,spine/gameplay_tanchuan,sp.SkeletonData,cb684233-ebd7-478d-a1c7-576aafc371aa,assets\UEExplorePopViewGuideTrait\import\cb\cb684233-ebd7-478d-a1c7-576aafc371aa.5da6d.json
UEExplorePopViewGuideTrait,textures/AutoAtlas,cc.SpriteAtlas,21343d2d-0443-4aaf-971e-261dac6a6509,assets\UEExplorePopViewGuideTrait\import\21\21343d2d-0443-4aaf-971e-261dac6a6509.9f073.json
UEExplorePopViewGuideTrait,textures/Btn_Play_Green,cc.SpriteFrame,10bd02fb-cf7c-4bf1-a35b-d9642714c48e,assets\UEExplorePopViewGuideTrait\import\10\10bd02fb-cf7c-4bf1-a35b-d9642714c48e.b6870.json
UEExplorePopViewGuideTrait,textures/tutorial_bg,cc.SpriteFrame,535093aa-8812-4a5f-917a-f88917a99dd6,assets\UEExplorePopViewGuideTrait\import\53\535093aa-8812-4a5f-917a-f88917a99dd6.73d81.json
UEExplorePopViewGuideTrait,textures/tutorial_bg,cc.Texture2D,68793652-aae3-475e-ac06-4f36c2e43305,assets\UEExplorePopViewGuideTrait\import\68\68793652-aae3-475e-ac06-4f36c2e43305.7871f.json
UEExplorePopViewGuideTrait,textures/tutorial_btn_close,cc.SpriteFrame,7dfb0dac-b2c5-4240-8d8b-33177e6ed662,assets\UEExplorePopViewGuideTrait\import\7d\7dfb0dac-b2c5-4240-8d8b-33177e6ed662.2d97a.json
WinStreakEffectAdjustTrait,res/effects/gameplay_adventure_handoff_ske,dragonBones.DragonBonesAsset,89a7b26d-23a7-42ea-86a4-cd72358b7bb3,assets\WinStreakEffectAdjustTrait\import\89\89a7b26d-23a7-42ea-86a4-cd72358b7bb3.a84aa.json
WinStreakEffectAdjustTrait,res/effects/gameplay_adventure_handoff_tex,cc.SpriteFrame,5aed3f1d-9469-4667-acfb-f121fe5a8e55,assets\WinStreakEffectAdjustTrait\import\5a\5aed3f1d-9469-4667-acfb-f121fe5a8e55.78180.json
WinStreakEffectAdjustTrait,res/effects/gameplay_adventure_handoff_tex,cc.Texture2D,9eb90ffa-10a8-4562-9cdd-b35980b51fc9,assets\WinStreakEffectAdjustTrait\import\9e\9eb90ffa-10a8-4562-9cdd-b35980b51fc9.7871f.json
WinStreakEffectAdjustTrait,res/effects/gameplay_adventure_handoff_tex,dragonBones.DragonBonesAtlasAsset,f0d5baab-ce78-4fde-bb42-723e5a0d01ef,assets\WinStreakEffectAdjustTrait\import\f0\f0d5baab-ce78-4fde-bb42-723e5a0d01ef.6ce1e.json
WinStreakEffectAdjustTrait,res/effects/gameplay_revival_incrown_ske,dragonBones.DragonBonesAsset,d13d0d29-8fc3-477d-97bc-7d11a4dc2e53,assets\WinStreakEffectAdjustTrait\import\d1\d13d0d29-8fc3-477d-97bc-7d11a4dc2e53.21bed.json
WinStreakEffectAdjustTrait,res/effects/gameplay_revival_incrown_tex,cc.SpriteFrame,aab8eb29-4568-4d0a-b891-f86442cb281a,assets\WinStreakEffectAdjustTrait\import\aa\aab8eb29-4568-4d0a-b891-f86442cb281a.63e2d.json
WinStreakEffectAdjustTrait,res/effects/gameplay_revival_incrown_tex,cc.Texture2D,c777c982-7f02-4001-808c-75213668ea70,assets\WinStreakEffectAdjustTrait\import\c7\c777c982-7f02-4001-808c-75213668ea70.7871f.json
WinStreakEffectAdjustTrait,res/effects/gameplay_revival_incrown_tex,dragonBones.DragonBonesAtlasAsset,8b1c00c0-66c6-4b22-8ffa-8d7a0b90378b,assets\WinStreakEffectAdjustTrait\import\8b\8b1c00c0-66c6-4b22-8ffa-8d7a0b90378b.0a56a.json
WinStreakEffectAdjustTrait,res/effects/gameplay_revival_rain_ske,dragonBones.DragonBonesAsset,28af9f2d-2dee-4fce-9b6e-7ca9e50e7403,assets\WinStreakEffectAdjustTrait\import\28\28af9f2d-2dee-4fce-9b6e-7ca9e50e7403.ce8d3.json
WinStreakEffectAdjustTrait,res/effects/gameplay_revival_rain_tex,cc.SpriteFrame,9a2f74e3-d932-4218-802d-efe96c48728f,assets\WinStreakEffectAdjustTrait\import\9a\9a2f74e3-d932-4218-802d-efe96c48728f.e1827.json
WinStreakEffectAdjustTrait,res/effects/gameplay_revival_rain_tex,cc.Texture2D,d0b0ac6b-a530-429b-97ec-8c16497e3c8d,assets\WinStreakEffectAdjustTrait\import\d0\d0b0ac6b-a530-429b-97ec-8c16497e3c8d.7871f.json
WinStreakEffectAdjustTrait,res/effects/gameplay_revival_rain_tex,dragonBones.DragonBonesAtlasAsset,75f08d51-f8e3-4002-adde-c963c74a1c76,assets\WinStreakEffectAdjustTrait\import\75\75f08d51-f8e3-4002-adde-c963c74a1c76.a97df.json
WinStreakEffectAdjustTrait,res/font/adventure_num_win_big,cc.BitmapFont,c1b1c359-e740-48a2-a815-f45084c183dd,assets\WinStreakEffectAdjustTrait\import\c1\c1b1c359-e740-48a2-a815-f45084c183dd.1ac9f.json
WinStreakEffectAdjustTrait,res/font/adventure_num_win_big,cc.SpriteFrame,66197218-3d50-4b78-9aeb-05173639558e,assets\WinStreakEffectAdjustTrait\import\66\66197218-3d50-4b78-9aeb-05173639558e.44ec8.json
WinStreakEffectAdjustTrait,res/font/adventure_num_win_big,cc.Texture2D,5020ddc9-0f4e-4864-a62c-cb0066d03769,assets\WinStreakEffectAdjustTrait\import\50\5020ddc9-0f4e-4864-a62c-cb0066d03769.7871f.json
WinStreakEffectAdjustTrait,res/prefabs/WinStreakAdjustView,cc.Prefab,46400be8-17b8-4965-8163-a853fdba4b05,assets\WinStreakEffectAdjustTrait\import\46\46400be8-17b8-4965-8163-a853fdba4b05.181f3.json
WinStreakEffectAdjustTrait,res/prefabs/WinStreakBreakView,cc.Prefab,465f3630-ec8a-42ae-af67-873ddb2f3fcb,assets\WinStreakEffectAdjustTrait\import\46\465f3630-ec8a-42ae-af67-873ddb2f3fcb.9eddb.json
WinStreakEffectAdjustTrait,res/textures/winStreakAdjust,cc.SpriteAtlas,0731c162-c969-446b-977f-0b994b6f6ba7,assets\WinStreakEffectAdjustTrait\import\07\0731c162-c969-446b-977f-0b994b6f6ba7.8421b.json
WinStreakEffectAdjustTrait,res/textures/winStreakAdjust,cc.Texture2D,e7e39231-0d8f-4f72-adae-6f67e1c6c94d,assets\WinStreakEffectAdjustTrait\import\e7\e7e39231-0d8f-4f72-adae-6f67e1c6c94d.7871f.json
chapter,README,cc.TextAsset,30113705-5d22-4a3c-9af0-7555a1ca4a5b,assets\chapter\import\30\30113705-5d22-4a3c-9af0-7555a1ca4a5b.d1132.json
chapter,audios/collects/travel_game_collect_item1,cc.AudioClip,39e4bd41-1512-4948-b3c4-cf65ec0406c3,assets\chapter\import\39\39e4bd41-1512-4948-b3c4-cf65ec0406c3.4e077.json
chapter,audios/collects/travel_game_collect_item2,cc.AudioClip,f7bbb083-afa7-470a-9b0d-a44dc21dfd08,assets\chapter\import\f7\f7bbb083-afa7-470a-9b0d-a44dc21dfd08.f47d0.json
chapter,audios/travel_cup_award,cc.AudioClip,2fac0f32-fa40-475f-b4aa-4eecb70808cf,assets\chapter\import\2f\2fac0f32-fa40-475f-b4aa-4eecb70808cf.8ee42.json
chapter,audios/travel_overui_collect_items,cc.AudioClip,2e16943f-1c81-4a7f-8e7d-acc847c851b3,assets\chapter\import\2e\2e16943f-1c81-4a7f-8e7d-acc847c851b3.dd220.json
chapter,audios/travel_overui_score_suc,cc.AudioClip,d68a14f7-5f02-4d64-8638-c2fb9dacaf8c,assets\chapter\import\d6\d68a14f7-5f02-4d64-8638-c2fb9dacaf8c.c8607.json
chapter,audios/travel_score_change,cc.AudioClip,0ecb37ad-7a38-458c-8133-3691e668fc2f,assets\chapter\import\0e\0ecb37ad-7a38-458c-8133-3691e668fc2f.b02b7.json
chapter,audios/travel_score_suc,cc.AudioClip,879008e0-a8c3-4de1-918f-8c450fd4ef3d,assets\chapter\import\87\879008e0-a8c3-4de1-918f-8c450fd4ef3d.bb5ec.json
chapter,audios/travel_targetui_show,cc.AudioClip,ff489c93-9770-40f6-b38a-41fdc4bf89ff,assets\chapter\import\ff\ff489c93-9770-40f6-b38a-41fdc4bf89ff.fd7d9.json
chapter,audios/travel_unlock_lvmark,cc.AudioClip,c9a5d1a5-979b-40ab-a882-459e01e5576c,assets\chapter\import\c9\c9a5d1a5-979b-40ab-a882-459e01e5576c.ddf08.json
chapter,audios/travel_win_logo,cc.AudioClip,3933bc87-3b28-497d-8b95-dbf87388c337,assets\chapter\import\39\3933bc87-3b28-497d-8b95-dbf87388c337.4a032.json
chapter,dragonbones/blocksProducer/traits/gameplay_grayBlock_eliminate_ske,dragonBones.DragonBonesAsset,66afaf4b-0fc7-4df8-9eff-37c1862865ea,assets\chapter\import\66\66afaf4b-0fc7-4df8-9eff-37c1862865ea.9e4dd.json
chapter,dragonbones/blocksProducer/traits/gameplay_grayBlock_eliminate_tex,cc.SpriteFrame,86c9698d-e4d1-491f-b11d-8f45080a9c46,assets\chapter\import\86\86c9698d-e4d1-491f-b11d-8f45080a9c46.5bed3.json
chapter,dragonbones/blocksProducer/traits/gameplay_grayBlock_eliminate_tex,cc.Texture2D,e5e14933-862f-475f-8c03-98cbbb123e71,assets\chapter\import\e5\e5e14933-862f-475f-8c03-98cbbb123e71.7871f.json
chapter,dragonbones/blocksProducer/traits/gameplay_grayBlock_eliminate_tex,dragonBones.DragonBonesAtlasAsset,5fdaf715-81c2-46f2-8ac3-53eb309aa0d0,assets\chapter\import\5f\5fdaf715-81c2-46f2-8ac3-53eb309aa0d0.291e1.json
chapter,dragonbones/chapterList/mapcup_ske,dragonBones.DragonBonesAsset,f0aca681-76f9-4d46-b3d4-2ed2ee6f2e24,assets\chapter\import\f0\f0aca681-76f9-4d46-b3d4-2ed2ee6f2e24.a0a2d.json
chapter,dragonbones/chapterList/mapcup_tex,cc.SpriteFrame,a5bd4a43-62bf-4a1b-94b6-550bd0015b83,assets\chapter\import\a5\a5bd4a43-62bf-4a1b-94b6-550bd0015b83.ff455.json
chapter,dragonbones/chapterList/mapcup_tex,cc.Texture2D,1cbdb9a0-56cd-431c-b58a-5e9fb912cb49,assets\chapter\import\1c\1cbdb9a0-56cd-431c-b58a-5e9fb912cb49.7871f.json
chapter,dragonbones/chapterList/mapcup_tex,dragonBones.DragonBonesAtlasAsset,95445624-74a4-4206-af97-8a0464d9edcf,assets\chapter\import\95\95445624-74a4-4206-af97-8a0464d9edcf.53b2f.json
chapter,dragonbones/chapterList/zuobiao_ske,dragonBones.DragonBonesAsset,cdf11861-326a-41a6-9187-e761c651cbe0,assets\chapter\import\cd\cdf11861-326a-41a6-9187-e761c651cbe0.7b05a.json
chapter,dragonbones/chapterList/zuobiao_tex,cc.SpriteFrame,07b8796a-1bd2-4001-98f5-af5e29c3aa80,assets\chapter\import\07\07b8796a-1bd2-4001-98f5-af5e29c3aa80.0e26f.json
chapter,dragonbones/chapterList/zuobiao_tex,cc.Texture2D,d973311d-c337-487e-9207-39d4588a43d7,assets\chapter\import\d9\d973311d-c337-487e-9207-39d4588a43d7.7871f.json
chapter,dragonbones/chapterList/zuobiao_tex,dragonBones.DragonBonesAtlasAsset,7efd4951-0016-4782-b3de-71a72456e83e,assets\chapter\import\7e\7efd4951-0016-4782-b3de-71a72456e83e.14d5b.json
chapter,dragonbones/chapterTopInfo/XCSJ_ske,dragonBones.DragonBonesAsset,a2c62e7d-ae9b-49f0-85d8-702782a5e66d,assets\chapter\import\a2\a2c62e7d-ae9b-49f0-85d8-702782a5e66d.8b16c.json
chapter,dragonbones/chapterTopInfo/XCSJ_tex,cc.SpriteFrame,b3fb7cbd-039a-4c65-8d6d-bfd78c1ade9a,assets\chapter\import\b3\b3fb7cbd-039a-4c65-8d6d-bfd78c1ade9a.d6e11.json
chapter,dragonbones/chapterTopInfo/XCSJ_tex,cc.Texture2D,ff9a70db-66e0-484d-99ce-2db8e6498d2c,assets\chapter\import\ff\ff9a70db-66e0-484d-99ce-2db8e6498d2c.7871f.json
chapter,dragonbones/chapterTopInfo/XCSJ_tex,dragonBones.DragonBonesAtlasAsset,b8aa3605-0186-4e7b-ba5d-e8289ee4d772,assets\chapter\import\b8\b8aa3605-0186-4e7b-ba5d-e8289ee4d772.539b3.json
chapter,dragonbones/chapterTopInfo/XC_ske,dragonBones.DragonBonesAsset,e1a8d2b0-fbd3-442a-90e9-402872e77dc8,assets\chapter\import\e1\e1a8d2b0-fbd3-442a-90e9-402872e77dc8.03107.json
chapter,dragonbones/chapterTopInfo/XC_tex,cc.SpriteFrame,b2b3d895-0d49-4da6-bbf5-12d516f4f99e,assets\chapter\import\b2\b2b3d895-0d49-4da6-bbf5-12d516f4f99e.dd935.json
chapter,dragonbones/chapterTopInfo/XC_tex,cc.Texture2D,43bf0dd9-ac13-4672-a1cc-bd4b895f1a16,assets\chapter\import\43\43bf0dd9-ac13-4672-a1cc-bd4b895f1a16.7871f.json
chapter,dragonbones/chapterTopInfo/XC_tex,dragonBones.DragonBonesAtlasAsset,987ec484-7519-467e-b51b-c9a82dce4383,assets\chapter\import\98\987ec484-7519-467e-b51b-c9a82dce4383.b5850.json
chapter,dragonbones/chapterTopInfo/duigou_ske,dragonBones.DragonBonesAsset,4d31b833-a27a-4b9e-bfb8-583fa6c67ded,assets\chapter\import\4d\4d31b833-a27a-4b9e-bfb8-583fa6c67ded.f1da0.json
chapter,dragonbones/chapterTopInfo/duigou_tex,cc.SpriteFrame,a312a32b-615f-4a37-9b41-1cab9f339ccc,assets\chapter\import\a3\a312a32b-615f-4a37-9b41-1cab9f339ccc.78038.json
chapter,dragonbones/chapterTopInfo/duigou_tex,cc.Texture2D,383bf30a-2499-49f0-99da-4acafb1da68f,assets\chapter\import\38\383bf30a-2499-49f0-99da-4acafb1da68f.7871f.json
chapter,dragonbones/chapterTopInfo/duigou_tex,dragonBones.DragonBonesAtlasAsset,e2cc9cf9-971c-4783-8365-326124ecdf18,assets\chapter\import\e2\e2cc9cf9-971c-4783-8365-326124ecdf18.90553.json
chapter,dragonbones/fail/IsOpenLevelOverTipsChangeTrait/bsovy_ske,dragonBones.DragonBonesAsset,4af4d5d2-7262-480b-a7ab-7da2be6ef2d1,assets\chapter\import\4a\4af4d5d2-7262-480b-a7ab-7da2be6ef2d1.42356.json
chapter,dragonbones/fail/IsOpenLevelOverTipsChangeTrait/bsovy_tex,cc.SpriteFrame,8314a359-d69c-4f58-ade2-bfe08afd8440,assets\chapter\import\83\8314a359-d69c-4f58-ade2-bfe08afd8440.6ee6f.json
chapter,dragonbones/fail/IsOpenLevelOverTipsChangeTrait/bsovy_tex,cc.Texture2D,f7160b4e-2f5f-4595-b8c6-5fc69d069d7d,assets\chapter\import\f7\f7160b4e-2f5f-4595-b8c6-5fc69d069d7d.7871f.json
chapter,dragonbones/fail/IsOpenLevelOverTipsChangeTrait/bsovy_tex,dragonBones.DragonBonesAtlasAsset,5194907f-2da6-4e0b-9d6c-09a44c1265d2,assets\chapter\import\51\5194907f-2da6-4e0b-9d6c-09a44c1265d2.6cedc.json
chapter,dragonbones/fail/bsovy_ske,dragonBones.DragonBonesAsset,b28ef244-124d-4f21-af8b-adc024aea290,assets\chapter\import\b2\b28ef244-124d-4f21-af8b-adc024aea290.33ec1.json
chapter,dragonbones/fail/bsovy_tex,cc.SpriteFrame,02574c39-5e08-4e5e-a4cf-f5de7fb02c5f,assets\chapter\import\02\02574c39-5e08-4e5e-a4cf-f5de7fb02c5f.e8be7.json
chapter,dragonbones/fail/bsovy_tex,cc.Texture2D,b4fa1cf9-4600-4664-9094-501c80eb6a0f,assets\chapter\import\b4\b4fa1cf9-4600-4664-9094-501c80eb6a0f.7871f.json
chapter,dragonbones/fail/bsovy_tex,dragonBones.DragonBonesAtlasAsset,9a9f338c-5bbc-4a47-98d0-1855195ed8ef,assets\chapter\import\9a\9a9f338c-5bbc-4a47-98d0-1855195ed8ef.1a39d.json
chapter,dragonbones/fail/trait/reduceTravelSettlement/result_word_soclose_ske,dragonBones.DragonBonesAsset,53cd1fc6-b99e-445a-a9dc-21ce444d7be0,assets\chapter\import\53\53cd1fc6-b99e-445a-a9dc-21ce444d7be0.9b582.json
chapter,dragonbones/fail/trait/reduceTravelSettlement/result_word_soclose_tex,cc.SpriteFrame,14f6401d-1fc6-40f8-9600-4d2c56e21590,assets\chapter\import\14\14f6401d-1fc6-40f8-9600-4d2c56e21590.8a9f8.json
chapter,dragonbones/fail/trait/reduceTravelSettlement/result_word_soclose_tex,cc.Texture2D,0fae5144-f7b3-4357-95dc-3b6615ab7bc8,assets\chapter\import\0f\0fae5144-f7b3-4357-95dc-3b6615ab7bc8.7871f.json
chapter,dragonbones/fail/trait/reduceTravelSettlement/result_word_soclose_tex,dragonBones.DragonBonesAtlasAsset,02ddb498-fafe-4e1e-99d3-86978d793823,assets\chapter\import\02\02ddb498-fafe-4e1e-99d3-86978d793823.dbd70.json
chapter,dragonbones/gameOver/traits/30598_f_heightFeelShow/gameplay_peakVicotory_ske,dragonBones.DragonBonesAsset,587815d8-2c7d-4e59-a571-26db1729b99f,assets\chapter\import\58\587815d8-2c7d-4e59-a571-26db1729b99f.b734a.json
chapter,dragonbones/gameOver/traits/30598_f_heightFeelShow/gameplay_peakVicotory_tex,cc.SpriteFrame,46ddfcb0-0763-4c70-ade0-bdbebb70ac7d,assets\chapter\import\46\46ddfcb0-0763-4c70-ade0-bdbebb70ac7d.63af5.json
chapter,dragonbones/gameOver/traits/30598_f_heightFeelShow/gameplay_peakVicotory_tex,cc.Texture2D,e9833c9d-c2c9-420d-9752-629a487b6b28,assets\chapter\import\e9\e9833c9d-c2c9-420d-9752-629a487b6b28.7871f.json
chapter,dragonbones/gameOver/traits/30598_f_heightFeelShow/gameplay_peakVicotory_tex,dragonBones.DragonBonesAtlasAsset,4248794a-f7b8-4753-b11f-3a7d3990fe8e,assets\chapter\import\42\4248794a-f7b8-4753-b11f-3a7d3990fe8e.2dec6.json
chapter,dragonbones/repeatPreview/FangDaJing_ske,dragonBones.DragonBonesAsset,08635eae-64ed-49d3-9cdd-0439b3085e6d,assets\chapter\import\08\08635eae-64ed-49d3-9cdd-0439b3085e6d.d4736.json
chapter,dragonbones/repeatPreview/FangDaJing_tex,cc.SpriteFrame,fc3c9c30-3ad4-4131-b969-ec352aaf97cd,assets\chapter\import\fc\fc3c9c30-3ad4-4131-b969-ec352aaf97cd.60d5f.json
chapter,dragonbones/repeatPreview/FangDaJing_tex,cc.Texture2D,a79c5d14-156e-40fd-afe5-d6be30fcc5f3,assets\chapter\import\a7\a79c5d14-156e-40fd-afe5-d6be30fcc5f3.7871f.json
chapter,dragonbones/repeatPreview/FangDaJing_tex,dragonBones.DragonBonesAtlasAsset,30186f85-2020-48c5-82b8-19bc95aecd8f,assets\chapter\import\30\30186f85-2020-48c5-82b8-19bc95aecd8f.77d52.json
chapter,dragonbones/repeatPreview/adventure_icon_magnifier_di,cc.SpriteFrame,3dbd1dc8-9dd4-4ce8-a98a-bb6b2860b343,assets\chapter\import\3d\3dbd1dc8-9dd4-4ce8-a98a-bb6b2860b343.74d92.json
chapter,dragonbones/repeatPreview/adventure_icon_magnifier_di,cc.Texture2D,0ef2dc87-01e6-4017-950e-b8aef4d50831,assets\chapter\import\0e\0ef2dc87-01e6-4017-950e-b8aef4d50831.7871f.json
chapter,dragonbones/wellDone/XCfive_ske,dragonBones.DragonBonesAsset,c2f581c8-2073-4066-9d6b-6d1a9fb1cb19,assets\chapter\import\c2\c2f581c8-2073-4066-9d6b-6d1a9fb1cb19.91440.json
chapter,dragonbones/wellDone/XCfive_tex,cc.SpriteFrame,e96c665a-795b-4550-8edf-9910461b430c,assets\chapter\import\e9\e96c665a-795b-4550-8edf-9910461b430c.b51a7.json
chapter,dragonbones/wellDone/XCfive_tex,cc.Texture2D,1b23b933-e078-484e-a638-d4aaeeedc552,assets\chapter\import\1b\1b23b933-e078-484e-a638-d4aaeeedc552.7871f.json
chapter,dragonbones/wellDone/XCfive_tex,dragonBones.DragonBonesAtlasAsset,32737de4-68c0-4d0c-ae2a-46a4276de485,assets\chapter\import\32\32737de4-68c0-4d0c-ae2a-46a4276de485.e64b7.json
chapter,dragonbones/wellDone/jindutiao_ske,dragonBones.DragonBonesAsset,1a283251-46bf-48e5-b638-01995874a034,assets\chapter\import\1a\1a283251-46bf-48e5-b638-01995874a034.34d2c.json
chapter,dragonbones/wellDone/jindutiao_tex,cc.SpriteFrame,01fcdca1-12ff-47d9-884e-89efaec1eef3,assets\chapter\import\01\01fcdca1-12ff-47d9-884e-89efaec1eef3.04b3a.json
chapter,dragonbones/wellDone/jindutiao_tex,cc.Texture2D,1c895216-3543-41e0-8155-af84a4e2fb77,assets\chapter\import\1c\1c895216-3543-41e0-8155-af84a4e2fb77.7871f.json
chapter,dragonbones/wellDone/jindutiao_tex,dragonBones.DragonBonesAtlasAsset,7931330f-d58a-48d8-8d61-13f6cfd13c57,assets\chapter\import\79\7931330f-d58a-48d8-8d61-13f6cfd13c57.5647e.json
chapter,dragonbones/win/JSBS_ske,dragonBones.DragonBonesAsset,5d014eed-a607-40f1-a8c8-6cb0164146ba,assets\chapter\import\5d\5d014eed-a607-40f1-a8c8-6cb0164146ba.01e34.json
chapter,dragonbones/win/JSBS_tex,cc.SpriteFrame,16d9dd73-a9d5-476a-9caa-0b5fe8a9a320,assets\chapter\import\16\16d9dd73-a9d5-476a-9caa-0b5fe8a9a320.fcebc.json
chapter,dragonbones/win/JSBS_tex,cc.Texture2D,5e798aa1-9e37-4a98-85bf-9ce8d0cb1102,assets\chapter\import\5e\5e798aa1-9e37-4a98-85bf-9ce8d0cb1102.7871f.json
chapter,dragonbones/win/JSBS_tex,dragonBones.DragonBonesAtlasAsset,f40f62b2-8a38-432a-8e24-4a912c7519a7,assets\chapter\import\f4\f40f62b2-8a38-432a-8e24-4a912c7519a7.80f17.json
chapter,dragonbones/win/JSBSo_ske,dragonBones.DragonBonesAsset,7831b6be-9ce6-485f-83eb-fe79b279dd3b,assets\chapter\import\78\7831b6be-9ce6-485f-83eb-fe79b279dd3b.ffeb2.json
chapter,dragonbones/win/JSBSo_tex,cc.SpriteFrame,74f8e52f-034f-4e89-915b-cb461ba65b08,assets\chapter\import\74\74f8e52f-034f-4e89-915b-cb461ba65b08.ea680.json
chapter,dragonbones/win/JSBSo_tex,cc.Texture2D,ac5ec5db-b6ab-4009-ab5f-81baa0d2d054,assets\chapter\import\ac\ac5ec5db-b6ab-4009-ab5f-81baa0d2d054.7871f.json
chapter,dragonbones/win/JSBSo_tex,dragonBones.DragonBonesAtlasAsset,9d0d5cc9-0192-467e-975f-6f9d1f944555,assets\chapter\import\9d\9d0d5cc9-0192-467e-975f-6f9d1f944555.052d2.json
chapter,dragonbones/win/jsfs_ske,dragonBones.DragonBonesAsset,7aff4db7-1d62-4bd9-b0a6-fc1c30a2c13b,assets\chapter\import\7a\7aff4db7-1d62-4bd9-b0a6-fc1c30a2c13b.e109f.json
chapter,dragonbones/win/jsfs_tex,cc.SpriteFrame,41157b5d-2c2f-44ae-9443-512f557e0526,assets\chapter\import\41\41157b5d-2c2f-44ae-9443-512f557e0526.ff108.json
chapter,dragonbones/win/jsfs_tex,cc.Texture2D,48ee39b8-796a-4500-94ad-644e2c8e11e8,assets\chapter\import\48\48ee39b8-796a-4500-94ad-644e2c8e11e8.7871f.json
chapter,dragonbones/win/jsfs_tex,dragonBones.DragonBonesAtlasAsset,8909aaab-2180-4094-9c49-f97f3107ab70,assets\chapter\import\89\8909aaab-2180-4094-9c49-f97f3107ab70.47d5c.json
chapter,dragonbones/win/trait/reduceTravelSettlement/XCfive_ske,dragonBones.DragonBonesAsset,0c1ad7d2-b3d8-4566-9104-230bcbf51808,assets\chapter\import\0c\0c1ad7d2-b3d8-4566-9104-230bcbf51808.e1dbe.json
chapter,dragonbones/win/trait/reduceTravelSettlement/XCfive_tex,cc.SpriteFrame,e11c7618-bb7c-44af-8770-aa8800b6c5fe,assets\chapter\import\e1\e11c7618-bb7c-44af-8770-aa8800b6c5fe.a1970.json
chapter,dragonbones/win/trait/reduceTravelSettlement/XCfive_tex,cc.Texture2D,0789aa9f-5904-42c0-b259-202a2cbcf643,assets\chapter\import\07\0789aa9f-5904-42c0-b259-202a2cbcf643.7871f.json
chapter,dragonbones/win/trait/reduceTravelSettlement/XCfive_tex,dragonBones.DragonBonesAtlasAsset,a27434c1-5de9-4992-987f-ed2b013add6f,assets\chapter\import\a2\a27434c1-5de9-4992-987f-ed2b013add6f.90b6a.json
chapter,dragonbones/win/trait/reduceTravelSettlement/jindutiao_ske,dragonBones.DragonBonesAsset,d5d0f461-ba07-4913-965a-d289a171f0cc,assets\chapter\import\d5\d5d0f461-ba07-4913-965a-d289a171f0cc.cf950.json
chapter,dragonbones/win/trait/reduceTravelSettlement/jindutiao_tex,cc.SpriteFrame,3930bc1f-69cd-4910-b30f-83ca8448bc88,assets\chapter\import\39\3930bc1f-69cd-4910-b30f-83ca8448bc88.c5c2d.json
chapter,dragonbones/win/trait/reduceTravelSettlement/jindutiao_tex,cc.Texture2D,c9ae463b-87d8-480d-bcb7-77b4309d775d,assets\chapter\import\c9\c9ae463b-87d8-480d-bcb7-77b4309d775d.7871f.json
chapter,dragonbones/win/trait/reduceTravelSettlement/jindutiao_tex,dragonBones.DragonBonesAtlasAsset,7c260f1e-a99f-4d8a-a796-5125510d01dd,assets\chapter\import\7c\7c260f1e-a99f-4d8a-a796-5125510d01dd.73e08.json
chapter,fonts/chapterList/item,cc.BitmapFont,39c3b211-7e06-4490-a0d2-d7d335b983e7,assets\chapter\import\39\39c3b211-7e06-4490-a0d2-d7d335b983e7.b7b2c.json
chapter,fonts/chapterList/item,cc.SpriteFrame,5551a752-689b-4ebd-b511-df2cd55f5f01,assets\chapter\import\55\5551a752-689b-4ebd-b511-df2cd55f5f01.255c2.json
chapter,fonts/chapterList/item,cc.Texture2D,2b4ebc8b-204b-4084-8afb-4959430f7f12,assets\chapter\import\2b\2b4ebc8b-204b-4084-8afb-4959430f7f12.7871f.json
chapter,fonts/chapterList/level,cc.BitmapFont,4366f8ba-6a7a-44cc-9650-d473291d27f7,assets\chapter\import\43\4366f8ba-6a7a-44cc-9650-d473291d27f7.b6be5.json
chapter,fonts/chapterList/level,cc.SpriteFrame,a4964f19-74ae-4592-8ab0-4ac93ff0ac25,assets\chapter\import\a4\a4964f19-74ae-4592-8ab0-4ac93ff0ac25.ef258.json
chapter,fonts/chapterList/level,cc.Texture2D,4e1f6c05-891a-4da8-a778-5da77d9bd2ef,assets\chapter\import\4e\4e1f6c05-891a-4da8-a778-5da77d9bd2ef.7871f.json
chapter,fonts/continuityPassLevel/num_ConsecutiveClearances,cc.BitmapFont,8e746272-7094-45ea-a455-7d4efe0aac5b,assets\chapter\import\8e\8e746272-7094-45ea-a455-7d4efe0aac5b.6284e.json
chapter,fonts/continuityPassLevel/num_ConsecutiveClearances,cc.SpriteFrame,a198b857-9e00-4ebe-bdc0-faeea945a6fc,assets\chapter\import\a1\a198b857-9e00-4ebe-bdc0-faeea945a6fc.4dc66.json
chapter,fonts/continuityPassLevel/num_ConsecutiveClearances,cc.Texture2D,7f7f3e19-45ef-4aaf-b93f-6bd866475923,assets\chapter\import\7f\7f7f3e19-45ef-4aaf-b93f-6bd866475923.7871f.json
chapter,fonts/hardLevel/revive_num_blue,cc.BitmapFont,9ed3d69e-dad1-4781-b1ae-556683d53c62,assets\chapter\import\9e\9ed3d69e-dad1-4781-b1ae-556683d53c62.4a477.json
chapter,fonts/hardLevel/revive_num_blue,cc.SpriteFrame,c1417f28-5bcb-4759-bde2-c11cfc89585b,assets\chapter\import\c1\c1417f28-5bcb-4759-bde2-c11cfc89585b.9bf7b.json
chapter,fonts/hardLevel/revive_num_blue,cc.Texture2D,37b19687-a250-46bc-8aec-f539c279642c,assets\chapter\import\37\37b19687-a250-46bc-8aec-f539c279642c.7871f.json
chapter,fonts/hardLevel/revive_num_pink,cc.BitmapFont,8baac601-5faa-40de-91ec-a25cde3d8e3c,assets\chapter\import\8b\8baac601-5faa-40de-91ec-a25cde3d8e3c.c35e8.json
chapter,fonts/hardLevel/revive_num_pink,cc.SpriteFrame,00d0f8c2-3ff8-4fd4-84c6-dc850fc7a263,assets\chapter\import\00\00d0f8c2-3ff8-4fd4-84c6-dc850fc7a263.9edbd.json
chapter,fonts/hardLevel/revive_num_pink,cc.Texture2D,b454f9ea-1e21-4885-b3b4-e44ed727102a,assets\chapter\import\b4\b454f9ea-1e21-4885-b3b4-e44ed727102a.7871f.json
chapter,fonts/hardLevel/revive_num_purple,cc.BitmapFont,aa465259-c25b-4815-a00a-dfc0a67f7aa3,assets\chapter\import\aa\aa465259-c25b-4815-a00a-dfc0a67f7aa3.0f138.json
chapter,fonts/hardLevel/revive_num_purple,cc.SpriteFrame,620c7804-05a8-42cd-8818-805ff0d75e93,assets\chapter\import\62\620c7804-05a8-42cd-8818-805ff0d75e93.a06be.json
chapter,fonts/hardLevel/revive_num_purple,cc.Texture2D,f0d2fb76-fcab-4078-8ee1-f6f07a256ac3,assets\chapter\import\f0\f0d2fb76-fcab-4078-8ee1-f6f07a256ac3.7871f.json
chapter,fonts/hardLevel/revive_num_red,cc.BitmapFont,7515dbaf-c025-412b-be19-4601a759ad1a,assets\chapter\import\75\7515dbaf-c025-412b-be19-4601a759ad1a.e5dea.json
chapter,fonts/hardLevel/revive_num_red,cc.SpriteFrame,d127e2df-a325-4e5c-b386-1b1707f5a44c,assets\chapter\import\d1\d127e2df-a325-4e5c-b386-1b1707f5a44c.93aa0.json
chapter,fonts/hardLevel/revive_num_red,cc.Texture2D,effcbcd0-8c79-413f-a75f-780c5210ea88,assets\chapter\import\ef\effcbcd0-8c79-413f-a75f-780c5210ea88.7871f.json
chapter,fonts/hardLevel/revive_num_yellow,cc.BitmapFont,3eebf2a8-d905-4eda-81a1-2be32f3d5391,assets\chapter\import\3e\3eebf2a8-d905-4eda-81a1-2be32f3d5391.a3efa.json
chapter,fonts/hardLevel/revive_num_yellow,cc.SpriteFrame,64f444c6-f6de-435d-9b0c-0fcdacb89dcf,assets\chapter\import\64\64f444c6-f6de-435d-9b0c-0fcdacb89dcf.be73b.json
chapter,fonts/hardLevel/revive_num_yellow,cc.Texture2D,bca259b5-247e-4a37-a2c0-75328c99e781,assets\chapter\import\bc\bca259b5-247e-4a37-a2c0-75328c99e781.7871f.json
chapter,prefabs/blocksProducer/traits/GrayEffect,cc.Prefab,2a007c34-ee62-4ed6-919f-97b9908cdfff,assets\chapter\import\2a\2a007c34-ee62-4ed6-919f-97b9908cdfff.4fd4c.json
chapter,prefabs/chapterList/ChapterContent,cc.Prefab,a6917a45-2a69-4f50-bb37-db087037c3c9,assets\chapter\import\a6\a6917a45-2a69-4f50-bb37-db087037c3c9.5e8d9.json
chapter,prefabs/chapterList/ChapterCurSeat,cc.Prefab,b754304f-318e-46ca-9088-c7551de60aaa,assets\chapter\import\b7\b754304f-318e-46ca-9088-c7551de60aaa.8fe09.json
chapter,prefabs/chapterList/ChapterItem,cc.Prefab,55e84f03-fa2c-48cb-8273-9e7542beee6f,assets\chapter\import\55\55e84f03-fa2c-48cb-8273-9e7542beee6f.f5d1e.json
chapter,prefabs/chapterList/ChapterLevelTxt,cc.Prefab,2e9f223b-4ccd-4f98-9992-e98230bf5062,assets\chapter\import\2e\2e9f223b-4ccd-4f98-9992-e98230bf5062.3b495.json
chapter,prefabs/chapterList/ChapterList,cc.Prefab,1b72f3b1-619f-4fc6-bf2d-0c6ad4934e64,assets\chapter\import\1b\1b72f3b1-619f-4fc6-bf2d-0c6ad4934e64.fe8a5.json
chapter,prefabs/chapterList/ChapterThroughCupBone,cc.Prefab,c0735da5-f4af-4cbf-81ea-20cb1683ceed,assets\chapter\import\c0\c0735da5-f4af-4cbf-81ea-20cb1683ceed.0ccec.json
chapter,prefabs/chapterList/ColorBlockMosaicBlockBgAni,cc.Prefab,d2b22c84-3f65-46bc-8946-8038398e47f9,assets\chapter\import\d2\d2b22c84-3f65-46bc-8946-8038398e47f9.449f3.json
chapter,prefabs/collectItem/ChapterCollectEffectItem,cc.Prefab,7708a13f-3302-454c-8b9d-78e43ecfcdb3,assets\chapter\import\77\7708a13f-3302-454c-8b9d-78e43ecfcdb3.98f79.json
chapter,prefabs/collectItem/ChapterCollectEndItem,cc.Prefab,6904fa1b-a8cb-4130-becb-1206ad5ddd82,assets\chapter\import\69\6904fa1b-a8cb-4130-becb-1206ad5ddd82.96827.json
chapter,prefabs/collectItem/ChapterCollectTopItem,cc.Prefab,edb8c97f-eaf8-4a64-b949-9e9d50e57007,assets\chapter\import\ed\edb8c97f-eaf8-4a64-b949-9e9d50e57007.3068f.json
chapter,prefabs/fail/ChapterCollectFail,cc.Prefab,9c38506d-4cdc-4cf1-928a-5fc607a34015,assets\chapter\import\9c\9c38506d-4cdc-4cf1-928a-5fc607a34015.6e1e8.json
chapter,prefabs/fail/ChapterScoreFail,cc.Prefab,a9a135b6-7a51-40d3-a461-dc14a4ca1497,assets\chapter\import\a9\a9a135b6-7a51-40d3-a461-dc14a4ca1497.f78ec.json
chapter,prefabs/fail/ChapterTipsFail,cc.Prefab,34160a99-e362-4631-bb54-b296f2de69cf,assets\chapter\import\34\34160a99-e362-4631-bb54-b296f2de69cf.54d36.json
chapter,prefabs/fail/trait/reduceTravelSettlement/ChapterReduceCollectFail,cc.Prefab,cf00c279-051b-4abd-a5aa-33a6cbc0dd75,assets\chapter\import\cf\cf00c279-051b-4abd-a5aa-33a6cbc0dd75.401db.json
chapter,prefabs/fail/trait/reduceTravelSettlement/ChapterReduceScoreFail,cc.Prefab,f155788c-c33b-4521-ade8-dce65cecd381,assets\chapter\import\f1\f155788c-c33b-4521-ade8-dce65cecd381.eeade.json
chapter,prefabs/game/ChapterGame,cc.Prefab,7f08b30a-81b2-46ec-85e2-320a99a4c6bc,assets\chapter\import\7f\7f08b30a-81b2-46ec-85e2-320a99a4c6bc.1117c.json
chapter,prefabs/gameover/trait/continuityPassLevel/PassLevelReward,cc.Prefab,3a3fd620-ce52-4390-87a5-4d68733c243c,assets\chapter\import\3a\3a3fd620-ce52-4390-87a5-4d68733c243c.7c894.json
chapter,prefabs/gameover/trait/gateWinStreakState/Winstreak,cc.Prefab,cd5d5c07-8b51-4373-9510-dd8658e01c55,assets\chapter\import\cd\cd5d5c07-8b51-4373-9510-dd8658e01c55.a1d24.json
chapter,prefabs/goal/ChapterGoal,cc.Prefab,c8714e66-b981-4820-b78d-7664b8fd6ee2,assets\chapter\import\c8\c8714e66-b981-4820-b78d-7664b8fd6ee2.77baa.json
chapter,prefabs/goal/ChapterGoalCollect,cc.Prefab,353f492c-0a35-477e-b471-c2f5d17ef284,assets\chapter\import\35\353f492c-0a35-477e-b471-c2f5d17ef284.2afe4.json
chapter,prefabs/goal/ChapterGoalScore,cc.Prefab,d904949f-fb67-4245-9805-f5021eb23dee,assets\chapter\import\d9\d904949f-fb67-4245-9805-f5021eb23dee.74308.json
chapter,prefabs/hardLevel/ChapterHardLevelDefeat,cc.Prefab,364ce76e-0942-4a51-bba0-41e3881fde6a,assets\chapter\import\36\364ce76e-0942-4a51-bba0-41e3881fde6a.78c4b.json
chapter,prefabs/hardLevel/ChapterHardLevelFailHardNode,cc.Prefab,e5829be3-3163-4cf5-9dc0-618c18504346,assets\chapter\import\e5\e5829be3-3163-4cf5-9dc0-618c18504346.a0d53.json
chapter,prefabs/main/ChapterMain,cc.Prefab,8345ad1b-43fa-4ad7-ad83-92bd1d597377,assets\chapter\import\83\8345ad1b-43fa-4ad7-ad83-92bd1d597377.f6fa8.json
chapter,prefabs/repeatPreview/repeatPreviewPrefab,cc.Prefab,09e74a6b-0fa4-4c40-8aea-c3845f109eed,assets\chapter\import\09\09e74a6b-0fa4-4c40-8aea-c3845f109eed.bfda9.json
chapter,prefabs/topInfo/ChapterTopInfo,cc.Prefab,84a43871-5f3a-4111-985a-6aa548d99f6a,assets\chapter\import\84\84a43871-5f3a-4111-985a-6aa548d99f6a.a0dd4.json
chapter,prefabs/topInfo/ChapterTopInfoBtn,cc.Prefab,4cbc1c97-960c-467c-b65a-aebd9d594226,assets\chapter\import\4c\4cbc1c97-960c-467c-b65a-aebd9d594226.b3359.json
chapter,prefabs/topInfo/ChapterTopInfoCollect,cc.Prefab,2837ef49-05b4-4bfc-98a6-278170ee6a3b,assets\chapter\import\28\2837ef49-05b4-4bfc-98a6-278170ee6a3b.ad10f.json
chapter,prefabs/topInfo/ChapterTopInfoScore,cc.Prefab,6044b1e3-901e-40e7-8c6d-f582f418dd44,assets\chapter\import\60\6044b1e3-901e-40e7-8c6d-f582f418dd44.45035.json
chapter,prefabs/wellDone/ChapterWellDone,cc.Prefab,50eae079-7133-4415-8095-6010b69551fb,assets\chapter\import\50\50eae079-7133-4415-8095-6010b69551fb.2b893.json
chapter,prefabs/win/ChapterCollectWin,cc.Prefab,270828de-580f-475b-ba2d-1ee43c078bb9,assets\chapter\import\27\270828de-580f-475b-ba2d-1ee43c078bb9.f63ca.json
chapter,prefabs/win/ChapterScoreWin,cc.Prefab,94e8dcc3-802c-48cd-80c4-e8d0a20ed595,assets\chapter\import\94\94e8dcc3-802c-48cd-80c4-e8d0a20ed595.a6d93.json
chapter,prefabs/win/trait/reduceTravelSettlement/ChapterReduceCollectWin,cc.Prefab,ebfa6aa0-2039-4372-9f5f-6b217ac5774d,assets\chapter\import\eb\ebfa6aa0-2039-4372-9f5f-6b217ac5774d.c1bc7.json
chapter,prefabs/win/trait/reduceTravelSettlement/ChapterReduceScoreWin,cc.Prefab,ea3d9921-53fc-4aa5-9000-b2e28f6ff7a0,assets\chapter\import\ea\ea3d9921-53fc-4aa5-9000-b2e28f6ff7a0.646d2.json
chapter,scripts/modules/algorithmStrategy/data/round,cc.JsonAsset,87ffa2bd-0fbd-4977-a177-2fc0f8b90e6b,assets\chapter\import\87\87ffa2bd-0fbd-4977-a177-2fc0f8b90e6b.97985.json
chapter,scripts/modules/dragonBones,cc.Asset,4bb7b110-d49b-4ffb-af75-c3defac56f5a,assets\chapter\import\4b\4bb7b110-d49b-4ffb-af75-c3defac56f5a.ce3eb.json
chapter,textures/chapterList/bg_TittleDown,cc.SpriteFrame,f1f32c8c-c1cc-4520-bc2a-84c1252a80ce,assets\chapter\import\f1\f1f32c8c-c1cc-4520-bc2a-84c1252a80ce.574c0.json
chapter,textures/chapterList/bg_TittleDown,cc.Texture2D,c4c026c1-6fe5-4fd9-8c50-679f39c2fca8,assets\chapter\import\c4\c4c026c1-6fe5-4fd9-8c50-679f39c2fca8.7871f.json
chapter,textures/chapterList/icon_CupBg,cc.SpriteFrame,2dff45de-5969-4a34-b55e-1f2ccc24cd23,assets\chapter\import\2d\2dff45de-5969-4a34-b55e-1f2ccc24cd23.a984a.json
chapter,textures/chapterList/icon_CupBg,cc.Texture2D,cb096c45-fc5d-40a9-bde0-5f720fa80d00,assets\chapter\import\cb\cb096c45-fc5d-40a9-bde0-5f720fa80d00.7871f.json
chapter,textures/chapterList/light,cc.SpriteFrame,edba1ef3-3464-4bb9-88db-6d0a945185bb,assets\chapter\import\ed\edba1ef3-3464-4bb9-88db-6d0a945185bb.3a44f.json
chapter,textures/chapterList/light,cc.Texture2D,05d67ea0-4fb8-4274-82d2-12124e45007f,assets\chapter\import\05\05d67ea0-4fb8-4274-82d2-12124e45007f.7871f.json
chapter,textures/chapterList/periods/block/1,cc.SpriteFrame,8baf0ba5-c7b3-4d37-ad9e-7b547e840ee7,assets\chapter\import\8b\8baf0ba5-c7b3-4d37-ad9e-7b547e840ee7.db8da.json
chapter,textures/chapterList/periods/block/10,cc.SpriteFrame,1fff0731-de47-42fd-bffe-044f704cd1c5,assets\chapter\import\1f\1fff0731-de47-42fd-bffe-044f704cd1c5.b38ca.json
chapter,textures/chapterList/periods/block/100,cc.SpriteFrame,31698e73-dc84-4607-8a6c-7011ebf9d782,assets\chapter\import\31\31698e73-dc84-4607-8a6c-7011ebf9d782.73d91.json
chapter,textures/chapterList/periods/block/101,cc.SpriteFrame,9127697b-29d4-4b25-991e-0265cf906d67,assets\chapter\import\91\9127697b-29d4-4b25-991e-0265cf906d67.ca7fb.json
chapter,textures/chapterList/periods/block/102,cc.SpriteFrame,96e4015b-8300-429a-ae87-fd874334372e,assets\chapter\import\96\96e4015b-8300-429a-ae87-fd874334372e.db11d.json
chapter,textures/chapterList/periods/block/103,cc.SpriteFrame,d6bbc6a9-41a3-44ae-aac4-588c2c388f33,assets\chapter\import\d6\d6bbc6a9-41a3-44ae-aac4-588c2c388f33.85f1d.json
chapter,textures/chapterList/periods/block/104,cc.SpriteFrame,2e9ab9be-7991-47ab-a2f6-d01705f0d7fe,assets\chapter\import\2e\2e9ab9be-7991-47ab-a2f6-d01705f0d7fe.22349.json
chapter,textures/chapterList/periods/block/105,cc.SpriteFrame,a146be68-426d-46f5-822b-f959bbac2bda,assets\chapter\import\a1\a146be68-426d-46f5-822b-f959bbac2bda.0907d.json
chapter,textures/chapterList/periods/block/106,cc.SpriteFrame,c0c928b9-f767-47ec-8f30-5db722cc63eb,assets\chapter\import\c0\c0c928b9-f767-47ec-8f30-5db722cc63eb.4a42a.json
chapter,textures/chapterList/periods/block/107,cc.SpriteFrame,245442a5-fbd9-4f98-a521-2ac1828c3860,assets\chapter\import\24\245442a5-fbd9-4f98-a521-2ac1828c3860.5a6bc.json
chapter,textures/chapterList/periods/block/108,cc.SpriteFrame,99da686e-c444-41cb-a250-a0a39dd2f177,assets\chapter\import\99\99da686e-c444-41cb-a250-a0a39dd2f177.65958.json
chapter,textures/chapterList/periods/block/109,cc.SpriteFrame,054e936f-59a9-457f-8cbf-61b6d408062c,assets\chapter\import\05\054e936f-59a9-457f-8cbf-61b6d408062c.f9bea.json
chapter,textures/chapterList/periods/block/11,cc.SpriteFrame,ea87fee9-b2fe-42cd-9551-0ad204408e53,assets\chapter\import\ea\ea87fee9-b2fe-42cd-9551-0ad204408e53.5d513.json
chapter,textures/chapterList/periods/block/110,cc.SpriteFrame,e8fc1f7e-ea18-4f06-80a9-bc0371ab2769,assets\chapter\import\e8\e8fc1f7e-ea18-4f06-80a9-bc0371ab2769.9d0bf.json
chapter,textures/chapterList/periods/block/111,cc.SpriteFrame,6f6b13c4-ca58-4b94-a9cf-6a1c4be41b64,assets\chapter\import\6f\6f6b13c4-ca58-4b94-a9cf-6a1c4be41b64.c8da5.json
chapter,textures/chapterList/periods/block/112,cc.SpriteFrame,138bf705-7a85-4f40-9d82-9ed5be467d28,assets\chapter\import\13\138bf705-7a85-4f40-9d82-9ed5be467d28.795cd.json
chapter,textures/chapterList/periods/block/113,cc.SpriteFrame,ffb74689-d4ea-47ba-b2aa-ce378d1416e5,assets\chapter\import\ff\ffb74689-d4ea-47ba-b2aa-ce378d1416e5.f88b5.json
chapter,textures/chapterList/periods/block/114,cc.SpriteFrame,36eca76b-6c14-4876-b73b-97b2b08cdcaa,assets\chapter\import\36\36eca76b-6c14-4876-b73b-97b2b08cdcaa.24ea3.json
chapter,textures/chapterList/periods/block/115,cc.SpriteFrame,d254cc74-4b98-4abf-8693-bda11a6ee4f4,assets\chapter\import\d2\d254cc74-4b98-4abf-8693-bda11a6ee4f4.a3a5f.json
chapter,textures/chapterList/periods/block/116,cc.SpriteFrame,96c23ef0-3db5-43f2-afd3-8201b0cd7e6f,assets\chapter\import\96\96c23ef0-3db5-43f2-afd3-8201b0cd7e6f.a7623.json
chapter,textures/chapterList/periods/block/117,cc.SpriteFrame,88ea9a45-cba8-47ec-9b53-84959c274db5,assets\chapter\import\88\88ea9a45-cba8-47ec-9b53-84959c274db5.58b53.json
chapter,textures/chapterList/periods/block/118,cc.SpriteFrame,5998ac2c-14da-4dbf-9715-3d0ccb40f467,assets\chapter\import\59\5998ac2c-14da-4dbf-9715-3d0ccb40f467.92682.json
chapter,textures/chapterList/periods/block/119,cc.SpriteFrame,665b8588-8c80-4e95-9f51-b48c843d3ade,assets\chapter\import\66\665b8588-8c80-4e95-9f51-b48c843d3ade.d63ac.json
chapter,textures/chapterList/periods/block/12,cc.SpriteFrame,914a09c3-2e1c-4ff1-8641-0c847dd6d0c8,assets\chapter\import\91\914a09c3-2e1c-4ff1-8641-0c847dd6d0c8.2725d.json
chapter,textures/chapterList/periods/block/120,cc.SpriteFrame,069a68f5-8268-460c-86f0-a207f1eae018,assets\chapter\import\06\069a68f5-8268-460c-86f0-a207f1eae018.3e097.json
chapter,textures/chapterList/periods/block/121,cc.SpriteFrame,941f785c-bd8b-403d-ac77-ca5c5e7be83b,assets\chapter\import\94\941f785c-bd8b-403d-ac77-ca5c5e7be83b.02d48.json
chapter,textures/chapterList/periods/block/122,cc.SpriteFrame,b1ff72ed-07e5-43c3-b962-cf939c185ff1,assets\chapter\import\b1\b1ff72ed-07e5-43c3-b962-cf939c185ff1.2346e.json
chapter,textures/chapterList/periods/block/123,cc.SpriteFrame,3adb1a23-16da-4b18-b133-502afd69307d,assets\chapter\import\3a\3adb1a23-16da-4b18-b133-502afd69307d.7bb6a.json
chapter,textures/chapterList/periods/block/124,cc.SpriteFrame,4f2cd2a7-7fc0-4f61-8ab9-bacbd3058ccc,assets\chapter\import\4f\4f2cd2a7-7fc0-4f61-8ab9-bacbd3058ccc.92bef.json
chapter,textures/chapterList/periods/block/125,cc.SpriteFrame,873448a4-cc37-4c95-93c8-7911941afef4,assets\chapter\import\87\873448a4-cc37-4c95-93c8-7911941afef4.3561e.json
chapter,textures/chapterList/periods/block/127,cc.SpriteFrame,51bb0de9-6b2c-40f1-8c94-27b1932162ab,assets\chapter\import\51\51bb0de9-6b2c-40f1-8c94-27b1932162ab.aad9b.json
chapter,textures/chapterList/periods/block/128,cc.SpriteFrame,57f1939e-9726-46e7-abfb-d500cc2eb1d7,assets\chapter\import\57\57f1939e-9726-46e7-abfb-d500cc2eb1d7.67e7a.json
chapter,textures/chapterList/periods/block/129,cc.SpriteFrame,52196127-9e4e-4115-ac3e-2eec52f23aca,assets\chapter\import\52\52196127-9e4e-4115-ac3e-2eec52f23aca.30709.json
chapter,textures/chapterList/periods/block/13,cc.SpriteFrame,03a81381-6cf4-447a-888e-6421969e20d7,assets\chapter\import\03\03a81381-6cf4-447a-888e-6421969e20d7.2edc1.json
chapter,textures/chapterList/periods/block/130,cc.SpriteFrame,7d2a1d32-60ce-4f4c-8e4b-985f8cb47a05,assets\chapter\import\7d\7d2a1d32-60ce-4f4c-8e4b-985f8cb47a05.34dd8.json
chapter,textures/chapterList/periods/block/131,cc.SpriteFrame,51c55790-c2d1-49c9-b6d4-7b2d92479c48,assets\chapter\import\51\51c55790-c2d1-49c9-b6d4-7b2d92479c48.9890f.json
chapter,textures/chapterList/periods/block/132,cc.SpriteFrame,2eb0ae21-ac06-4fde-a542-c009304edcbb,assets\chapter\import\2e\2eb0ae21-ac06-4fde-a542-c009304edcbb.86146.json
chapter,textures/chapterList/periods/block/133,cc.SpriteFrame,2ca1b2a0-49ca-4369-a4c8-30f505aa2649,assets\chapter\import\2c\2ca1b2a0-49ca-4369-a4c8-30f505aa2649.e0322.json
chapter,textures/chapterList/periods/block/134,cc.SpriteFrame,0d8bb0c1-4d67-4d6d-a51b-46063c47a73d,assets\chapter\import\0d\0d8bb0c1-4d67-4d6d-a51b-46063c47a73d.5e165.json
chapter,textures/chapterList/periods/block/135,cc.SpriteFrame,292393b4-37c9-4f1c-b9e1-610975ab1024,assets\chapter\import\29\292393b4-37c9-4f1c-b9e1-610975ab1024.51e05.json
chapter,textures/chapterList/periods/block/136,cc.SpriteFrame,ddfe3a3b-b76d-4dea-bf7d-046500a9583a,assets\chapter\import\dd\ddfe3a3b-b76d-4dea-bf7d-046500a9583a.a2b34.json
chapter,textures/chapterList/periods/block/137,cc.SpriteFrame,adba0921-dbab-4861-8eda-28dd099e84fd,assets\chapter\import\ad\adba0921-dbab-4861-8eda-28dd099e84fd.b154d.json
chapter,textures/chapterList/periods/block/138,cc.SpriteFrame,cc26d5ef-9276-47f5-a91a-ccbea2f3248f,assets\chapter\import\cc\cc26d5ef-9276-47f5-a91a-ccbea2f3248f.6404b.json
chapter,textures/chapterList/periods/block/139,cc.SpriteFrame,d2230c92-d25e-4c75-84e7-cfd76e4c962e,assets\chapter\import\d2\d2230c92-d25e-4c75-84e7-cfd76e4c962e.788d8.json
chapter,textures/chapterList/periods/block/14,cc.SpriteFrame,06c98b1f-2347-4d59-8979-de6a65801fa3,assets\chapter\import\06\06c98b1f-2347-4d59-8979-de6a65801fa3.7ce41.json
chapter,textures/chapterList/periods/block/140,cc.SpriteFrame,31a2d21f-fce2-4a1c-b486-42a3f19eb190,assets\chapter\import\31\31a2d21f-fce2-4a1c-b486-42a3f19eb190.df69a.json
chapter,textures/chapterList/periods/block/141,cc.SpriteFrame,cd0c0714-e3b6-4fc7-a97e-8d43d85de1c8,assets\chapter\import\cd\cd0c0714-e3b6-4fc7-a97e-8d43d85de1c8.892dd.json
chapter,textures/chapterList/periods/block/142,cc.SpriteFrame,d6499676-b8c2-47e7-8728-09284cff331c,assets\chapter\import\d6\d6499676-b8c2-47e7-8728-09284cff331c.7e4dc.json
chapter,textures/chapterList/periods/block/143,cc.SpriteFrame,aaf4d2e1-af84-44f3-a7f3-f6a1cb7fecf6,assets\chapter\import\aa\aaf4d2e1-af84-44f3-a7f3-f6a1cb7fecf6.ecc0b.json
chapter,textures/chapterList/periods/block/144,cc.SpriteFrame,7c7b7cf4-5e09-461e-98ca-c4477e341c93,assets\chapter\import\7c\7c7b7cf4-5e09-461e-98ca-c4477e341c93.dbfe5.json
chapter,textures/chapterList/periods/block/145,cc.SpriteFrame,00edeebd-1e3f-450b-82fe-609f053d3cf4,assets\chapter\import\00\00edeebd-1e3f-450b-82fe-609f053d3cf4.2d45c.json
chapter,textures/chapterList/periods/block/146,cc.SpriteFrame,f08ac0a6-43d7-4cbf-97bd-708ae97530e2,assets\chapter\import\f0\f08ac0a6-43d7-4cbf-97bd-708ae97530e2.f1f25.json
chapter,textures/chapterList/periods/block/147,cc.SpriteFrame,19e5513b-daee-43b3-a974-8792bd83ed51,assets\chapter\import\19\19e5513b-daee-43b3-a974-8792bd83ed51.2f303.json
chapter,textures/chapterList/periods/block/148,cc.SpriteFrame,1cb2ca74-b3bd-46a0-8b68-c45b806c9f54,assets\chapter\import\1c\1cb2ca74-b3bd-46a0-8b68-c45b806c9f54.2dfd1.json
chapter,textures/chapterList/periods/block/149,cc.SpriteFrame,533f4e1e-6b47-494e-a331-75a0ef9b822b,assets\chapter\import\53\533f4e1e-6b47-494e-a331-75a0ef9b822b.75ba4.json
chapter,textures/chapterList/periods/block/15,cc.SpriteFrame,cd1bf835-484e-45d1-8ccf-aa8021653b1c,assets\chapter\import\cd\cd1bf835-484e-45d1-8ccf-aa8021653b1c.ec4f5.json
chapter,textures/chapterList/periods/block/150,cc.SpriteFrame,6b3e4cb3-877a-40d1-bb03-74259bc8f9fb,assets\chapter\import\6b\6b3e4cb3-877a-40d1-bb03-74259bc8f9fb.2b8cf.json
chapter,textures/chapterList/periods/block/151,cc.SpriteFrame,981f7883-4d05-4cba-8d69-36176fa15f1e,assets\chapter\import\98\981f7883-4d05-4cba-8d69-36176fa15f1e.4e232.json
chapter,textures/chapterList/periods/block/152,cc.SpriteFrame,08cc0f41-56f8-4fd4-8c7a-59d62fbb0985,assets\chapter\import\08\08cc0f41-56f8-4fd4-8c7a-59d62fbb0985.0c520.json
chapter,textures/chapterList/periods/block/153,cc.SpriteFrame,c50d605b-fd07-41aa-93c9-f48114e978e8,assets\chapter\import\c5\c50d605b-fd07-41aa-93c9-f48114e978e8.82587.json
chapter,textures/chapterList/periods/block/154,cc.SpriteFrame,a8c7cd58-c453-4b6f-bc09-cb6a4c869136,assets\chapter\import\a8\a8c7cd58-c453-4b6f-bc09-cb6a4c869136.7b337.json
chapter,textures/chapterList/periods/block/155,cc.SpriteFrame,8ce1896d-8eab-4eaa-85a2-a781b9880926,assets\chapter\import\8c\8ce1896d-8eab-4eaa-85a2-a781b9880926.9157d.json
chapter,textures/chapterList/periods/block/156,cc.SpriteFrame,d3c7f89c-fa84-43de-b758-fa9f7d1bc101,assets\chapter\import\d3\d3c7f89c-fa84-43de-b758-fa9f7d1bc101.f49d9.json
chapter,textures/chapterList/periods/block/157,cc.SpriteFrame,b4645eda-aa6b-4618-a0d9-0c97d126b3c4,assets\chapter\import\b4\b4645eda-aa6b-4618-a0d9-0c97d126b3c4.beb41.json
chapter,textures/chapterList/periods/block/158,cc.SpriteFrame,9461181f-da55-453c-a031-15066ebd3a7a,assets\chapter\import\94\9461181f-da55-453c-a031-15066ebd3a7a.5198d.json
chapter,textures/chapterList/periods/block/159,cc.SpriteFrame,2c4c6d49-e70f-43bc-867a-b8d43fa9f0c5,assets\chapter\import\2c\2c4c6d49-e70f-43bc-867a-b8d43fa9f0c5.cb197.json
chapter,textures/chapterList/periods/block/16,cc.SpriteFrame,bfd756c6-3f9d-4b98-8665-27560b427426,assets\chapter\import\bf\bfd756c6-3f9d-4b98-8665-27560b427426.dea11.json
chapter,textures/chapterList/periods/block/160,cc.SpriteFrame,1cdc9e52-5d73-4e89-b75c-67bb58dddbf1,assets\chapter\import\1c\1cdc9e52-5d73-4e89-b75c-67bb58dddbf1.6cc5a.json
chapter,textures/chapterList/periods/block/161,cc.SpriteFrame,e7a8bfbf-391f-41e7-afc7-3bc22e3141a8,assets\chapter\import\e7\e7a8bfbf-391f-41e7-afc7-3bc22e3141a8.8fa6a.json
chapter,textures/chapterList/periods/block/162,cc.SpriteFrame,95526bbc-f29e-497a-923f-4aabd54cbca5,assets\chapter\import\95\95526bbc-f29e-497a-923f-4aabd54cbca5.231bf.json
chapter,textures/chapterList/periods/block/163,cc.SpriteFrame,84caa1a5-a433-4748-b0da-1c8bd5b00e7d,assets\chapter\import\84\84caa1a5-a433-4748-b0da-1c8bd5b00e7d.e4b32.json
chapter,textures/chapterList/periods/block/164,cc.SpriteFrame,8fbd3a0a-cba8-4c39-85a0-0adeca01c35c,assets\chapter\import\8f\8fbd3a0a-cba8-4c39-85a0-0adeca01c35c.f20ee.json
chapter,textures/chapterList/periods/block/165,cc.SpriteFrame,05224380-dfb4-4315-a2cb-97e76dfa59b9,assets\chapter\import\05\05224380-dfb4-4315-a2cb-97e76dfa59b9.c28c4.json
chapter,textures/chapterList/periods/block/166,cc.SpriteFrame,455779ce-7451-44ab-acea-60bb76880dd6,assets\chapter\import\45\455779ce-7451-44ab-acea-60bb76880dd6.87e9e.json
chapter,textures/chapterList/periods/block/167,cc.SpriteFrame,ee1dc779-b40b-427b-bc7c-4a816c38d399,assets\chapter\import\ee\ee1dc779-b40b-427b-bc7c-4a816c38d399.2302c.json
chapter,textures/chapterList/periods/block/168,cc.SpriteFrame,87e59140-487a-4733-8313-db998d9d6229,assets\chapter\import\87\87e59140-487a-4733-8313-db998d9d6229.47f20.json
chapter,textures/chapterList/periods/block/169,cc.SpriteFrame,448b027a-159a-468d-96d2-99a642085f3e,assets\chapter\import\44\448b027a-159a-468d-96d2-99a642085f3e.be80f.json
chapter,textures/chapterList/periods/block/17,cc.SpriteFrame,aefc9f39-bc29-4f36-9998-6ddf201e79dc,assets\chapter\import\ae\aefc9f39-bc29-4f36-9998-6ddf201e79dc.bc256.json
chapter,textures/chapterList/periods/block/170,cc.SpriteFrame,6057848e-82ef-4bd2-aa1f-1197d1349c48,assets\chapter\import\60\6057848e-82ef-4bd2-aa1f-1197d1349c48.f70f1.json
chapter,textures/chapterList/periods/block/171,cc.SpriteFrame,ab5146a9-2399-47cf-a499-c74ded084931,assets\chapter\import\ab\ab5146a9-2399-47cf-a499-c74ded084931.bf81a.json
chapter,textures/chapterList/periods/block/172,cc.SpriteFrame,e8326d2d-8c6e-447d-a9a4-5384e1df5a76,assets\chapter\import\e8\e8326d2d-8c6e-447d-a9a4-5384e1df5a76.ca9b6.json
chapter,textures/chapterList/periods/block/173,cc.SpriteFrame,366d1a0d-fbc6-42c2-a330-8d8ef6b4eae2,assets\chapter\import\36\366d1a0d-fbc6-42c2-a330-8d8ef6b4eae2.38dad.json
chapter,textures/chapterList/periods/block/174,cc.SpriteFrame,6ba4af00-86f4-4e40-b9f8-d1d869463506,assets\chapter\import\6b\6ba4af00-86f4-4e40-b9f8-d1d869463506.828ca.json
chapter,textures/chapterList/periods/block/175,cc.SpriteFrame,279a00fd-bf5b-4241-9cb5-4aeaaf60340c,assets\chapter\import\27\279a00fd-bf5b-4241-9cb5-4aeaaf60340c.59ae8.json
chapter,textures/chapterList/periods/block/176,cc.SpriteFrame,a932b95e-f5ef-49c1-922a-a56dc7f9a81d,assets\chapter\import\a9\a932b95e-f5ef-49c1-922a-a56dc7f9a81d.c194d.json
chapter,textures/chapterList/periods/block/177,cc.SpriteFrame,976bf34a-af2c-4edc-930d-d3df3961b174,assets\chapter\import\97\976bf34a-af2c-4edc-930d-d3df3961b174.fd1b5.json
chapter,textures/chapterList/periods/block/178,cc.SpriteFrame,656a7b71-2a89-4009-a5ec-f6fd96396b86,assets\chapter\import\65\656a7b71-2a89-4009-a5ec-f6fd96396b86.8c807.json
chapter,textures/chapterList/periods/block/179,cc.SpriteFrame,02df36d2-5468-4870-8832-f9c185031b2b,assets\chapter\import\02\02df36d2-5468-4870-8832-f9c185031b2b.c42a3.json
chapter,textures/chapterList/periods/block/18,cc.SpriteFrame,1fcfff7b-7ecc-48c7-9509-cfba40d544b8,assets\chapter\import\1f\1fcfff7b-7ecc-48c7-9509-cfba40d544b8.5d526.json
chapter,textures/chapterList/periods/block/180,cc.SpriteFrame,bee26656-d180-4c19-8946-1f822df7267c,assets\chapter\import\be\bee26656-d180-4c19-8946-1f822df7267c.5df19.json
chapter,textures/chapterList/periods/block/181,cc.SpriteFrame,dff31109-f800-429e-8c9c-4efbd37d9505,assets\chapter\import\df\dff31109-f800-429e-8c9c-4efbd37d9505.4584f.json
chapter,textures/chapterList/periods/block/182,cc.SpriteFrame,8e31b0ae-ea36-4759-a3c7-0f0ed26bbc23,assets\chapter\import\8e\8e31b0ae-ea36-4759-a3c7-0f0ed26bbc23.d4574.json
chapter,textures/chapterList/periods/block/183,cc.SpriteFrame,caa4fbaf-62bd-4c87-9032-7a459ee68ef0,assets\chapter\import\ca\caa4fbaf-62bd-4c87-9032-7a459ee68ef0.4e1b8.json
chapter,textures/chapterList/periods/block/184,cc.SpriteFrame,3971591a-e912-4b58-9cc0-4ff4ae68abc7,assets\chapter\import\39\3971591a-e912-4b58-9cc0-4ff4ae68abc7.3e38c.json
chapter,textures/chapterList/periods/block/185,cc.SpriteFrame,56f8b507-c266-42f7-8216-53704f23e412,assets\chapter\import\56\56f8b507-c266-42f7-8216-53704f23e412.716a5.json
chapter,textures/chapterList/periods/block/186,cc.SpriteFrame,937e8428-f23e-4bcb-b7aa-f007637c14b0,assets\chapter\import\93\937e8428-f23e-4bcb-b7aa-f007637c14b0.2a0b2.json
chapter,textures/chapterList/periods/block/187,cc.SpriteFrame,8efc935a-531d-4cc1-b4a9-396c5cb088c5,assets\chapter\import\8e\8efc935a-531d-4cc1-b4a9-396c5cb088c5.0a21d.json
chapter,textures/chapterList/periods/block/188,cc.SpriteFrame,a58212d1-6152-41c1-bc05-03aff8525d89,assets\chapter\import\a5\a58212d1-6152-41c1-bc05-03aff8525d89.cc57c.json
chapter,textures/chapterList/periods/block/189,cc.SpriteFrame,cd787635-4c4e-4cd3-9e03-3bcb900abd97,assets\chapter\import\cd\cd787635-4c4e-4cd3-9e03-3bcb900abd97.d8f06.json
chapter,textures/chapterList/periods/block/19,cc.SpriteFrame,ff724ee7-35cd-4540-9ced-820712a1ae30,assets\chapter\import\ff\ff724ee7-35cd-4540-9ced-820712a1ae30.66865.json
chapter,textures/chapterList/periods/block/190,cc.SpriteFrame,0c8ed655-ea47-4bfe-b811-65fb34c977f5,assets\chapter\import\0c\0c8ed655-ea47-4bfe-b811-65fb34c977f5.85587.json
chapter,textures/chapterList/periods/block/191,cc.SpriteFrame,49c9211d-866f-4eb2-bf61-21d3b925e5ce,assets\chapter\import\49\49c9211d-866f-4eb2-bf61-21d3b925e5ce.4fb73.json
chapter,textures/chapterList/periods/block/192,cc.SpriteFrame,fff9f2d5-5602-4396-8c52-4d74ccabf860,assets\chapter\import\ff\fff9f2d5-5602-4396-8c52-4d74ccabf860.de4a9.json
chapter,textures/chapterList/periods/block/193,cc.SpriteFrame,64e79df1-7c21-4ebf-a52d-54c1e6495ec7,assets\chapter\import\64\64e79df1-7c21-4ebf-a52d-54c1e6495ec7.4468c.json
chapter,textures/chapterList/periods/block/194,cc.SpriteFrame,512bc971-f1fd-43a8-b7f1-a5d7af537315,assets\chapter\import\51\512bc971-f1fd-43a8-b7f1-a5d7af537315.f2aa5.json
chapter,textures/chapterList/periods/block/195,cc.SpriteFrame,1e9e087b-3888-460a-a96b-8cf9834ff652,assets\chapter\import\1e\1e9e087b-3888-460a-a96b-8cf9834ff652.29a99.json
chapter,textures/chapterList/periods/block/196,cc.SpriteFrame,5c15dc0b-0970-45ae-8524-3bafbe058757,assets\chapter\import\5c\5c15dc0b-0970-45ae-8524-3bafbe058757.1c018.json
chapter,textures/chapterList/periods/block/197,cc.SpriteFrame,0e3e0aca-1289-401b-82b2-b5101dd2421c,assets\chapter\import\0e\0e3e0aca-1289-401b-82b2-b5101dd2421c.79db7.json
chapter,textures/chapterList/periods/block/198,cc.SpriteFrame,8bffc07c-13a3-4ef9-9fb1-266c1f296046,assets\chapter\import\8b\8bffc07c-13a3-4ef9-9fb1-266c1f296046.66f0a.json
chapter,textures/chapterList/periods/block/199,cc.SpriteFrame,a44c89ea-1b25-404b-9e5a-a9bed24b9300,assets\chapter\import\a4\a44c89ea-1b25-404b-9e5a-a9bed24b9300.1c4f2.json
chapter,textures/chapterList/periods/block/2,cc.SpriteFrame,aef2ef19-13e7-4c00-8a27-79d4519ea897,assets\chapter\import\ae\aef2ef19-13e7-4c00-8a27-79d4519ea897.0ff9e.json
chapter,textures/chapterList/periods/block/20,cc.SpriteFrame,f2b3393f-5312-4be4-b305-84f3707682ec,assets\chapter\import\f2\f2b3393f-5312-4be4-b305-84f3707682ec.f8521.json
chapter,textures/chapterList/periods/block/200,cc.SpriteFrame,fccabbe5-e501-4f67-a86c-5b9f3f19f0c4,assets\chapter\import\fc\fccabbe5-e501-4f67-a86c-5b9f3f19f0c4.0c95c.json
chapter,textures/chapterList/periods/block/201,cc.SpriteFrame,ee052ee1-296d-4401-9cad-51b501e2d3cd,assets\chapter\import\ee\ee052ee1-296d-4401-9cad-51b501e2d3cd.86c11.json
chapter,textures/chapterList/periods/block/202,cc.SpriteFrame,852b7ec8-9347-4979-a243-84b3249db734,assets\chapter\import\85\852b7ec8-9347-4979-a243-84b3249db734.80a74.json
chapter,textures/chapterList/periods/block/203,cc.SpriteFrame,650f8b24-9c99-4e21-ae4d-f79a4d5e192b,assets\chapter\import\65\650f8b24-9c99-4e21-ae4d-f79a4d5e192b.212b9.json
chapter,textures/chapterList/periods/block/204,cc.SpriteFrame,89d704fc-609b-4f25-8313-36d50f6a9152,assets\chapter\import\89\89d704fc-609b-4f25-8313-36d50f6a9152.24606.json
chapter,textures/chapterList/periods/block/205,cc.SpriteFrame,e44adbb8-50b4-4108-80fa-d78e8576fa43,assets\chapter\import\e4\e44adbb8-50b4-4108-80fa-d78e8576fa43.aee0a.json
chapter,textures/chapterList/periods/block/206,cc.SpriteFrame,b0939439-8476-4552-b43d-19483373aeb1,assets\chapter\import\b0\b0939439-8476-4552-b43d-19483373aeb1.40491.json
chapter,textures/chapterList/periods/block/207,cc.SpriteFrame,5fe8bbdd-da36-4b6d-8931-e8d13b3e669b,assets\chapter\import\5f\5fe8bbdd-da36-4b6d-8931-e8d13b3e669b.769f5.json
chapter,textures/chapterList/periods/block/21,cc.SpriteFrame,77be09de-b68c-4aa4-bfef-5194042519db,assets\chapter\import\77\77be09de-b68c-4aa4-bfef-5194042519db.18084.json
chapter,textures/chapterList/periods/block/210,cc.SpriteFrame,377420d4-2f8c-4b62-9a64-e59338d2c359,assets\chapter\import\37\377420d4-2f8c-4b62-9a64-e59338d2c359.50a85.json
chapter,textures/chapterList/periods/block/211,cc.SpriteFrame,8a523c89-dbc4-4f52-a4c4-1d8406ef5f45,assets\chapter\import\8a\8a523c89-dbc4-4f52-a4c4-1d8406ef5f45.b968b.json
chapter,textures/chapterList/periods/block/212,cc.SpriteFrame,5908dd68-ac0a-4012-a3b5-4a1497efaac5,assets\chapter\import\59\5908dd68-ac0a-4012-a3b5-4a1497efaac5.58e31.json
chapter,textures/chapterList/periods/block/213,cc.SpriteFrame,1794393b-7703-4170-a760-7426b28a93a5,assets\chapter\import\17\1794393b-7703-4170-a760-7426b28a93a5.738fb.json
chapter,textures/chapterList/periods/block/214,cc.SpriteFrame,2d4bac1d-c172-43b6-8ec8-968b534325f2,assets\chapter\import\2d\2d4bac1d-c172-43b6-8ec8-968b534325f2.a52da.json
chapter,textures/chapterList/periods/block/215,cc.SpriteFrame,c7f0b8af-8e94-4731-9fda-2c9599cc906c,assets\chapter\import\c7\c7f0b8af-8e94-4731-9fda-2c9599cc906c.51464.json
chapter,textures/chapterList/periods/block/216,cc.SpriteFrame,fec541d1-2f8f-4519-a07c-2820e54d40d6,assets\chapter\import\fe\fec541d1-2f8f-4519-a07c-2820e54d40d6.65370.json
chapter,textures/chapterList/periods/block/217,cc.SpriteFrame,0f490a5f-070e-41c5-b901-eaf4e68f6884,assets\chapter\import\0f\0f490a5f-070e-41c5-b901-eaf4e68f6884.f3c42.json
chapter,textures/chapterList/periods/block/218,cc.SpriteFrame,4d300a93-a716-4bc6-89b2-3ad9ab6180b7,assets\chapter\import\4d\4d300a93-a716-4bc6-89b2-3ad9ab6180b7.a8b61.json
chapter,textures/chapterList/periods/block/219,cc.SpriteFrame,0ab171da-21f3-4caa-964e-3869e6f2902f,assets\chapter\import\0a\0ab171da-21f3-4caa-964e-3869e6f2902f.99fd6.json
chapter,textures/chapterList/periods/block/22,cc.SpriteFrame,15ff0815-7e60-4944-8bd2-75eded9ba2fe,assets\chapter\import\15\15ff0815-7e60-4944-8bd2-75eded9ba2fe.23852.json
chapter,textures/chapterList/periods/block/220,cc.SpriteFrame,46307760-b29f-4201-93ba-f6836dcc112c,assets\chapter\import\46\46307760-b29f-4201-93ba-f6836dcc112c.b6b56.json
chapter,textures/chapterList/periods/block/221,cc.SpriteFrame,c8b7114a-18f1-4d48-8ae3-b1714f8a75e4,assets\chapter\import\c8\c8b7114a-18f1-4d48-8ae3-b1714f8a75e4.71985.json
chapter,textures/chapterList/periods/block/222,cc.SpriteFrame,7e296acd-d9f6-4933-8fad-f94356da8e9c,assets\chapter\import\7e\7e296acd-d9f6-4933-8fad-f94356da8e9c.76bba.json
chapter,textures/chapterList/periods/block/223,cc.SpriteFrame,3a1c57f3-1676-410c-acba-b2fe533072d6,assets\chapter\import\3a\3a1c57f3-1676-410c-acba-b2fe533072d6.bafd7.json
chapter,textures/chapterList/periods/block/225,cc.SpriteFrame,05174d94-5330-4366-9900-a8463636d31c,assets\chapter\import\05\05174d94-5330-4366-9900-a8463636d31c.5291f.json
chapter,textures/chapterList/periods/block/227,cc.SpriteFrame,f7b767c9-aaf7-44b8-aba1-d8656b0ddd7b,assets\chapter\import\f7\f7b767c9-aaf7-44b8-aba1-d8656b0ddd7b.ccc75.json
chapter,textures/chapterList/periods/block/228,cc.SpriteFrame,564c7dce-6452-4101-b9a0-84fa92edc214,assets\chapter\import\56\564c7dce-6452-4101-b9a0-84fa92edc214.206be.json
chapter,textures/chapterList/periods/block/229,cc.SpriteFrame,c42d5d9a-402a-422d-a8d3-f38378940a37,assets\chapter\import\c4\c42d5d9a-402a-422d-a8d3-f38378940a37.dd2c9.json
chapter,textures/chapterList/periods/block/23,cc.SpriteFrame,4113d616-4d38-458e-8239-3b8ea571cf69,assets\chapter\import\41\4113d616-4d38-458e-8239-3b8ea571cf69.8c500.json
chapter,textures/chapterList/periods/block/230,cc.SpriteFrame,a0bf1a8f-a8ce-4529-8484-22cefc20f7df,assets\chapter\import\a0\a0bf1a8f-a8ce-4529-8484-22cefc20f7df.c281b.json
chapter,textures/chapterList/periods/block/231,cc.SpriteFrame,0b450a5a-0ff7-4242-b351-80eb19d26956,assets\chapter\import\0b\0b450a5a-0ff7-4242-b351-80eb19d26956.b12cc.json
chapter,textures/chapterList/periods/block/232,cc.SpriteFrame,a5a50dc3-7172-4cbc-9682-20a949222ec3,assets\chapter\import\a5\a5a50dc3-7172-4cbc-9682-20a949222ec3.25ac0.json
chapter,textures/chapterList/periods/block/233,cc.SpriteFrame,e6f10afa-b089-4fe7-82e2-b10defb4053e,assets\chapter\import\e6\e6f10afa-b089-4fe7-82e2-b10defb4053e.5a4ac.json
chapter,textures/chapterList/periods/block/234,cc.SpriteFrame,6577ac5c-0a38-435e-8439-d9133a20d759,assets\chapter\import\65\6577ac5c-0a38-435e-8439-d9133a20d759.14850.json
chapter,textures/chapterList/periods/block/235,cc.SpriteFrame,7892a04e-fdba-40b9-b1c9-a09fa5d778fe,assets\chapter\import\78\7892a04e-fdba-40b9-b1c9-a09fa5d778fe.76bc1.json
chapter,textures/chapterList/periods/block/236,cc.SpriteFrame,07e62315-6e22-4ba4-8198-98909adaac21,assets\chapter\import\07\07e62315-6e22-4ba4-8198-98909adaac21.24508.json
chapter,textures/chapterList/periods/block/237,cc.SpriteFrame,9c5289a3-9c64-479c-b96e-03436ff50ebe,assets\chapter\import\9c\9c5289a3-9c64-479c-b96e-03436ff50ebe.1f482.json
chapter,textures/chapterList/periods/block/238,cc.SpriteFrame,ecebb503-a3e8-46b5-afcc-cea801983177,assets\chapter\import\ec\ecebb503-a3e8-46b5-afcc-cea801983177.f8cd7.json
chapter,textures/chapterList/periods/block/239,cc.SpriteFrame,4d757bcc-606c-4959-b7bc-1e5b058c1e1c,assets\chapter\import\4d\4d757bcc-606c-4959-b7bc-1e5b058c1e1c.10814.json
chapter,textures/chapterList/periods/block/24,cc.SpriteFrame,f61c3169-a91c-4609-9ee9-b374c2e8e5c1,assets\chapter\import\f6\f61c3169-a91c-4609-9ee9-b374c2e8e5c1.4ff19.json
chapter,textures/chapterList/periods/block/240,cc.SpriteFrame,4adcab08-cd09-45df-ae11-66e71ca77f5f,assets\chapter\import\4a\4adcab08-cd09-45df-ae11-66e71ca77f5f.0014b.json
chapter,textures/chapterList/periods/block/241,cc.SpriteFrame,735c5f86-589e-4ef4-aed7-0b8f17dd3e03,assets\chapter\import\73\735c5f86-589e-4ef4-aed7-0b8f17dd3e03.105e3.json
chapter,textures/chapterList/periods/block/242,cc.SpriteFrame,0d4a006d-9c9c-46d3-b6f0-c8298dfa6f36,assets\chapter\import\0d\0d4a006d-9c9c-46d3-b6f0-c8298dfa6f36.746c6.json
chapter,textures/chapterList/periods/block/243,cc.SpriteFrame,ce8c5225-dd00-4587-9d14-0ebdfcb037ce,assets\chapter\import\ce\ce8c5225-dd00-4587-9d14-0ebdfcb037ce.725ed.json
chapter,textures/chapterList/periods/block/244,cc.SpriteFrame,28757acd-e750-4e22-8bcb-80208a72656d,assets\chapter\import\28\28757acd-e750-4e22-8bcb-80208a72656d.66b4d.json
chapter,textures/chapterList/periods/block/245,cc.SpriteFrame,cc2580f5-afe9-4c34-b27c-e628dc63e259,assets\chapter\import\cc\cc2580f5-afe9-4c34-b27c-e628dc63e259.4827c.json
chapter,textures/chapterList/periods/block/246,cc.SpriteFrame,fde60ea9-8333-4f5d-87ff-c3bfd9ed360c,assets\chapter\import\fd\fde60ea9-8333-4f5d-87ff-c3bfd9ed360c.813a0.json
chapter,textures/chapterList/periods/block/247,cc.SpriteFrame,5d92cdda-9701-410e-b1f2-af81f05d6644,assets\chapter\import\5d\5d92cdda-9701-410e-b1f2-af81f05d6644.94147.json
chapter,textures/chapterList/periods/block/248,cc.SpriteFrame,4dfca3dc-6b54-4764-8c0b-15e6f53293eb,assets\chapter\import\4d\4dfca3dc-6b54-4764-8c0b-15e6f53293eb.ddd5e.json
chapter,textures/chapterList/periods/block/249,cc.SpriteFrame,ae2fac9f-edb0-452b-a855-69c886aadeda,assets\chapter\import\ae\ae2fac9f-edb0-452b-a855-69c886aadeda.4e71f.json
chapter,textures/chapterList/periods/block/25,cc.SpriteFrame,bf667766-1ba6-4f8c-9477-95eb74507c83,assets\chapter\import\bf\bf667766-1ba6-4f8c-9477-95eb74507c83.e17b6.json
chapter,textures/chapterList/periods/block/250,cc.SpriteFrame,be7aa27b-ef8f-4fab-9680-09c16159e2a3,assets\chapter\import\be\be7aa27b-ef8f-4fab-9680-09c16159e2a3.d5135.json
chapter,textures/chapterList/periods/block/251,cc.SpriteFrame,ddc4d462-526e-4f15-95ff-ab33f9914a24,assets\chapter\import\dd\ddc4d462-526e-4f15-95ff-ab33f9914a24.20d10.json
chapter,textures/chapterList/periods/block/252,cc.SpriteFrame,96778173-c51a-4a41-8dc5-94f6e0f60c01,assets\chapter\import\96\96778173-c51a-4a41-8dc5-94f6e0f60c01.a730a.json
chapter,textures/chapterList/periods/block/253,cc.SpriteFrame,5fb09f96-2117-49e2-83a7-75f2429f0e47,assets\chapter\import\5f\5fb09f96-2117-49e2-83a7-75f2429f0e47.287e0.json
chapter,textures/chapterList/periods/block/254,cc.SpriteFrame,9909151e-2f4f-4c79-86d1-8a4e9d0da6f3,assets\chapter\import\99\9909151e-2f4f-4c79-86d1-8a4e9d0da6f3.1198c.json
chapter,textures/chapterList/periods/block/255,cc.SpriteFrame,4e704880-c950-4d5c-8af9-ae488333fa2d,assets\chapter\import\4e\4e704880-c950-4d5c-8af9-ae488333fa2d.858cb.json
chapter,textures/chapterList/periods/block/256,cc.SpriteFrame,3ca39389-d83e-4f7f-8fc6-59aa6819afa7,assets\chapter\import\3c\3ca39389-d83e-4f7f-8fc6-59aa6819afa7.31ac1.json
chapter,textures/chapterList/periods/block/257,cc.SpriteFrame,11e60101-29ac-403d-9f7e-dd73d61d98df,assets\chapter\import\11\11e60101-29ac-403d-9f7e-dd73d61d98df.f0859.json
chapter,textures/chapterList/periods/block/258,cc.SpriteFrame,1c6382c9-e719-4af6-973b-2c88e4ba6ae4,assets\chapter\import\1c\1c6382c9-e719-4af6-973b-2c88e4ba6ae4.87f39.json
chapter,textures/chapterList/periods/block/259,cc.SpriteFrame,e6acfda7-0fca-4b47-bc5b-1d9996bcfc10,assets\chapter\import\e6\e6acfda7-0fca-4b47-bc5b-1d9996bcfc10.810b7.json
chapter,textures/chapterList/periods/block/26,cc.SpriteFrame,1a09e732-8c6f-4a71-b9c4-989d08c6c3df,assets\chapter\import\1a\1a09e732-8c6f-4a71-b9c4-989d08c6c3df.cd97d.json
chapter,textures/chapterList/periods/block/260,cc.SpriteFrame,9e25eed7-6276-4ae0-8aad-680bde6ec8b1,assets\chapter\import\9e\9e25eed7-6276-4ae0-8aad-680bde6ec8b1.569b6.json
chapter,textures/chapterList/periods/block/261,cc.SpriteFrame,5b97fb3f-478b-4774-8f3e-2d1dbcbe8ae7,assets\chapter\import\5b\5b97fb3f-478b-4774-8f3e-2d1dbcbe8ae7.9ce11.json
chapter,textures/chapterList/periods/block/262,cc.SpriteFrame,e5f24d85-2d70-46a1-a1ba-a5f8aff0cbdc,assets\chapter\import\e5\e5f24d85-2d70-46a1-a1ba-a5f8aff0cbdc.f7596.json
chapter,textures/chapterList/periods/block/263,cc.SpriteFrame,1ae23230-4785-4878-bd36-9cb646d9dfbe,assets\chapter\import\1a\1ae23230-4785-4878-bd36-9cb646d9dfbe.d54cd.json
chapter,textures/chapterList/periods/block/264,cc.SpriteFrame,801a5581-9f56-432c-968a-3071a365d671,assets\chapter\import\80\801a5581-9f56-432c-968a-3071a365d671.5e9e4.json
chapter,textures/chapterList/periods/block/265,cc.SpriteFrame,fa5c7233-2d8b-49ea-992c-1c757d96907a,assets\chapter\import\fa\fa5c7233-2d8b-49ea-992c-1c757d96907a.3d66b.json
chapter,textures/chapterList/periods/block/266,cc.SpriteFrame,5b834030-16e1-410e-b58b-70bb6478cb4d,assets\chapter\import\5b\5b834030-16e1-410e-b58b-70bb6478cb4d.91a58.json
chapter,textures/chapterList/periods/block/267,cc.SpriteFrame,b680ce38-3557-4ffd-a22e-b14e8586bc7e,assets\chapter\import\b6\b680ce38-3557-4ffd-a22e-b14e8586bc7e.37423.json
chapter,textures/chapterList/periods/block/268,cc.SpriteFrame,6c67260f-5673-40cd-99d9-c97a875a9c43,assets\chapter\import\6c\6c67260f-5673-40cd-99d9-c97a875a9c43.f27bf.json
chapter,textures/chapterList/periods/block/269,cc.SpriteFrame,ff748fed-e13e-4251-a9b0-0a0b13e72330,assets\chapter\import\ff\ff748fed-e13e-4251-a9b0-0a0b13e72330.07ac3.json
chapter,textures/chapterList/periods/block/27,cc.SpriteFrame,c8e11049-8776-4084-91f8-f37c51c37f28,assets\chapter\import\c8\c8e11049-8776-4084-91f8-f37c51c37f28.42cfb.json
chapter,textures/chapterList/periods/block/270,cc.SpriteFrame,aeba8940-8953-420e-a4bf-f30fb952131b,assets\chapter\import\ae\aeba8940-8953-420e-a4bf-f30fb952131b.77909.json
chapter,textures/chapterList/periods/block/271,cc.SpriteFrame,578f7c08-5ae3-4899-b06d-a3e6329a8828,assets\chapter\import\57\578f7c08-5ae3-4899-b06d-a3e6329a8828.83713.json
chapter,textures/chapterList/periods/block/272,cc.SpriteFrame,fab78c65-13dc-4cb2-aab3-bea201329cfe,assets\chapter\import\fa\fab78c65-13dc-4cb2-aab3-bea201329cfe.f60b3.json
chapter,textures/chapterList/periods/block/273,cc.SpriteFrame,c639ac4a-addd-40d3-97f0-423d5ae06fdc,assets\chapter\import\c6\c639ac4a-addd-40d3-97f0-423d5ae06fdc.70514.json
chapter,textures/chapterList/periods/block/274,cc.SpriteFrame,e415a73c-7581-4898-ac96-c31a24f011f7,assets\chapter\import\e4\e415a73c-7581-4898-ac96-c31a24f011f7.7efe0.json
chapter,textures/chapterList/periods/block/275,cc.SpriteFrame,9c2cf3fe-3849-4deb-9b31-1ec7b9b56cbc,assets\chapter\import\9c\9c2cf3fe-3849-4deb-9b31-1ec7b9b56cbc.5841f.json
chapter,textures/chapterList/periods/block/276,cc.SpriteFrame,d2123801-8423-4c35-b042-8334312dd90a,assets\chapter\import\d2\d2123801-8423-4c35-b042-8334312dd90a.9477b.json
chapter,textures/chapterList/periods/block/277,cc.SpriteFrame,9d758cfa-6f73-4b06-beed-8dc552b01b32,assets\chapter\import\9d\9d758cfa-6f73-4b06-beed-8dc552b01b32.4afde.json
chapter,textures/chapterList/periods/block/278,cc.SpriteFrame,f0ad3ce8-5f85-418b-a19d-3dc33ea4e639,assets\chapter\import\f0\f0ad3ce8-5f85-418b-a19d-3dc33ea4e639.c812d.json
chapter,textures/chapterList/periods/block/279,cc.SpriteFrame,96f52fca-da76-4c72-ae64-3d7bd96f6817,assets\chapter\import\96\96f52fca-da76-4c72-ae64-3d7bd96f6817.42194.json
chapter,textures/chapterList/periods/block/28,cc.SpriteFrame,6c35edc8-db05-4171-abb0-23952d8031ba,assets\chapter\import\6c\6c35edc8-db05-4171-abb0-23952d8031ba.1c67a.json
chapter,textures/chapterList/periods/block/280,cc.SpriteFrame,4751db33-8b6d-4855-8991-361ac292aba4,assets\chapter\import\47\4751db33-8b6d-4855-8991-361ac292aba4.93a70.json
chapter,textures/chapterList/periods/block/281,cc.SpriteFrame,157eac21-7e1c-4ea9-9ea1-b28a4171e907,assets\chapter\import\15\157eac21-7e1c-4ea9-9ea1-b28a4171e907.54472.json
chapter,textures/chapterList/periods/block/282,cc.SpriteFrame,13926924-3685-407b-a3c6-d857b5c748fc,assets\chapter\import\13\13926924-3685-407b-a3c6-d857b5c748fc.d5621.json
chapter,textures/chapterList/periods/block/283,cc.SpriteFrame,a17cab9b-d376-4d88-9863-7ed890610f28,assets\chapter\import\a1\a17cab9b-d376-4d88-9863-7ed890610f28.abda6.json
chapter,textures/chapterList/periods/block/284,cc.SpriteFrame,6a6b9d1e-c0f3-4200-91f2-a30dac9bdc88,assets\chapter\import\6a\6a6b9d1e-c0f3-4200-91f2-a30dac9bdc88.6cead.json
chapter,textures/chapterList/periods/block/285,cc.SpriteFrame,d32e4d2b-747d-41e7-bebb-6197331ec20c,assets\chapter\import\d3\d32e4d2b-747d-41e7-bebb-6197331ec20c.b962f.json
chapter,textures/chapterList/periods/block/286,cc.SpriteFrame,82d9c95b-bc22-4277-bea9-e6913c8838e1,assets\chapter\import\82\82d9c95b-bc22-4277-bea9-e6913c8838e1.86103.json
chapter,textures/chapterList/periods/block/287,cc.SpriteFrame,e5539bba-4456-46f6-aa15-9d0fc6f7de8b,assets\chapter\import\e5\e5539bba-4456-46f6-aa15-9d0fc6f7de8b.1ca9e.json
chapter,textures/chapterList/periods/block/288,cc.SpriteFrame,951f1388-7c0f-48ba-9a76-3c9ba469deec,assets\chapter\import\95\951f1388-7c0f-48ba-9a76-3c9ba469deec.84a04.json
chapter,textures/chapterList/periods/block/289,cc.SpriteFrame,5593d870-4edc-49ca-ad0c-f3a6fae66fd0,assets\chapter\import\55\5593d870-4edc-49ca-ad0c-f3a6fae66fd0.33c9b.json
chapter,textures/chapterList/periods/block/29,cc.SpriteFrame,88238ac2-144b-4e8f-9f4a-fa510884cad7,assets\chapter\import\88\88238ac2-144b-4e8f-9f4a-fa510884cad7.3d631.json
chapter,textures/chapterList/periods/block/290,cc.SpriteFrame,2e3e04a7-047a-4eae-af19-db50c4e8abb8,assets\chapter\import\2e\2e3e04a7-047a-4eae-af19-db50c4e8abb8.7f6ce.json
chapter,textures/chapterList/periods/block/291,cc.SpriteFrame,e42bde4c-4384-4b20-a097-8ceaf51d18c4,assets\chapter\import\e4\e42bde4c-4384-4b20-a097-8ceaf51d18c4.4fd07.json
chapter,textures/chapterList/periods/block/292,cc.SpriteFrame,a86fd420-9210-43b3-bdfc-ffd3aa496484,assets\chapter\import\a8\a86fd420-9210-43b3-bdfc-ffd3aa496484.d7624.json
chapter,textures/chapterList/periods/block/293,cc.SpriteFrame,df202fe5-8f93-4bf7-a02b-6255f30c01ca,assets\chapter\import\df\df202fe5-8f93-4bf7-a02b-6255f30c01ca.5eee7.json
chapter,textures/chapterList/periods/block/294,cc.SpriteFrame,0450584f-3c59-42a1-a25b-a6cf502d8a2e,assets\chapter\import\04\0450584f-3c59-42a1-a25b-a6cf502d8a2e.4d923.json
chapter,textures/chapterList/periods/block/295,cc.SpriteFrame,5b70b1fb-cbb6-4492-83eb-b7d1cb71fd45,assets\chapter\import\5b\5b70b1fb-cbb6-4492-83eb-b7d1cb71fd45.715a2.json
chapter,textures/chapterList/periods/block/296,cc.SpriteFrame,3f38f6a5-844a-4da0-8c6c-120aa6da6c7b,assets\chapter\import\3f\3f38f6a5-844a-4da0-8c6c-120aa6da6c7b.30d95.json
chapter,textures/chapterList/periods/block/297,cc.SpriteFrame,a77a2cb6-4b72-4fe7-8466-74dad1d37321,assets\chapter\import\a7\a77a2cb6-4b72-4fe7-8466-74dad1d37321.f7447.json
chapter,textures/chapterList/periods/block/298,cc.SpriteFrame,66e0a226-a5e4-4d60-af16-e8c6acd5b8f7,assets\chapter\import\66\66e0a226-a5e4-4d60-af16-e8c6acd5b8f7.9dcf8.json
chapter,textures/chapterList/periods/block/299,cc.SpriteFrame,417d16e0-fd4b-43e9-99d9-37ab8fd354f3,assets\chapter\import\41\417d16e0-fd4b-43e9-99d9-37ab8fd354f3.0249c.json
chapter,textures/chapterList/periods/block/3,cc.SpriteFrame,80f08508-e077-49b5-a04f-cad8f2fe7863,assets\chapter\import\80\80f08508-e077-49b5-a04f-cad8f2fe7863.b9bb4.json
chapter,textures/chapterList/periods/block/30,cc.SpriteFrame,926c6771-dc8b-4b62-bd66-6db82e5bf6c1,assets\chapter\import\92\926c6771-dc8b-4b62-bd66-6db82e5bf6c1.f11b7.json
chapter,textures/chapterList/periods/block/300,cc.SpriteFrame,a8eb6100-bca5-4d22-ba36-fd0053a59902,assets\chapter\import\a8\a8eb6100-bca5-4d22-ba36-fd0053a59902.fe8c3.json
chapter,textures/chapterList/periods/block/301,cc.SpriteFrame,dd8d718a-1c8f-4eb5-8b49-5c99146e2a2c,assets\chapter\import\dd\dd8d718a-1c8f-4eb5-8b49-5c99146e2a2c.df9c1.json
chapter,textures/chapterList/periods/block/302,cc.SpriteFrame,49a28de0-9023-4cdd-a8a9-87f76408b540,assets\chapter\import\49\49a28de0-9023-4cdd-a8a9-87f76408b540.eb838.json
chapter,textures/chapterList/periods/block/303,cc.SpriteFrame,1c985dd1-74b6-4880-b91b-0c5d87b16090,assets\chapter\import\1c\1c985dd1-74b6-4880-b91b-0c5d87b16090.035ef.json
chapter,textures/chapterList/periods/block/304,cc.SpriteFrame,90e021bf-4f46-4d0a-af7a-72080c03ebd3,assets\chapter\import\90\90e021bf-4f46-4d0a-af7a-72080c03ebd3.6a81a.json
chapter,textures/chapterList/periods/block/305,cc.SpriteFrame,69941d69-e60e-4a64-ba97-6f0f961fc7be,assets\chapter\import\69\69941d69-e60e-4a64-ba97-6f0f961fc7be.c4210.json
chapter,textures/chapterList/periods/block/306,cc.SpriteFrame,a63b6c18-8f88-49fa-9534-50a9f993e383,assets\chapter\import\a6\a63b6c18-8f88-49fa-9534-50a9f993e383.5a7c6.json
chapter,textures/chapterList/periods/block/307,cc.SpriteFrame,841ceb05-74ea-4e9b-83dd-0fbcaa782351,assets\chapter\import\84\841ceb05-74ea-4e9b-83dd-0fbcaa782351.8825e.json
chapter,textures/chapterList/periods/block/308,cc.SpriteFrame,07ea0c4d-a3a9-4491-bfd6-15441ed0ac95,assets\chapter\import\07\07ea0c4d-a3a9-4491-bfd6-15441ed0ac95.435c1.json
chapter,textures/chapterList/periods/block/309,cc.SpriteFrame,3a155255-3f01-46e5-ada2-ab6f8c57c730,assets\chapter\import\3a\3a155255-3f01-46e5-ada2-ab6f8c57c730.86327.json
chapter,textures/chapterList/periods/block/31,cc.SpriteFrame,122faff0-00e0-461b-a304-88c027d33c11,assets\chapter\import\12\122faff0-00e0-461b-a304-88c027d33c11.4128d.json
chapter,textures/chapterList/periods/block/310,cc.SpriteFrame,f3981a1a-d682-4518-a9c1-f26d80f37e54,assets\chapter\import\f3\f3981a1a-d682-4518-a9c1-f26d80f37e54.632d1.json
chapter,textures/chapterList/periods/block/311,cc.SpriteFrame,add024fc-fa8f-4eab-a7b9-f5c399c4178e,assets\chapter\import\ad\add024fc-fa8f-4eab-a7b9-f5c399c4178e.16e56.json
chapter,textures/chapterList/periods/block/313,cc.SpriteFrame,4358d12a-3e55-431d-b0f2-c19c1ebfcf52,assets\chapter\import\43\4358d12a-3e55-431d-b0f2-c19c1ebfcf52.6fe8b.json
chapter,textures/chapterList/periods/block/315,cc.SpriteFrame,8d4fdc31-f21f-41b9-a65f-811dd57130a0,assets\chapter\import\8d\8d4fdc31-f21f-41b9-a65f-811dd57130a0.83ab0.json
chapter,textures/chapterList/periods/block/316,cc.SpriteFrame,bafd5278-20e7-44de-8877-ec71bfda27f6,assets\chapter\import\ba\bafd5278-20e7-44de-8877-ec71bfda27f6.5681b.json
chapter,textures/chapterList/periods/block/317,cc.SpriteFrame,ac9f442f-a0d2-4ef9-bca7-fc7aa9a941ff,assets\chapter\import\ac\ac9f442f-a0d2-4ef9-bca7-fc7aa9a941ff.e4503.json
chapter,textures/chapterList/periods/block/318,cc.SpriteFrame,706cc110-5277-491b-afca-b8e10df0b9e7,assets\chapter\import\70\706cc110-5277-491b-afca-b8e10df0b9e7.cb510.json
chapter,textures/chapterList/periods/block/319,cc.SpriteFrame,fc8376e8-9da2-418e-8154-530be343eaff,assets\chapter\import\fc\fc8376e8-9da2-418e-8154-530be343eaff.1dd7f.json
chapter,textures/chapterList/periods/block/32,cc.SpriteFrame,9f1661a3-b6f7-41ad-b888-7ea9758bc43c,assets\chapter\import\9f\9f1661a3-b6f7-41ad-b888-7ea9758bc43c.4b0c5.json
chapter,textures/chapterList/periods/block/320,cc.SpriteFrame,0369c932-56e7-4e5c-92db-cc13ffd89d0c,assets\chapter\import\03\0369c932-56e7-4e5c-92db-cc13ffd89d0c.dc11d.json
chapter,textures/chapterList/periods/block/321,cc.SpriteFrame,a9177c3b-ae22-4c55-a049-5ca22a02d2a6,assets\chapter\import\a9\a9177c3b-ae22-4c55-a049-5ca22a02d2a6.6218a.json
chapter,textures/chapterList/periods/block/322,cc.SpriteFrame,80b1cb81-1d8d-44d8-89b4-ddab8a01544a,assets\chapter\import\80\80b1cb81-1d8d-44d8-89b4-ddab8a01544a.ca4a4.json
chapter,textures/chapterList/periods/block/323,cc.SpriteFrame,570c9bf8-6828-4bbd-916d-41334c3ac26e,assets\chapter\import\57\570c9bf8-6828-4bbd-916d-41334c3ac26e.6dc83.json
chapter,textures/chapterList/periods/block/324,cc.SpriteFrame,760424a9-c16f-4184-8718-2f141f1da39a,assets\chapter\import\76\760424a9-c16f-4184-8718-2f141f1da39a.80e03.json
chapter,textures/chapterList/periods/block/325,cc.SpriteFrame,82d5a4e3-6ec5-4b74-b6fe-089f41693b04,assets\chapter\import\82\82d5a4e3-6ec5-4b74-b6fe-089f41693b04.5c70b.json
chapter,textures/chapterList/periods/block/326,cc.SpriteFrame,57945fa2-9ea4-4ccc-9a1e-b8a89ce866d2,assets\chapter\import\57\57945fa2-9ea4-4ccc-9a1e-b8a89ce866d2.26c4a.json
chapter,textures/chapterList/periods/block/327,cc.SpriteFrame,7e8b218c-cc36-493c-a816-177f7d03c6ec,assets\chapter\import\7e\7e8b218c-cc36-493c-a816-177f7d03c6ec.99d8b.json
chapter,textures/chapterList/periods/block/328,cc.SpriteFrame,f4c618f4-93f0-4763-820d-ea77acd8cf3f,assets\chapter\import\f4\f4c618f4-93f0-4763-820d-ea77acd8cf3f.bb8c0.json
chapter,textures/chapterList/periods/block/329,cc.SpriteFrame,e71382c7-163f-4dc4-9cb3-a40983053a79,assets\chapter\import\e7\e71382c7-163f-4dc4-9cb3-a40983053a79.3c52a.json
chapter,textures/chapterList/periods/block/33,cc.SpriteFrame,88782322-48ab-4ac2-b82d-49a9cb308135,assets\chapter\import\88\88782322-48ab-4ac2-b82d-49a9cb308135.30ad4.json
chapter,textures/chapterList/periods/block/330,cc.SpriteFrame,14476950-9ac1-4172-bc2b-58c3c41f2b3e,assets\chapter\import\14\14476950-9ac1-4172-bc2b-58c3c41f2b3e.1becf.json
chapter,textures/chapterList/periods/block/331,cc.SpriteFrame,4f17cd4f-4c52-4295-a635-0714b6124b60,assets\chapter\import\4f\4f17cd4f-4c52-4295-a635-0714b6124b60.d9e8e.json
chapter,textures/chapterList/periods/block/332,cc.SpriteFrame,5052d964-86a8-4146-9bda-36089b9cd24d,assets\chapter\import\50\5052d964-86a8-4146-9bda-36089b9cd24d.4327b.json
chapter,textures/chapterList/periods/block/333,cc.SpriteFrame,018792da-743c-499f-b1df-5c18c07240f6,assets\chapter\import\01\018792da-743c-499f-b1df-5c18c07240f6.ab4fb.json
chapter,textures/chapterList/periods/block/335,cc.SpriteFrame,a9f00ba5-85ed-4668-90f1-8e69a12e3e76,assets\chapter\import\a9\a9f00ba5-85ed-4668-90f1-8e69a12e3e76.78486.json
chapter,textures/chapterList/periods/block/336,cc.SpriteFrame,9c146f97-5171-4464-af28-55f487b38b8f,assets\chapter\import\9c\9c146f97-5171-4464-af28-55f487b38b8f.017f9.json
chapter,textures/chapterList/periods/block/337,cc.SpriteFrame,40b3ac85-3d86-44f6-9ccf-b7521d2555c1,assets\chapter\import\40\40b3ac85-3d86-44f6-9ccf-b7521d2555c1.db556.json
chapter,textures/chapterList/periods/block/338,cc.SpriteFrame,012c7a04-dcac-4764-8575-261c82d197af,assets\chapter\import\01\012c7a04-dcac-4764-8575-261c82d197af.6e044.json
chapter,textures/chapterList/periods/block/339,cc.SpriteFrame,28eec082-e3c8-431b-944d-66efd40a8eb8,assets\chapter\import\28\28eec082-e3c8-431b-944d-66efd40a8eb8.75a31.json
chapter,textures/chapterList/periods/block/34,cc.SpriteFrame,5e74d2ed-d705-4fa2-bcbd-4ce0f5d3026c,assets\chapter\import\5e\5e74d2ed-d705-4fa2-bcbd-4ce0f5d3026c.53a74.json
chapter,textures/chapterList/periods/block/340,cc.SpriteFrame,e6f55089-dc5b-46e9-98dd-eaa935ab1a5d,assets\chapter\import\e6\e6f55089-dc5b-46e9-98dd-eaa935ab1a5d.b6fab.json
chapter,textures/chapterList/periods/block/341,cc.SpriteFrame,2ea3374e-ff9e-4137-8fae-34be033c54aa,assets\chapter\import\2e\2ea3374e-ff9e-4137-8fae-34be033c54aa.913b2.json
chapter,textures/chapterList/periods/block/342,cc.SpriteFrame,d97ec4b7-194e-4b96-907e-0c8901b34a5d,assets\chapter\import\d9\d97ec4b7-194e-4b96-907e-0c8901b34a5d.9c700.json
chapter,textures/chapterList/periods/block/343,cc.SpriteFrame,674c159e-ae6e-4a6c-a11b-2414b7cc74d1,assets\chapter\import\67\674c159e-ae6e-4a6c-a11b-2414b7cc74d1.6fbc6.json
chapter,textures/chapterList/periods/block/344,cc.SpriteFrame,b5f3d32b-60e6-463d-9cd9-06f608574ee6,assets\chapter\import\b5\b5f3d32b-60e6-463d-9cd9-06f608574ee6.313a3.json
chapter,textures/chapterList/periods/block/345,cc.SpriteFrame,908e8e46-a373-48e1-b014-7e61f4d46be7,assets\chapter\import\90\908e8e46-a373-48e1-b014-7e61f4d46be7.57b1b.json
chapter,textures/chapterList/periods/block/346,cc.SpriteFrame,ad8cbbbd-b4f7-43ff-a1cc-731b7c746b88,assets\chapter\import\ad\ad8cbbbd-b4f7-43ff-a1cc-731b7c746b88.2f2ea.json
chapter,textures/chapterList/periods/block/347,cc.SpriteFrame,759b9ebd-8419-4f14-bacb-82c3cc9b6081,assets\chapter\import\75\759b9ebd-8419-4f14-bacb-82c3cc9b6081.62239.json
chapter,textures/chapterList/periods/block/348,cc.SpriteFrame,7837ac96-ca23-4a6f-ad2e-d14fff4e2aeb,assets\chapter\import\78\7837ac96-ca23-4a6f-ad2e-d14fff4e2aeb.ad2ca.json
chapter,textures/chapterList/periods/block/349,cc.SpriteFrame,3a25e0b1-5397-4054-9e94-307c65a47b9d,assets\chapter\import\3a\3a25e0b1-5397-4054-9e94-307c65a47b9d.f30f7.json
chapter,textures/chapterList/periods/block/35,cc.SpriteFrame,c60e537f-6800-4230-a0f2-2f8c38bc1a2e,assets\chapter\import\c6\c60e537f-6800-4230-a0f2-2f8c38bc1a2e.3ab9d.json
chapter,textures/chapterList/periods/block/350,cc.SpriteFrame,81ca256c-82da-488b-b522-7b2b6982218a,assets\chapter\import\81\81ca256c-82da-488b-b522-7b2b6982218a.65a77.json
chapter,textures/chapterList/periods/block/351,cc.SpriteFrame,06040580-bc3f-4892-853b-f50e26e8dcfa,assets\chapter\import\06\06040580-bc3f-4892-853b-f50e26e8dcfa.12bb8.json
chapter,textures/chapterList/periods/block/352,cc.SpriteFrame,f646e20d-e120-41e9-8eb2-c6bea5ad7baf,assets\chapter\import\f6\f646e20d-e120-41e9-8eb2-c6bea5ad7baf.99c02.json
chapter,textures/chapterList/periods/block/353,cc.SpriteFrame,8ee40375-0830-4706-9af9-a41cd3ba4ad7,assets\chapter\import\8e\8ee40375-0830-4706-9af9-a41cd3ba4ad7.e42e5.json
chapter,textures/chapterList/periods/block/354,cc.SpriteFrame,188c644e-e82b-4c7e-b91a-68831d1ea438,assets\chapter\import\18\188c644e-e82b-4c7e-b91a-68831d1ea438.52a19.json
chapter,textures/chapterList/periods/block/355,cc.SpriteFrame,1cc151a1-a2c6-49a0-b2b4-394504f0f1b0,assets\chapter\import\1c\1cc151a1-a2c6-49a0-b2b4-394504f0f1b0.c12c7.json
chapter,textures/chapterList/periods/block/356,cc.SpriteFrame,983cba93-ba7e-43e2-83fb-8c1adb29eafc,assets\chapter\import\98\983cba93-ba7e-43e2-83fb-8c1adb29eafc.7e11d.json
chapter,textures/chapterList/periods/block/357,cc.SpriteFrame,69f079a2-e92e-4b2c-9ec8-ad63c618cb6e,assets\chapter\import\69\69f079a2-e92e-4b2c-9ec8-ad63c618cb6e.77887.json
chapter,textures/chapterList/periods/block/358,cc.SpriteFrame,37236167-7664-4c16-96af-cd617075a031,assets\chapter\import\37\37236167-7664-4c16-96af-cd617075a031.3a7fa.json
chapter,textures/chapterList/periods/block/359,cc.SpriteFrame,b9d7ccdc-65df-4400-aeae-e189bf6529d7,assets\chapter\import\b9\b9d7ccdc-65df-4400-aeae-e189bf6529d7.b3241.json
chapter,textures/chapterList/periods/block/36,cc.SpriteFrame,193d52f1-d8b4-49f7-945d-9f9e1e4225ac,assets\chapter\import\19\193d52f1-d8b4-49f7-945d-9f9e1e4225ac.da05d.json
chapter,textures/chapterList/periods/block/360,cc.SpriteFrame,7a51e192-8f41-4310-ba41-82704c10c65a,assets\chapter\import\7a\7a51e192-8f41-4310-ba41-82704c10c65a.3d113.json
chapter,textures/chapterList/periods/block/361,cc.SpriteFrame,73f1b4f1-8f8b-4e25-9df8-5e6d49564761,assets\chapter\import\73\73f1b4f1-8f8b-4e25-9df8-5e6d49564761.6f520.json
chapter,textures/chapterList/periods/block/362,cc.SpriteFrame,2df7dd8d-26d1-46fe-9396-b679f055b54f,assets\chapter\import\2d\2df7dd8d-26d1-46fe-9396-b679f055b54f.aede6.json
chapter,textures/chapterList/periods/block/363,cc.SpriteFrame,950f5078-d233-4388-9d6d-b613c462e831,assets\chapter\import\95\950f5078-d233-4388-9d6d-b613c462e831.7a38c.json
chapter,textures/chapterList/periods/block/364,cc.SpriteFrame,b8217496-d99a-4fa7-8f17-239b12ab6dc1,assets\chapter\import\b8\b8217496-d99a-4fa7-8f17-239b12ab6dc1.d148d.json
chapter,textures/chapterList/periods/block/365,cc.SpriteFrame,3ed90754-4b3b-49cc-ba42-370661c394d4,assets\chapter\import\3e\3ed90754-4b3b-49cc-ba42-370661c394d4.d3654.json
chapter,textures/chapterList/periods/block/366,cc.SpriteFrame,545fe0e9-f6ac-4a47-951d-5e9f5ed2fb04,assets\chapter\import\54\545fe0e9-f6ac-4a47-951d-5e9f5ed2fb04.063e8.json
chapter,textures/chapterList/periods/block/367,cc.SpriteFrame,eb57bf32-cf1b-4b6b-b6fb-2e1137a73231,assets\chapter\import\eb\eb57bf32-cf1b-4b6b-b6fb-2e1137a73231.c4ad7.json
chapter,textures/chapterList/periods/block/368,cc.SpriteFrame,57379737-7594-4643-a81d-350940c745a7,assets\chapter\import\57\57379737-7594-4643-a81d-350940c745a7.05757.json
chapter,textures/chapterList/periods/block/369,cc.SpriteFrame,fe576403-88eb-4c87-b9c5-e1f4bc24383b,assets\chapter\import\fe\fe576403-88eb-4c87-b9c5-e1f4bc24383b.c3af0.json
chapter,textures/chapterList/periods/block/37,cc.SpriteFrame,a42dd0bc-3e2b-403f-b91d-734fa5f4db2e,assets\chapter\import\a4\a42dd0bc-3e2b-403f-b91d-734fa5f4db2e.86c95.json
chapter,textures/chapterList/periods/block/370,cc.SpriteFrame,23fdc16c-82a0-4bd5-941f-ac4687a02d04,assets\chapter\import\23\23fdc16c-82a0-4bd5-941f-ac4687a02d04.42085.json
chapter,textures/chapterList/periods/block/371,cc.SpriteFrame,fa2ec9e4-bd89-45c9-bf8c-6e0c9939c1c6,assets\chapter\import\fa\fa2ec9e4-bd89-45c9-bf8c-6e0c9939c1c6.88536.json
chapter,textures/chapterList/periods/block/372,cc.SpriteFrame,535d264f-2137-476c-a45d-ac819d7b36d5,assets\chapter\import\53\535d264f-2137-476c-a45d-ac819d7b36d5.d0402.json
chapter,textures/chapterList/periods/block/373,cc.SpriteFrame,14a23978-c309-4a5e-babb-f155c97f9831,assets\chapter\import\14\14a23978-c309-4a5e-babb-f155c97f9831.c222e.json
chapter,textures/chapterList/periods/block/374,cc.SpriteFrame,b6dd55ae-f1dd-4f94-b610-871361d3b89d,assets\chapter\import\b6\b6dd55ae-f1dd-4f94-b610-871361d3b89d.3d959.json
chapter,textures/chapterList/periods/block/375,cc.SpriteFrame,1bde61b5-ccfc-4621-b828-ad1f922c43d3,assets\chapter\import\1b\1bde61b5-ccfc-4621-b828-ad1f922c43d3.18d98.json
chapter,textures/chapterList/periods/block/376,cc.SpriteFrame,f033fa3a-f323-4dae-ab96-dedac9323e0e,assets\chapter\import\f0\f033fa3a-f323-4dae-ab96-dedac9323e0e.683b1.json
chapter,textures/chapterList/periods/block/377,cc.SpriteFrame,e3bff78e-5af4-4fd4-b7ad-b81b2cc0edf8,assets\chapter\import\e3\e3bff78e-5af4-4fd4-b7ad-b81b2cc0edf8.eac52.json
chapter,textures/chapterList/periods/block/378,cc.SpriteFrame,20aad64f-ba7e-435d-aa82-ae353da267a4,assets\chapter\import\20\20aad64f-ba7e-435d-aa82-ae353da267a4.8fc41.json
chapter,textures/chapterList/periods/block/379,cc.SpriteFrame,43f0e9d1-0a7c-40e9-b21d-3b4b3db7f383,assets\chapter\import\43\43f0e9d1-0a7c-40e9-b21d-3b4b3db7f383.b865d.json
chapter,textures/chapterList/periods/block/38,cc.SpriteFrame,7b60430d-49fd-4b94-bf25-1887862f9bc8,assets\chapter\import\7b\7b60430d-49fd-4b94-bf25-1887862f9bc8.557e8.json
chapter,textures/chapterList/periods/block/380,cc.SpriteFrame,0c09db0a-ec5f-4f63-ae2e-3a189c72d47f,assets\chapter\import\0c\0c09db0a-ec5f-4f63-ae2e-3a189c72d47f.0fce4.json
chapter,textures/chapterList/periods/block/381,cc.SpriteFrame,8ee330fb-5f30-4e5a-98b1-790a263f6cc4,assets\chapter\import\8e\8ee330fb-5f30-4e5a-98b1-790a263f6cc4.f9ff9.json
chapter,textures/chapterList/periods/block/382,cc.SpriteFrame,05b107f8-3ca3-4754-bff4-3a430caf3707,assets\chapter\import\05\05b107f8-3ca3-4754-bff4-3a430caf3707.97578.json
chapter,textures/chapterList/periods/block/39,cc.SpriteFrame,38ac13cb-d364-460d-b7c4-20b58003e381,assets\chapter\import\38\38ac13cb-d364-460d-b7c4-20b58003e381.91e56.json
chapter,textures/chapterList/periods/block/4,cc.SpriteFrame,3ecde172-b654-4914-9da2-4ac5cbbab1b4,assets\chapter\import\3e\3ecde172-b654-4914-9da2-4ac5cbbab1b4.4a388.json
chapter,textures/chapterList/periods/block/40,cc.SpriteFrame,48e24f43-c0d1-4248-8256-0bae91616496,assets\chapter\import\48\48e24f43-c0d1-4248-8256-0bae91616496.25e16.json
chapter,textures/chapterList/periods/block/41,cc.SpriteFrame,34a22f03-c389-4073-bfa4-1f89b1f3e59d,assets\chapter\import\34\34a22f03-c389-4073-bfa4-1f89b1f3e59d.d73fe.json
chapter,textures/chapterList/periods/block/42,cc.SpriteFrame,44b3fed5-96bc-440d-a748-07d48734b26d,assets\chapter\import\44\44b3fed5-96bc-440d-a748-07d48734b26d.d27fd.json
chapter,textures/chapterList/periods/block/43,cc.SpriteFrame,5012bd22-d57e-4cb5-b2bc-5fbddfd0078e,assets\chapter\import\50\5012bd22-d57e-4cb5-b2bc-5fbddfd0078e.224cc.json
chapter,textures/chapterList/periods/block/44,cc.SpriteFrame,b0c5dc67-e573-43f2-939c-59c7eef32543,assets\chapter\import\b0\b0c5dc67-e573-43f2-939c-59c7eef32543.f17d1.json
chapter,textures/chapterList/periods/block/45,cc.SpriteFrame,e5e9a75a-2fdc-4a61-a65c-c402b308d5c9,assets\chapter\import\e5\e5e9a75a-2fdc-4a61-a65c-c402b308d5c9.44967.json
chapter,textures/chapterList/periods/block/46,cc.SpriteFrame,ab5b0634-af1b-4cb9-a8a8-51dd9d1da0a7,assets\chapter\import\ab\ab5b0634-af1b-4cb9-a8a8-51dd9d1da0a7.7cfe8.json
chapter,textures/chapterList/periods/block/47,cc.SpriteFrame,b8ef1ae6-0111-4c36-8a50-595065f6a71e,assets\chapter\import\b8\b8ef1ae6-0111-4c36-8a50-595065f6a71e.22f7d.json
chapter,textures/chapterList/periods/block/48,cc.SpriteFrame,68ee204f-14df-42bb-b6cf-25a03fa60df1,assets\chapter\import\68\68ee204f-14df-42bb-b6cf-25a03fa60df1.3a1b2.json
chapter,textures/chapterList/periods/block/49,cc.SpriteFrame,96a6e5db-5dfd-4430-86f8-7500d7670e5a,assets\chapter\import\96\96a6e5db-5dfd-4430-86f8-7500d7670e5a.ae775.json
chapter,textures/chapterList/periods/block/5,cc.SpriteFrame,90adc139-0317-45a2-a3d1-ba973c3b0406,assets\chapter\import\90\90adc139-0317-45a2-a3d1-ba973c3b0406.1b670.json
chapter,textures/chapterList/periods/block/50,cc.SpriteFrame,d63d4bbf-1930-494e-ae07-695996b89a85,assets\chapter\import\d6\d63d4bbf-1930-494e-ae07-695996b89a85.5637e.json
chapter,textures/chapterList/periods/block/51,cc.SpriteFrame,8dd30a66-2695-4bce-8111-8ec71732eaa6,assets\chapter\import\8d\8dd30a66-2695-4bce-8111-8ec71732eaa6.ded14.json
chapter,textures/chapterList/periods/block/52,cc.SpriteFrame,9afb5176-50be-4318-95ff-220481695e16,assets\chapter\import\9a\9afb5176-50be-4318-95ff-220481695e16.8fed3.json
chapter,textures/chapterList/periods/block/53,cc.SpriteFrame,65db1e2e-a3d3-4039-879c-403723d0204f,assets\chapter\import\65\65db1e2e-a3d3-4039-879c-403723d0204f.49b13.json
chapter,textures/chapterList/periods/block/54,cc.SpriteFrame,96c011c8-937a-414b-bc67-8f734ac13632,assets\chapter\import\96\96c011c8-937a-414b-bc67-8f734ac13632.1e861.json
chapter,textures/chapterList/periods/block/55,cc.SpriteFrame,2fb1ea1f-359b-48b6-af81-bbd0f3fdf79f,assets\chapter\import\2f\2fb1ea1f-359b-48b6-af81-bbd0f3fdf79f.10cdf.json
chapter,textures/chapterList/periods/block/56,cc.SpriteFrame,03c83861-988e-4510-967a-16475a4d5c71,assets\chapter\import\03\03c83861-988e-4510-967a-16475a4d5c71.e29ce.json
chapter,textures/chapterList/periods/block/57,cc.SpriteFrame,c077d976-2bd6-468c-8257-9a393fb78892,assets\chapter\import\c0\c077d976-2bd6-468c-8257-9a393fb78892.eb830.json
chapter,textures/chapterList/periods/block/58,cc.SpriteFrame,b53579dc-0718-4076-be46-4385ec8c4d73,assets\chapter\import\b5\b53579dc-0718-4076-be46-4385ec8c4d73.c8614.json
chapter,textures/chapterList/periods/block/59,cc.SpriteFrame,095193de-4cac-4e66-9a67-c3e167ea9177,assets\chapter\import\09\095193de-4cac-4e66-9a67-c3e167ea9177.3b6a0.json
chapter,textures/chapterList/periods/block/6,cc.SpriteFrame,075a3edc-77b2-4893-a568-c2a78cab2c6f,assets\chapter\import\07\075a3edc-77b2-4893-a568-c2a78cab2c6f.b32be.json
chapter,textures/chapterList/periods/block/60,cc.SpriteFrame,04d91ca1-4e8d-4b8e-b056-f9dc4f45143b,assets\chapter\import\04\04d91ca1-4e8d-4b8e-b056-f9dc4f45143b.6d4d3.json
chapter,textures/chapterList/periods/block/61,cc.SpriteFrame,3ee6308f-6c68-4053-bc19-09cbd3ad4a93,assets\chapter\import\3e\3ee6308f-6c68-4053-bc19-09cbd3ad4a93.bf752.json
chapter,textures/chapterList/periods/block/62,cc.SpriteFrame,8744df26-139f-4b5e-871d-6e4403fb6f1e,assets\chapter\import\87\8744df26-139f-4b5e-871d-6e4403fb6f1e.dccaf.json
chapter,textures/chapterList/periods/block/63,cc.SpriteFrame,d70aaeee-24a0-44af-ab9d-4e7ffac3c416,assets\chapter\import\d7\d70aaeee-24a0-44af-ab9d-4e7ffac3c416.1346a.json
chapter,textures/chapterList/periods/block/64,cc.SpriteFrame,5c469eec-92f1-4592-95c0-dac919f6b640,assets\chapter\import\5c\5c469eec-92f1-4592-95c0-dac919f6b640.7c36f.json
chapter,textures/chapterList/periods/block/65,cc.SpriteFrame,4d2a3127-6d20-4f9d-867f-b2cfc048fc0e,assets\chapter\import\4d\4d2a3127-6d20-4f9d-867f-b2cfc048fc0e.81b44.json
chapter,textures/chapterList/periods/block/66,cc.SpriteFrame,9363f0fa-736a-458b-9e3a-68e745c97402,assets\chapter\import\93\9363f0fa-736a-458b-9e3a-68e745c97402.ccdec.json
chapter,textures/chapterList/periods/block/67,cc.SpriteFrame,0aa898b8-6557-4d9e-b3e8-bc9e5c6c6f5a,assets\chapter\import\0a\0aa898b8-6557-4d9e-b3e8-bc9e5c6c6f5a.97efe.json
chapter,textures/chapterList/periods/block/68,cc.SpriteFrame,3ef8a760-2bca-4037-b5bb-259f6d97c983,assets\chapter\import\3e\3ef8a760-2bca-4037-b5bb-259f6d97c983.73b4e.json
chapter,textures/chapterList/periods/block/69,cc.SpriteFrame,98f5f329-5430-404b-a1cc-3dd5df978e48,assets\chapter\import\98\98f5f329-5430-404b-a1cc-3dd5df978e48.a3573.json
chapter,textures/chapterList/periods/block/7,cc.SpriteFrame,0f3fc1a2-883e-40a6-baa9-2915ecc2b51d,assets\chapter\import\0f\0f3fc1a2-883e-40a6-baa9-2915ecc2b51d.2a9fe.json
chapter,textures/chapterList/periods/block/70,cc.SpriteFrame,9f36f676-2682-41e8-95df-6eb74c14bb71,assets\chapter\import\9f\9f36f676-2682-41e8-95df-6eb74c14bb71.ea770.json
chapter,textures/chapterList/periods/block/71,cc.SpriteFrame,5a69ba2d-802b-412c-9cd1-75791b17e026,assets\chapter\import\5a\5a69ba2d-802b-412c-9cd1-75791b17e026.b6099.json
chapter,textures/chapterList/periods/block/72,cc.SpriteFrame,8b75e888-c113-4531-a6cf-aad8864ff6dd,assets\chapter\import\8b\8b75e888-c113-4531-a6cf-aad8864ff6dd.dac5b.json
chapter,textures/chapterList/periods/block/73,cc.SpriteFrame,a7fd76cb-3e2c-46b0-88a9-f8543d23cb79,assets\chapter\import\a7\a7fd76cb-3e2c-46b0-88a9-f8543d23cb79.af7ce.json
chapter,textures/chapterList/periods/block/74,cc.SpriteFrame,7804e742-fb33-4826-b55c-200e6464fd84,assets\chapter\import\78\7804e742-fb33-4826-b55c-200e6464fd84.138c1.json
chapter,textures/chapterList/periods/block/75,cc.SpriteFrame,c187c60b-b767-4aee-971c-f5ba4225d5c1,assets\chapter\import\c1\c187c60b-b767-4aee-971c-f5ba4225d5c1.c3c93.json
chapter,textures/chapterList/periods/block/76,cc.SpriteFrame,3d337414-2e1a-4b02-993c-5e351d38c274,assets\chapter\import\3d\3d337414-2e1a-4b02-993c-5e351d38c274.181ca.json
chapter,textures/chapterList/periods/block/77,cc.SpriteFrame,e969effa-46d5-4e78-851f-b55b74717172,assets\chapter\import\e9\e969effa-46d5-4e78-851f-b55b74717172.d8e35.json
chapter,textures/chapterList/periods/block/78,cc.SpriteFrame,b9b736a5-20ce-44bb-81d6-5c6039022c21,assets\chapter\import\b9\b9b736a5-20ce-44bb-81d6-5c6039022c21.eb54b.json
chapter,textures/chapterList/periods/block/79,cc.SpriteFrame,9aaff9a3-f54d-454a-9d83-d6f2272f6811,assets\chapter\import\9a\9aaff9a3-f54d-454a-9d83-d6f2272f6811.3dfe1.json
chapter,textures/chapterList/periods/block/8,cc.SpriteFrame,f458692a-165a-4233-90f9-e38119cf5d3f,assets\chapter\import\f4\f458692a-165a-4233-90f9-e38119cf5d3f.5ee5f.json
chapter,textures/chapterList/periods/block/80,cc.SpriteFrame,96aaa241-a506-4c65-b267-ad9917b9c5b1,assets\chapter\import\96\96aaa241-a506-4c65-b267-ad9917b9c5b1.b674e.json
chapter,textures/chapterList/periods/block/81,cc.SpriteFrame,8b4850b0-08ed-46f1-b2bd-7d5b9ef5cb69,assets\chapter\import\8b\8b4850b0-08ed-46f1-b2bd-7d5b9ef5cb69.850f3.json
chapter,textures/chapterList/periods/block/82,cc.SpriteFrame,a8289d58-ec86-4bc1-9e7f-86d4bad2db62,assets\chapter\import\a8\a8289d58-ec86-4bc1-9e7f-86d4bad2db62.4552a.json
chapter,textures/chapterList/periods/block/83,cc.SpriteFrame,3b77bae7-a32e-45f4-a4d2-81dbcfc44bd1,assets\chapter\import\3b\3b77bae7-a32e-45f4-a4d2-81dbcfc44bd1.8a6a9.json
chapter,textures/chapterList/periods/block/84,cc.SpriteFrame,2d9630ae-305d-4dd3-b662-f0f2b7fca6bb,assets\chapter\import\2d\2d9630ae-305d-4dd3-b662-f0f2b7fca6bb.71f89.json
chapter,textures/chapterList/periods/block/85,cc.SpriteFrame,a1014d98-bb67-4bae-9f36-c2e0ead7414a,assets\chapter\import\a1\a1014d98-bb67-4bae-9f36-c2e0ead7414a.bec2b.json
chapter,textures/chapterList/periods/block/86,cc.SpriteFrame,cafbc301-74f8-4eb4-bdc6-aa8cb0364034,assets\chapter\import\ca\cafbc301-74f8-4eb4-bdc6-aa8cb0364034.a26b0.json
chapter,textures/chapterList/periods/block/87,cc.SpriteFrame,ae1ce155-b434-40c0-9313-64683454efff,assets\chapter\import\ae\ae1ce155-b434-40c0-9313-64683454efff.18ff1.json
chapter,textures/chapterList/periods/block/88,cc.SpriteFrame,68e0640f-db2c-4f80-88a7-c2027e9a9eb9,assets\chapter\import\68\68e0640f-db2c-4f80-88a7-c2027e9a9eb9.305f7.json
chapter,textures/chapterList/periods/block/89,cc.SpriteFrame,53edeb7c-f9ab-45cb-9155-21352d5abc93,assets\chapter\import\53\53edeb7c-f9ab-45cb-9155-21352d5abc93.587b7.json
chapter,textures/chapterList/periods/block/9,cc.SpriteFrame,e5b34693-5801-4380-8374-b872c31b129a,assets\chapter\import\e5\e5b34693-5801-4380-8374-b872c31b129a.7df21.json
chapter,textures/chapterList/periods/block/90,cc.SpriteFrame,70bb0075-98e0-4160-994e-dd34092bda57,assets\chapter\import\70\70bb0075-98e0-4160-994e-dd34092bda57.94de1.json
chapter,textures/chapterList/periods/block/91,cc.SpriteFrame,facd8d75-9ca4-4c23-aa45-d91c7b6495e5,assets\chapter\import\fa\facd8d75-9ca4-4c23-aa45-d91c7b6495e5.1b05f.json
chapter,textures/chapterList/periods/block/92,cc.SpriteFrame,96a15ca2-cd04-4c56-bf0e-d16ab019b728,assets\chapter\import\96\96a15ca2-cd04-4c56-bf0e-d16ab019b728.aac0b.json
chapter,textures/chapterList/periods/block/93,cc.SpriteFrame,7c3383ff-4cf8-4c91-8a9d-70b231af7ead,assets\chapter\import\7c\7c3383ff-4cf8-4c91-8a9d-70b231af7ead.294f1.json
chapter,textures/chapterList/periods/block/94,cc.SpriteFrame,3cc51b89-241e-4126-85e7-50f6956df9ba,assets\chapter\import\3c\3cc51b89-241e-4126-85e7-50f6956df9ba.1f1b4.json
chapter,textures/chapterList/periods/block/95,cc.SpriteFrame,1fd7b37e-eb9c-40ae-a51e-ac0ee28a8891,assets\chapter\import\1f\1fd7b37e-eb9c-40ae-a51e-ac0ee28a8891.8947d.json
chapter,textures/chapterList/periods/block/96,cc.SpriteFrame,543c5d35-0b68-412f-b1c6-3a1fbbf284cc,assets\chapter\import\54\543c5d35-0b68-412f-b1c6-3a1fbbf284cc.0eca8.json
chapter,textures/chapterList/periods/block/97,cc.SpriteFrame,485d2a43-33c2-4632-995d-4a8029903242,assets\chapter\import\48\485d2a43-33c2-4632-995d-4a8029903242.4c175.json
chapter,textures/chapterList/periods/block/98,cc.SpriteFrame,8395d9ee-bdc8-459e-8100-e54d049f2706,assets\chapter\import\83\8395d9ee-bdc8-459e-8100-e54d049f2706.449f7.json
chapter,textures/chapterList/periods/block/99,cc.SpriteFrame,e2e22656-ab54-4a99-8b99-91a66ececf23,assets\chapter\import\e2\e2e22656-ab54-4a99-8b99-91a66ececf23.210ce.json
chapter,textures/chapterList/periods/block/chapterListBlocks,cc.SpriteAtlas,6eaf82b1-ce30-4589-8413-538dccecae34,assets\chapter\import\6e\6eaf82b1-ce30-4589-8413-538dccecae34.dd66f.json
chapter,textures/chapterList/periods/block/common_Bg,cc.SpriteFrame,bb95d2cd-2bc3-409c-b35d-d7ed91d377d9,assets\chapter\import\bb\bb95d2cd-2bc3-409c-b35d-d7ed91d377d9.b418f.json
chapter,textures/chapterList/traits/BPuzzleTimeTrait/btn_continue,cc.SpriteFrame,d247c6df-ca1c-4e05-bef1-2dc149979d2a,assets\chapter\import\d2\d247c6df-ca1c-4e05-bef1-2dc149979d2a.34d85.json
chapter,textures/chapterList/traits/BPuzzleTimeTrait/btn_continue,cc.Texture2D,a023e48e-99cf-4b5b-aeae-f91f88264497,assets\chapter\import\a0\a023e48e-99cf-4b5b-aeae-f91f88264497.7871f.json
chapter,textures/chapterList/txt_Join,cc.SpriteFrame,5a54776c-6d3f-4706-bfa4-efe6707dd122,assets\chapter\import\5a\5a54776c-6d3f-4706-bfa4-efe6707dd122.abc62.json
chapter,textures/chapterList/txt_Join,cc.Texture2D,2f5b4214-7283-4fb8-aa4b-3a07c2fdac71,assets\chapter\import\2f\2f5b4214-7283-4fb8-aa4b-3a07c2fdac71.7871f.json
chapter,textures/chapterList/txt_NextJourney,cc.SpriteFrame,262283a2-89c5-44af-aa36-86380490c1f8,assets\chapter\import\26\262283a2-89c5-44af-aa36-86380490c1f8.2ae9f.json
chapter,textures/chapterList/txt_NextJourney,cc.Texture2D,475996a4-0035-46d6-84ac-cef28bb4d06d,assets\chapter\import\47\475996a4-0035-46d6-84ac-cef28bb4d06d.7871f.json
chapter,textures/chapterList/txt_TittleJourney,cc.SpriteFrame,3ff2cca9-0421-4615-adad-2c59e4f96131,assets\chapter\import\3f\3ff2cca9-0421-4615-adad-2c59e4f96131.fdc0b.json
chapter,textures/chapterList/txt_TittleJourney,cc.Texture2D,5c743c9e-2701-43df-9339-8d36d84df1f8,assets\chapter\import\5c\5c743c9e-2701-43df-9339-8d36d84df1f8.7871f.json
chapter,textures/chapterTopInfo/bg_ProgressS,cc.SpriteFrame,d57142ff-5c42-416b-a697-1999bed09ea9,assets\chapter\import\d5\d57142ff-5c42-416b-a697-1999bed09ea9.5d74f.json
chapter,textures/chapterTopInfo/bg_Score,cc.SpriteFrame,78ef7581-d193-45b1-bf86-9f258fab6cbb,assets\chapter\import\78\78ef7581-d193-45b1-bf86-9f258fab6cbb.2b8e1.json
chapter,textures/chapterTopInfo/chapterTopInfo,cc.SpriteAtlas,d8c9acc1-eb3b-462e-b76d-f12669579de1,assets\chapter\import\d8\d8c9acc1-eb3b-462e-b76d-f12669579de1.31714.json
chapter,textures/chapterTopInfo/img_ProgressS,cc.SpriteFrame,7b425eb0-926f-498c-8e66-0103f5eef99d,assets\chapter\import\7b\7b425eb0-926f-498c-8e66-0103f5eef99d.cd98c.json
chapter,textures/fail/adventure_btn_hard_replay,cc.SpriteFrame,30f9366e-4784-4873-bf70-b0e8f776e937,assets\chapter\import\30\30f9366e-4784-4873-bf70-b0e8f776e937.01b5b.json
chapter,textures/fail/adventure_btn_hard_replay,cc.Texture2D,9bd4370d-eebc-4680-81e7-72c996d4d84c,assets\chapter\import\9b\9bd4370d-eebc-4680-81e7-72c996d4d84c.7871f.json
chapter,textures/fail/bg_ProgressL,cc.SpriteFrame,a45f8281-bd57-4d42-bf80-49a96334c0bc,assets\chapter\import\a4\a45f8281-bd57-4d42-bf80-49a96334c0bc.6c0c5.json
chapter,textures/fail/bg_ProgressL,cc.Texture2D,ff26e44a-155d-46be-b6bd-91a1cbda1925,assets\chapter\import\ff\ff26e44a-155d-46be-b6bd-91a1cbda1925.7871f.json
chapter,textures/fail/btn_Retry,cc.SpriteFrame,0254b514-17d7-4ffc-b0fb-7e4564494492,assets\chapter\import\02\0254b514-17d7-4ffc-b0fb-7e4564494492.6361c.json
chapter,textures/fail/btn_Retry,cc.Texture2D,e215325c-af7a-4e47-ba37-954b74b1a66d,assets\chapter\import\e2\e215325c-af7a-4e47-ba37-954b74b1a66d.7871f.json
chapter,textures/fail/img_ProgressL,cc.SpriteFrame,bd840759-a116-4ef8-88c1-26d5cd413127,assets\chapter\import\bd\bd840759-a116-4ef8-88c1-26d5cd413127.24e89.json
chapter,textures/fail/img_ProgressL,cc.Texture2D,3f728e13-f4d5-4494-87b3-3336cbea8643,assets\chapter\import\3f\3f728e13-f4d5-4494-87b3-3336cbea8643.7871f.json
chapter,textures/gameover/trait/continuityPassLevel/txt_ConsecutiveClearances,cc.SpriteFrame,95d65b72-4875-4f61-bde8-86645460b796,assets\chapter\import\95\95d65b72-4875-4f61-bde8-86645460b796.43268.json
chapter,textures/gameover/trait/continuityPassLevel/txt_ConsecutiveClearances,cc.Texture2D,6ef2f129-9b4d-47e4-ba21-9f169340ac70,assets\chapter\import\6e\6ef2f129-9b4d-47e4-ba21-9f169340ac70.7871f.json
chapter,textures/gameover/trait/gateWinStreakState/newrecord_conseecutiveVictories_ske,dragonBones.DragonBonesAsset,03ce95f7-9deb-4749-84d8-b12eba6bfa1c,assets\chapter\import\03\03ce95f7-9deb-4749-84d8-b12eba6bfa1c.f9659.json
chapter,textures/gameover/trait/gateWinStreakState/newrecord_conseecutiveVictories_tex,cc.SpriteFrame,81101d80-7552-4a96-ad02-c4dbc53a290e,assets\chapter\import\81\81101d80-7552-4a96-ad02-c4dbc53a290e.0753a.json
chapter,textures/gameover/trait/gateWinStreakState/newrecord_conseecutiveVictories_tex,cc.Texture2D,7439656a-5fac-4006-be09-94cccd45b341,assets\chapter\import\74\7439656a-5fac-4006-be09-94cccd45b341.7871f.json
chapter,textures/gameover/trait/gateWinStreakState/newrecord_conseecutiveVictories_tex,dragonBones.DragonBonesAtlasAsset,664db058-8ee1-4430-b7b4-0487a10b9066,assets\chapter\import\66\664db058-8ee1-4430-b7b4-0487a10b9066.3ef8b.json
chapter,textures/gameover/trait/gateWinStreakState/pic_stick,cc.SpriteFrame,fef2b210-2289-4567-a2a2-b7f548aec85b,assets\chapter\import\fe\fef2b210-2289-4567-a2a2-b7f548aec85b.83528.json
chapter,textures/gameover/trait/gateWinStreakState/pic_stick,cc.Texture2D,4f89d6f6-c8c6-4695-bfa1-83d82c20fe35,assets\chapter\import\4f\4f89d6f6-c8c6-4695-bfa1-83d82c20fe35.7871f.json
chapter,textures/gameover/trait/hardLevelDefeat/effect/result_icon_cup_ske,dragonBones.DragonBonesAsset,ab8497bf-05f5-40ff-bcb1-ed5adcc9e7ed,assets\chapter\import\ab\ab8497bf-05f5-40ff-bcb1-ed5adcc9e7ed.58860.json
chapter,textures/gameover/trait/hardLevelDefeat/effect/result_icon_cup_tex,cc.SpriteFrame,d4ea3a6f-b825-4faf-9040-6a9b38f2a46b,assets\chapter\import\d4\d4ea3a6f-b825-4faf-9040-6a9b38f2a46b.0efc7.json
chapter,textures/gameover/trait/hardLevelDefeat/effect/result_icon_cup_tex,cc.Texture2D,066a42cd-86aa-49d0-8f5c-a4b111ce8110,assets\chapter\import\06\066a42cd-86aa-49d0-8f5c-a4b111ce8110.7871f.json
chapter,textures/gameover/trait/hardLevelDefeat/effect/result_icon_cup_tex,dragonBones.DragonBonesAtlasAsset,55eb7422-a195-4058-bb06-ac872982be40,assets\chapter\import\55\55eb7422-a195-4058-bb06-ac872982be40.79fc9.json
chapter,textures/gameover/trait/hardLevelDefeat/ui/tower,cc.SpriteFrame,93575017-daa0-41a1-b91f-094c62bade30,assets\chapter\import\93\93575017-daa0-41a1-b91f-094c62bade30.f4510.json
chapter,textures/gameover/trait/hardLevelDefeat/ui/tower,cc.Texture2D,63be3b6d-52bd-42cf-8fea-6a69303be19f,assets\chapter\import\63\63be3b6d-52bd-42cf-8fea-6a69303be19f.7871f.json
chapter,textures/gameover/trait/hardLevelDefeat/ui/you,cc.SpriteFrame,5340ce5b-5504-49eb-97c3-44e19ec5a924,assets\chapter\import\53\5340ce5b-5504-49eb-97c3-44e19ec5a924.ec75c.json
chapter,textures/gameover/trait/hardLevelDefeat/ui/you,cc.Texture2D,8db904e8-0fc9-4ebe-a144-49386b58a334,assets\chapter\import\8d\8db904e8-0fc9-4ebe-a144-49386b58a334.7871f.json
chapter,textures/goal/bgGoal,cc.SpriteFrame,dc1a1ef4-8a71-42e2-b734-603bbe8153be,assets\chapter\import\dc\dc1a1ef4-8a71-42e2-b734-603bbe8153be.d6ff1.json
chapter,textures/goal/bgGoal,cc.Texture2D,e4504e91-fd23-42fc-a6ae-706b5b92c774,assets\chapter\import\e4\e4504e91-fd23-42fc-a6ae-706b5b92c774.7871f.json
chapter,textures/goal/bg_TargetScore,cc.SpriteFrame,fc840ae2-6904-43fb-a91f-c633c46d7c60,assets\chapter\import\fc\fc840ae2-6904-43fb-a91f-c633c46d7c60.634aa.json
chapter,textures/goal/bg_TargetScore,cc.Texture2D,19a764f2-b8b9-4cc0-9a91-021abc7e8d59,assets\chapter\import\19\19a764f2-b8b9-4cc0-9a91-021abc7e8d59.7871f.json
chapter,textures/goal/txt_Target,cc.SpriteFrame,572144dc-bed7-4461-911d-09d15c651c61,assets\chapter\import\57\572144dc-bed7-4461-911d-09d15c651c61.372bc.json
chapter,textures/goal/txt_Target,cc.Texture2D,2c18d17b-ea2d-4d68-ab65-8eaad71c0d6e,assets\chapter\import\2c\2c18d17b-ea2d-4d68-ab65-8eaad71c0d6e.7871f.json
chapter,textures/goal/txt_TargetCollection,cc.SpriteFrame,7b23cdd3-8267-4dc6-8d57-7c2ae7fb3ac2,assets\chapter\import\7b\7b23cdd3-8267-4dc6-8d57-7c2ae7fb3ac2.368f3.json
chapter,textures/goal/txt_TargetCollection,cc.Texture2D,30b4c395-9180-4b67-aa0e-deb08d3cc8b1,assets\chapter\import\30\30b4c395-9180-4b67-aa0e-deb08d3cc8b1.7871f.json
chapter,textures/setup/bg_Settings,cc.SpriteFrame,f6e4b56c-6d02-4464-b85b-fbd337f55158,assets\chapter\import\f6\f6e4b56c-6d02-4464-b85b-fbd337f55158.1cc1e.json
chapter,textures/setup/btn_Close,cc.SpriteFrame,7b02d360-a6c7-4b0e-823c-7864c87d0916,assets\chapter\import\7b\7b02d360-a6c7-4b0e-823c-7864c87d0916.c1f40.json
chapter,textures/setup/btn_Home,cc.SpriteFrame,d90d11fc-08ac-4ab9-9584-c8b1802549cd,assets\chapter\import\d9\d90d11fc-08ac-4ab9-9584-c8b1802549cd.d7437.json
chapter,textures/setup/btn_LanguagePoint,cc.SpriteFrame,14267717-3727-4ebc-bbfd-4ec6345596cd,assets\chapter\import\14\14267717-3727-4ebc-bbfd-4ec6345596cd.9c408.json
chapter,textures/setup/btn_SetCommon,cc.SpriteFrame,3e85d7ce-4534-4afb-bcfd-fb2d9a147a32,assets\chapter\import\3e\3e85d7ce-4534-4afb-bcfd-fb2d9a147a32.6bccf.json
chapter,textures/setup/btn_SoundBg_Close,cc.SpriteFrame,ae7cb263-c977-43ca-aa65-48c41b08500f,assets\chapter\import\ae\ae7cb263-c977-43ca-aa65-48c41b08500f.b580f.json
chapter,textures/setup/btn_SoundBg_Open,cc.SpriteFrame,99ac8cb4-cb41-4bd5-9179-c19bc1d553fc,assets\chapter\import\99\99ac8cb4-cb41-4bd5-9179-c19bc1d553fc.3cd6a.json
chapter,textures/setup/btn_TxtHome_EN,cc.SpriteFrame,6ebf0c03-430d-4c98-be45-2b1c7f48a8fc,assets\chapter\import\6e\6ebf0c03-430d-4c98-be45-2b1c7f48a8fc.fcc49.json
chapter,textures/setup/icon_BGM,cc.SpriteFrame,fd2c7aa9-9d1e-47f0-85c3-61f7be875198,assets\chapter\import\fd\fd2c7aa9-9d1e-47f0-85c3-61f7be875198.673bc.json
chapter,textures/setup/icon_Home,cc.SpriteFrame,5e99c987-124e-415a-bdca-b9f0b175c075,assets\chapter\import\5e\5e99c987-124e-415a-bdca-b9f0b175c075.4e0c5.json
chapter,textures/setup/icon_Replay,cc.SpriteFrame,cd5f7c68-14cf-4af7-a0ce-f2e0babab656,assets\chapter\import\cd\cd5f7c68-14cf-4af7-a0ce-f2e0babab656.a7a0c.json
chapter,textures/setup/icon_Sound,cc.SpriteFrame,3eb51052-c243-433b-8c66-832b01151d0d,assets\chapter\import\3e\3eb51052-c243-433b-8c66-832b01151d0d.f3424.json
chapter,textures/setup/set_feedback,cc.SpriteFrame,5970ff44-b1c6-439c-a3a0-7d6e71e1a0d7,assets\chapter\import\59\5970ff44-b1c6-439c-a3a0-7d6e71e1a0d7.28afc.json
chapter,textures/setup/setup,cc.SpriteAtlas,f87e5e7c-0998-4389-bb67-32fb01fa6c84,assets\chapter\import\f8\f87e5e7c-0998-4389-bb67-32fb01fa6c84.45c09.json
chapter,textures/setup/setupset_music_close,cc.SpriteFrame,109e98c0-5254-4b92-8a67-1d8312d63e5c,assets\chapter\import\10\109e98c0-5254-4b92-8a67-1d8312d63e5c.c0985.json
chapter,textures/setup/setupset_music_open,cc.SpriteFrame,25cecdd8-fcc2-4bef-bee3-be07616756f9,assets\chapter\import\25\25cecdd8-fcc2-4bef-bee3-be07616756f9.9cdb2.json
chapter,textures/setup/setupset_replay,cc.SpriteFrame,dffc8012-dcd8-48e9-9a22-5cb408bc3137,assets\chapter\import\df\dffc8012-dcd8-48e9-9a22-5cb408bc3137.2a61b.json
chapter,textures/setup/txt_BGM,cc.SpriteFrame,3a888472-3206-4aad-ac8e-fa9e8fbe999a,assets\chapter\import\3a\3a888472-3206-4aad-ac8e-fa9e8fbe999a.6f601.json
chapter,textures/setup/txt_Home_EN,cc.SpriteFrame,d83093a5-6e0f-4d52-8b7a-dea6cfb84700,assets\chapter\import\d8\d83093a5-6e0f-4d52-8b7a-dea6cfb84700.af66e.json
chapter,textures/setup/txt_Replay_EN,cc.SpriteFrame,baa0def8-9da2-4552-997d-315e71702023,assets\chapter\import\ba\baa0def8-9da2-4552-997d-315e71702023.86701.json
chapter,textures/setup/txt_Sound_EN,cc.SpriteFrame,0e509b5c-2eba-4af3-bf6c-9f004e6258cd,assets\chapter\import\0e\0e509b5c-2eba-4af3-bf6c-9f004e6258cd.63bf0.json
chapter,textures/setup/txt_TitleSettings_EN,cc.SpriteFrame,36383831-ff36-459d-92d7-ad59c5198557,assets\chapter\import\36\36383831-ff36-459d-92d7-ad59c5198557.e511c.json
chapter,textures/win/btn_Continue,cc.SpriteFrame,eed76c85-5e68-4814-943f-ce1325d6381b,assets\chapter\import\ee\eed76c85-5e68-4814-943f-ce1325d6381b.da2ec.json
chapter,textures/win/btn_Continue,cc.Texture2D,e85c6789-bedd-474d-8853-706f560bf03d,assets\chapter\import\e8\e85c6789-bedd-474d-8853-706f560bf03d.7871f.json
chapter,textures/win/btn_NextLevel,cc.SpriteFrame,c74c34fd-171b-4e4d-b2d0-c22151259580,assets\chapter\import\c7\c74c34fd-171b-4e4d-b2d0-c22151259580.68962.json
chapter,textures/win/btn_NextLevel,cc.Texture2D,68103ca7-ff48-400b-a3c5-e203fa2f5935,assets\chapter\import\68\68103ca7-ff48-400b-a3c5-e203fa2f5935.7871f.json
chapter,textures/win/level_btn_nextLevelEmpty,cc.SpriteFrame,36f69a2e-6aa2-4040-970d-1a7370de8ef3,assets\chapter\import\36\36f69a2e-6aa2-4040-970d-1a7370de8ef3.b5b2e.json
chapter,textures/win/level_btn_nextLevelEmpty,cc.Texture2D,f53fb341-3be4-4180-aa6b-e6634556fc7c,assets\chapter\import\f5\f53fb341-3be4-4180-aa6b-e6634556fc7c.7871f.json
chapter,textures/win/trait/difficultChangeColorTrait/btn_nextHardLevel,cc.SpriteFrame,0749cab5-3fc5-410d-ac0a-94d6995d09af,assets\chapter\import\07\0749cab5-3fc5-410d-ac0a-94d6995d09af.9aeeb.json
chapter,textures/win/trait/difficultChangeColorTrait/btn_nextHardLevel,cc.Texture2D,8644b0fa-c4cb-4389-9195-776f7fdc5ef7,assets\chapter\import\86\8644b0fa-c4cb-4389-9195-776f7fdc5ef7.7871f.json
chapter,textures/win/trait/difficultChangeColorTrait/level_btn_nextHardLevelEmpty,cc.SpriteFrame,5f7b809f-0a0f-4b68-80cd-af97a4fb1ce6,assets\chapter\import\5f\5f7b809f-0a0f-4b68-80cd-af97a4fb1ce6.11014.json
chapter,textures/win/trait/difficultChangeColorTrait/level_btn_nextHardLevelEmpty,cc.Texture2D,cceef3bf-2f45-4374-9ec8-e1e2fa2141c6,assets\chapter\import\cc\cceef3bf-2f45-4374-9ec8-e1e2fa2141c6.7871f.json
chapter,textures/win/txt_Collection,cc.SpriteFrame,3e0dbe61-e93c-4cfb-afc8-7006d441db23,assets\chapter\import\3e\3e0dbe61-e93c-4cfb-afc8-7006d441db23.e97f6.json
chapter,textures/win/txt_Collection,cc.Texture2D,65370831-2a46-46f7-9da6-f43c337e32a0,assets\chapter\import\65\65370831-2a46-46f7-9da6-f43c337e32a0.7871f.json
chapter,textures/win/txt_Score,cc.SpriteFrame,9d2397ad-95ff-4ecb-acd3-00d863d5afe6,assets\chapter\import\9d\9d2397ad-95ff-4ecb-acd3-00d863d5afe6.152d2.json
chapter,textures/win/txt_Score,cc.Texture2D,eb188962-4b31-4336-8435-808ce249de5c,assets\chapter\import\eb\eb188962-4b31-4336-8435-808ce249de5c.7871f.json
class,README,cc.TextAsset,5123a335-3871-4bf5-adf2-9d2e78fca80f,assets\class\import\51\5123a335-3871-4bf5-adf2-9d2e78fca80f.f9776.json
class,audio/traits/IsOpenSorceBlockTrait/score1,cc.AudioClip,ec6d423b-88ff-4d8a-8e8e-47a966cd9ab9,assets\class\import\ec\ec6d423b-88ff-4d8a-8e8e-47a966cd9ab9.60d1e.json
class,audio/traits/IsOpenSorceBlockTrait/score2,cc.AudioClip,88dd51fa-9c3f-4013-84ee-df569997d2b5,assets\class\import\88\88dd51fa-9c3f-4013-84ee-df569997d2b5.b8283.json
class,audio/traits/IsOpenSorceBlockTrait/score3,cc.AudioClip,8ca9c464-93c4-463c-8131-b5dabe42fd55,assets\class\import\8c\8ca9c464-93c4-463c-8131-b5dabe42fd55.924f5.json
class,audios/combo/heart_disappear,cc.AudioClip,760a1d0e-ff8a-40ed-b62c-1aa3137712cd,assets\class\import\76\760a1d0e-ff8a-40ed-b62c-1aa3137712cd.4ffe4.json
class,dragonbones/board/traits/ClearInitPanelEffectTrait/gameplay_patternFinished_eff_ske,dragonBones.DragonBonesAsset,04f6f3ca-cf90-4ea5-8695-0f218a2ba7e2,assets\class\import\04\04f6f3ca-cf90-4ea5-8695-0f218a2ba7e2.1cb6c.json
class,dragonbones/board/traits/ClearInitPanelEffectTrait/gameplay_patternFinished_eff_tex,cc.SpriteFrame,3be824f6-6269-46ed-8997-fd0dd4c144b5,assets\class\import\3b\3be824f6-6269-46ed-8997-fd0dd4c144b5.2da94.json
class,dragonbones/board/traits/ClearInitPanelEffectTrait/gameplay_patternFinished_eff_tex,cc.Texture2D,9218b47a-0467-4f5e-98f7-353ee85788b5,assets\class\import\92\9218b47a-0467-4f5e-98f7-353ee85788b5.7871f.json
class,dragonbones/board/traits/ClearInitPanelEffectTrait/gameplay_patternFinished_eff_tex,dragonBones.DragonBonesAtlasAsset,2a42d7d3-b455-4c37-a8a9-5c346a4f28f4,assets\class\import\2a\2a42d7d3-b455-4c37-a8a9-5c346a4f28f4.0caf7.json
class,dragonbones/board/traits/ClearInitPanelEffectTrait/gameplay_patternFinished_ske,dragonBones.DragonBonesAsset,34249e28-e4ad-40ec-803e-8493792baecc,assets\class\import\34\34249e28-e4ad-40ec-803e-8493792baecc.f4ffb.json
class,dragonbones/board/traits/ClearInitPanelEffectTrait/gameplay_patternFinished_tex,cc.SpriteFrame,8ceab0fa-b145-4fb8-9561-0ddfe4cd7996,assets\class\import\8c\8ceab0fa-b145-4fb8-9561-0ddfe4cd7996.257c2.json
class,dragonbones/board/traits/ClearInitPanelEffectTrait/gameplay_patternFinished_tex,cc.Texture2D,fdf1c4d8-0772-4e4c-adb9-aaeaeeb6c72c,assets\class\import\fd\fdf1c4d8-0772-4e4c-adb9-aaeaeeb6c72c.7871f.json
class,dragonbones/board/traits/ClearInitPanelEffectTrait/gameplay_patternFinished_tex,dragonBones.DragonBonesAtlasAsset,0ef6a186-2598-4b71-b91c-9bf63c31a60a,assets\class\import\0e\0ef6a186-2598-4b71-b91c-9bf63c31a60a.277bf.json
class,dragonbones/board/traits/IsOpenSorceBlockTrait/gameplay_scoreBlock_ske,dragonBones.DragonBonesAsset,b63e3426-d340-46c1-a88f-40cb39d1a732,assets\class\import\b6\b63e3426-d340-46c1-a88f-40cb39d1a732.2b229.json
class,dragonbones/board/traits/IsOpenSorceBlockTrait/gameplay_scoreBlock_tex,cc.SpriteFrame,1e2bdf40-ba85-433a-8216-6cef18334d8a,assets\class\import\1e\1e2bdf40-ba85-433a-8216-6cef18334d8a.4739b.json
class,dragonbones/board/traits/IsOpenSorceBlockTrait/gameplay_scoreBlock_tex,cc.Texture2D,e565c3c7-7cfb-4db6-93ba-e6f324636153,assets\class\import\e5\e565c3c7-7cfb-4db6-93ba-e6f324636153.7871f.json
class,dragonbones/board/traits/IsOpenSorceBlockTrait/gameplay_scoreBlock_tex,dragonBones.DragonBonesAtlasAsset,60fd963a-44c4-421f-9292-30cdb10e7f04,assets\class\import\60\60fd963a-44c4-421f-9292-30cdb10e7f04.b9473.json
class,dragonbones/combo/QBlockCombo/gameplay_combo_in_ske,dragonBones.DragonBonesAsset,179b7c36-6c52-4e1d-a844-e35d1c2bef6d,assets\class\import\17\179b7c36-6c52-4e1d-a844-e35d1c2bef6d.70d2b.json
class,dragonbones/combo/QBlockCombo/gameplay_combo_in_tex,cc.SpriteFrame,ff7249c7-9e7a-48d7-a04c-b6751c940e4d,assets\class\import\ff\ff7249c7-9e7a-48d7-a04c-b6751c940e4d.2d59d.json
class,dragonbones/combo/QBlockCombo/gameplay_combo_in_tex,cc.Texture2D,2f7b4ac0-18a1-4ca5-9e61-d9615c8f5ba4,assets\class\import\2f\2f7b4ac0-18a1-4ca5-9e61-d9615c8f5ba4.7871f.json
class,dragonbones/combo/QBlockCombo/gameplay_combo_in_tex,dragonBones.DragonBonesAtlasAsset,a9593a55-80f6-4c5d-bab4-f4f2d360b461,assets\class\import\a9\a9593a55-80f6-4c5d-bab4-f4f2d360b461.ab60f.json
class,dragonbones/combo/comb_ske,dragonBones.DragonBonesAsset,4fcd8d64-2e1e-482b-ae50-8df596b78657,
class,dragonbones/combo/comb_ske-lite,dragonBones.DragonBonesAsset,adeedeb0-c104-4b32-bdea-e2464dde7094,assets\class\import\ad\adeedeb0-c104-4b32-bdea-e2464dde7094.9ca63.json
class,dragonbones/combo/comb_tex,cc.SpriteFrame,e3b27ac4-5c71-4cd7-a0ad-fd83484ab4de,assets\class\import\e3\e3b27ac4-5c71-4cd7-a0ad-fd83484ab4de.e0174.json
class,dragonbones/combo/comb_tex,cc.Texture2D,b368395a-614d-42c1-8a21-2c643cdeb7dc,
class,dragonbones/combo/comb_tex,dragonBones.DragonBonesAtlasAsset,0695db5b-1dda-4aec-8728-8dff317828f3,
class,dragonbones/combo/comb_tex-lite,cc.SpriteFrame,65225ff6-1909-4c43-8024-3cd2ab8e727d,assets\class\import\65\65225ff6-1909-4c43-8024-3cd2ab8e727d.22e4c.json
class,dragonbones/combo/comb_tex-lite,cc.Texture2D,b0be95e8-143f-4401-8113-0390dbaf310e,assets\class\import\b0\b0be95e8-143f-4401-8113-0390dbaf310e.7871f.json
class,dragonbones/combo/comb_tex-lite,dragonBones.DragonBonesAtlasAsset,24faed49-19ba-4f68-b145-64c516949e1c,assets\class\import\24\24faed49-19ba-4f68-b145-64c516949e1c.5af52.json
class,dragonbones/combo/trait/comboEffectCtrl/gameplay_dragonbone_combo_grade_ske,dragonBones.DragonBonesAsset,15ec39be-5b2f-465c-af97-7d055a1793e8,assets\class\import\15\15ec39be-5b2f-465c-af97-7d055a1793e8.0436f.json
class,dragonbones/combo/trait/comboEffectCtrl/gameplay_dragonbone_combo_grade_tex,cc.SpriteFrame,b8fdc46e-4ea9-42e7-9280-aa135c93b75b,assets\class\import\b8\b8fdc46e-4ea9-42e7-9280-aa135c93b75b.fb60d.json
class,dragonbones/combo/trait/comboEffectCtrl/gameplay_dragonbone_combo_grade_tex,cc.Texture2D,9cbe0a9a-ac96-4dd8-9938-ae054239e6ca,assets\class\import\9c\9cbe0a9a-ac96-4dd8-9938-ae054239e6ca.7871f.json
class,dragonbones/combo/trait/comboEffectCtrl/gameplay_dragonbone_combo_grade_tex,dragonBones.DragonBonesAtlasAsset,1e8bffc3-f81c-4966-b86e-89699e2cfb50,assets\class\import\1e\1e8bffc3-f81c-4966-b86e-89699e2cfb50.f51d5.json
class,dragonbones/combo/trait/optimizeResourcesEffect/gameplay_dragonbone_combo_grade_ske,dragonBones.DragonBonesAsset,59a69d4a-64e6-4b4c-a1b1-c7a6a07045ae,assets\class\import\59\59a69d4a-64e6-4b4c-a1b1-c7a6a07045ae.7c7f3.json
class,dragonbones/combo/trait/optimizeResourcesEffect/gameplay_dragonbone_combo_grade_tex,cc.SpriteFrame,d956a452-631f-4f85-a381-f333b3d93866,assets\class\import\d9\d956a452-631f-4f85-a381-f333b3d93866.1afc6.json
class,dragonbones/combo/trait/optimizeResourcesEffect/gameplay_dragonbone_combo_grade_tex,cc.Texture2D,99787e74-6204-4499-a653-e7a70bb28089,assets\class\import\99\99787e74-6204-4499-a653-e7a70bb28089.7871f.json
class,dragonbones/combo/trait/optimizeResourcesEffect/gameplay_dragonbone_combo_grade_tex,dragonBones.DragonBonesAtlasAsset,8b4c5f01-3af6-40d0-ad8b-23001ac9a1ff,assets\class\import\8b\8b4c5f01-3af6-40d0-ad8b-23001ac9a1ff.7b144.json
class,dragonbones/gameOver/traits/ComboReachTargetTrait/NewProject_ske,dragonBones.DragonBonesAsset,27343ac9-1e57-41fc-bbeb-e72c5b6e4c3b,assets\class\import\27\27343ac9-1e57-41fc-bbeb-e72c5b6e4c3b.953dd.json
class,dragonbones/gameOver/traits/ComboReachTargetTrait/NewProject_tex,cc.SpriteFrame,e6340d19-f512-4597-9bd8-b73b3e3a1eab,assets\class\import\e6\e6340d19-f512-4597-9bd8-b73b3e3a1eab.3ba35.json
class,dragonbones/gameOver/traits/ComboReachTargetTrait/NewProject_tex,cc.Texture2D,23ba30c5-13c4-4bab-b902-fc7b6f5b0240,assets\class\import\23\23ba30c5-13c4-4bab-b902-fc7b6f5b0240.7871f.json
class,dragonbones/gameOver/traits/ComboReachTargetTrait/NewProject_tex,dragonBones.DragonBonesAtlasAsset,0f38cc5f-18b1-44ab-800a-3c8ecf010df5,assets\class\import\0f\0f38cc5f-18b1-44ab-800a-3c8ecf010df5.dce4a.json
class,dragonbones/gameOver/traits/ComboReachTargetTrait/king_ske,dragonBones.DragonBonesAsset,a1510a38-8a7f-431d-9701-541ee5c2c52c,assets\class\import\a1\a1510a38-8a7f-431d-9701-541ee5c2c52c.87ef4.json
class,dragonbones/gameOver/traits/ComboReachTargetTrait/king_tex,cc.SpriteFrame,cd381e56-3fb5-4edc-994c-d351765bec7e,assets\class\import\cd\cd381e56-3fb5-4edc-994c-d351765bec7e.cc03c.json
class,dragonbones/gameOver/traits/ComboReachTargetTrait/king_tex,cc.Texture2D,dcfa15dc-033c-4e88-af18-a4291d95d320,assets\class\import\dc\dcfa15dc-033c-4e88-af18-a4291d95d320.7871f.json
class,dragonbones/gameOver/traits/ComboReachTargetTrait/king_tex,dragonBones.DragonBonesAtlasAsset,1270d5d5-281d-45f9-9862-e5e380e28955,assets\class\import\12\1270d5d5-281d-45f9-9862-e5e380e28955.56a65.json
class,dragonbones/guide/prompt_ske,dragonBones.DragonBonesAsset,c92f3022-086e-4fa4-8cf9-499286683943,assets\class\import\c9\c92f3022-086e-4fa4-8cf9-499286683943.5ba49.json
class,dragonbones/guide/prompt_tex,cc.SpriteFrame,c091b38a-f160-40ea-937d-622c4e65ed40,assets\class\import\c0\c091b38a-f160-40ea-937d-622c4e65ed40.5087d.json
class,dragonbones/guide/prompt_tex,cc.Texture2D,ee7c7704-aa7c-4fe6-9e7b-516326b535a7,assets\class\import\ee\ee7c7704-aa7c-4fe6-9e7b-516326b535a7.40ec8.json
class,dragonbones/guide/prompt_tex,dragonBones.DragonBonesAtlasAsset,6f93a416-ae70-4e2c-803a-f3c696022958,assets\class\import\6f\6f93a416-ae70-4e2c-803a-f3c696022958.dd3a4.json
class,dragonbones/topInfo/comnb_ske,dragonBones.DragonBonesAsset,6dea8e59-8896-43e8-8be6-1697964d8fdc,assets\class\import\6d\6dea8e59-8896-43e8-8be6-1697964d8fdc.7ce0a.json
class,dragonbones/topInfo/comnb_ske-lite,dragonBones.DragonBonesAsset,fa9f21c1-c3b7-46a5-acd7-5db8b9310a78,assets\class\import\fa\fa9f21c1-c3b7-46a5-acd7-5db8b9310a78.4f0f3.json
class,dragonbones/topInfo/comnb_tex,cc.SpriteFrame,9fa5d5cd-540d-4742-a029-ae979b49467c,assets\class\import\9f\9fa5d5cd-540d-4742-a029-ae979b49467c.e0837.json
class,dragonbones/topInfo/comnb_tex,cc.Texture2D,97db5e46-0e53-4a62-b1e6-f9afa788c967,assets\class\import\97\97db5e46-0e53-4a62-b1e6-f9afa788c967.7871f.json
class,dragonbones/topInfo/comnb_tex,dragonBones.DragonBonesAtlasAsset,2a178683-8ee2-486c-9734-7c48e76c52e7,assets\class\import\2a\2a178683-8ee2-486c-9734-7c48e76c52e7.3c070.json
class,dragonbones/topInfo/comnb_tex-lite,cc.SpriteFrame,ca9c106e-a2f5-4d94-81bf-9e57d4b8875f,assets\class\import\ca\ca9c106e-a2f5-4d94-81bf-9e57d4b8875f.c7193.json
class,dragonbones/topInfo/comnb_tex-lite,cc.Texture2D,32006d52-e936-41b8-8f7b-b05475f7f321,assets\class\import\32\32006d52-e936-41b8-8f7b-b05475f7f321.7871f.json
class,dragonbones/topInfo/comnb_tex-lite,dragonBones.DragonBonesAtlasAsset,87f9faa6-1565-433f-9bfe-f8b9133bf5fe,assets\class\import\87\87f9faa6-1565-433f-9bfe-f8b9133bf5fe.aff47.json
class,dragonbones/topInfo/traits/BComboReplaceHeartEffectTrait/gameplay_comboTips_color_ske,dragonBones.DragonBonesAsset,6026d75e-f0ea-455c-943d-ad9d4a180c7e,assets\class\import\60\6026d75e-f0ea-455c-943d-ad9d4a180c7e.10e05.json
class,dragonbones/topInfo/traits/BComboReplaceHeartEffectTrait/gameplay_comboTips_color_tex,cc.SpriteFrame,1e8379eb-2a97-4eac-b09c-2c2e8f554e4d,assets\class\import\1e\1e8379eb-2a97-4eac-b09c-2c2e8f554e4d.03f2b.json
class,dragonbones/topInfo/traits/BComboReplaceHeartEffectTrait/gameplay_comboTips_color_tex,cc.Texture2D,7d7104d0-c0db-4779-bb80-5d3b6aa6a4d3,assets\class\import\7d\7d7104d0-c0db-4779-bb80-5d3b6aa6a4d3.7871f.json
class,dragonbones/topInfo/traits/BComboReplaceHeartEffectTrait/gameplay_comboTips_color_tex,dragonBones.DragonBonesAtlasAsset,f8adc154-ea4e-46f2-be41-6d14cc94d637,assets\class\import\f8\f8adc154-ea4e-46f2-be41-6d14cc94d637.9c305.json
class,dragonbones/topInfo/traits/Combo_tips_lv_blockTrait/gameplay_combo_tips_ske,dragonBones.DragonBonesAsset,ad18db6b-f408-439d-b03b-8c88da898bee,assets\class\import\ad\ad18db6b-f408-439d-b03b-8c88da898bee.73ed9.json
class,dragonbones/topInfo/traits/Combo_tips_lv_blockTrait/gameplay_combo_tips_tex,cc.SpriteFrame,4fab2141-827c-4efd-99fd-4bece523c68c,assets\class\import\4f\4fab2141-827c-4efd-99fd-4bece523c68c.5e476.json
class,dragonbones/topInfo/traits/Combo_tips_lv_blockTrait/gameplay_combo_tips_tex,cc.Texture2D,37ff970e-05e6-4b10-bfaa-7893b9f0a4ba,assets\class\import\37\37ff970e-05e6-4b10-bfaa-7893b9f0a4ba.7871f.json
class,dragonbones/topInfo/traits/Combo_tips_lv_blockTrait/gameplay_combo_tips_tex,dragonBones.DragonBonesAtlasAsset,48792db1-3891-4cf0-80b7-fd3d1509c78c,assets\class\import\48\48792db1-3891-4cf0-80b7-fd3d1509c78c.369e8.json
class,dragonbones/win/NewProject_ske,dragonBones.DragonBonesAsset,0efd224e-2aaa-4067-8671-281c5c6ce35f,assets\class\import\0e\0efd224e-2aaa-4067-8671-281c5c6ce35f.812b7.json
class,dragonbones/win/NewProject_tex,cc.SpriteFrame,58e831f0-aeb5-4e3f-ad83-b06546c352ed,assets\class\import\58\58e831f0-aeb5-4e3f-ad83-b06546c352ed.39cfd.json
class,dragonbones/win/NewProject_tex,cc.Texture2D,64b3db0b-e5fb-47c7-a6c9-3c331d6dbaa0,assets\class\import\64\64b3db0b-e5fb-47c7-a6c9-3c331d6dbaa0.7871f.json
class,dragonbones/win/NewProject_tex,dragonBones.DragonBonesAtlasAsset,25a48c43-a98e-4721-b23e-94bc4ecafdca,assets\class\import\25\25a48c43-a98e-4721-b23e-94bc4ecafdca.da999.json
class,fonts/combo/combo_fnt,cc.BitmapFont,ebd486b2-9e22-4017-8825-8af71ea0f651,
class,fonts/combo/combo_fnt,cc.SpriteFrame,7d7628bc-a6d0-40a1-bab3-dcc02408a09a,
class,fonts/combo/combo_fnt,cc.Texture2D,466aed5c-2fe1-4f9d-87ee-6ed1df211aa7,
class,fonts/trait/ComboReachTargetTrait/num_argent,cc.BitmapFont,7f9e0d83-7b19-43e9-9e50-de870b182e27,assets\class\import\7f\7f9e0d83-7b19-43e9-9e50-de870b182e27.7f080.json
class,fonts/trait/ComboReachTargetTrait/num_argent,cc.SpriteFrame,bc9e3341-508d-431b-9427-48866d94286c,assets\class\import\bc\bc9e3341-508d-431b-9427-48866d94286c.5b6eb.json
class,fonts/trait/ComboReachTargetTrait/num_argent,cc.Texture2D,8e801e66-cf83-43f9-b294-18b3a074868a,assets\class\import\8e\8e801e66-cf83-43f9-b294-18b3a074868a.7871f.json
class,fonts/trait/ComboReachTargetTrait/num_copper,cc.BitmapFont,926c0b1c-1409-45ca-b764-a8805200408c,assets\class\import\92\926c0b1c-1409-45ca-b764-a8805200408c.b1541.json
class,fonts/trait/ComboReachTargetTrait/num_copper,cc.SpriteFrame,b8a6fb56-0419-4637-870f-4942f80fd814,assets\class\import\b8\b8a6fb56-0419-4637-870f-4942f80fd814.5f110.json
class,fonts/trait/ComboReachTargetTrait/num_copper,cc.Texture2D,5a676d15-be55-4676-bc37-fff28d8f9e1e,assets\class\import\5a\5a676d15-be55-4676-bc37-fff28d8f9e1e.7871f.json
class,fonts/trait/IsOpenSorceBlockTrait/num_fraction,cc.BitmapFont,51bbf2b4-9a58-463a-8c78-8f72fc57993d,assets\class\import\51\51bbf2b4-9a58-463a-8c78-8f72fc57993d.8ed8f.json
class,fonts/trait/IsOpenSorceBlockTrait/num_fraction,cc.SpriteFrame,2cfe93b1-4da4-48d5-bf6c-2dadb7d7ccea,assets\class\import\2c\2cfe93b1-4da4-48d5-bf6c-2dadb7d7ccea.51694.json
class,fonts/trait/IsOpenSorceBlockTrait/num_fraction,cc.Texture2D,611597ba-e664-41b5-aa16-f208f6c44230,assets\class\import\61\611597ba-e664-41b5-aa16-f208f6c44230.7871f.json
class,fonts/trait/NewClearScoreEffect/gameplay_num_score_red,cc.BitmapFont,fa9e27f5-e508-4258-877c-37494a632ce7,assets\class\import\fa\fa9e27f5-e508-4258-877c-37494a632ce7.fa804.json
class,fonts/trait/NewClearScoreEffect/gameplay_num_score_red,cc.SpriteFrame,ec8e271e-db66-4055-80b2-263ef47c2e49,assets\class\import\ec\ec8e271e-db66-4055-80b2-263ef47c2e49.90523.json
class,fonts/trait/NewClearScoreEffect/gameplay_num_score_red,cc.Texture2D,d667ada1-f5f2-4dd9-bd3f-11ced29fdcb6,assets\class\import\d6\d667ada1-f5f2-4dd9-bd3f-11ced29fdcb6.7871f.json
class,fonts/trait/addFreeReviveForMustDie/result_num_freeAd,cc.BitmapFont,b7df62f6-4b19-4b32-8866-c8cc6f640dd8,assets\class\import\b7\b7df62f6-4b19-4b32-8866-c8cc6f640dd8.119ef.json
class,fonts/trait/addFreeReviveForMustDie/result_num_freeAd,cc.SpriteFrame,23bb4a46-b9da-4b9e-85ec-f9541a13dec7,assets\class\import\23\23bb4a46-b9da-4b9e-85ec-f9541a13dec7.33318.json
class,fonts/trait/addFreeReviveForMustDie/result_num_freeAd,cc.Texture2D,61346528-3e29-402f-91bd-be961d4cee4a,assets\class\import\61\61346528-3e29-402f-91bd-be961d4cee4a.7871f.json
class,prefabs/board/traits/ClearInitPanelEffectTrait/ClearInitPanelEffect,cc.Prefab,36417490-098f-4922-b3d8-89a2cba86363,assets\class\import\36\36417490-098f-4922-b3d8-89a2cba86363.eaecd.json
class,prefabs/board/traits/ClearInitPanelEffectTrait/ClearInitPanelItem,cc.Prefab,ac53d32c-ca0e-4efe-8239-4a2c1ed60cdf,assets\class\import\ac\ac53d32c-ca0e-4efe-8239-4a2c1ed60cdf.85d9e.json
class,prefabs/board/traits/IsOpenSorceBlockTrait/ScoreBlockEffect,cc.Prefab,f63d9371-2462-409b-a5e5-483315335968,assets\class\import\f6\f63d9371-2462-409b-a5e5-483315335968.c0a3e.json
class,prefabs/fail/ClassFail,cc.Prefab,a894e3e8-ff37-48ce-9d74-1803740b51ea,assets\class\import\a8\a894e3e8-ff37-48ce-9d74-1803740b51ea.3f061.json
class,prefabs/game/ClassGame,cc.Prefab,52ff3cab-ddce-45dc-bd61-941f8695c3a4,assets\class\import\52\52ff3cab-ddce-45dc-bd61-941f8695c3a4.78028.json
class,prefabs/guide/ClassGuide,cc.Prefab,ee556453-26d3-422b-94de-2895774f7b66,assets\class\import\ee\ee556453-26d3-422b-94de-2895774f7b66.ae093.json
class,prefabs/guide/ClassGuideEffect,cc.Prefab,eb571ce4-6651-421c-adda-e2816e94d6d7,assets\class\import\eb\eb571ce4-6651-421c-adda-e2816e94d6d7.b7210.json
class,prefabs/guide/ClassGuideWithoutComp,cc.Prefab,67b7e2e5-c371-4c51-9b5f-b969ec4f33a2,assets\class\import\67\67b7e2e5-c371-4c51-9b5f-b969ec4f33a2.3b0ca.json
class,prefabs/main/ClassMain,cc.Prefab,1e9501ac-ff9e-4e32-8383-da4b6091074a,assets\class\import\1e\1e9501ac-ff9e-4e32-8383-da4b6091074a.2bd5a.json
class,prefabs/overRevive/OverRevive,cc.Prefab,f3af155f-94bc-4f79-a560-4923083f1106,assets\class\import\f3\f3af155f-94bc-4f79-a560-4923083f1106.89c72.json
class,prefabs/topInfo/ClassTopInfo,cc.Prefab,68952694-8963-4d0b-a208-c0b1fac8915d,assets\class\import\68\68952694-8963-4d0b-a208-c0b1fac8915d.5f6a4.json
class,prefabs/topInfo/traits/ComboReachTargetTrait/highNode,cc.Prefab,9d877ea2-4b96-446b-8a2a-249413e462b3,assets\class\import\9d\9d877ea2-4b96-446b-8a2a-249413e462b3.9bb46.json
class,prefabs/topInfo/traits/Combo_tips_lv_blockTrait/ComboTipsNew,cc.Prefab,f19ed216-25bf-4537-9d92-031cd7008e32,assets\class\import\f1\f19ed216-25bf-4537-9d92-031cd7008e32.3ea05.json
class,prefabs/trait/addFreeReviveForMustDie/ReviveAndRetryForMustDie,cc.Prefab,2e464530-6780-4ef7-9c79-7f9f37a1ae89,assets\class\import\2e\2e464530-6780-4ef7-9c79-7f9f37a1ae89.78e6c.json
class,prefabs/trait/comboEffectCtrl/ComboEffect,cc.Prefab,af19de27-4309-44b1-96ac-65daf1b83c5e,assets\class\import\af\af19de27-4309-44b1-96ac-65daf1b83c5e.7575d.json
class,prefabs/win/ClassWin,cc.Prefab,33ef1665-9b96-4dfb-aeef-07582bcb97bb,assets\class\import\33\33ef1665-9b96-4dfb-aeef-07582bcb97bb.26b83.json
class,scripts/modules/defaultBoard/data/chapter,cc.JsonAsset,2fb7e6e7-7f3c-491e-b19e-83a84bde690d,assets\class\import\2f\2fb7e6e7-7f3c-491e-b19e-83a84bde690d.5fdb7.json
class,scripts/modules/defaultBoard/data/default2000,cc.JsonAsset,c54d7f48-accd-496f-9b8e-5d8e0a9ab1fb,assets\class\import\c5\c54d7f48-accd-496f-9b8e-5d8e0a9ab1fb.3fcf3.json
class,scripts/modules/defaultBoard/data/defaultinfo2,cc.JsonAsset,ada76c31-ca3f-4aed-95b5-8de688df04aa,assets\class\import\ad\ada76c31-ca3f-4aed-95b5-8de688df04aa.4bb53.json
class,scripts/modules/defaultBoard/data/defaultinfoarr,cc.JsonAsset,481ee97f-638c-461f-b4d7-83263083109a,assets\class\import\48\481ee97f-638c-461f-b4d7-83263083109a.cdb2c.json
class,textures/combo/combo_txt,cc.SpriteFrame,57b9f7fb-e9bf-4191-b0dd-40b0d7f8f1fd,
class,textures/combo/combo_txt,cc.Texture2D,468f8cd7-4593-4c08-abc6-274386d26359,
class,textures/comboScoreTip/ComboScoreTipBg1,cc.SpriteFrame,3f78acfe-7333-4d51-a95a-b7b67a895863,assets\class\import\3f\3f78acfe-7333-4d51-a95a-b7b67a895863.1f910.json
class,textures/comboScoreTip/ComboScoreTipBg1,cc.Texture2D,dc2dcc7c-49a5-4dd7-beb0-e8d87790c3e4,assets\class\import\dc\dc2dcc7c-49a5-4dd7-beb0-e8d87790c3e4.40ec8.json
class,textures/fail/overview_lose_btn,cc.SpriteFrame,b0be87c7-2abe-479a-91a4-79ab84ee482e,assets\class\import\b0\b0be87c7-2abe-479a-91a4-79ab84ee482e.fe8e0.json
class,textures/fail/overview_lose_btn,cc.Texture2D,d45e7dd0-f1ba-41e9-b9cb-23e225c8f720,assets\class\import\d4\d45e7dd0-f1ba-41e9-b9cb-23e225c8f720.7871f.json
class,textures/fail/overview_title_s,cc.SpriteFrame,225dfeab-58d7-448f-8b87-f008ee0a1dde,assets\class\import\22\225dfeab-58d7-448f-8b87-f008ee0a1dde.0c022.json
class,textures/fail/overview_title_s,cc.Texture2D,862b12f0-01a0-45b6-9d61-4810e6d78f75,assets\class\import\86\862b12f0-01a0-45b6-9d61-4810e6d78f75.7871f.json
class,textures/game/Txt_Conitnue_EN,cc.SpriteFrame,eb9634c1-600c-4827-98ee-d96ebaa9d08e,
class,textures/game/Txt_Conitnue_EN,cc.Texture2D,b8ea53aa-fe65-487a-9905-ef548b2425c8,
class,textures/game/nospaceTxt,cc.SpriteFrame,48734c9b-f396-400b-b650-6de229f731d4,
class,textures/game/nospaceTxt,cc.Texture2D,164d3636-fc71-4405-9524-c983b9ddb412,
class,textures/game/txt_Loading_EN,cc.SpriteFrame,e4b2b59b-a2d0-4173-b54d-cf273125b72a,
class,textures/game/txt_Loading_EN,cc.Texture2D,9a1f332c-1a96-4062-95b8-89763302508d,
class,textures/guide/guide,cc.SpriteAtlas,ddbfa6a1-4b96-4158-8df4-0fc7c6a3661c,assets\class\import\dd\ddbfa6a1-4b96-4158-8df4-0fc7c6a3661c.aba24.json
class,textures/guide/guideEffectBg,cc.SpriteFrame,ec4cc42f-03c7-4ae5-a1a1-dfc4f6664ce7,assets\class\import\ec\ec4cc42f-03c7-4ae5-a1a1-dfc4f6664ce7.c0139.json
class,textures/guide/hand,cc.SpriteFrame,ff385114-fbf1-4381-9bea-c4cbafc053b0,assets\class\import\ff\ff385114-fbf1-4381-9bea-c4cbafc053b0.b7b81.json
class,textures/topInfo/backgroundscore_highest3,cc.SpriteFrame,20332b3d-e6a5-43e7-a4c2-a8ed72e9896c,assets\class\import\20\20332b3d-e6a5-43e7-a4c2-a8ed72e9896c.a1f6d.json
class,textures/topInfo/backgroundscore_highest3,cc.Texture2D,a1bbe6a1-52bb-4979-8e4d-5629fd8bdf86,assets\class\import\a1\a1bbe6a1-52bb-4979-8e4d-5629fd8bdf86.7871f.json
class,textures/topInfo/traits/ComboReachTargetTrait/backgroundscore_highest3_argent,cc.SpriteFrame,3edf41f7-5b1d-4b40-8264-6bf12f821147,assets\class\import\3e\3edf41f7-5b1d-4b40-8264-6bf12f821147.cb92f.json
class,textures/topInfo/traits/ComboReachTargetTrait/backgroundscore_highest3_argent-_copper,cc.SpriteFrame,a61ef944-1e44-4ce1-9a8f-1b173e3b4994,assets\class\import\a6\a61ef944-1e44-4ce1-9a8f-1b173e3b4994.cae47.json
class,textures/topInfo/traits/ComboReachTargetTrait/targetTrait,cc.SpriteAtlas,41991487-a4cf-405b-adcf-e9d8a77852aa,assets\class\import\41\41991487-a4cf-405b-adcf-e9d8a77852aa.c0b86.json
class,textures/topInfo/traits/ComboReachTargetTrait/txt_goldenBestScore,cc.SpriteFrame,e8e83b48-3085-409d-ad23-4bf2184158a6,assets\class\import\e8\e8e83b48-3085-409d-ad23-4bf2184158a6.0cdac.json
class,textures/trait/addFreeReviveForMustDie/addFreeReviveForMustDie,cc.SpriteAtlas,a1f5177a-fcef-4847-b714-08d629ad3a4a,assets\class\import\a1\a1f5177a-fcef-4847-b714-08d629ad3a4a.97f35.json
class,textures/trait/addFreeReviveForMustDie/result_bg_freeAd,cc.SpriteFrame,43e5fbbc-5ca0-4957-a4ea-ee5439735bed,assets\class\import\43\43e5fbbc-5ca0-4957-a4ea-ee5439735bed.298be.json
class,textures/trait/addFreeReviveForMustDie/result_btn_revive,cc.SpriteFrame,c25bab4d-cf5d-40f5-859f-d3b04f7cafa7,assets\class\import\c2\c25bab4d-cf5d-40f5-859f-d3b04f7cafa7.c02e9.json
class,textures/trait/addFreeReviveForMustDie/result_title_oops,cc.SpriteFrame,2c2f3086-5ead-4d94-9d2c-2863d0fda5e6,assets\class\import\2c\2c2f3086-5ead-4d94-9d2c-2863d0fda5e6.4534e.json
class,textures/win/btn_winPlay,cc.SpriteFrame,467269ce-7fd2-476f-8548-7843d29608aa,assets\class\import\46\467269ce-7fd2-476f-8548-7843d29608aa.2c638.json
class,textures/win/btn_winPlay,cc.Texture2D,6e2df0db-1a7e-41ed-b82f-24cbe3564469,assets\class\import\6e\6e2df0db-1a7e-41ed-b82f-24cbe3564469.7871f.json
gl_fruit,assets/audios/fruit_fall,cc.AudioClip,8613dd6d-6656-4fb8-8d72-8a3f93b2e2d0,assets\gl_fruit\import\86\8613dd6d-6656-4fb8-8d72-8a3f93b2e2d0.4be70.json
gl_fruit,assets/audios/fruit_item_clean,cc.AudioClip,e491e342-9282-4b8e-91d3-6d9a19e1db3b,assets\gl_fruit\import\e4\e491e342-9282-4b8e-91d3-6d9a19e1db3b.18b56.json
gl_fruit,assets/audios/fruit_item_clean_continuous,cc.AudioClip,e84cd859-a93f-4ac4-9146-8cef5008532d,assets\gl_fruit\import\e8\e84cd859-a93f-4ac4-9146-8cef5008532d.56b79.json
gl_fruit,assets/audios/fruit_item_undo,cc.AudioClip,5b28e7e3-a745-4abc-97c6-f256296406af,assets\gl_fruit\import\5b\5b28e7e3-a745-4abc-97c6-f256296406af.db633.json
gl_fruit,assets/audios/fruit_merge,cc.AudioClip,a6af8ab8-7b65-4106-a4cd-1be1653ed7c6,assets\gl_fruit\import\a6\a6af8ab8-7b65-4106-a4cd-1be1653ed7c6.b54ea.json
gl_fruit,assets/audios/fruit_merge_big,cc.AudioClip,0099e057-b0f3-4f8c-a5e1-677ab2868dff,assets\gl_fruit\import\00\0099e057-b0f3-4f8c-a5e1-677ab2868dff.6d903.json
gl_fruit,assets/audios/fruit_merge_combo_0,cc.AudioClip,752ac943-e5a5-4966-81cd-c6d42897fe49,assets\gl_fruit\import\75\752ac943-e5a5-4966-81cd-c6d42897fe49.ac5c8.json
gl_fruit,assets/audios/fruit_merge_combo_1,cc.AudioClip,e5e6fa81-9ded-4b80-acbd-410921dc8181,assets\gl_fruit\import\e5\e5e6fa81-9ded-4b80-acbd-410921dc8181.f3d8c.json
gl_fruit,assets/audios/fruit_merge_combo_2,cc.AudioClip,3be53a6f-c5bd-464c-adb4-933aca7a03e6,assets\gl_fruit\import\3b\3be53a6f-c5bd-464c-adb4-933aca7a03e6.a7c4d.json
gl_fruit,assets/audios/fruit_merge_combo_3,cc.AudioClip,ebf146cf-d6c8-46ec-a7b1-afd9f590775f,assets\gl_fruit\import\eb\ebf146cf-d6c8-46ec-a7b1-afd9f590775f.70016.json
gl_fruit,assets/audios/fruit_merge_combo_4,cc.AudioClip,b2ac987d-a438-4b5d-94d2-f218672d3dce,assets\gl_fruit\import\b2\b2ac987d-a438-4b5d-94d2-f218672d3dce.3c76f.json
gl_fruit,assets/audios/fruit_merge_combo_5,cc.AudioClip,3b3461d7-40db-4300-ad7e-1ace339e08b9,assets\gl_fruit\import\3b\3b3461d7-40db-4300-ad7e-1ace339e08b9.8b912.json
gl_fruit,assets/audios/fruit_merge_combo_6,cc.AudioClip,843a19f6-e2e0-458a-bf86-d0397c20b51e,assets\gl_fruit\import\84\843a19f6-e2e0-458a-bf86-d0397c20b51e.f9ccb.json
gl_fruit,assets/audios/fruit_merge_combo_7,cc.AudioClip,c280d6f2-85e1-4672-827b-39e5bc3a9d12,assets\gl_fruit\import\c2\c280d6f2-85e1-4672-827b-39e5bc3a9d12.f0f6f.json
gl_fruit,assets/audios/fruit_merge_congratulations,cc.AudioClip,4cc5e7d6-8001-44a2-b8b0-a57e565423c9,assets\gl_fruit\import\4c\4cc5e7d6-8001-44a2-b8b0-a57e565423c9.09526.json
gl_fruit,assets/audios/fruit_merge_great_watermelon_explosion,cc.AudioClip,c899c588-86d7-4130-951e-d149e96f4441,assets\gl_fruit\import\c8\c899c588-86d7-4130-951e-d149e96f4441.cb408.json
gl_fruit,assets/audios/fruit_merge_great_watermelon_light,cc.AudioClip,647c06e2-0566-4a29-915d-a92bf30e1872,assets\gl_fruit\import\64\647c06e2-0566-4a29-915d-a92bf30e1872.ee2dc.json
gl_fruit,assets/audios/fruit_merge_huge,cc.AudioClip,93e3a30c-d53e-48f4-bd61-4f6aca037d00,assets\gl_fruit\import\93\93e3a30c-d53e-48f4-bd61-4f6aca037d00.c2a49.json
gl_fruit,assets/audios/fruit_new_game,cc.AudioClip,cc210014-555f-4e59-a21c-00568ab1854f,assets\gl_fruit\import\cc\cc210014-555f-4e59-a21c-00568ab1854f.e737e.json
gl_fruit,assets/audios/fruit_streak_1,cc.AudioClip,e453ebfb-54f0-4657-bacd-c4e4c3d0541e,assets\gl_fruit\import\e4\e453ebfb-54f0-4657-bacd-c4e4c3d0541e.77065.json
gl_fruit,assets/audios/fruit_streak_2,cc.AudioClip,99da6a8d-8f79-4fe5-bd43-7c9b94f94356,assets\gl_fruit\import\99\99da6a8d-8f79-4fe5-bd43-7c9b94f94356.4bb7e.json
gl_fruit,assets/audios/fruit_streak_3,cc.AudioClip,b822a120-904f-436f-b453-dfb81cf77758,assets\gl_fruit\import\b8\b822a120-904f-436f-b453-dfb81cf77758.2c382.json
gl_fruit,assets/audios/fruit_streak_4,cc.AudioClip,f52aa804-b345-4979-a1ba-4cd15af2f196,assets\gl_fruit\import\f5\f52aa804-b345-4979-a1ba-4cd15af2f196.78d3f.json
gl_fruit,assets/audios/fruit_streak_5,cc.AudioClip,80d93c5f-7f34-445e-a483-4010390cafa4,assets\gl_fruit\import\80\80d93c5f-7f34-445e-a483-4010390cafa4.ae6ca.json
gl_fruit,assets/bigRes/bg3,cc.SpriteFrame,a5fbe694-f5f2-41a9-8e27-022e268b9b5e,assets\gl_fruit\import\a5\a5fbe694-f5f2-41a9-8e27-022e268b9b5e.b86fe.json
gl_fruit,assets/bigRes/bg3,cc.Texture2D,ae60eb8e-7b25-44ca-8d22-9b106127c7c6,assets\gl_fruit\import\ae\ae60eb8e-7b25-44ca-8d22-9b106127c7c6.7871f.json
gl_fruit,assets/bigRes/bgLight3,cc.SpriteFrame,d4c4a18d-c3c4-4a32-9f66-d59e8178fec9,assets\gl_fruit\import\d4\d4c4a18d-c3c4-4a32-9f66-d59e8178fec9.010a0.json
gl_fruit,assets/bigRes/bgLight3,cc.Texture2D,039dc6a5-ccd2-437b-a97a-ee15e624f6f2,assets\gl_fruit\import\03\039dc6a5-ccd2-437b-a97a-ee15e624f6f2.7871f.json
gl_fruit,assets/bigRes/box3,cc.SpriteFrame,6e2d0b98-ca62-4808-bfa2-3dcc8a3a0c2a,assets\gl_fruit\import\6e\6e2d0b98-ca62-4808-bfa2-3dcc8a3a0c2a.dc3e1.json
gl_fruit,assets/bigRes/box3,cc.Texture2D,0ef1c3e1-02d0-46c3-a11b-ec70f3416bfb,assets\gl_fruit\import\0e\0ef1c3e1-02d0-46c3-a11b-ec70f3416bfb.7871f.json
gl_fruit,assets/configs/tbfruitconfig,cc.JsonAsset,e9112635-699a-418f-89ad-8dd7a582b8b7,assets\gl_fruit\import\e9\e9112635-699a-418f-89ad-8dd7a582b8b7.be3d6.json
gl_fruit,assets/configs/tbfruitphysics,cc.JsonAsset,2a7f4048-2722-4126-be04-7396bdf35798,assets\gl_fruit\import\2a\2a7f4048-2722-4126-be04-7396bdf35798.4455c.json
gl_fruit,assets/effects/BoardFullPanel/BoardFullPanel,cc.Asset,a90b4675-a678-4f6e-9c5d-b4c1d6b88b1a,assets\gl_fruit\import\a9\a90b4675-a678-4f6e-9c5d-b4c1d6b88b1a.9dc00.json
gl_fruit,assets/effects/BoardFullPanel/BoardFullPanel,cc.SpriteFrame,4dd0c047-9be7-4972-addc-2b95561a8df8,assets\gl_fruit\import\4d\4dd0c047-9be7-4972-addc-2b95561a8df8.21d58.json
gl_fruit,assets/effects/BoardFullPanel/BoardFullPanel,cc.Texture2D,2a2ee337-9a3a-45b7-a46e-67c1c53325a9,assets\gl_fruit\import\2a\2a2ee337-9a3a-45b7-a46e-67c1c53325a9.7871f.json
gl_fruit,assets/effects/BoardFullPanel/BoardFullPanel,sp.SkeletonData,7c56aa2a-b14e-4859-93fe-5942a26a2529,assets\gl_fruit\import\7c\7c56aa2a-b14e-4859-93fe-5942a26a2529.b2f36.json
gl_fruit,assets/effects/GoldWatermelonPanel/GoldWatermelonPanel,cc.Asset,bc729ff5-41a1-4563-977b-1d11511f3492,assets\gl_fruit\import\bc\bc729ff5-41a1-4563-977b-1d11511f3492.7cd44.json
gl_fruit,assets/effects/GoldWatermelonPanel/GoldWatermelonPanel,cc.SpriteFrame,25bf3b3d-3aaa-48c3-8a48-736ef9199637,assets\gl_fruit\import\25\25bf3b3d-3aaa-48c3-8a48-736ef9199637.90151.json
gl_fruit,assets/effects/GoldWatermelonPanel/GoldWatermelonPanel,cc.Texture2D,dbf29895-96bf-4fd6-bab8-61bdf824cd67,assets\gl_fruit\import\db\dbf29895-96bf-4fd6-bab8-61bdf824cd67.7871f.json
gl_fruit,assets/effects/GoldWatermelonPanel/GoldWatermelonPanel,sp.SkeletonData,c99dceb6-73c5-47fd-a5bd-76aac61d3b5c,assets\gl_fruit\import\c9\c99dceb6-73c5-47fd-a5bd-76aac61d3b5c.87431.json
gl_fruit,assets/effects/HsFruitMerge_Click_fx_01_B/HsFruitMerge_Click_fx_01_B,cc.Asset,000a362b-f2e6-46c6-804e-cdcff0fb7e98,assets\gl_fruit\import\00\000a362b-f2e6-46c6-804e-cdcff0fb7e98.a90e6.json
gl_fruit,assets/effects/HsFruitMerge_Click_fx_01_B/HsFruitMerge_Click_fx_01_B,cc.SpriteFrame,ed161c2d-2732-4032-ae5a-2e40f7cd835c,assets\gl_fruit\import\ed\ed161c2d-2732-4032-ae5a-2e40f7cd835c.10a6c.json
gl_fruit,assets/effects/HsFruitMerge_Click_fx_01_B/HsFruitMerge_Click_fx_01_B,cc.Texture2D,6d91de5b-ff3e-486f-b9a3-5fea7293f641,assets\gl_fruit\import\6d\6d91de5b-ff3e-486f-b9a3-5fea7293f641.7871f.json
gl_fruit,assets/effects/HsFruitMerge_Click_fx_01_B/HsFruitMerge_Click_fx_01_B,sp.SkeletonData,433bbd4a-03f9-4468-a728-284dd8327de0,assets\gl_fruit\import\43\433bbd4a-03f9-4468-a728-284dd8327de0.07c51.json
gl_fruit,assets/effects/Lose_hint_fx/lose_hint_fx,cc.Asset,e3c6cce8-cfe8-474a-bb76-68c4dba0f194,assets\gl_fruit\import\e3\e3c6cce8-cfe8-474a-bb76-68c4dba0f194.f6034.json
gl_fruit,assets/effects/Lose_hint_fx/lose_hint_fx,cc.SpriteFrame,14ddf710-40da-426d-ae2b-a48be205b4eb,assets\gl_fruit\import\14\14ddf710-40da-426d-ae2b-a48be205b4eb.29970.json
gl_fruit,assets/effects/Lose_hint_fx/lose_hint_fx,cc.Texture2D,18e1c372-f940-4721-935f-8452e08f71c7,assets\gl_fruit\import\18\18e1c372-f940-4721-935f-8452e08f71c7.7871f.json
gl_fruit,assets/effects/Lose_hint_fx/lose_hint_fx,sp.SkeletonData,288a6839-59be-45d8-a5cf-82775bcb1b16,assets\gl_fruit\import\28\288a6839-59be-45d8-a5cf-82775bcb1b16.99e01.json
gl_fruit,assets/effects/MergeNew_fx_B/MergeNew_fx_B,cc.Asset,969cdd6b-a7db-42c4-9d58-ca3eb22000c1,assets\gl_fruit\import\96\969cdd6b-a7db-42c4-9d58-ca3eb22000c1.daf3d.json
gl_fruit,assets/effects/MergeNew_fx_B/MergeNew_fx_B,cc.SpriteFrame,af35879b-7c0f-442f-9501-32b85d76b82e,assets\gl_fruit\import\af\af35879b-7c0f-442f-9501-32b85d76b82e.79afb.json
gl_fruit,assets/effects/MergeNew_fx_B/MergeNew_fx_B,cc.Texture2D,d9467e39-0fba-4efc-8596-e9c64f227d6a,assets\gl_fruit\import\d9\d9467e39-0fba-4efc-8596-e9c64f227d6a.7871f.json
gl_fruit,assets/effects/MergeNew_fx_B/MergeNew_fx_B,sp.SkeletonData,a2f54662-9a76-4593-b66f-57a854e4131a,assets\gl_fruit\import\a2\a2f54662-9a76-4593-b66f-57a854e4131a.05d8d.json
gl_fruit,assets/effects/Skin3/Fruit_01/Fruit_01,cc.Asset,ef096000-3e67-4357-b9a2-a9d49c3b8583,assets\gl_fruit\import\ef\ef096000-3e67-4357-b9a2-a9d49c3b8583.62fd7.json
gl_fruit,assets/effects/Skin3/Fruit_01/Fruit_01,cc.SpriteFrame,b62b53ea-b3d1-47cc-8d53-37ff6c5854b7,assets\gl_fruit\import\b6\b62b53ea-b3d1-47cc-8d53-37ff6c5854b7.c3e0c.json
gl_fruit,assets/effects/Skin3/Fruit_01/Fruit_01,cc.Texture2D,547163cf-4538-4681-96bb-ec736ef48008,assets\gl_fruit\import\54\547163cf-4538-4681-96bb-ec736ef48008.7871f.json
gl_fruit,assets/effects/Skin3/Fruit_01/Fruit_01,sp.SkeletonData,81c03770-2ae1-4dbe-8df7-5b5b2d05a506,assets\gl_fruit\import\81\81c03770-2ae1-4dbe-8df7-5b5b2d05a506.eccec.json
gl_fruit,assets/effects/Skin3/Fruit_02/Fruit_02,cc.Asset,46634182-fa59-4f96-941f-7f489928f731,assets\gl_fruit\import\46\46634182-fa59-4f96-941f-7f489928f731.efd10.json
gl_fruit,assets/effects/Skin3/Fruit_02/Fruit_02,cc.SpriteFrame,08b1f0a9-6f8b-40ef-b8d0-f82706bbbf43,assets\gl_fruit\import\08\08b1f0a9-6f8b-40ef-b8d0-f82706bbbf43.0b04d.json
gl_fruit,assets/effects/Skin3/Fruit_02/Fruit_02,cc.Texture2D,97789740-67ea-40eb-af70-9d194fff7fe4,assets\gl_fruit\import\97\97789740-67ea-40eb-af70-9d194fff7fe4.7871f.json
gl_fruit,assets/effects/Skin3/Fruit_02/Fruit_02,sp.SkeletonData,54d4d3c9-7a7a-4b42-b679-248ec4bde53e,assets\gl_fruit\import\54\54d4d3c9-7a7a-4b42-b679-248ec4bde53e.3d235.json
gl_fruit,assets/effects/Skin3/Fruit_03/Fruit_03,cc.Asset,f1cebc94-3632-4e31-86fa-c0303945aa34,assets\gl_fruit\import\f1\f1cebc94-3632-4e31-86fa-c0303945aa34.ddc95.json
gl_fruit,assets/effects/Skin3/Fruit_03/Fruit_03,cc.SpriteFrame,ff7c37f8-0e8d-4073-b790-69119e654adb,assets\gl_fruit\import\ff\ff7c37f8-0e8d-4073-b790-69119e654adb.7e4e2.json
gl_fruit,assets/effects/Skin3/Fruit_03/Fruit_03,cc.Texture2D,cacbee7a-860c-4042-9f72-852a4fa87e40,assets\gl_fruit\import\ca\cacbee7a-860c-4042-9f72-852a4fa87e40.7871f.json
gl_fruit,assets/effects/Skin3/Fruit_03/Fruit_03,sp.SkeletonData,a60b50de-1eaa-46ee-9201-213e083aaf59,assets\gl_fruit\import\a6\a60b50de-1eaa-46ee-9201-213e083aaf59.522d9.json
gl_fruit,assets/effects/Skin3/Fruit_04/Fruit_04,cc.Asset,67815fd5-e094-4e5b-89ca-e290ace9befa,assets\gl_fruit\import\67\67815fd5-e094-4e5b-89ca-e290ace9befa.ba7a2.json
gl_fruit,assets/effects/Skin3/Fruit_04/Fruit_04,cc.SpriteFrame,233db74e-717c-4fd2-b750-5a149f331589,assets\gl_fruit\import\23\233db74e-717c-4fd2-b750-5a149f331589.7112e.json
gl_fruit,assets/effects/Skin3/Fruit_04/Fruit_04,cc.Texture2D,dadf4362-ecd9-4149-96d4-aeab99ca7728,assets\gl_fruit\import\da\dadf4362-ecd9-4149-96d4-aeab99ca7728.7871f.json
gl_fruit,assets/effects/Skin3/Fruit_04/Fruit_04,sp.SkeletonData,e2eabc4a-6766-4906-b057-4cc0b51795a9,assets\gl_fruit\import\e2\e2eabc4a-6766-4906-b057-4cc0b51795a9.31ff7.json
gl_fruit,assets/effects/Skin3/Fruit_05/Fruit_05,cc.Asset,198a52da-5b23-4a33-8be7-51b3eee22a71,assets\gl_fruit\import\19\198a52da-5b23-4a33-8be7-51b3eee22a71.abf50.json
gl_fruit,assets/effects/Skin3/Fruit_05/Fruit_05,cc.SpriteFrame,d839ebe9-12a2-4faa-97f4-a7f9686c420d,assets\gl_fruit\import\d8\d839ebe9-12a2-4faa-97f4-a7f9686c420d.66856.json
gl_fruit,assets/effects/Skin3/Fruit_05/Fruit_05,cc.Texture2D,a84efdac-fc71-4e5f-b0a3-45d9efbb2cbe,assets\gl_fruit\import\a8\a84efdac-fc71-4e5f-b0a3-45d9efbb2cbe.7871f.json
gl_fruit,assets/effects/Skin3/Fruit_05/Fruit_05,sp.SkeletonData,78734f28-f377-4d8b-b8b4-f6821390a6ee,assets\gl_fruit\import\78\78734f28-f377-4d8b-b8b4-f6821390a6ee.bdd20.json
gl_fruit,assets/effects/Skin3/Fruit_06/Fruit_06,cc.Asset,77cfe8d5-ea37-4426-badc-438c8837b381,assets\gl_fruit\import\77\77cfe8d5-ea37-4426-badc-438c8837b381.6f62a.json
gl_fruit,assets/effects/Skin3/Fruit_06/Fruit_06,cc.SpriteFrame,98389b0c-38e9-4db5-a48f-669b9897c1d2,assets\gl_fruit\import\98\98389b0c-38e9-4db5-a48f-669b9897c1d2.86105.json
gl_fruit,assets/effects/Skin3/Fruit_06/Fruit_06,cc.Texture2D,ba063eef-1a65-4135-8a70-a69ab6b4173a,assets\gl_fruit\import\ba\ba063eef-1a65-4135-8a70-a69ab6b4173a.7871f.json
gl_fruit,assets/effects/Skin3/Fruit_06/Fruit_06,sp.SkeletonData,e2b08fa5-1206-442c-a824-6a6c9b67aca9,assets\gl_fruit\import\e2\e2b08fa5-1206-442c-a824-6a6c9b67aca9.02553.json
gl_fruit,assets/effects/Skin3/Fruit_07/Fruit_07,cc.Asset,eebf1ba0-6a45-48b2-b140-ef9f4f24e209,assets\gl_fruit\import\ee\eebf1ba0-6a45-48b2-b140-ef9f4f24e209.5af40.json
gl_fruit,assets/effects/Skin3/Fruit_07/Fruit_07,cc.SpriteFrame,085145d5-3d61-4dbb-a68d-a2f631dd2ece,assets\gl_fruit\import\08\085145d5-3d61-4dbb-a68d-a2f631dd2ece.03d22.json
gl_fruit,assets/effects/Skin3/Fruit_07/Fruit_07,cc.Texture2D,081e3ef4-b88d-4c14-bc2c-76d2fd561747,assets\gl_fruit\import\08\081e3ef4-b88d-4c14-bc2c-76d2fd561747.7871f.json
gl_fruit,assets/effects/Skin3/Fruit_07/Fruit_07,sp.SkeletonData,df3b53b9-d602-4463-b3d8-69b9e3209116,assets\gl_fruit\import\df\df3b53b9-d602-4463-b3d8-69b9e3209116.a0520.json
gl_fruit,assets/effects/Skin3/Fruit_08/Fruit_08,cc.Asset,c4432431-9c6b-4ce9-a9fd-f1e40581d249,assets\gl_fruit\import\c4\c4432431-9c6b-4ce9-a9fd-f1e40581d249.2eb33.json
gl_fruit,assets/effects/Skin3/Fruit_08/Fruit_08,cc.SpriteFrame,264f6b51-9dcf-441e-88fc-dd75c564dacf,assets\gl_fruit\import\26\264f6b51-9dcf-441e-88fc-dd75c564dacf.17fbc.json
gl_fruit,assets/effects/Skin3/Fruit_08/Fruit_08,cc.Texture2D,084e9d6d-4f35-4501-8616-d35f9f4b23f5,assets\gl_fruit\import\08\084e9d6d-4f35-4501-8616-d35f9f4b23f5.7871f.json
gl_fruit,assets/effects/Skin3/Fruit_08/Fruit_08,sp.SkeletonData,fab0b81f-49f7-4486-9527-30e6aef6d220,assets\gl_fruit\import\fa\fab0b81f-49f7-4486-9527-30e6aef6d220.875bd.json
gl_fruit,assets/effects/Skin3/Fruit_09/Fruit_09,cc.Asset,bb54dd84-7bdb-42d4-9498-fa262d38f70c,assets\gl_fruit\import\bb\bb54dd84-7bdb-42d4-9498-fa262d38f70c.81ae9.json
gl_fruit,assets/effects/Skin3/Fruit_09/Fruit_09,cc.SpriteFrame,783c623f-28dd-4783-9568-3ead141daf83,assets\gl_fruit\import\78\783c623f-28dd-4783-9568-3ead141daf83.7861d.json
gl_fruit,assets/effects/Skin3/Fruit_09/Fruit_09,cc.Texture2D,25e52aa3-d913-4876-9404-54831cb97312,assets\gl_fruit\import\25\25e52aa3-d913-4876-9404-54831cb97312.7871f.json
gl_fruit,assets/effects/Skin3/Fruit_09/Fruit_09,sp.SkeletonData,033e7005-d5f7-44de-86ba-396b9240ea4c,assets\gl_fruit\import\03\033e7005-d5f7-44de-86ba-396b9240ea4c.ef638.json
gl_fruit,assets/effects/Skin3/Fruit_10/Fruit_10,cc.Asset,a479b953-bb4b-45a9-a534-422c21466a6d,assets\gl_fruit\import\a4\a479b953-bb4b-45a9-a534-422c21466a6d.d6081.json
gl_fruit,assets/effects/Skin3/Fruit_10/Fruit_10,cc.SpriteFrame,440ac015-ebe8-4371-b321-be99d6686037,assets\gl_fruit\import\44\440ac015-ebe8-4371-b321-be99d6686037.226fc.json
gl_fruit,assets/effects/Skin3/Fruit_10/Fruit_10,cc.Texture2D,2395fda8-76dc-47ac-9d35-d7635f1d2bac,assets\gl_fruit\import\23\2395fda8-76dc-47ac-9d35-d7635f1d2bac.7871f.json
gl_fruit,assets/effects/Skin3/Fruit_10/Fruit_10,sp.SkeletonData,0023d8b1-9414-4056-85ef-5d771d5133dc,assets\gl_fruit\import\00\0023d8b1-9414-4056-85ef-5d771d5133dc.42915.json
gl_fruit,assets/effects/Skin3/Fruit_11/Fruit_11,cc.Asset,0f4b2b10-5677-4cf4-a98e-765c2da84fb0,assets\gl_fruit\import\0f\0f4b2b10-5677-4cf4-a98e-765c2da84fb0.b7027.json
gl_fruit,assets/effects/Skin3/Fruit_11/Fruit_11,cc.SpriteFrame,59eadc69-38c5-4f6a-94ad-1d16ea19e92b,assets\gl_fruit\import\59\59eadc69-38c5-4f6a-94ad-1d16ea19e92b.28338.json
gl_fruit,assets/effects/Skin3/Fruit_11/Fruit_11,cc.Texture2D,af701972-1dba-4371-b054-169c0f992b8f,assets\gl_fruit\import\af\af701972-1dba-4371-b054-169c0f992b8f.7871f.json
gl_fruit,assets/effects/Skin3/Fruit_11/Fruit_11,sp.SkeletonData,027ac8f2-ac6a-4d0f-b290-78746b3d0cb0,assets\gl_fruit\import\02\027ac8f2-ac6a-4d0f-b290-78746b3d0cb0.2022f.json
gl_fruit,assets/effects/Skin3/Fruit_12/Fruit_12,cc.Asset,e248237f-c701-49f7-a740-23d7f49ed13e,assets\gl_fruit\import\e2\e248237f-c701-49f7-a740-23d7f49ed13e.4e18e.json
gl_fruit,assets/effects/Skin3/Fruit_12/Fruit_12,cc.SpriteFrame,efe543f3-c574-4a76-bc45-fd50245ccdb7,assets\gl_fruit\import\ef\efe543f3-c574-4a76-bc45-fd50245ccdb7.75220.json
gl_fruit,assets/effects/Skin3/Fruit_12/Fruit_12,cc.Texture2D,d8e29200-50dc-4f7f-9f36-4b31f0663652,assets\gl_fruit\import\d8\d8e29200-50dc-4f7f-9f36-4b31f0663652.7871f.json
gl_fruit,assets/effects/Skin3/Fruit_12/Fruit_12,sp.SkeletonData,92063ba6-b5d0-46b6-b6e9-c69466908955,assets\gl_fruit\import\92\92063ba6-b5d0-46b6-b6e9-c69466908955.fb8ab.json
gl_fruit,assets/effects/WatermelonPanel/WatermelonPanel,cc.Asset,8c00c06c-ec08-4167-82d3-0bc2feab6fa9,assets\gl_fruit\import\8c\8c00c06c-ec08-4167-82d3-0bc2feab6fa9.510d5.json
gl_fruit,assets/effects/WatermelonPanel/WatermelonPanel,cc.SpriteFrame,6a281c50-15cb-46c8-8269-4c9b072c074b,assets\gl_fruit\import\6a\6a281c50-15cb-46c8-8269-4c9b072c074b.bc248.json
gl_fruit,assets/effects/WatermelonPanel/WatermelonPanel,cc.Texture2D,e84a05b1-e346-43a2-8df5-afa2e8cd5108,assets\gl_fruit\import\e8\e84a05b1-e346-43a2-8df5-afa2e8cd5108.7871f.json
gl_fruit,assets/effects/WatermelonPanel/WatermelonPanel,sp.SkeletonData,5da5d2a9-8122-42d9-93f9-5fec1ed24c5e,assets\gl_fruit\import\5d\5da5d2a9-8122-42d9-93f9-5fec1ed24c5e.93244.json
gl_fruit,assets/effects/combo/watermelon_gamplay_combo,cc.Asset,ada7d885-68bf-4a9d-9a8d-2cd908588d64,assets\gl_fruit\import\ad\ada7d885-68bf-4a9d-9a8d-2cd908588d64.2d696.json
gl_fruit,assets/effects/combo/watermelon_gamplay_combo,cc.SpriteFrame,2298e2da-b1ba-4004-8dea-919596654be0,assets\gl_fruit\import\22\2298e2da-b1ba-4004-8dea-919596654be0.dce25.json
gl_fruit,assets/effects/combo/watermelon_gamplay_combo,cc.Texture2D,b908c91e-692e-4ecb-a9fa-14112a10ba68,assets\gl_fruit\import\b9\b908c91e-692e-4ecb-a9fa-14112a10ba68.7871f.json
gl_fruit,assets/effects/combo/watermelon_gamplay_combo,sp.SkeletonData,c0127fd5-df8e-40e7-9be0-59c4d1189e24,assets\gl_fruit\import\c0\c0127fd5-df8e-40e7-9be0-59c4d1189e24.a4421.json
gl_fruit,assets/effects/dianzan/dianzan,cc.Asset,1f14796d-b898-4e15-8d16-8959ea8cde28,assets\gl_fruit\import\1f\1f14796d-b898-4e15-8d16-8959ea8cde28.71f30.json
gl_fruit,assets/effects/dianzan/dianzan,cc.SpriteFrame,bff8f280-83a9-4a22-bf93-2281eaff5501,assets\gl_fruit\import\bf\bff8f280-83a9-4a22-bf93-2281eaff5501.aa91f.json
gl_fruit,assets/effects/dianzan/dianzan,cc.Texture2D,346cb2b5-830e-41c6-b8be-c93a5a4044f2,assets\gl_fruit\import\34\346cb2b5-830e-41c6-b8be-c93a5a4044f2.7871f.json
gl_fruit,assets/effects/dianzan/dianzan,sp.SkeletonData,e4c4713d-f68c-4ccc-9d27-a79ee350e1f8,assets\gl_fruit\import\e4\e4c4713d-f68c-4ccc-9d27-a79ee350e1f8.c362b.json
gl_fruit,assets/effects/juzhongdianzan/juzhongdianzan,cc.Asset,6fca14e5-a9d4-4c92-a5c5-5aa9c34c51f7,assets\gl_fruit\import\6f\6fca14e5-a9d4-4c92-a5c5-5aa9c34c51f7.73d27.json
gl_fruit,assets/effects/juzhongdianzan/juzhongdianzan,cc.SpriteFrame,5854a329-1bca-44b5-9c9c-3059b69fdcd4,assets\gl_fruit\import\58\5854a329-1bca-44b5-9c9c-3059b69fdcd4.39226.json
gl_fruit,assets/effects/juzhongdianzan/juzhongdianzan,cc.Texture2D,3609c9a7-09c8-4154-9160-e5fc90a4cf5c,assets\gl_fruit\import\36\3609c9a7-09c8-4154-9160-e5fc90a4cf5c.7871f.json
gl_fruit,assets/effects/juzhongdianzan/juzhongdianzan,sp.SkeletonData,a8def949-189d-4980-bc3c-4349878d60cf,assets\gl_fruit\import\a8\a8def949-189d-4980-bc3c-4349878d60cf.9cfdb.json
gl_fruit,assets/effects/miaozhun/miaozhun,cc.Asset,aad3640d-458b-4ce3-b1d6-438337561644,assets\gl_fruit\import\aa\aad3640d-458b-4ce3-b1d6-438337561644.4eea6.json
gl_fruit,assets/effects/miaozhun/miaozhun,cc.SpriteFrame,c0ddd4da-899f-41aa-b146-067242737a21,assets\gl_fruit\import\c0\c0ddd4da-899f-41aa-b146-067242737a21.c7255.json
gl_fruit,assets/effects/miaozhun/miaozhun,cc.Texture2D,770a3208-b0d1-4ee9-a27a-d81dde6b4411,assets\gl_fruit\import\77\770a3208-b0d1-4ee9-a27a-d81dde6b4411.7871f.json
gl_fruit,assets/effects/miaozhun/miaozhun,sp.SkeletonData,8625cd50-72cc-4ca9-90ab-6c79d61819e8,assets\gl_fruit\import\86\8625cd50-72cc-4ca9-90ab-6c79d61819e8.8e98c.json
gl_fruit,assets/effects/samefruit/hcdxg_Prompteff,cc.Asset,5d1d7efd-83f2-41d7-ba74-0bcd540c9639,assets\gl_fruit\import\5d\5d1d7efd-83f2-41d7-ba74-0bcd540c9639.10294.json
gl_fruit,assets/effects/samefruit/hcdxg_Prompteff,cc.SpriteFrame,ad351156-623e-4541-8ebb-ba3a24053634,assets\gl_fruit\import\ad\ad351156-623e-4541-8ebb-ba3a24053634.9e7b0.json
gl_fruit,assets/effects/samefruit/hcdxg_Prompteff,cc.Texture2D,456dcd4e-dec2-4026-ac0b-c6df5e30b754,assets\gl_fruit\import\45\456dcd4e-dec2-4026-ac0b-c6df5e30b754.7871f.json
gl_fruit,assets/effects/samefruit/hcdxg_Prompteff,sp.SkeletonData,ed2cf0be-669a-4164-9588-c20737a9ba1c,assets\gl_fruit\import\ed\ed2cf0be-669a-4164-9588-c20737a9ba1c.ba0f4.json
gl_fruit,assets/effects/shouzhi/shouzhi,cc.SpriteFrame,bebf4c36-ed39-436e-b104-797b991c6ee5,assets\gl_fruit\import\be\bebf4c36-ed39-436e-b104-797b991c6ee5.d6008.json
gl_fruit,assets/effects/shouzhi/shouzhi,cc.Texture2D,a1538cb0-8ac6-49b1-9e35-1f9d8213ec95,assets\gl_fruit\import\a1\a1538cb0-8ac6-49b1-9e35-1f9d8213ec95.7871f.json
gl_fruit,assets/effects/shouzhi/shouzhi,sp.SkeletonData,7ac48044-f3fc-439c-94a6-580d9bbc8676,assets\gl_fruit\import\7a\7ac48044-f3fc-439c-94a6-580d9bbc8676.e9d17.json
gl_fruit,assets/effects/shouzhi/shouzhi.atlas,cc.TextAsset,51509a6e-0507-4bc2-a131-362e572f453f,assets\gl_fruit\import\51\51509a6e-0507-4bc2-a131-362e572f453f.322f3.json
gl_fruit,assets/effects/yld/hcdxg_gameplat_yld,cc.Asset,bd6ad53a-2c32-4750-89f4-65cd4548f567,assets\gl_fruit\import\bd\bd6ad53a-2c32-4750-89f4-65cd4548f567.a8930.json
gl_fruit,assets/effects/yld/hcdxg_gameplat_yld,cc.SpriteFrame,a7abf0d1-5e7b-4c26-bb47-1b154b808d8f,assets\gl_fruit\import\a7\a7abf0d1-5e7b-4c26-bb47-1b154b808d8f.7e841.json
gl_fruit,assets/effects/yld/hcdxg_gameplat_yld,cc.Texture2D,fc633600-5206-4466-8107-b4023be09ffb,assets\gl_fruit\import\fc\fc633600-5206-4466-8107-b4023be09ffb.7871f.json
gl_fruit,assets/effects/yld/hcdxg_gameplat_yld,sp.SkeletonData,598b5caa-6854-45c8-a5a0-5242908f55e8,assets\gl_fruit\import\59\598b5caa-6854-45c8-a5a0-5242908f55e8.71af4.json
gl_fruit,assets/experiment/GLFruitRandomWeight/tbfruitweight,cc.JsonAsset,ccc00ce2-3620-4418-bdd3-9889c1543f60,assets\gl_fruit\import\cc\ccc00ce2-3620-4418-bdd3-9889c1543f60.969ab.json
gl_fruit,assets/fonts/Roboto-Bold,cc.TTFFont,10a37b38-781f-4cc2-8014-0d75ede01a2a,assets\gl_fruit\import\10\10a37b38-781f-4cc2-8014-0d75ede01a2a.10975.json
gl_fruit,assets/fonts/fm_like1,cc.BitmapFont,7c260cf7-95dc-483d-93ba-11bd489498f6,assets\gl_fruit\import\7c\7c260cf7-95dc-483d-93ba-11bd489498f6.dbf4e.json
gl_fruit,assets/fonts/fm_like1,cc.SpriteFrame,d965419c-042e-4719-a81f-a064f4bf3249,assets\gl_fruit\import\d9\d965419c-042e-4719-a81f-a064f4bf3249.72770.json
gl_fruit,assets/fonts/fm_like1,cc.Texture2D,cba272fb-b411-413c-aa27-ad586a21686a,assets\gl_fruit\import\cb\cba272fb-b411-413c-aa27-ad586a21686a.7871f.json
gl_fruit,assets/fonts/fm_like1_bg,cc.BitmapFont,e773b151-7fe9-4265-be86-2d80bf8b0004,assets\gl_fruit\import\e7\e773b151-7fe9-4265-be86-2d80bf8b0004.b3d3f.json
gl_fruit,assets/fonts/fm_like1_bg,cc.SpriteFrame,dccd2c18-74be-4e83-aa97-1a656fe112a6,assets\gl_fruit\import\dc\dccd2c18-74be-4e83-aa97-1a656fe112a6.58437.json
gl_fruit,assets/fonts/fm_like1_bg,cc.Texture2D,eacab1ad-2285-4c9d-bd7a-32bc031742eb,assets\gl_fruit\import\ea\eacab1ad-2285-4c9d-bd7a-32bc031742eb.7871f.json
gl_fruit,assets/icons2/gameplay_ring,cc.SpriteFrame,4f6f64f5-c724-43bf-9b50-61d8bee12397,assets\gl_fruit\import\4f\4f6f64f5-c724-43bf-9b50-61d8bee12397.fdf03.json
gl_fruit,assets/icons2/gameplay_ring,cc.Texture2D,67810b17-0afc-41b7-8a4a-cbf662157602,assets\gl_fruit\import\67\67810b17-0afc-41b7-8a4a-cbf662157602.7871f.json
gl_fruit,assets/imgRes/2_BG_01,cc.SpriteFrame,87575973-6d42-40b8-9d93-66fd6ff974b2,assets\gl_fruit\import\87\87575973-6d42-40b8-9d93-66fd6ff974b2.fdabd.json
gl_fruit,assets/imgRes/2_BG_01,cc.Texture2D,d7e8588d-9231-41b4-89f9-861b2c628bd1,assets\gl_fruit\import\d7\d7e8588d-9231-41b4-89f9-861b2c628bd1.7871f.json
gl_fruit,assets/imgRes/bar_round10,cc.SpriteFrame,5ca3cd7f-cb09-4d0d-9aa8-6c730886c0a2,assets\gl_fruit\import\5c\5ca3cd7f-cb09-4d0d-9aa8-6c730886c0a2.d897d.json
gl_fruit,assets/imgRes/bar_round10,cc.Texture2D,b865972c-406d-4f01-8a40-abde30ef2e3a,assets\gl_fruit\import\b8\b865972c-406d-4f01-8a40-abde30ef2e3a.7871f.json
gl_fruit,assets/imgRes/bg_fruit,cc.SpriteFrame,4ced71ac-0646-4ce0-a881-ec67f2f5f116,assets\gl_fruit\import\4c\4ced71ac-0646-4ce0-a881-ec67f2f5f116.59a89.json
gl_fruit,assets/imgRes/bg_fruit,cc.Texture2D,677b900f-bbf9-4f51-8f92-93567c412909,assets\gl_fruit\import\67\677b900f-bbf9-4f51-8f92-93567c412909.7871f.json
gl_fruit,assets/imgRes/btn_round10,cc.SpriteFrame,0e7e4c40-b4e9-480c-aaf1-7bf7cf04f72d,assets\gl_fruit\import\0e\0e7e4c40-b4e9-480c-aaf1-7bf7cf04f72d.f6c05.json
gl_fruit,assets/imgRes/btn_round10,cc.Texture2D,38175732-c3ff-4fe9-a1cb-0fbee2ad2518,assets\gl_fruit\import\38\38175732-c3ff-4fe9-a1cb-0fbee2ad2518.7871f.json
gl_fruit,assets/imgRes/circle,cc.SpriteFrame,41ff98c6-3fdf-4971-afcf-92348fd61c2d,assets\gl_fruit\import\41\41ff98c6-3fdf-4971-afcf-92348fd61c2d.a7099.json
gl_fruit,assets/imgRes/circle,cc.Texture2D,24d5f116-8221-466a-ad97-df01cb01f92f,assets\gl_fruit\import\24\24d5f116-8221-466a-ad97-df01cb01f92f.7871f.json
gl_fruit,assets/imgRes/gd_move,cc.SpriteFrame,5d9afa69-6012-4506-ad2e-592432342bca,assets\gl_fruit\import\5d\5d9afa69-6012-4506-ad2e-592432342bca.09141.json
gl_fruit,assets/imgRes/gd_move,cc.Texture2D,6cc99b29-ef59-484b-8c3e-58152afafec1,assets\gl_fruit\import\6c\6cc99b29-ef59-484b-8c3e-58152afafec1.7871f.json
gl_fruit,assets/imgRes/icon-turn,cc.SpriteFrame,2e4ee6ba-3f57-4758-9fee-604840161b4b,assets\gl_fruit\import\2e\2e4ee6ba-3f57-4758-9fee-604840161b4b.1de49.json
gl_fruit,assets/imgRes/icon-turn,cc.Texture2D,b92ff7b0-d453-4d19-850b-6d26d1bcb5d1,assets\gl_fruit\import\b9\b92ff7b0-d453-4d19-850b-6d26d1bcb5d1.7871f.json
gl_fruit,assets/imgRes/icon_back,cc.SpriteFrame,ef049321-bf2f-4686-81f0-7e5b20baecdf,assets\gl_fruit\import\ef\ef049321-bf2f-4686-81f0-7e5b20baecdf.4b432.json
gl_fruit,assets/imgRes/icon_back,cc.Texture2D,476db0f7-5638-4378-8477-ae6792c56481,assets\gl_fruit\import\47\476db0f7-5638-4378-8477-ae6792c56481.7871f.json
gl_fruit,assets/imgRes/icon_banner_title,cc.SpriteFrame,a25e07e9-1660-4ad6-a83c-cfcedd6f09a8,assets\gl_fruit\import\a2\a25e07e9-1660-4ad6-a83c-cfcedd6f09a8.df3f8.json
gl_fruit,assets/imgRes/icon_banner_title,cc.Texture2D,11258771-8fc4-4b3a-a7bd-74c92bc09df0,assets\gl_fruit\import\11\11258771-8fc4-4b3a-a7bd-74c92bc09df0.7871f.json
gl_fruit,assets/imgRes/icon_bomb,cc.SpriteFrame,388090e5-2ef5-4f6e-a1b0-cd7d174c35f9,assets\gl_fruit\import\38\388090e5-2ef5-4f6e-a1b0-cd7d174c35f9.c779f.json
gl_fruit,assets/imgRes/icon_bomb,cc.Texture2D,055185ea-8686-47ee-a535-9630c29f5f1d,assets\gl_fruit\import\05\055185ea-8686-47ee-a535-9630c29f5f1d.7871f.json
gl_fruit,assets/imgRes/icon_circle,cc.SpriteFrame,c792ec94-63fa-4c6a-92cb-af96ba8c314c,assets\gl_fruit\import\c7\c792ec94-63fa-4c6a-92cb-af96ba8c314c.4ffab.json
gl_fruit,assets/imgRes/icon_circle,cc.Texture2D,bc137f8e-06b3-420d-95c8-1169dfa7ce4a,assets\gl_fruit\import\bc\bc137f8e-06b3-420d-95c8-1169dfa7ce4a.7871f.json
gl_fruit,assets/imgRes/icon_next_arrow@3x,cc.SpriteFrame,7db95698-5fdb-4368-be73-551156572da9,assets\gl_fruit\import\7d\7db95698-5fdb-4368-be73-551156572da9.ab887.json
gl_fruit,assets/imgRes/icon_next_arrow@3x,cc.Texture2D,f0c8de13-176e-4e2a-b974-bc870dab72ee,assets\gl_fruit\import\f0\f0c8de13-176e-4e2a-b974-bc870dab72ee.7871f.json
gl_fruit,assets/imgRes/icon_restart,cc.SpriteFrame,65d77333-8418-4e09-a930-2160e960453d,assets\gl_fruit\import\65\65d77333-8418-4e09-a930-2160e960453d.40dcd.json
gl_fruit,assets/imgRes/icon_restart,cc.Texture2D,8145ec67-1271-415e-b194-48df0cbac5ee,assets\gl_fruit\import\81\8145ec67-1271-415e-b194-48df0cbac5ee.7871f.json
gl_fruit,assets/imgRes/icon_skip,cc.SpriteFrame,fcc1023c-3376-4ec6-9a41-709f7d9390e9,assets\gl_fruit\import\fc\fcc1023c-3376-4ec6-9a41-709f7d9390e9.a277f.json
gl_fruit,assets/imgRes/icon_skip,cc.Texture2D,2f197d61-41af-4f01-a235-2beeaa527e55,assets\gl_fruit\import\2f\2f197d61-41af-4f01-a235-2beeaa527e55.7871f.json
gl_fruit,assets/imgRes/item_tips_bg,cc.SpriteFrame,2f2ffc47-262f-449f-be83-8e73f9eab79c,assets\gl_fruit\import\2f\2f2ffc47-262f-449f-be83-8e73f9eab79c.bc8be.json
gl_fruit,assets/imgRes/item_tips_bg,cc.Texture2D,590c82b2-5435-4fac-bd6d-527e00a87f3f,assets\gl_fruit\import\59\590c82b2-5435-4fac-bd6d-527e00a87f3f.7871f.json
gl_fruit,assets/imgRes/like1,cc.SpriteFrame,c07ae489-78a5-4d37-991e-f38e7b3d54f0,assets\gl_fruit\import\c0\c07ae489-78a5-4d37-991e-f38e7b3d54f0.4ae98.json
gl_fruit,assets/imgRes/like1,cc.Texture2D,57faf05d-ce65-447b-80bc-c7096b070338,assets\gl_fruit\import\57\57faf05d-ce65-447b-80bc-c7096b070338.7871f.json
gl_fruit,assets/imgRes/like2,cc.SpriteFrame,9619694b-386d-4e02-aebf-5beefd4891e8,assets\gl_fruit\import\96\9619694b-386d-4e02-aebf-5beefd4891e8.11d80.json
gl_fruit,assets/imgRes/like2,cc.Texture2D,49a9dc5e-54f9-4c52-a546-4d96924374c9,assets\gl_fruit\import\49\49a9dc5e-54f9-4c52-a546-4d96924374c9.7871f.json
gl_fruit,assets/imgRes/like3,cc.SpriteFrame,eda43a63-d9d8-4a34-b63f-3357049a54e8,assets\gl_fruit\import\ed\eda43a63-d9d8-4a34-b63f-3357049a54e8.e7cf9.json
gl_fruit,assets/imgRes/like3,cc.Texture2D,8efc86f0-2336-45fe-8d8d-b94d050ab67e,assets\gl_fruit\import\8e\8efc86f0-2336-45fe-8d8d-b94d050ab67e.7871f.json
gl_fruit,assets/imgRes/like4,cc.SpriteFrame,41917061-3394-44a4-a9f6-2e65ae888724,assets\gl_fruit\import\41\41917061-3394-44a4-a9f6-2e65ae888724.71208.json
gl_fruit,assets/imgRes/like4,cc.Texture2D,76ffabaf-fb96-4b83-9eeb-dc0ace37e95e,assets\gl_fruit\import\76\76ffabaf-fb96-4b83-9eeb-dc0ace37e95e.7871f.json
gl_fruit,assets/imgRes/like5,cc.SpriteFrame,1771e852-84cc-4d02-a3ee-9bb63915bd32,assets\gl_fruit\import\17\1771e852-84cc-4d02-a3ee-9bb63915bd32.b0413.json
gl_fruit,assets/imgRes/like5,cc.Texture2D,c19e8ae6-6125-4034-90ca-9ef728a53aba,assets\gl_fruit\import\c1\c19e8ae6-6125-4034-90ca-9ef728a53aba.7871f.json
gl_fruit,assets/imgRes/line@3x,cc.SpriteFrame,dc5fed21-8b7d-479a-92cf-8b6e15ab4a01,assets\gl_fruit\import\dc\dc5fed21-8b7d-479a-92cf-8b6e15ab4a01.17ce9.json
gl_fruit,assets/imgRes/line@3x,cc.Texture2D,f1c4f633-2864-404e-8417-57120027941a,assets\gl_fruit\import\f1\f1c4f633-2864-404e-8417-57120027941a.7871f.json
gl_fruit,assets/imgRes/next_bg,cc.SpriteFrame,b706be5b-915e-4411-ad42-b40f765824cc,assets\gl_fruit\import\b7\b706be5b-915e-4411-ad42-b40f765824cc.fb9ad.json
gl_fruit,assets/imgRes/next_bg,cc.Texture2D,08d17cbc-928e-4627-8332-f66a34f96751,assets\gl_fruit\import\08\08d17cbc-928e-4627-8332-f66a34f96751.7871f.json
gl_fruit,assets/imgRes/prop_count_bg,cc.SpriteFrame,265d84f5-e4ed-4e9f-bd0f-f3d4042b7544,assets\gl_fruit\import\26\265d84f5-e4ed-4e9f-bd0f-f3d4042b7544.1ec3a.json
gl_fruit,assets/imgRes/prop_count_bg,cc.Texture2D,7700dfbc-a752-4bed-9658-574398a97330,assets\gl_fruit\import\77\7700dfbc-a752-4bed-9658-574398a97330.7871f.json
gl_fruit,assets/imgRes/prop_count_unlimited,cc.SpriteFrame,824b9d9c-8a43-4f62-b27c-380dabc2a0c0,assets\gl_fruit\import\82\824b9d9c-8a43-4f62-b27c-380dabc2a0c0.33d5a.json
gl_fruit,assets/imgRes/prop_count_unlimited,cc.Texture2D,13c79737-2233-43fe-ba79-c8c3eeb12e3f,assets\gl_fruit\import\13\13c79737-2233-43fe-ba79-c8c3eeb12e3f.7871f.json
gl_fruit,assets/imgRes/prop_video,cc.SpriteFrame,0bc37905-5311-42ec-ab0c-4679b3e5802d,assets\gl_fruit\import\0b\0bc37905-5311-42ec-ab0c-4679b3e5802d.dd30a.json
gl_fruit,assets/imgRes/prop_video,cc.Texture2D,e5107a4f-9197-4a63-b3c7-a0f437c4c068,assets\gl_fruit\import\e5\e5107a4f-9197-4a63-b3c7-a0f437c4c068.7871f.json
gl_fruit,assets/imgRes/square_corner_30@3x,cc.SpriteFrame,401c87f2-e59a-483e-adb6-b78aa1d39864,assets\gl_fruit\import\40\401c87f2-e59a-483e-adb6-b78aa1d39864.47403.json
gl_fruit,assets/imgRes/square_corner_30@3x,cc.Texture2D,cba59ace-551c-40b2-ae15-5832837934a9,assets\gl_fruit\import\cb\cba59ace-551c-40b2-ae15-5832837934a9.7871f.json
gl_fruit,assets/imgRes/tips_bg,cc.SpriteFrame,3bf6a8c4-be0e-4a03-94a4-75ceb0c1d3ca,assets\gl_fruit\import\3b\3bf6a8c4-be0e-4a03-94a4-75ceb0c1d3ca.58650.json
gl_fruit,assets/imgRes/tips_bg,cc.Texture2D,7f82b0e5-c385-4fd2-896f-9955b9c8bcf1,assets\gl_fruit\import\7f\7f82b0e5-c385-4fd2-896f-9955b9c8bcf1.7871f.json
gl_fruit,assets/prefabs/effects/BoardFullPanel,cc.Prefab,73cf5d48-a4e4-49e9-8f0b-1d8e578ea44d,assets\gl_fruit\import\73\73cf5d48-a4e4-49e9-8f0b-1d8e578ea44d.0ab41.json
gl_fruit,assets/prefabs/effects/GoldWatermelonPanel,cc.Prefab,788ce6cd-f362-4fd9-81b1-efc3c7d5dff4,assets\gl_fruit\import\78\788ce6cd-f362-4fd9-81b1-efc3c7d5dff4.0d34d.json
gl_fruit,assets/prefabs/effects/HsFruitMerge_Click_fx_01_B,cc.Prefab,8240d814-f141-4e6d-aa66-4a21ac1ea6ae,assets\gl_fruit\import\82\8240d814-f141-4e6d-aa66-4a21ac1ea6ae.9c5d6.json
gl_fruit,assets/prefabs/effects/MergeNew_fx_B,cc.Prefab,703dcab9-6f90-46cd-9cfe-ccc16c851541,assets\gl_fruit\import\70\703dcab9-6f90-46cd-9cfe-ccc16c851541.129bc.json
gl_fruit,assets/prefabs/effects/PreviewPlace,cc.Prefab,b404de14-13e9-4480-80df-913b89e6a135,assets\gl_fruit\import\b4\b404de14-13e9-4480-80df-913b89e6a135.2a4f8.json
gl_fruit,assets/prefabs/effects/WatermelonPanel,cc.Prefab,cfb7f272-c0f2-4d58-a412-33ed9db6397d,assets\gl_fruit\import\cf\cfb7f272-c0f2-4d58-a412-33ed9db6397d.c4c64.json
gl_fruit,assets/prefabs/effects/dianzan,cc.Prefab,ad0df0e1-8079-48dc-b5d4-6ae61da30c00,assets\gl_fruit\import\ad\ad0df0e1-8079-48dc-b5d4-6ae61da30c00.af15d.json
gl_fruit,assets/prefabs/effects/juzhongdianzan,cc.Prefab,4a29d18c-f955-4a50-b98d-68952f55b842,assets\gl_fruit\import\4a\4a29d18c-f955-4a50-b98d-68952f55b842.811e1.json
gl_fruit,assets/prefabs/effects/lose_hint_fx,cc.Prefab,d5cf3ea2-3287-4fe1-a996-c780c3657649,assets\gl_fruit\import\d5\d5cf3ea2-3287-4fe1-a996-c780c3657649.b614f.json
gl_fruit,assets/prefabs/effects/miaozhun,cc.Prefab,81a55b0c-5a7b-4bea-962f-7f079a119675,assets\gl_fruit\import\81\81a55b0c-5a7b-4bea-962f-7f079a119675.e9a92.json
gl_fruit,assets/prefabs/effects/shouzhi,cc.Prefab,d798c83c-7220-45ac-86a0-9d9568c71399,assets\gl_fruit\import\d7\d798c83c-7220-45ac-86a0-9d9568c71399.6d159.json
gl_fruit,assets/prefabs/items/GLFruitComboItem,cc.Prefab,8c6224e9-4e6e-4c95-8860-25ac7abbc461,assets\gl_fruit\import\8c\8c6224e9-4e6e-4c95-8860-25ac7abbc461.e1bdb.json
gl_fruit,assets/prefabs/items/GLFruitComboItemNew,cc.Prefab,85cdabc5-c1df-477b-9b79-e646fd882f75,assets\gl_fruit\import\85\85cdabc5-c1df-477b-9b79-e646fd882f75.d3caa.json
gl_fruit,assets/prefabs/items/GLFruitDropLineDotItem,cc.Prefab,859191c1-8646-43de-95f0-677abe3151e9,assets\gl_fruit\import\85\859191c1-8646-43de-95f0-677abe3151e9.18972.json
gl_fruit,assets/prefabs/items/GLFruitPropCornerItem,cc.Prefab,49fc9d6f-d330-48e6-9272-89df7ee78d43,assets\gl_fruit\import\49\49fc9d6f-d330-48e6-9272-89df7ee78d43.f7f03.json
gl_fruit,assets/prefabs/items/fruits/Fruit_01,cc.Prefab,f0e37d77-d1ec-405e-9dec-b14110252874,assets\gl_fruit\import\f0\f0e37d77-d1ec-405e-9dec-b14110252874.b9def.json
gl_fruit,assets/prefabs/items/fruits/Fruit_02,cc.Prefab,9981045d-2928-4dd1-ba7f-620c1d38aa4a,assets\gl_fruit\import\99\9981045d-2928-4dd1-ba7f-620c1d38aa4a.f306f.json
gl_fruit,assets/prefabs/items/fruits/Fruit_03,cc.Prefab,76137420-3a4f-4cee-a8e2-90a110b2ee08,assets\gl_fruit\import\76\76137420-3a4f-4cee-a8e2-90a110b2ee08.e02e8.json
gl_fruit,assets/prefabs/items/fruits/Fruit_04,cc.Prefab,9d73c6d2-7147-4307-a31b-453e37514369,assets\gl_fruit\import\9d\9d73c6d2-7147-4307-a31b-453e37514369.d29e7.json
gl_fruit,assets/prefabs/items/fruits/Fruit_05,cc.Prefab,63cc35d3-a0dc-487a-9a4a-745086f7304d,assets\gl_fruit\import\63\63cc35d3-a0dc-487a-9a4a-745086f7304d.1af1d.json
gl_fruit,assets/prefabs/items/fruits/Fruit_06,cc.Prefab,e5018fae-457b-4609-a3e0-a8dc8b40fa67,assets\gl_fruit\import\e5\e5018fae-457b-4609-a3e0-a8dc8b40fa67.803f6.json
gl_fruit,assets/prefabs/items/fruits/Fruit_07,cc.Prefab,f6381caf-bc27-4361-8362-ff6986b9bf3b,assets\gl_fruit\import\f6\f6381caf-bc27-4361-8362-ff6986b9bf3b.1def1.json
gl_fruit,assets/prefabs/items/fruits/Fruit_08,cc.Prefab,80f20de5-3c31-430e-a106-a2be97e5954d,assets\gl_fruit\import\80\80f20de5-3c31-430e-a106-a2be97e5954d.530d5.json
gl_fruit,assets/prefabs/items/fruits/Fruit_09,cc.Prefab,8f0bea51-1c07-4ab6-b57a-384fb3f21315,assets\gl_fruit\import\8f\8f0bea51-1c07-4ab6-b57a-384fb3f21315.170cc.json
gl_fruit,assets/prefabs/items/fruits/Fruit_10,cc.Prefab,26802cc7-30e7-4ec7-99d5-1743d13bcb68,assets\gl_fruit\import\26\26802cc7-30e7-4ec7-99d5-1743d13bcb68.84a1b.json
gl_fruit,assets/prefabs/items/fruits/Fruit_11,cc.Prefab,fac002fa-b8aa-45da-ace4-52990c265df7,assets\gl_fruit\import\fa\fac002fa-b8aa-45da-ace4-52990c265df7.a7e7d.json
gl_fruit,assets/prefabs/items/fruits/Fruit_12,cc.Prefab,663b13f7-8242-4f22-ae46-b35f2877021b,assets\gl_fruit\import\66\663b13f7-8242-4f22-ae46-b35f2877021b.f0baa.json
gl_fruit,assets/prefabs/ui/GLFruitGameView,cc.Prefab,eaccef5c-be79-4121-be1e-80cab3cb3241,assets\gl_fruit\import\ea\eaccef5c-be79-4121-be1e-80cab3cb3241.73142.json
gl_fruit,assets/prefabs/ui/GLFruitInterAdsWaitView,cc.Prefab,a4156955-0a3a-4014-b781-bcbbe71c14fd,assets\gl_fruit\import\a4\a4156955-0a3a-4014-b781-bcbbe71c14fd.7f5cc.json
gl_fruit,assets/scenes/gl_fruit,cc.Prefab,83b78260-db92-4894-8054-19f07a848fb1,assets\gl_fruit\import\83\83b78260-db92-4894-8054-19f07a848fb1.08ee7.json
gl_fruit,assets/traits/GLFruitAddFruitChoiceList/prefabs/nodeExchangeNextFruit,cc.Prefab,19986626-8679-4126-bed7-8579a8471557,assets\gl_fruit\import\19\19986626-8679-4126-bed7-8579a8471557.0c7d0.json
gl_fruit,assets/traits/GLFruitAddFruitChoiceList/prefabs/nodeNextNew,cc.Prefab,028a5dba-56d2-438b-85b0-8dbef707768c,assets\gl_fruit\import\02\028a5dba-56d2-438b-85b0-8dbef707768c.cb4e3.json
gl_fruit,assets/traits/GLFruitAddFruitChoiceList/textures/gameplay_img_cutLine,cc.SpriteFrame,5b859a4c-7e86-4fdf-832d-dc682a58ee85,assets\gl_fruit\import\5b\5b859a4c-7e86-4fdf-832d-dc682a58ee85.c7898.json
gl_fruit,assets/traits/GLFruitAddFruitChoiceList/textures/gameplay_img_cutLine,cc.Texture2D,1da9c635-82f9-4374-98ee-772499bafa09,assets\gl_fruit\import\1d\1da9c635-82f9-4374-98ee-772499bafa09.7871f.json
gl_fruit,assets/traits/GLFruitAddFruitChoiceList/textures/gameplay_img_friutPanel,cc.SpriteFrame,34905043-ab5b-4a9d-a267-8db665001363,assets\gl_fruit\import\34\34905043-ab5b-4a9d-a267-8db665001363.d4501.json
gl_fruit,assets/traits/GLFruitAddFruitChoiceList/textures/gameplay_img_friutPanel,cc.Texture2D,f2a1b10c-d9eb-4c18-8ffb-f29bcce0450b,assets\gl_fruit\import\f2\f2a1b10c-d9eb-4c18-8ffb-f29bcce0450b.7871f.json
gl_fruit,assets/traits/GLFruitAddFruitChoiceList/textures/gameplay_txt_next,cc.SpriteFrame,4d4e9691-3c4c-4feb-bc21-5285d811ebb3,assets\gl_fruit\import\4d\4d4e9691-3c4c-4feb-bc21-5285d811ebb3.7bbd1.json
gl_fruit,assets/traits/GLFruitAddFruitChoiceList/textures/gameplay_txt_next,cc.Texture2D,571f1938-3f78-462d-a52b-0587b7bf6b99,assets\gl_fruit\import\57\571f1938-3f78-462d-a52b-0587b7bf6b99.7871f.json
gl_fruit,assets/traits/onDangerShowDeadLine/prefabs/deadLine,cc.Prefab,4a649a90-b121-4a2d-9574-9436160cbe3b,assets\gl_fruit\import\4a\4a649a90-b121-4a2d-9574-9436160cbe3b.f0973.json
gl_fruit,assets/traits/onDangerShowDeadLine/textures/playgame_img_WarningLine,cc.SpriteFrame,8d272786-879c-45ca-bf07-c089f2bc0c19,assets\gl_fruit\import\8d\8d272786-879c-45ca-bf07-c089f2bc0c19.a04fb.json
gl_fruit,assets/traits/onDangerShowDeadLine/textures/playgame_img_WarningLine,cc.Texture2D,bfd1166d-b0de-47c8-937c-f04f6db4c4a9,assets\gl_fruit\import\bf\bfd1166d-b0de-47c8-937c-f04f6db4c4a9.7871f.json
gl_fruit,assets/traits/onDangerShowDeadLine/textures/playgame_img_caution,cc.SpriteFrame,0fe29786-5917-4b91-9381-c0174a9dc22e,assets\gl_fruit\import\0f\0fe29786-5917-4b91-9381-c0174a9dc22e.20b19.json
gl_fruit,assets/traits/onDangerShowDeadLine/textures/playgame_img_caution,cc.Texture2D,a2702879-e03a-4350-8beb-f8e65a4278ec,assets\gl_fruit\import\a2\a2702879-e03a-4350-8beb-f8e65a4278ec.7871f.json
gl_hall,gl_extractDimension/json/tblevelextractconfig2,cc.JsonAsset,e009249d-bd4e-4aac-aaed-7edb921d1447,assets\gl_hall\import\e0\e009249d-bd4e-4aac-aaed-7edb921d1447.ec8e3.json
gl_hall,gl_moreGamesPopup/prefabs/GLHallMoreGamesPopupEnter,cc.Prefab,2be88b0b-b24a-4162-a186-bc6988c7ad57,assets\gl_hall\import\2b\2be88b0b-b24a-4162-a186-bc6988c7ad57.b2270.json
gl_hall,gl_result/pefabs/ResultView,cc.Prefab,2456529d-9e8f-4e3d-a4ed-afd1d92a6848,assets\gl_hall\import\24\2456529d-9e8f-4e3d-a4ed-afd1d92a6848.72449.json
gl_hall,gl_result/pefabs/ResultView1,cc.Prefab,d318b6d1-7dc5-4357-842c-59de074cd782,assets\gl_hall\import\d3\d318b6d1-7dc5-4357-842c-59de074cd782.59c8b.json
gl_hall,gl_result/pefabs/ResultView2,cc.Prefab,a2452bb4-9099-4fc2-9a23-c6482925d77c,assets\gl_hall\import\a2\a2452bb4-9099-4fc2-9a23-c6482925d77c.6d016.json
gl_hall,gl_result/pefabs/btnAgain,cc.Prefab,3be8147c-e358-46e6-9020-9c40016647aa,assets\gl_hall\import\3b\3be8147c-e358-46e6-9020-9c40016647aa.c0b79.json
gl_hall,gl_result/pefabs/btnHome,cc.Prefab,667a9861-39e9-4c8d-9524-8a8f1812c19e,assets\gl_hall\import\66\667a9861-39e9-4c8d-9524-8a8f1812c19e.bc4f1.json
gl_hall,gl_result/pefabs/gradient_blue,cc.Material,619b2293-1760-4dfd-990c-6272b6272487,assets\gl_hall\import\61\619b2293-1760-4dfd-990c-6272b6272487.831a4.json
gl_hall,gl_result/pefabs/gradient_miniGame,cc.EffectAsset,59ac732e-5fad-4959-bd7e-e885ffa4f8f3,assets\gl_hall\import\59\59ac732e-5fad-4959-bd7e-e885ffa4f8f3.cc107.json
gl_hall,gl_result/resource/BestScore,cc.SpriteFrame,9da18743-a087-49fb-8494-7687d6d0a21e,assets\gl_hall\import\9d\9da18743-a087-49fb-8494-7687d6d0a21e.e24c8.json
gl_hall,gl_result/resource/BestScore,cc.Texture2D,cfc07099-fcd9-428b-8ebf-15680dbab6fd,assets\gl_hall\import\cf\cfc07099-fcd9-428b-8ebf-15680dbab6fd.7871f.json
gl_hall,gl_result/resource/Button,cc.SpriteFrame,7c0e8621-db7a-4cba-8bf7-7a33d03d820b,assets\gl_hall\import\7c\7c0e8621-db7a-4cba-8bf7-7a33d03d820b.c5f2d.json
gl_hall,gl_result/resource/Button,cc.Texture2D,9fa46c17-4613-45fb-891f-b0b61b11901e,assets\gl_hall\import\9f\9fa46c17-4613-45fb-891f-b0b61b11901e.7871f.json
gl_hall,gl_result/resource/Button_KO,cc.SpriteFrame,6df5f2ae-c37d-44de-845b-e7d747621784,assets\gl_hall\import\6d\6df5f2ae-c37d-44de-845b-e7d747621784.ce8d7.json
gl_hall,gl_result/resource/Button_KO,cc.Texture2D,6510e59d-b0d9-4e7c-9378-2ac2c3dba47d,assets\gl_hall\import\65\6510e59d-b0d9-4e7c-9378-2ac2c3dba47d.7871f.json
gl_hall,gl_result/resource/Draw,cc.SpriteFrame,6c57dc30-a6ef-473b-8b78-dcfdacf42bd1,assets\gl_hall\import\6c\6c57dc30-a6ef-473b-8b78-dcfdacf42bd1.2a5e4.json
gl_hall,gl_result/resource/Draw,cc.Texture2D,df67356d-a024-440f-bfab-602fd349b2d9,assets\gl_hall\import\df\df67356d-a024-440f-bfab-602fd349b2d9.7871f.json
gl_hall,gl_result/resource/GameOver,cc.SpriteFrame,f78802a0-47fc-4629-9cd8-1db7284a6318,assets\gl_hall\import\f7\f78802a0-47fc-4629-9cd8-1db7284a6318.4d45a.json
gl_hall,gl_result/resource/GameOver,cc.Texture2D,8ed24086-36b0-4400-a801-0a95d6e669a6,assets\gl_hall\import\8e\8ed24086-36b0-4400-a801-0a95d6e669a6.7871f.json
gl_hall,gl_result/resource/GoldenBestScore,cc.SpriteFrame,4a0700a8-e1da-4d25-80cc-bbdd377ad1aa,assets\gl_hall\import\4a\4a0700a8-e1da-4d25-80cc-bbdd377ad1aa.80d8a.json
gl_hall,gl_result/resource/GoldenBestScore,cc.Texture2D,74672bf0-6c68-4b6a-8550-659b7d1b61dc,assets\gl_hall\import\74\74672bf0-6c68-4b6a-8550-659b7d1b61dc.7871f.json
gl_hall,gl_result/resource/LevelClear,cc.SpriteFrame,adbb90da-b6e5-46ef-b8f4-7a684020207c,assets\gl_hall\import\ad\adbb90da-b6e5-46ef-b8f4-7a684020207c.f093e.json
gl_hall,gl_result/resource/LevelClear,cc.Texture2D,dccbb8ae-c06d-406d-890d-7cf1af279506,assets\gl_hall\import\dc\dccbb8ae-c06d-406d-890d-7cf1af279506.7871f.json
gl_hall,gl_result/resource/Score,cc.SpriteFrame,53a7776d-0889-4b4c-b658-eb81d34e3cc5,assets\gl_hall\import\53\53a7776d-0889-4b4c-b658-eb81d34e3cc5.c3eb2.json
gl_hall,gl_result/resource/Score,cc.Texture2D,7c9d4954-c787-46ca-8992-bc0a7171e779,assets\gl_hall\import\7c\7c9d4954-c787-46ca-8992-bc0a7171e779.7871f.json
gl_hall,gl_result/resource/YouLost,cc.SpriteFrame,17160433-ed1f-45e1-8841-c2b8ab184b82,assets\gl_hall\import\17\17160433-ed1f-45e1-8841-c2b8ab184b82.541e6.json
gl_hall,gl_result/resource/YouLost,cc.Texture2D,df38cdb5-8f83-426d-8634-e72a980fdb50,assets\gl_hall\import\df\df38cdb5-8f83-426d-8634-e72a980fdb50.7871f.json
gl_hall,gl_result/resource/YouWin,cc.SpriteFrame,e879eb63-ca5b-40e0-ad9b-44ce74f0b57c,assets\gl_hall\import\e8\e879eb63-ca5b-40e0-ad9b-44ce74f0b57c.cdf9d.json
gl_hall,gl_result/resource/YouWin,cc.Texture2D,6a876686-e834-4016-ba06-99946118639d,assets\gl_hall\import\6a\6a876686-e834-4016-ba06-99946118639d.7871f.json
gl_hall,gl_result/resource/btn_round10,cc.SpriteFrame,6ab071ba-93bf-4410-a1c7-84c5b20def7f,assets\gl_hall\import\6a\6ab071ba-93bf-4410-a1c7-84c5b20def7f.34452.json
gl_hall,gl_result/resource/btn_round10,cc.Texture2D,22351de5-0ca3-41b6-8b3b-e6e75624a12e,assets\gl_hall\import\22\22351de5-0ca3-41b6-8b3b-e6e75624a12e.7871f.json
gl_hall,gl_result/resource/btn_round11,cc.SpriteFrame,bed1e03a-17fb-44f8-a6f5-b61da36981a1,assets\gl_hall\import\be\bed1e03a-17fb-44f8-a6f5-b61da36981a1.2c8c2.json
gl_hall,gl_result/resource/btn_round11,cc.Texture2D,e6bd9f37-bd67-4f81-a933-40beaa8bb841,assets\gl_hall\import\e6\e6bd9f37-bd67-4f81-a933-40beaa8bb841.7871f.json
gl_hall,gl_result/resource/button_shadow,cc.SpriteFrame,bada24d7-ec03-40ce-b88c-3e94793ca0f3,assets\gl_hall\import\ba\bada24d7-ec03-40ce-b88c-3e94793ca0f3.4005a.json
gl_hall,gl_result/resource/button_shadow,cc.Texture2D,a39599f5-c56e-4781-afc0-6ea9f5f2e73b,assets\gl_hall\import\a3\a39599f5-c56e-4781-afc0-6ea9f5f2e73b.7871f.json
gl_hall,gl_result/resource/common_num_normal,cc.BitmapFont,ca32d74e-5970-4af0-815d-3b711414ff82,assets\gl_hall\import\ca\ca32d74e-5970-4af0-815d-3b711414ff82.84922.json
gl_hall,gl_result/resource/common_num_normal,cc.SpriteFrame,3e20624a-dc0f-4d2b-ac46-6a8b6fee3260,assets\gl_hall\import\3e\3e20624a-dc0f-4d2b-ac46-6a8b6fee3260.f4d86.json
gl_hall,gl_result/resource/common_num_normal,cc.Texture2D,2e139e90-8991-454e-953e-0a58c79f3e0b,assets\gl_hall\import\2e\2e139e90-8991-454e-953e-0a58c79f3e0b.7871f.json
gl_hall,gl_result/resource/continue,cc.SpriteFrame,4c918c31-a9cc-41cb-8d5c-b764fed7b172,assets\gl_hall\import\4c\4c918c31-a9cc-41cb-8d5c-b764fed7b172.af288.json
gl_hall,gl_result/resource/continue,cc.Texture2D,283cee8a-507e-4ee1-9492-f6d3592f416b,assets\gl_hall\import\28\283cee8a-507e-4ee1-9492-f6d3592f416b.7871f.json
gl_hall,gl_result/resource/continue_KO,cc.SpriteFrame,3fd7a458-0e2d-4479-8dcf-bd116ed40800,assets\gl_hall\import\3f\3fd7a458-0e2d-4479-8dcf-bd116ed40800.7e007.json
gl_hall,gl_result/resource/continue_KO,cc.Texture2D,621b7bc1-955e-4e33-910c-eba51741f09a,assets\gl_hall\import\62\621b7bc1-955e-4e33-910c-eba51741f09a.7871f.json
gl_hall,gl_result/resource/icon_classic,cc.SpriteFrame,b32285e3-c3ed-496b-9ec5-c52d83691530,assets\gl_hall\import\b3\b32285e3-c3ed-496b-9ec5-c52d83691530.e0ce9.json
gl_hall,gl_result/resource/icon_classic,cc.Texture2D,08d86be3-bb12-4aa5-8a30-4687dcf3ab8d,assets\gl_hall\import\08\08d86be3-bb12-4aa5-8a30-4687dcf3ab8d.7871f.json
gl_hall,gl_result/resource/icon_crown,cc.SpriteFrame,6bc3f2d4-6d55-487c-9f43-87e8c312bb23,assets\gl_hall\import\6b\6bc3f2d4-6d55-487c-9f43-87e8c312bb23.0d876.json
gl_hall,gl_result/resource/icon_crown,cc.Texture2D,9e727e9d-1a88-4c65-b0c7-a43aa467fa44,assets\gl_hall\import\9e\9e727e9d-1a88-4c65-b0c7-a43aa467fa44.7871f.json
gl_hall,gl_result/resource/icon_home,cc.SpriteFrame,1eb2dc29-6e97-4000-8fb2-e7db68c8463e,assets\gl_hall\import\1e\1eb2dc29-6e97-4000-8fb2-e7db68c8463e.5f802.json
gl_hall,gl_result/resource/icon_home,cc.Texture2D,48ce643b-26f7-4d29-b515-2762a7251bf7,assets\gl_hall\import\48\48ce643b-26f7-4d29-b515-2762a7251bf7.7871f.json
gl_hall,gl_result/resource/over,cc.SpriteFrame,d1663ac0-eefc-4205-bab0-2edfa04c77b5,assets\gl_hall\import\d1\d1663ac0-eefc-4205-bab0-2edfa04c77b5.709ac.json
gl_hall,gl_result/resource/over,cc.Texture2D,0d102ceb-2cf6-41d1-82ab-aa7ca1911b85,assets\gl_hall\import\0d\0d102ceb-2cf6-41d1-82ab-aa7ca1911b85.7871f.json
gl_hall,gl_result/resource/spine/lihua,cc.Asset,6f578a35-a55d-45cd-9083-b2eb83e3a246,assets\gl_hall\import\6f\6f578a35-a55d-45cd-9083-b2eb83e3a246.88270.json
gl_hall,gl_result/resource/spine/lihua,cc.SpriteFrame,2f7f7844-5d0f-4d5c-9fc1-3ccda4d0a0d0,assets\gl_hall\import\2f\2f7f7844-5d0f-4d5c-9fc1-3ccda4d0a0d0.c9cd5.json
gl_hall,gl_result/resource/spine/lihua,cc.Texture2D,d3d4b7ca-7154-4c11-a628-598a3be42e2c,assets\gl_hall\import\d3\d3d4b7ca-7154-4c11-a628-598a3be42e2c.7871f.json
gl_hall,gl_result/resource/spine/lihua,sp.SkeletonData,ec43e0ca-ee6f-41b1-a40e-d7731424c629,assets\gl_hall\import\ec\ec43e0ca-ee6f-41b1-a40e-d7731424c629.5ddb4.json
gl_hall,gl_result/resource/spine/pingju,cc.Asset,52e3c8d1-4900-4db0-b5ec-a6c0aca27827,assets\gl_hall\import\52\52e3c8d1-4900-4db0-b5ec-a6c0aca27827.d6c4b.json
gl_hall,gl_result/resource/spine/pingju,cc.SpriteFrame,23691b51-84b6-45a9-9e40-6d33ff65f367,assets\gl_hall\import\23\23691b51-84b6-45a9-9e40-6d33ff65f367.55f42.json
gl_hall,gl_result/resource/spine/pingju,cc.Texture2D,88a57816-485a-4ad4-b00c-ae6ac2ffe8a3,assets\gl_hall\import\88\88a57816-485a-4ad4-b00c-ae6ac2ffe8a3.7871f.json
gl_hall,gl_result/resource/spine/pingju,sp.SkeletonData,66506d02-85e3-4b7a-801a-719ea66434dc,assets\gl_hall\import\66\66506d02-85e3-4b7a-801a-719ea66434dc.18733.json
gl_hall,gl_result/resource/spine/shibaijiemian,cc.Asset,8ceea138-0488-411a-a4f8-0daabdfe0dc8,assets\gl_hall\import\8c\8ceea138-0488-411a-a4f8-0daabdfe0dc8.403e1.json
gl_hall,gl_result/resource/spine/shibaijiemian,cc.SpriteFrame,1ddeff92-8de0-4494-a688-02a0292eaf62,assets\gl_hall\import\1d\1ddeff92-8de0-4494-a688-02a0292eaf62.c4f43.json
gl_hall,gl_result/resource/spine/shibaijiemian,cc.Texture2D,70336ea6-09a7-4393-b1ef-640e4f1c7ec3,assets\gl_hall\import\70\70336ea6-09a7-4393-b1ef-640e4f1c7ec3.7871f.json
gl_hall,gl_result/resource/spine/shibaijiemian,sp.SkeletonData,ee2ef7f4-0612-43ef-97eb-470a9250db0e,assets\gl_hall\import\ee\ee2ef7f4-0612-43ef-97eb-470a9250db0e.585e6.json
gl_hall,gl_result/resource/spine/xiaoguo,cc.Asset,3571c954-a27b-405a-996b-904a5242703d,assets\gl_hall\import\35\3571c954-a27b-405a-996b-904a5242703d.fe6ab.json
gl_hall,gl_result/resource/spine/xiaoguo,cc.SpriteFrame,be3b96db-069f-45d2-939d-f6c8e5042645,assets\gl_hall\import\be\be3b96db-069f-45d2-939d-f6c8e5042645.ac03c.json
gl_hall,gl_result/resource/spine/xiaoguo,cc.Texture2D,7a19d0aa-e52a-487d-bc62-bca4e9dc885d,assets\gl_hall\import\7a\7a19d0aa-e52a-487d-bc62-bca4e9dc885d.7871f.json
gl_hall,gl_result/resource/spine/xiaoguo,sp.SkeletonData,618fec74-3076-4af6-b4c1-90852d540860,assets\gl_hall\import\61\618fec74-3076-4af6-b4c1-90852d540860.b1e9c.json
gl_hall,gl_result/resource/title,cc.SpriteFrame,174b6707-48f3-4a1a-9db0-f8a2dcddb515,assets\gl_hall\import\17\174b6707-48f3-4a1a-9db0-f8a2dcddb515.0b42b.json
gl_hall,gl_result/resource/title,cc.Texture2D,e472a355-9818-4fa4-b3b8-2f3cc8b067c7,assets\gl_hall\import\e4\e472a355-9818-4fa4-b3b8-2f3cc8b067c7.7871f.json
gl_hall,gl_result/resource/white,cc.SpriteFrame,4d0f69f0-2c00-4ff7-bd55-111564545651,assets\gl_hall\import\4d\4d0f69f0-2c00-4ff7-bd55-111564545651.fbf74.json
gl_hall,gl_result/resource/white,cc.Texture2D,76aa03cb-ba32-464e-bdb0-9c5964b0b7ac,assets\gl_hall\import\76\76aa03cb-ba32-464e-bdb0-9c5964b0b7ac.7871f.json
gl_hall,gl_set/pefabs/GameLobbyEntry,cc.Prefab,67238e9f-c57c-4715-9e80-55c909499633,assets\gl_hall\import\67\67238e9f-c57c-4715-9e80-55c909499633.86a0f.json
gl_hall,gl_set/pefabs/gl_settingView,cc.Prefab,c756d6a4-5971-41c7-945c-2ba57004a40f,assets\gl_hall\import\c7\c756d6a4-5971-41c7-945c-2ba57004a40f.732d4.json
gl_hall,gl_set/resource/bg_progress_1,cc.SpriteFrame,f13e9cf5-9107-4861-b0be-edf011231573,assets\gl_hall\import\f1\f13e9cf5-9107-4861-b0be-edf011231573.9b7ed.json
gl_hall,gl_set/resource/bg_progress_1,cc.Texture2D,a484121d-7004-4d13-89ba-ef3bf411381a,assets\gl_hall\import\a4\a484121d-7004-4d13-89ba-ef3bf411381a.7871f.json
gl_hall,gl_set/resource/bg_progress_2,cc.SpriteFrame,bcd8a4be-9dc7-4efe-87d9-769236f90467,assets\gl_hall\import\bc\bcd8a4be-9dc7-4efe-87d9-769236f90467.bfd4f.json
gl_hall,gl_set/resource/bg_progress_2,cc.Texture2D,d0c6f3ee-23a7-49e8-9b7b-9723eb0cc1d8,assets\gl_hall\import\d0\d0c6f3ee-23a7-49e8-9b7b-9723eb0cc1d8.7871f.json
gl_hall,gl_set/resource/bg_tryAgain,cc.SpriteFrame,f53351a0-8a64-4fd7-b41b-6319777f536b,assets\gl_hall\import\f5\f53351a0-8a64-4fd7-b41b-6319777f536b.e47c0.json
gl_hall,gl_set/resource/bg_tryAgain,cc.Texture2D,3cb00a54-3299-4962-9256-8f519aa15ffc,assets\gl_hall\import\3c\3cb00a54-3299-4962-9256-8f519aa15ffc.7871f.json
gl_hall,gl_set/resource/btn_round10,cc.SpriteFrame,b97692bd-4afa-42d8-8180-057792610955,assets\gl_hall\import\b9\b97692bd-4afa-42d8-8180-057792610955.b7eb8.json
gl_hall,gl_set/resource/btn_round10,cc.Texture2D,c7f2e035-9f28-426f-bf83-aa2af8dea667,assets\gl_hall\import\c7\c7f2e035-9f28-426f-bf83-aa2af8dea667.7871f.json
gl_hall,gl_set/resource/btn_round11,cc.SpriteFrame,ef6be648-6ed5-4e30-9473-64daf3f4f184,assets\gl_hall\import\ef\ef6be648-6ed5-4e30-9473-64daf3f4f184.a17d7.json
gl_hall,gl_set/resource/btn_round11,cc.Texture2D,3502b55b-6958-4099-82ed-b702df5002e4,assets\gl_hall\import\35\3502b55b-6958-4099-82ed-b702df5002e4.7871f.json
gl_hall,gl_set/resource/effect/icon_entrance_export_ske,dragonBones.DragonBonesAsset,0470c487-f688-4e8b-825c-f8a78945b9e9,assets\gl_hall\import\04\0470c487-f688-4e8b-825c-f8a78945b9e9.1b470.json
gl_hall,gl_set/resource/effect/icon_entrance_export_tex,cc.SpriteFrame,e3e8640d-49fc-48ac-9ce1-6549e01b3691,assets\gl_hall\import\e3\e3e8640d-49fc-48ac-9ce1-6549e01b3691.d1a13.json
gl_hall,gl_set/resource/effect/icon_entrance_export_tex,cc.Texture2D,62692e9b-f41e-462e-97f8-28b17d90a131,assets\gl_hall\import\62\62692e9b-f41e-462e-97f8-28b17d90a131.7871f.json
gl_hall,gl_set/resource/effect/icon_entrance_export_tex,dragonBones.DragonBonesAtlasAsset,f22ec93e-1b02-48ab-942a-b009dab62992,assets\gl_hall\import\f2\f22ec93e-1b02-48ab-942a-b009dab62992.e9ac0.json
gl_hall,gl_set/resource/icon_back,cc.SpriteFrame,961d8c54-f773-40c9-9df7-a783b9745f8c,assets\gl_hall\import\96\961d8c54-f773-40c9-9df7-a783b9745f8c.202d1.json
gl_hall,gl_set/resource/icon_back,cc.Texture2D,1c391349-4570-4db5-8049-2fffcd55cf55,assets\gl_hall\import\1c\1c391349-4570-4db5-8049-2fffcd55cf55.7871f.json
gl_hall,gl_set/resource/icon_circle,cc.SpriteFrame,7a55c013-d358-4c21-a81f-a3788f732c9c,assets\gl_hall\import\7a\7a55c013-d358-4c21-a81f-a3788f732c9c.f72ff.json
gl_hall,gl_set/resource/icon_circle,cc.Texture2D,c19b47e8-0fc5-43fd-a89b-6724dd7544f6,assets\gl_hall\import\c1\c19b47e8-0fc5-43fd-a89b-6724dd7544f6.7871f.json
gl_hall,gl_set/resource/main_icon_moreGames,cc.SpriteFrame,a6f7c326-9848-43e6-bbb0-a67c40e55044,assets\gl_hall\import\a6\a6f7c326-9848-43e6-bbb0-a67c40e55044.57536.json
gl_hall,gl_set/resource/main_icon_moreGames,cc.Texture2D,47a32abd-6e2b-48aa-a16d-1287e47b4f60,assets\gl_hall\import\47\47a32abd-6e2b-48aa-a16d-1287e47b4f60.7871f.json
gl_hall,gl_set/resource/main_txt_more-Games,cc.SpriteFrame,1188a177-8ee7-4a0f-b7c1-87c4b2424527,assets\gl_hall\import\11\1188a177-8ee7-4a0f-b7c1-87c4b2424527.8809e.json
gl_hall,gl_set/resource/main_txt_more-Games,cc.Texture2D,f13261d7-8f70-47ae-8e8b-551fc6891b36,assets\gl_hall\import\f1\f13261d7-8f70-47ae-8e8b-551fc6891b36.7871f.json
gl_hall,gl_set/resource/setting_icon_moreGames2,cc.SpriteFrame,09aae8bc-7aa7-4292-98d3-e329679a506b,assets\gl_hall\import\09\09aae8bc-7aa7-4292-98d3-e329679a506b.d0752.json
gl_hall,gl_set/resource/setting_icon_moreGames2,cc.Texture2D,51114046-d6df-45b9-bb81-e0544fea5569,assets\gl_hall\import\51\51114046-d6df-45b9-bb81-e0544fea5569.7871f.json
gl_hall,gl_set/resource/setting_icon_redpoint2,cc.SpriteFrame,51734d46-f615-4c9a-847a-be84a75da086,assets\gl_hall\import\51\51734d46-f615-4c9a-847a-be84a75da086.c93ec.json
gl_hall,gl_set/resource/setting_icon_redpoint2,cc.Texture2D,fba1dd84-4dc4-4525-89cf-96ff4669ea8f,assets\gl_hall\import\fb\fba1dd84-4dc4-4525-89cf-96ff4669ea8f.7871f.json
gl_hall,gl_set/resource/square_corner_10,cc.SpriteFrame,72fc2ab2-33f8-4c63-b2d7-f8f506eb5cc5,assets\gl_hall\import\72\72fc2ab2-33f8-4c63-b2d7-f8f506eb5cc5.cdd53.json
gl_hall,gl_set/resource/square_corner_10,cc.Texture2D,080b5484-9b8a-490a-956a-a6005a4c7e33,assets\gl_hall\import\08\080b5484-9b8a-490a-956a-a6005a4c7e33.7871f.json
gl_hall,resource/adx/AdxOffline,cc.Prefab,44195dcd-ae8a-47c1-b7d9-4c245d5f8663,assets\gl_hall\import\44\44195dcd-ae8a-47c1-b7d9-4c245d5f8663.6e578.json
gl_hall,resource/adx/adv_pass_ske,dragonBones.DragonBonesAsset,91de2b86-f54f-4906-a90f-cddb8aee8a03,assets\gl_hall\import\91\91de2b86-f54f-4906-a90f-cddb8aee8a03.e73bd.json
gl_hall,resource/adx/adv_pass_tex,cc.SpriteFrame,dca7e6fb-b05d-4ece-a0e6-ff9ae1937015,assets\gl_hall\import\dc\dca7e6fb-b05d-4ece-a0e6-ff9ae1937015.870f8.json
gl_hall,resource/adx/adv_pass_tex,cc.Texture2D,a87a3485-38a7-47c8-be19-984708a6fe38,assets\gl_hall\import\a8\a87a3485-38a7-47c8-be19-984708a6fe38.7871f.json
gl_hall,resource/adx/adv_pass_tex,dragonBones.DragonBonesAtlasAsset,afaf8ee3-f45f-4271-8d99-12f066eb8fc5,assets\gl_hall\import\af\afaf8ee3-f45f-4271-8d99-12f066eb8fc5.f7e1c.json
gl_hall,resource/adx/bg_loading,cc.SpriteFrame,3295e315-d746-45ba-8d21-52112f8bbc9e,assets\gl_hall\import\32\3295e315-d746-45ba-8d21-52112f8bbc9e.35670.json
gl_hall,resource/adx/bg_loading,cc.Texture2D,3a67cb70-67c6-456d-9145-56804da88d1b,assets\gl_hall\import\3a\3a67cb70-67c6-456d-9145-56804da88d1b.7871f.json
gl_hall,resource/audio/platform_click1,cc.AudioClip,352435b8-dcf9-4795-93ea-7c4a19ea3a8f,assets\gl_hall\import\35\352435b8-dcf9-4795-93ea-7c4a19ea3a8f.247d3.json
gl_hall,resource/audio/platform_click2,cc.AudioClip,a557e779-8d48-43e0-9456-c797237e1a1d,assets\gl_hall\import\a5\a557e779-8d48-43e0-9456-c797237e1a1d.ac98d.json
gl_hall,resource/audio/platform_lost_bgm,cc.AudioClip,98d791ab-0cf6-4693-917a-843d0dd532e7,assets\gl_hall\import\98\98d791ab-0cf6-4693-917a-843d0dd532e7.6a716.json
gl_hall,resource/audio/platform_menubgm,cc.AudioClip,63f83f6b-4592-4bac-84a6-6f5974121f09,assets\gl_hall\import\63\63f83f6b-4592-4bac-84a6-6f5974121f09.f1c84.json
gl_hall,resource/audio/platform_win_bgm,cc.AudioClip,eae7ca1b-2b10-4b52-b135-3a51bf32f68b,assets\gl_hall\import\ea\eae7ca1b-2b10-4b52-b135-3a51bf32f68b.8dff2.json
gl_hall,resource/audio/platform_win_crown,cc.AudioClip,0c63b14b-3fa4-47b8-b223-e2256b247d21,assets\gl_hall\import\0c\0c63b14b-3fa4-47b8-b223-e2256b247d21.36762.json
gl_hall,resource/audio/platform_win_incentive,cc.AudioClip,e3f27e93-a967-4562-ab25-51d9f90fffb9,assets\gl_hall\import\e3\e3f27e93-a967-4562-ab25-51d9f90fffb9.5dc8b.json
gl_hall,resource/common/btn_back,cc.SpriteFrame,ef4d1439-7eef-4626-83eb-9ab12360b9c5,assets\gl_hall\import\ef\ef4d1439-7eef-4626-83eb-9ab12360b9c5.0decd.json
gl_hall,resource/common/btn_back,cc.Texture2D,83edc9da-6743-4587-a8f1-b521f25cb366,assets\gl_hall\import\83\83edc9da-6743-4587-a8f1-b521f25cb366.7871f.json
gl_hall,resource/common/btn_close2,cc.SpriteFrame,7e62a93e-ee2b-48c3-9dac-987fa73df2b1,assets\gl_hall\import\7e\7e62a93e-ee2b-48c3-9dac-987fa73df2b1.4b751.json
gl_hall,resource/common/btn_close2,cc.Texture2D,a3a25cb1-76ff-4b60-ba8d-92f950f16c4b,assets\gl_hall\import\a3\a3a25cb1-76ff-4b60-ba8d-92f950f16c4b.7871f.json
gl_hall,resource/common/icon_exit,cc.SpriteFrame,eff18e2a-5e1d-4983-b423-9100887ecb79,assets\gl_hall\import\ef\eff18e2a-5e1d-4983-b423-9100887ecb79.62d30.json
gl_hall,resource/common/icon_exit,cc.Texture2D,56de2428-d6c3-4433-9b8a-6a6d5bf4d2be,assets\gl_hall\import\56\56de2428-d6c3-4433-9b8a-6a6d5bf4d2be.7871f.json
gl_hall,resource/common/prop_count_bg,cc.SpriteFrame,f5ef3a84-833d-41bd-af4f-15dcda1ac102,assets\gl_hall\import\f5\f5ef3a84-833d-41bd-af4f-15dcda1ac102.fbc87.json
gl_hall,resource/common/prop_count_bg,cc.Texture2D,f20e8137-47e6-4410-b965-092e225a6d3e,assets\gl_hall\import\f2\f20e8137-47e6-4410-b965-092e225a6d3e.7871f.json
gl_hall,resource/common/prop_video,cc.SpriteFrame,196378ab-e945-4d16-8272-dcd6e973e6e2,assets\gl_hall\import\19\196378ab-e945-4d16-8272-dcd6e973e6e2.bce98.json
gl_hall,resource/common/prop_video,cc.Texture2D,38acafcd-14ae-4b69-836e-d56c5753ce81,assets\gl_hall\import\38\38acafcd-14ae-4b69-836e-d56c5753ce81.7871f.json
gl_hall,resource/common/settingBtn,cc.SpriteFrame,d8c36f04-0429-44d6-adb0-293c318e46e4,assets\gl_hall\import\d8\d8c36f04-0429-44d6-adb0-293c318e46e4.0c47f.json
gl_hall,resource/common/settingBtn,cc.Texture2D,711c4783-c483-4659-a296-26c2bf2cec00,assets\gl_hall\import\71\711c4783-c483-4659-a296-26c2bf2cec00.7871f.json
gl_hall,resource/effect/eazax-avatar,cc.EffectAsset,80f5c8e7-b044-45ae-bbb5-5aa2f246c428,assets\gl_hall\import\80\80f5c8e7-b044-45ae-bbb5-5aa2f246c428.df965.json
gl_hall,resource/effect/glAvatar,cc.Material,3d0ad01f-9819-4ac8-8a9c-00aeb2c2850b,assets\gl_hall\import\3d\3d0ad01f-9819-4ac8-8a9c-00aeb2c2850b.bd4a6.json
gl_hall,resource/font/Kanit-Medium,cc.TTFFont,b99e43fe-2a28-4f2e-b872-92a337a4a11b,assets\gl_hall\import\b9\b99e43fe-2a28-4f2e-b872-92a337a4a11b.63c4c.json
gl_hall,resource/font/Kanit-OFL,cc.TextAsset,4f390ed8-569b-43f4-a613-8cc9b302bab9,assets\gl_hall\import\4f\4f390ed8-569b-43f4-a613-8cc9b302bab9.ecba0.json
gl_hall,resource/font/NotoSansArmenian-SemiBold,cc.TTFFont,b1ee3942-d447-4ada-aa84-6805c33b3c50,assets\gl_hall\import\b1\b1ee3942-d447-4ada-aa84-6805c33b3c50.b76ad.json
gl_hall,resource/font/NotoSansDevanagari-SemiBold,cc.TTFFont,bc3717a1-37c0-4950-b281-9b77f39d6252,assets\gl_hall\import\bc\bc3717a1-37c0-4950-b281-9b77f39d6252.b396d.json
gl_hall,resource/font/NotoSansKhmer-SemiBold,cc.TTFFont,56aecd66-d6a7-41f0-b6b5-adea7c8dc892,assets\gl_hall\import\56\56aecd66-d6a7-41f0-b6b5-adea7c8dc892.6bcef.json
gl_hall,resource/font/Noto_Sans_Armenian-OFL,cc.TextAsset,66ffdeb0-d9ce-420e-8609-12a0861e2aa6,assets\gl_hall\import\66\66ffdeb0-d9ce-420e-8609-12a0861e2aa6.3ecac.json
gl_hall,resource/font/Noto_Sans_Devanagari-OFL,cc.TextAsset,5f390cbd-6ab9-4429-a424-7be05043edb0,assets\gl_hall\import\5f\5f390cbd-6ab9-4429-a424-7be05043edb0.db43a.json
gl_hall,resource/font/Noto_Sans_Khmer-OFL,cc.TextAsset,0314ad07-6f7e-4eb1-b1b1-ca28f7300b8c,assets\gl_hall\import\03\0314ad07-6f7e-4eb1-b1b1-ca28f7300b8c.7e391.json
gl_hall,resource/font/Roboto-Bold,cc.TTFFont,239835e6-0e27-4784-a36d-8c5c25de7ac6,assets\gl_hall\import\23\239835e6-0e27-4784-a36d-8c5c25de7ac6.10975.json
gl_hall,resource/font/Roboto-OFL,cc.TextAsset,3d9f774b-c23f-4c4e-b76e-c7efb5b5bb90,assets\gl_hall\import\3d\3d9f774b-c23f-4c4e-b76e-c7efb5b5bb90.412f5.json
gl_hall,resource/font/Rubik-Medium,cc.TTFFont,6a7f7ebc-5d6f-4864-9de3-a9124cadab44,assets\gl_hall\import\6a\6a7f7ebc-5d6f-4864-9de3-a9124cadab44.d99ce.json
gl_hall,resource/font/Rubik-OFL,cc.TextAsset,9f49d1c0-efb5-454c-8dc0-1c13187c3885,assets\gl_hall\import\9f\9f49d1c0-efb5-454c-8dc0-1c13187c3885.a847f.json
gl_hall,resource/hallres/icon/gl_blockslide,cc.SpriteFrame,823daada-c4ac-49bb-b171-fa1fce0d25be,assets\gl_hall\import\82\823daada-c4ac-49bb-b171-fa1fce0d25be.8766a.json
gl_hall,resource/hallres/icon/gl_blockslide,cc.Texture2D,235723db-85b4-4c0d-a864-109ee342b174,assets\gl_hall\import\23\235723db-85b4-4c0d-a864-109ee342b174.4b3a3.json
gl_hall,resource/hallres/icon/gl_blockslide2,cc.SpriteFrame,516a14aa-58e2-47c9-9733-2e4a0208e08e,assets\gl_hall\import\51\516a14aa-58e2-47c9-9733-2e4a0208e08e.3a365.json
gl_hall,resource/hallres/icon/gl_blockslide2,cc.Texture2D,baea7d3d-5998-48d4-ad06-2cdfded459f5,assets\gl_hall\import\ba\baea7d3d-5998-48d4-ad06-2cdfded459f5.4b3a3.json
gl_hall,resource/hallres/icon/gl_blockslide_title,cc.SpriteFrame,61b04626-6c77-4e56-9611-da7c8791d9a2,assets\gl_hall\import\61\61b04626-6c77-4e56-9611-da7c8791d9a2.0373a.json
gl_hall,resource/hallres/icon/gl_blockslide_title,cc.Texture2D,79a464be-ee63-4c34-9aae-da89e859f1f6,assets\gl_hall\import\79\79a464be-ee63-4c34-9aae-da89e859f1f6.7871f.json
gl_hall,resource/hallres/icon/gl_fruit,cc.SpriteFrame,e57a3ef9-fa31-4f76-b5b7-7b52f4269c12,assets\gl_hall\import\e5\e57a3ef9-fa31-4f76-b5b7-7b52f4269c12.d479e.json
gl_hall,resource/hallres/icon/gl_fruit,cc.Texture2D,d256ac27-12e9-4c03-b063-949751337fcb,assets\gl_hall\import\d2\d256ac27-12e9-4c03-b063-949751337fcb.4b3a3.json
gl_hall,resource/hallres/icon/gl_fruit2,cc.SpriteFrame,61a97b73-9dd2-4fd2-8cf4-cf00f02b387e,assets\gl_hall\import\61\61a97b73-9dd2-4fd2-8cf4-cf00f02b387e.63ea3.json
gl_hall,resource/hallres/icon/gl_fruit2,cc.Texture2D,546f796e-e14f-4af2-8a2b-489e843553da,assets\gl_hall\import\54\546f796e-e14f-4af2-8a2b-489e843553da.4b3a3.json
gl_hall,resource/hallres/icon/gl_fruit_title,cc.SpriteFrame,2ece9525-e86f-41f8-9872-8284dd9a4184,assets\gl_hall\import\2e\2ece9525-e86f-41f8-9872-8284dd9a4184.e21b9.json
gl_hall,resource/hallres/icon/gl_fruit_title,cc.Texture2D,025c639e-b5d9-46d5-85e5-6364ff319a39,assets\gl_hall\import\02\025c639e-b5d9-46d5-85e5-6364ff319a39.7871f.json
gl_hall,resource/hallres/icon/gl_mahjong,cc.SpriteFrame,8426150d-b74a-499c-8e0a-ea4748ab16a7,assets\gl_hall\import\84\8426150d-b74a-499c-8e0a-ea4748ab16a7.66c31.json
gl_hall,resource/hallres/icon/gl_mahjong,cc.Texture2D,db83d120-d136-4728-b25e-b863a8d8e034,assets\gl_hall\import\db\db83d120-d136-4728-b25e-b863a8d8e034.4b3a3.json
gl_hall,resource/hallres/icon/gl_mahjong2,cc.SpriteFrame,5b9113cf-e5e9-4bfd-b5d3-213025466d10,assets\gl_hall\import\5b\5b9113cf-e5e9-4bfd-b5d3-213025466d10.a257e.json
gl_hall,resource/hallres/icon/gl_mahjong2,cc.Texture2D,611cd3a2-273f-48b8-8661-cd6a93371684,assets\gl_hall\import\61\611cd3a2-273f-48b8-8661-cd6a93371684.4b3a3.json
gl_hall,resource/hallres/icon/gl_mahjong_title,cc.SpriteFrame,d09f8a86-332a-49b9-92d9-e1f31b56163e,assets\gl_hall\import\d0\d09f8a86-332a-49b9-92d9-e1f31b56163e.d6e95.json
gl_hall,resource/hallres/icon/gl_mahjong_title,cc.Texture2D,e5da748e-e093-490a-921d-6ab334786695,assets\gl_hall\import\e5\e5da748e-e093-490a-921d-6ab334786695.7871f.json
gl_hall,resource/hallres/icon/gl_oneline,cc.SpriteFrame,c06fc39c-c50c-4140-a25d-b6a2618365ce,assets\gl_hall\import\c0\c06fc39c-c50c-4140-a25d-b6a2618365ce.5798f.json
gl_hall,resource/hallres/icon/gl_oneline,cc.Texture2D,173a9c98-a32d-40e2-8885-f33758409b60,assets\gl_hall\import\17\173a9c98-a32d-40e2-8885-f33758409b60.4b3a3.json
gl_hall,resource/hallres/icon/gl_oneline2,cc.SpriteFrame,dc491aa2-d7da-4a34-8179-2ac13fcbb00a,assets\gl_hall\import\dc\dc491aa2-d7da-4a34-8179-2ac13fcbb00a.ea537.json
gl_hall,resource/hallres/icon/gl_oneline2,cc.Texture2D,25c834ae-7edb-4176-a610-f74d79c255cd,assets\gl_hall\import\25\25c834ae-7edb-4176-a610-f74d79c255cd.4b3a3.json
gl_hall,resource/hallres/icon/gl_oneline_title,cc.SpriteFrame,898aa02f-ebab-4aa3-a7b6-59e902300c01,assets\gl_hall\import\89\898aa02f-ebab-4aa3-a7b6-59e902300c01.bd262.json
gl_hall,resource/hallres/icon/gl_oneline_title,cc.Texture2D,39472e2c-5c4a-4a34-bddb-cb45430ba6ef,assets\gl_hall\import\39\39472e2c-5c4a-4a34-bddb-cb45430ba6ef.7871f.json
gl_hall,resource/hallres/icon/gl_onet,cc.SpriteFrame,48794ba4-8d3b-4057-977f-283059f295f1,assets\gl_hall\import\48\48794ba4-8d3b-4057-977f-283059f295f1.2a816.json
gl_hall,resource/hallres/icon/gl_onet,cc.Texture2D,416c0629-12f2-4b8e-9459-e94ba857190b,assets\gl_hall\import\41\416c0629-12f2-4b8e-9459-e94ba857190b.4b3a3.json
gl_hall,resource/hallres/icon/gl_onet2,cc.SpriteFrame,924c7cb2-14fc-4311-b997-4bf94e7cd659,assets\gl_hall\import\92\924c7cb2-14fc-4311-b997-4bf94e7cd659.80f8e.json
gl_hall,resource/hallres/icon/gl_onet2,cc.Texture2D,fbf307b8-6c75-444f-b135-ed869e1e964d,assets\gl_hall\import\fb\fbf307b8-6c75-444f-b135-ed869e1e964d.4b3a3.json
gl_hall,resource/hallres/icon/gl_onet_title,cc.SpriteFrame,5dfb0fc7-b585-42cc-8ece-5c6cc16ca570,assets\gl_hall\import\5d\5dfb0fc7-b585-42cc-8ece-5c6cc16ca570.ab0e2.json
gl_hall,resource/hallres/icon/gl_onet_title,cc.Texture2D,1b1ada0b-1aa2-43b3-82cb-bf4692eeceb5,assets\gl_hall\import\1b\1b1ada0b-1aa2-43b3-82cb-bf4692eeceb5.7871f.json
gl_hall,resource/hallres/icon/gl_sudoku,cc.SpriteFrame,7dcb40f7-59d5-4bb9-a321-05192f60d177,assets\gl_hall\import\7d\7dcb40f7-59d5-4bb9-a321-05192f60d177.07b26.json
gl_hall,resource/hallres/icon/gl_sudoku,cc.Texture2D,98c6e732-4d25-456c-9d04-2a9b797f1bf3,assets\gl_hall\import\98\98c6e732-4d25-456c-9d04-2a9b797f1bf3.4b3a3.json
gl_hall,resource/hallres/icon/gl_sudoku2,cc.SpriteFrame,22fbd34a-d708-442e-aa26-123046a26187,assets\gl_hall\import\22\22fbd34a-d708-442e-aa26-123046a26187.4b8c0.json
gl_hall,resource/hallres/icon/gl_sudoku2,cc.Texture2D,59c217f1-0a2d-418e-8872-0a15f79be9c5,assets\gl_hall\import\59\59c217f1-0a2d-418e-8872-0a15f79be9c5.4b3a3.json
gl_hall,resource/hallres/icon/gl_sudoku_title,cc.SpriteFrame,3d1795b7-bcf7-4151-99a0-f37db551c9cf,assets\gl_hall\import\3d\3d1795b7-bcf7-4151-99a0-f37db551c9cf.238a8.json
gl_hall,resource/hallres/icon/gl_sudoku_title,cc.Texture2D,22a93283-32bf-48ff-ae5a-be1185cd0b55,assets\gl_hall\import\22\22a93283-32bf-48ff-ae5a-be1185cd0b55.7871f.json
gl_hall,resource/hallres/icon/gl_tictactoe,cc.SpriteFrame,31e3c1be-3d96-429f-999a-43ebceac929f,assets\gl_hall\import\31\31e3c1be-3d96-429f-999a-43ebceac929f.6fef4.json
gl_hall,resource/hallres/icon/gl_tictactoe,cc.Texture2D,0f9eca24-ca36-49ea-a40f-98d5cb6354a8,assets\gl_hall\import\0f\0f9eca24-ca36-49ea-a40f-98d5cb6354a8.4b3a3.json
gl_hall,resource/hallres/icon/gl_tictactoe2,cc.SpriteFrame,1e30996b-1cf8-4a86-acc5-7b9b3f6edd2b,assets\gl_hall\import\1e\1e30996b-1cf8-4a86-acc5-7b9b3f6edd2b.fa104.json
gl_hall,resource/hallres/icon/gl_tictactoe2,cc.Texture2D,8359896f-78ed-4f66-a12f-70b16baa89b4,assets\gl_hall\import\83\8359896f-78ed-4f66-a12f-70b16baa89b4.4b3a3.json
gl_hall,resource/hallres/icon/gl_tictactoe_title,cc.SpriteFrame,feb9a115-76ac-4aad-be73-189f4add3bc4,assets\gl_hall\import\fe\feb9a115-76ac-4aad-be73-189f4add3bc4.b0e73.json
gl_hall,resource/hallres/icon/gl_tictactoe_title,cc.Texture2D,74183721-bd81-4936-9ae0-9b7fcda3a54e,assets\gl_hall\import\74\74183721-bd81-4936-9ae0-9b7fcda3a54e.7871f.json
gl_hall,resource/hallres/icon/gl_watersort,cc.SpriteFrame,20e417b0-8765-4c53-beb2-d4bb60faa01d,assets\gl_hall\import\20\20e417b0-8765-4c53-beb2-d4bb60faa01d.113a2.json
gl_hall,resource/hallres/icon/gl_watersort,cc.Texture2D,3511ea79-af7f-40b5-bb3d-dc6602b12139,assets\gl_hall\import\35\3511ea79-af7f-40b5-bb3d-dc6602b12139.4b3a3.json
gl_hall,resource/hallres/icon/gl_watersort2,cc.SpriteFrame,265f9f88-694a-4399-bfae-5d7c8408eae8,assets\gl_hall\import\26\265f9f88-694a-4399-bfae-5d7c8408eae8.890bd.json
gl_hall,resource/hallres/icon/gl_watersort2,cc.Texture2D,94eb0944-7017-497e-8e18-34c99be72e9a,assets\gl_hall\import\94\94eb0944-7017-497e-8e18-34c99be72e9a.4b3a3.json
gl_hall,resource/hallres/icon/gl_watersort_title,cc.SpriteFrame,8c6bc36d-b60d-40d4-84ff-58a9dca5533b,assets\gl_hall\import\8c\8c6bc36d-b60d-40d4-84ff-58a9dca5533b.97e3d.json
gl_hall,resource/hallres/icon/gl_watersort_title,cc.Texture2D,7e6beaec-8e5c-4bc5-bc7e-9599ab4cb77c,assets\gl_hall\import\7e\7e6beaec-8e5c-4bc5-bc7e-9599ab4cb77c.7871f.json
gl_hall,resource/lang/lang,cc.JsonAsset,b725c0f3-259d-4d17-a728-846d4aa2fee8,assets\gl_hall\import\b7\b725c0f3-259d-4d17-a728-846d4aa2fee8.4da61.json
gl_hall,resource/prefab/item,cc.Prefab,fbc8d016-e5f0-4097-80a3-ac4e326e0377,assets\gl_hall\import\fb\fbc8d016-e5f0-4097-80a3-ac4e326e0377.8d9a3.json
gl_hall,resource/prefab/popup,cc.Prefab,a3e6d5e6-0ea5-4557-b92b-7335d85a1069,assets\gl_hall\import\a3\a3e6d5e6-0ea5-4557-b92b-7335d85a1069.f01ad.json
gl_hall,resource/prefab/popup_button,cc.Prefab,c730ce9d-260e-4419-84f9-0ff5b9a46bdc,assets\gl_hall\import\c7\c730ce9d-260e-4419-84f9-0ff5b9a46bdc.5a0a9.json
gl_hall,resource/spine/check_net_ske,dragonBones.DragonBonesAsset,a6765c9b-48f8-46e3-8a0d-2790d73a03ca,assets\gl_hall\import\a6\a6765c9b-48f8-46e3-8a0d-2790d73a03ca.53622.json
gl_hall,resource/spine/check_net_tex,cc.SpriteFrame,280025cd-0776-44c3-a634-c4787a830d56,assets\gl_hall\import\28\280025cd-0776-44c3-a634-c4787a830d56.0c6ac.json
gl_hall,resource/spine/check_net_tex,cc.Texture2D,ff9da828-3a18-4337-8725-b099ca606d8c,assets\gl_hall\import\ff\ff9da828-3a18-4337-8725-b099ca606d8c.7871f.json
gl_hall,resource/spine/check_net_tex,dragonBones.DragonBonesAtlasAsset,4ad39bbe-8ce6-4e42-a19d-17ba5ae7d1b9,assets\gl_hall\import\4a\4ad39bbe-8ce6-4e42-a19d-17ba5ae7d1b9.2aa0d.json
gl_hall,resource/spine/loading_ske,dragonBones.DragonBonesAsset,c2f7c863-d726-4a2e-9850-eebf7f96e056,assets\gl_hall\import\c2\c2f7c863-d726-4a2e-9850-eebf7f96e056.a396c.json
gl_hall,resource/spine/loading_tex,cc.SpriteFrame,de93cf2c-20a8-4319-9de3-c20779d824fb,assets\gl_hall\import\de\de93cf2c-20a8-4319-9de3-c20779d824fb.b0eb9.json
gl_hall,resource/spine/loading_tex,cc.Texture2D,176fd7da-5306-4745-ac0b-43b831eb3c10,assets\gl_hall\import\17\176fd7da-5306-4745-ac0b-43b831eb3c10.7871f.json
gl_hall,resource/spine/loading_tex,dragonBones.DragonBonesAtlasAsset,05330d16-c039-4822-8e04-2a09ce915cb1,assets\gl_hall\import\05\05330d16-c039-4822-8e04-2a09ce915cb1.8ed64.json
gl_hall,resource/srpite/art_bomb1,cc.SpriteFrame,d2268c7e-81a2-49ca-9d2a-421df66b6e2c,assets\gl_hall\import\d2\d2268c7e-81a2-49ca-9d2a-421df66b6e2c.4dd25.json
gl_hall,resource/srpite/art_bomb1,cc.Texture2D,b87a1ae7-f395-41aa-9b48-883b173bda6c,assets\gl_hall\import\b8\b87a1ae7-f395-41aa-9b48-883b173bda6c.7871f.json
gl_hall,resource/srpite/art_bottle1,cc.SpriteFrame,89153d1e-bb22-4d04-b063-0e1044428aeb,assets\gl_hall\import\89\89153d1e-bb22-4d04-b063-0e1044428aeb.f529c.json
gl_hall,resource/srpite/art_bottle1,cc.Texture2D,303464aa-c4de-42e6-836b-3236865b01fe,assets\gl_hall\import\30\303464aa-c4de-42e6-836b-3236865b01fe.7871f.json
gl_hall,resource/srpite/art_hint1,cc.SpriteFrame,384a59da-d464-47ff-a0ee-772e4c801c19,assets\gl_hall\import\38\384a59da-d464-47ff-a0ee-772e4c801c19.303d4.json
gl_hall,resource/srpite/art_hint1,cc.Texture2D,f5fdd7b2-3f5b-4475-968e-459f6b559df1,assets\gl_hall\import\f5\f5fdd7b2-3f5b-4475-968e-459f6b559df1.7871f.json
gl_hall,resource/srpite/art_restart1,cc.SpriteFrame,56a2386d-0248-45e1-9835-dba3cb365542,assets\gl_hall\import\56\56a2386d-0248-45e1-9835-dba3cb365542.ad4b5.json
gl_hall,resource/srpite/art_restart1,cc.Texture2D,f3079dac-cfd9-43d0-9b31-3c5637980e5c,assets\gl_hall\import\f3\f3079dac-cfd9-43d0-9b31-3c5637980e5c.7871f.json
gl_hall,resource/srpite/art_shuffle1,cc.SpriteFrame,33b9ea98-cc40-441a-b46b-f18f7f30e131,assets\gl_hall\import\33\33b9ea98-cc40-441a-b46b-f18f7f30e131.abb1d.json
gl_hall,resource/srpite/art_shuffle1,cc.Texture2D,9f51a86b-15bf-4f6e-80e9-cfe890793744,assets\gl_hall\import\9f\9f51a86b-15bf-4f6e-80e9-cfe890793744.7871f.json
gl_hall,resource/srpite/art_shuffle_relive1,cc.SpriteFrame,caf7ecb9-e3da-40fd-a700-c4dac16ba14d,assets\gl_hall\import\ca\caf7ecb9-e3da-40fd-a700-c4dac16ba14d.b74bd.json
gl_hall,resource/srpite/art_shuffle_relive1,cc.Texture2D,64ea9314-0b78-488e-8e13-64c00a370896,assets\gl_hall\import\64\64ea9314-0b78-488e-8e13-64c00a370896.7871f.json
gl_hall,resource/srpite/art_turn1,cc.SpriteFrame,78c4bb7d-9064-46f6-9a1e-748738fb55ff,assets\gl_hall\import\78\78c4bb7d-9064-46f6-9a1e-748738fb55ff.aaec2.json
gl_hall,resource/srpite/art_turn1,cc.Texture2D,39294ab7-5deb-44ed-86e0-c751abb566f1,assets\gl_hall\import\39\39294ab7-5deb-44ed-86e0-c751abb566f1.7871f.json
gl_hall,resource/srpite/bar_round9,cc.SpriteFrame,45b78c7f-61c6-4aa1-822a-b1d5f42096f6,assets\gl_hall\import\45\45b78c7f-61c6-4aa1-822a-b1d5f42096f6.5c059.json
gl_hall,resource/srpite/bar_round9,cc.Texture2D,cf9ec00c-7be5-40bc-ab3a-a5fa2feade17,assets\gl_hall\import\cf\cf9ec00c-7be5-40bc-ab3a-a5fa2feade17.7871f.json
gl_hall,resource/srpite/btn_round11,cc.SpriteFrame,b5bbb6b1-bf17-4d3d-a7c3-727e48deb079,assets\gl_hall\import\b5\b5bbb6b1-bf17-4d3d-a7c3-727e48deb079.fad92.json
gl_hall,resource/srpite/btn_round11,cc.Texture2D,d51b890c-4b1a-4a2d-8e73-e6743aed5a57,assets\gl_hall\import\d5\d51b890c-4b1a-4a2d-8e73-e6743aed5a57.7871f.json
gl_hall,resource/srpite/clock,cc.SpriteFrame,661bfb4e-2d59-45e1-872e-6e8d785dd89f,assets\gl_hall\import\66\661bfb4e-2d59-45e1-872e-6e8d785dd89f.26bf9.json
gl_hall,resource/srpite/clock,cc.Texture2D,60e09a0e-7b31-4330-a7ee-0a1906459f18,assets\gl_hall\import\60\60e09a0e-7b31-4330-a7ee-0a1906459f18.7871f.json
gl_hall,resource/srpite/oneline_art_hint_1,cc.SpriteFrame,96297586-b1b1-4825-921a-b8730a9a7c72,assets\gl_hall\import\96\96297586-b1b1-4825-921a-b8730a9a7c72.4625e.json
gl_hall,resource/srpite/oneline_art_hint_1,cc.Texture2D,dba5a97f-edb5-4aef-92a8-843d45b68c4a,assets\gl_hall\import\db\dba5a97f-edb5-4aef-92a8-843d45b68c4a.7871f.json
gl_hall,resource/srpite/page_bg,cc.SpriteFrame,a2500efb-e1f5-4259-8080-15cc7d8f1bb8,assets\gl_hall\import\a2\a2500efb-e1f5-4259-8080-15cc7d8f1bb8.d8cce.json
gl_hall,resource/srpite/page_bg,cc.Texture2D,24086b01-b4b3-42c9-8dbd-f6f57b87b44d,assets\gl_hall\import\24\24086b01-b4b3-42c9-8dbd-f6f57b87b44d.7871f.json
gl_hall,resource/srpite/revive,cc.SpriteFrame,22ea7439-e563-4118-be83-64620ac3f60f,assets\gl_hall\import\22\22ea7439-e563-4118-be83-64620ac3f60f.5f902.json
gl_hall,resource/srpite/revive,cc.Texture2D,862143ce-e220-4bad-961a-63fb4d829e9c,assets\gl_hall\import\86\862143ce-e220-4bad-961a-63fb4d829e9c.7871f.json
gl_hall,scene/glHallPrefab,cc.Prefab,59271762-e651-46e2-9024-d0e9b777ef93,assets\gl_hall\import\59\59271762-e651-46e2-9024-d0e9b777ef93.950da.json
gl_mahjong,assets/atlas/cardIcon,cc.SpriteAtlas,67bf5bb5-df07-4f5d-8252-67746a588833,assets\gl_mahjong\import\67\67bf5bb5-df07-4f5d-8252-67746a588833.ff9ed.json
gl_mahjong,assets/atlas/cardIcon,cc.Texture2D,bc179466-2944-481e-bfb2-5d99d6b9c8b1,assets\gl_mahjong\import\bc\bc179466-2944-481e-bfb2-5d99d6b9c8b1.7871f.json
gl_mahjong,assets/audios/mahjong_allcombo,cc.AudioClip,c3528404-d788-443d-91cb-a3ef5da1e18b,assets\gl_mahjong\import\c3\c3528404-d788-443d-91cb-a3ef5da1e18b.99262.json
gl_mahjong,assets/audios/mahjong_bgm,cc.AudioClip,c8206e26-c795-4a57-b91e-f657481a83f7,assets\gl_mahjong\import\c8\c8206e26-c795-4a57-b91e-f657481a83f7.8fc25.json
gl_mahjong,assets/audios/mahjong_birth,cc.AudioClip,3cc87c41-6b35-4aad-a6a9-153b592e2b27,assets\gl_mahjong\import\3c\3cc87c41-6b35-4aad-a6a9-153b592e2b27.d5328.json
gl_mahjong,assets/audios/mahjong_check1,cc.AudioClip,e0731c71-2312-4166-8328-efa8c57f8be8,assets\gl_mahjong\import\e0\e0731c71-2312-4166-8328-efa8c57f8be8.9609e.json
gl_mahjong,assets/audios/mahjong_check2,cc.AudioClip,e7a0b234-8679-485a-8d9c-2735ff2abf2e,assets\gl_mahjong\import\e7\e7a0b234-8679-485a-8d9c-2735ff2abf2e.9c590.json
gl_mahjong,assets/audios/mahjong_hint,cc.AudioClip,3dede86b-8bc7-42ab-bf7d-35397bab898d,assets\gl_mahjong\import\3d\3dede86b-8bc7-42ab-bf7d-35397bab898d.a765b.json
gl_mahjong,assets/audios/mahjong_match,cc.AudioClip,e23fb1d0-c3b0-4681-bd7e-89050dc334bc,assets\gl_mahjong\import\e2\e23fb1d0-c3b0-4681-bd7e-89050dc334bc.bca5b.json
gl_mahjong,assets/audios/mahjong_refresh,cc.AudioClip,9b6d15ee-5667-440a-815f-8b9c95ae1232,assets\gl_mahjong\import\9b\9b6d15ee-5667-440a-815f-8b9c95ae1232.2b5bc.json
gl_mahjong,assets/audios/mahjong_uncheck,cc.AudioClip,8ea47db8-b344-4e7d-aec5-fc3c5891d886,assets\gl_mahjong\import\8e\8ea47db8-b344-4e7d-aec5-fc3c5891d886.9a6e2.json
gl_mahjong,assets/audios/mahjong_undo,cc.AudioClip,4d70fe3a-5228-4887-acf1-61f64c3a7760,assets\gl_mahjong\import\4d\4d70fe3a-5228-4887-acf1-61f64c3a7760.f0982.json
gl_mahjong,assets/audios/mahjong_wrong,cc.AudioClip,82444340-a6c4-4b3c-b3e8-9103812aac70,assets\gl_mahjong\import\82\82444340-a6c4-4b3c-b3e8-9103812aac70.3ba86.json
gl_mahjong,assets/bigRes/bg,cc.SpriteFrame,79267fc4-b327-49aa-84f9-47390ea01881,assets\gl_mahjong\import\79\79267fc4-b327-49aa-84f9-47390ea01881.87f45.json
gl_mahjong,assets/bigRes/bg,cc.Texture2D,c613375c-f8e2-4cb0-a7cc-49323e1cad3d,assets\gl_mahjong\import\c6\c613375c-f8e2-4cb0-a7cc-49323e1cad3d.7871f.json
gl_mahjong,assets/bigRes/bg_1,cc.SpriteFrame,390fae5d-b076-4e45-a68f-3c11a05d83d8,assets\gl_mahjong\import\39\390fae5d-b076-4e45-a68f-3c11a05d83d8.327e0.json
gl_mahjong,assets/bigRes/bg_1,cc.Texture2D,caf2cd39-983c-4f85-97f1-48848faa1ac8,assets\gl_mahjong\import\ca\caf2cd39-983c-4f85-97f1-48848faa1ac8.7871f.json
gl_mahjong,assets/configs/boards/02_02,cc.JsonAsset,aeac71ab-513f-4208-b969-50fb10759d09,assets\gl_mahjong\import\ae\aeac71ab-513f-4208-b969-50fb10759d09.a3e6f.json
gl_mahjong,assets/configs/boards/02_03,cc.JsonAsset,a89b1dac-cb67-472a-8323-c681bc618d9d,assets\gl_mahjong\import\a8\a89b1dac-cb67-472a-8323-c681bc618d9d.12328.json
gl_mahjong,assets/configs/boards/03_02,cc.JsonAsset,031140a0-2a9e-4ee9-acfb-8303fcea06a7,assets\gl_mahjong\import\03\031140a0-2a9e-4ee9-acfb-8303fcea06a7.0434f.json
gl_mahjong,assets/configs/boards/03_03,cc.JsonAsset,f6275b51-8f96-428f-b789-6c1732a9cfc2,assets\gl_mahjong\import\f6\f6275b51-8f96-428f-b789-6c1732a9cfc2.742ab.json
gl_mahjong,assets/configs/boards/05_02,cc.JsonAsset,edbbda2a-73c7-45f1-aeb3-f97d5961d9a9,assets\gl_mahjong\import\ed\edbbda2a-73c7-45f1-aeb3-f97d5961d9a9.efc59.json
gl_mahjong,assets/configs/boards/05_03,cc.JsonAsset,dbb12f27-b078-4768-b098-d31d0bd040b9,assets\gl_mahjong\import\db\dbb12f27-b078-4768-b098-d31d0bd040b9.c3dbf.json
gl_mahjong,assets/configs/boards/06_02,cc.JsonAsset,d614c49e-856e-4dce-96b1-32aa254adf76,assets\gl_mahjong\import\d6\d614c49e-856e-4dce-96b1-32aa254adf76.d96fa.json
gl_mahjong,assets/configs/boards/06_03,cc.JsonAsset,9d607252-67a1-45d8-8ce0-7a6017cb9bc1,assets\gl_mahjong\import\9d\9d607252-67a1-45d8-8ce0-7a6017cb9bc1.21338.json
gl_mahjong,assets/configs/boards/07_02,cc.JsonAsset,fef56174-0158-4a9d-8827-982aa1e75eea,assets\gl_mahjong\import\fe\fef56174-0158-4a9d-8827-982aa1e75eea.7e2b4.json
gl_mahjong,assets/configs/boards/07_03,cc.JsonAsset,5a761315-4562-4ee7-be9c-f03a3124bd78,assets\gl_mahjong\import\5a\5a761315-4562-4ee7-be9c-f03a3124bd78.6e9be.json
gl_mahjong,assets/configs/boards/08_02,cc.JsonAsset,60956b82-7605-4fae-ae32-a2352530ee5a,assets\gl_mahjong\import\60\60956b82-7605-4fae-ae32-a2352530ee5a.e07ac.json
gl_mahjong,assets/configs/boards/08_03,cc.JsonAsset,feff00c4-f3cc-4b4e-ba56-923869c6e57e,assets\gl_mahjong\import\fe\feff00c4-f3cc-4b4e-ba56-923869c6e57e.69667.json
gl_mahjong,assets/configs/boards/09_02,cc.JsonAsset,888d734a-6ce5-4956-bb6d-8fd4e52a4cd1,assets\gl_mahjong\import\88\888d734a-6ce5-4956-bb6d-8fd4e52a4cd1.edff4.json
gl_mahjong,assets/configs/boards/09_03,cc.JsonAsset,2984db20-d4e4-40f6-a084-f3e7477eb9a8,assets\gl_mahjong\import\29\2984db20-d4e4-40f6-a084-f3e7477eb9a8.52edc.json
gl_mahjong,assets/configs/boards/10_02,cc.JsonAsset,977b7961-8abb-4e5f-aae1-9602106324f8,assets\gl_mahjong\import\97\977b7961-8abb-4e5f-aae1-9602106324f8.e9dec.json
gl_mahjong,assets/configs/boards/10_03,cc.JsonAsset,27d38f4c-600b-4715-a950-8d7580ff86fb,assets\gl_mahjong\import\27\27d38f4c-600b-4715-a950-8d7580ff86fb.9fffc.json
gl_mahjong,assets/configs/boards/11_02,cc.JsonAsset,dc5864fb-7d22-496c-9b18-60a90c0235b4,assets\gl_mahjong\import\dc\dc5864fb-7d22-496c-9b18-60a90c0235b4.03b94.json
gl_mahjong,assets/configs/boards/11_03,cc.JsonAsset,e70495c5-5873-4c15-8eb6-de740cc7c407,assets\gl_mahjong\import\e7\e70495c5-5873-4c15-8eb6-de740cc7c407.4e014.json
gl_mahjong,assets/configs/boards/12_02,cc.JsonAsset,0b7375ad-b82e-4c38-943d-5bed5a5650e6,assets\gl_mahjong\import\0b\0b7375ad-b82e-4c38-943d-5bed5a5650e6.8febc.json
gl_mahjong,assets/configs/boards/12_03,cc.JsonAsset,65c20286-688d-41a7-b4fc-ecfbcb8281e4,assets\gl_mahjong\import\65\65c20286-688d-41a7-b4fc-ecfbcb8281e4.08f57.json
gl_mahjong,assets/configs/boards/13_02,cc.JsonAsset,04bf26dc-05a2-4917-9a6f-e3bf706ac487,assets\gl_mahjong\import\04\04bf26dc-05a2-4917-9a6f-e3bf706ac487.715c2.json
gl_mahjong,assets/configs/boards/13_03,cc.JsonAsset,a0ecd9be-ca46-4bba-a563-be8d59dd9220,assets\gl_mahjong\import\a0\a0ecd9be-ca46-4bba-a563-be8d59dd9220.d59c1.json
gl_mahjong,assets/configs/boards/14_02,cc.JsonAsset,a28094f2-64b0-4d88-acc5-b5da490780d3,assets\gl_mahjong\import\a2\a28094f2-64b0-4d88-acc5-b5da490780d3.4ad3c.json
gl_mahjong,assets/configs/boards/14_03,cc.JsonAsset,a0941c3c-3a23-4925-8792-e41f7ee9649e,assets\gl_mahjong\import\a0\a0941c3c-3a23-4925-8792-e41f7ee9649e.ae0c3.json
gl_mahjong,assets/configs/boards/15_02,cc.JsonAsset,095f7404-af60-4d16-ad84-18787d553366,assets\gl_mahjong\import\09\095f7404-af60-4d16-ad84-18787d553366.f961b.json
gl_mahjong,assets/configs/boards/15_03,cc.JsonAsset,3b4cda8e-9cc7-452d-acf5-701a0b9f5b28,assets\gl_mahjong\import\3b\3b4cda8e-9cc7-452d-acf5-701a0b9f5b28.c2802.json
gl_mahjong,assets/configs/boards/16_02,cc.JsonAsset,1b57ed19-6b50-469a-b0ee-839bace36324,assets\gl_mahjong\import\1b\1b57ed19-6b50-469a-b0ee-839bace36324.dc493.json
gl_mahjong,assets/configs/boards/16_03,cc.JsonAsset,4aaeb84e-b797-42a6-bbd2-b3fca624dd42,assets\gl_mahjong\import\4a\4aaeb84e-b797-42a6-bbd2-b3fca624dd42.e2511.json
gl_mahjong,assets/configs/boards/17_02,cc.JsonAsset,95d28aee-0ee2-4017-a550-3ab2f8230840,assets\gl_mahjong\import\95\95d28aee-0ee2-4017-a550-3ab2f8230840.9d2ad.json
gl_mahjong,assets/configs/boards/17_03,cc.JsonAsset,6e92dd8c-ef10-480e-884f-9dbedc52f6fd,assets\gl_mahjong\import\6e\6e92dd8c-ef10-480e-884f-9dbedc52f6fd.a7dbf.json
gl_mahjong,assets/configs/boards/18_02,cc.JsonAsset,6c9eaeb4-100f-4bd0-aaf9-42252d90e1c5,assets\gl_mahjong\import\6c\6c9eaeb4-100f-4bd0-aaf9-42252d90e1c5.2cf38.json
gl_mahjong,assets/configs/boards/18_03,cc.JsonAsset,0b92346c-5a45-4058-9904-9eae9c4fe5af,assets\gl_mahjong\import\0b\0b92346c-5a45-4058-9904-9eae9c4fe5af.d7473.json
gl_mahjong,assets/configs/boards/19_02,cc.JsonAsset,affbe86a-7679-43a8-bcd4-969843c53377,assets\gl_mahjong\import\af\affbe86a-7679-43a8-bcd4-969843c53377.fdd3d.json
gl_mahjong,assets/configs/boards/19_03,cc.JsonAsset,56dc9c6e-ea00-46df-a047-333e6ab87bf8,assets\gl_mahjong\import\56\56dc9c6e-ea00-46df-a047-333e6ab87bf8.f6e5d.json
gl_mahjong,assets/configs/boards/20_03,cc.JsonAsset,39ae70d5-2f87-43a9-9d84-eaa0a15d5dc6,assets\gl_mahjong\import\39\39ae70d5-2f87-43a9-9d84-eaa0a15d5dc6.3d304.json
gl_mahjong,assets/configs/boards/21_02,cc.JsonAsset,04b95b71-d18c-403d-bc0c-91d8396f2653,assets\gl_mahjong\import\04\04b95b71-d18c-403d-bc0c-91d8396f2653.9ea6e.json
gl_mahjong,assets/configs/boards/21_03,cc.JsonAsset,3761a21b-21e5-497f-82fa-6b000e1d0b92,assets\gl_mahjong\import\37\3761a21b-21e5-497f-82fa-6b000e1d0b92.10197.json
gl_mahjong,assets/configs/boards/22_02,cc.JsonAsset,87167af4-d8c5-4108-b070-4252ec93e99a,assets\gl_mahjong\import\87\87167af4-d8c5-4108-b070-4252ec93e99a.cc0fe.json
gl_mahjong,assets/configs/boards/22_03,cc.JsonAsset,82eaa579-4d56-4751-b6b9-5601008b0f1a,assets\gl_mahjong\import\82\82eaa579-4d56-4751-b6b9-5601008b0f1a.0ef10.json
gl_mahjong,assets/configs/boards/23_02,cc.JsonAsset,c6f0ca36-f544-46c2-b47c-5734645d5704,assets\gl_mahjong\import\c6\c6f0ca36-f544-46c2-b47c-5734645d5704.f567a.json
gl_mahjong,assets/configs/boards/23_03,cc.JsonAsset,c6f54876-e7b9-453b-b8d4-00b9914e76b8,assets\gl_mahjong\import\c6\c6f54876-e7b9-453b-b8d4-00b9914e76b8.9ccef.json
gl_mahjong,assets/configs/boards/24_02,cc.JsonAsset,0d1b1ba6-c982-431d-994b-9a6f58460079,assets\gl_mahjong\import\0d\0d1b1ba6-c982-431d-994b-9a6f58460079.2810e.json
gl_mahjong,assets/configs/boards/24_03,cc.JsonAsset,0502ffbb-4282-4188-a1e9-3298e86c85a1,assets\gl_mahjong\import\05\0502ffbb-4282-4188-a1e9-3298e86c85a1.b7a93.json
gl_mahjong,assets/configs/boards/25_02,cc.JsonAsset,31434c61-8314-41cd-a7a3-c603f0f351a5,assets\gl_mahjong\import\31\31434c61-8314-41cd-a7a3-c603f0f351a5.d820c.json
gl_mahjong,assets/configs/boards/25_03,cc.JsonAsset,25480e28-b438-41b6-bbc4-fe87cdf983e2,assets\gl_mahjong\import\25\25480e28-b438-41b6-bbc4-fe87cdf983e2.56c3f.json
gl_mahjong,assets/configs/boards/26_02,cc.JsonAsset,133ce683-a3d9-4656-b8b4-c22e07311d59,assets\gl_mahjong\import\13\133ce683-a3d9-4656-b8b4-c22e07311d59.eaeed.json
gl_mahjong,assets/configs/boards/26_03,cc.JsonAsset,5ecb19e0-2543-42b0-9ba9-12e6b7c1d92b,assets\gl_mahjong\import\5e\5ecb19e0-2543-42b0-9ba9-12e6b7c1d92b.42cad.json
gl_mahjong,assets/configs/boards/27_02,cc.JsonAsset,35bbdba3-f349-42ae-82e6-f86bd64d5cab,assets\gl_mahjong\import\35\35bbdba3-f349-42ae-82e6-f86bd64d5cab.59144.json
gl_mahjong,assets/configs/boards/27_03,cc.JsonAsset,d36106f0-b3b6-425b-a839-7b184fe5753e,assets\gl_mahjong\import\d3\d36106f0-b3b6-425b-a839-7b184fe5753e.f75d8.json
gl_mahjong,assets/configs/boards/28_02,cc.JsonAsset,70cec906-72a7-4e9d-a9eb-d87eae080f00,assets\gl_mahjong\import\70\70cec906-72a7-4e9d-a9eb-d87eae080f00.97641.json
gl_mahjong,assets/configs/boards/28_03,cc.JsonAsset,302a60bc-4f31-491d-a753-949e4a4615f5,assets\gl_mahjong\import\30\302a60bc-4f31-491d-a753-949e4a4615f5.ed3b1.json
gl_mahjong,assets/configs/boards/29_02,cc.JsonAsset,4a9ccf72-27c5-43f6-a284-3206a67ff5b1,assets\gl_mahjong\import\4a\4a9ccf72-27c5-43f6-a284-3206a67ff5b1.a68a0.json
gl_mahjong,assets/configs/boards/29_03,cc.JsonAsset,167a7b89-fc58-412b-8d54-7fef1e9de1bd,assets\gl_mahjong\import\16\167a7b89-fc58-412b-8d54-7fef1e9de1bd.28543.json
gl_mahjong,assets/configs/boards/30_02,cc.JsonAsset,fe6e4af0-3f43-491b-91da-6009176b1bce,assets\gl_mahjong\import\fe\fe6e4af0-3f43-491b-91da-6009176b1bce.268bb.json
gl_mahjong,assets/configs/boards/30_03,cc.JsonAsset,55c4288d-b81c-42f1-b5c3-cfc79bddfa0f,assets\gl_mahjong\import\55\55c4288d-b81c-42f1-b5c3-cfc79bddfa0f.96e6b.json
gl_mahjong,assets/configs/boards/31_02,cc.JsonAsset,f185452a-9f40-46b6-be22-ddf388aaad19,assets\gl_mahjong\import\f1\f185452a-9f40-46b6-be22-ddf388aaad19.e296b.json
gl_mahjong,assets/configs/boards/31_03,cc.JsonAsset,63594b0c-fdf1-4dc2-a568-b847ba60d1bd,assets\gl_mahjong\import\63\63594b0c-fdf1-4dc2-a568-b847ba60d1bd.36a16.json
gl_mahjong,assets/configs/boards/32_02,cc.JsonAsset,53a0a524-6343-456f-8a60-1c83102badf3,assets\gl_mahjong\import\53\53a0a524-6343-456f-8a60-1c83102badf3.792ca.json
gl_mahjong,assets/configs/boards/32_03,cc.JsonAsset,b8f67597-f47d-4507-8012-aeaee396a9b5,assets\gl_mahjong\import\b8\b8f67597-f47d-4507-8012-aeaee396a9b5.e2172.json
gl_mahjong,assets/configs/levels/levelGuide,cc.JsonAsset,496ec8b0-f8dd-415a-b8d2-9a199cd86723,assets\gl_mahjong\import\49\496ec8b0-f8dd-415a-b8d2-9a199cd86723.44f02.json
gl_mahjong,assets/configs/levels/levelGuide3,cc.JsonAsset,cad4503a-6807-4fc1-8357-b00c85e6e124,assets\gl_mahjong\import\ca\cad4503a-6807-4fc1-8357-b00c85e6e124.6f880.json
gl_mahjong,assets/configs/tbcardconfig,cc.JsonAsset,ec9a76a1-2bfc-4b51-863f-0bb484cf4e26,assets\gl_mahjong\import\ec\ec9a76a1-2bfc-4b51-863f-0bb484cf4e26.31bd0.json
gl_mahjong,assets/configs/tbcardlayout,cc.JsonAsset,676ed114-b213-4e5c-bf5b-1bcb1f81ce3a,assets\gl_mahjong\import\67\676ed114-b213-4e5c-bf5b-1bcb1f81ce3a.57ec9.json
gl_mahjong,assets/configs/tbcolorlayout,cc.JsonAsset,b7ea8e61-518d-4e36-974d-a788065e1725,assets\gl_mahjong\import\b7\b7ea8e61-518d-4e36-974d-a788065e1725.fcaff.json
gl_mahjong,assets/configs/tbguideconfig,cc.JsonAsset,1007b6c6-e625-40ac-a6f1-baef0f09fa69,assets\gl_mahjong\import\10\1007b6c6-e625-40ac-a6f1-baef0f09fa69.7d2de.json
gl_mahjong,assets/configs/tbhsmahjongexperiment_android,cc.JsonAsset,6054cba1-0e8c-4bf9-906c-f7a4e9e201fb,assets\gl_mahjong\import\60\6054cba1-0e8c-4bf9-906c-f7a4e9e201fb.5f05c.json
gl_mahjong,assets/configs/tbhsmahjongexperiment_ios,cc.JsonAsset,7bab3e45-9ba5-4667-9a11-8cc777197688,assets\gl_mahjong\import\7b\7bab3e45-9ba5-4667-9a11-8cc777197688.2f799.json
gl_mahjong,assets/configs/tbhsmahjongexptbaseboard_android,cc.JsonAsset,8bc2962e-a6dd-4f27-ae26-7b3755c7af37,assets\gl_mahjong\import\8b\8bc2962e-a6dd-4f27-ae26-7b3755c7af37.f4c2b.json
gl_mahjong,assets/configs/tbhsmahjongexptbaseboard_ios,cc.JsonAsset,3a61100b-99ce-4307-9a04-467a030c6a7c,assets\gl_mahjong\import\3a\3a61100b-99ce-4307-9a04-467a030c6a7c.9d922.json
gl_mahjong,assets/configs/tbhsmahjongexptfunction,cc.JsonAsset,0c266a6d-6e0f-408a-905c-0ab049decf8a,assets\gl_mahjong\import\0c\0c266a6d-6e0f-408a-905c-0ab049decf8a.ff361.json
gl_mahjong,assets/configs/tbhsmahjongexptpure_android,cc.JsonAsset,0e9dbcf7-4302-4be7-a859-8d00682a8388,assets\gl_mahjong\import\0e\0e9dbcf7-4302-4be7-a859-8d00682a8388.15e22.json
gl_mahjong,assets/configs/tbhsmahjongexptpure_ios,cc.JsonAsset,a5f78c88-0179-4500-8b03-ec6521f01baa,assets\gl_mahjong\import\a5\a5f78c88-0179-4500-8b03-ec6521f01baa.976ca.json
gl_mahjong,assets/configs/tbhsmahjongplaymodeexperiment_android,cc.JsonAsset,df90f8e6-65c5-4807-a212-ddf7b3562f6a,assets\gl_mahjong\import\df\df90f8e6-65c5-4807-a212-ddf7b3562f6a.63a06.json
gl_mahjong,assets/configs/tbhsmahjongplaymodeexperiment_ios,cc.JsonAsset,281a52a3-a207-4131-a96a-edf1504e6a1b,assets\gl_mahjong\import\28\281a52a3-a207-4131-a96a-edf1504e6a1b.a2edb.json
gl_mahjong,assets/configs/tbhsmahjongplaymodeexptbaseboard_android,cc.JsonAsset,0971da6b-d87a-45e1-a85d-47499866f1ad,assets\gl_mahjong\import\09\0971da6b-d87a-45e1-a85d-47499866f1ad.57cbf.json
gl_mahjong,assets/configs/tbhsmahjongplaymodeexptbaseboard_ios,cc.JsonAsset,a7b83d02-dac3-4780-bab1-08c7af0bea50,assets\gl_mahjong\import\a7\a7b83d02-dac3-4780-bab1-08c7af0bea50.83333.json
gl_mahjong,assets/configs/tbhsmahjongplaymodeexptfunction,cc.JsonAsset,718ef12b-ea5c-48ea-ab0d-b79476e7b612,assets\gl_mahjong\import\71\718ef12b-ea5c-48ea-ab0d-b79476e7b612.2a9f5.json
gl_mahjong,assets/configs/tbhsmahjongplaymodeexptpure_android,cc.JsonAsset,2e326bb4-2764-4afe-a77d-31c2fdaf909c,assets\gl_mahjong\import\2e\2e326bb4-2764-4afe-a77d-31c2fdaf909c.bbd2f.json
gl_mahjong,assets/configs/tbhsmahjongplaymodeexptpure_ios,cc.JsonAsset,622ea46b-7f09-4f19-a359-073f95c1d56c,assets\gl_mahjong\import\62\622ea46b-7f09-4f19-a359-073f95c1d56c.d4aee.json
gl_mahjong,assets/configs/tbtextconfig,cc.JsonAsset,fc2a593d-31d3-4095-8cc2-2b560b54760a,assets\gl_mahjong\import\fc\fc2a593d-31d3-4095-8cc2-2b560b54760a.e0364.json
gl_mahjong,assets/effects/Mahjong_AllComboEffect/Mahjong_AllComboEffect,cc.Asset,a36141fd-6ad5-4823-be3b-b2d651c07723,assets\gl_mahjong\import\a3\a36141fd-6ad5-4823-be3b-b2d651c07723.d44bb.json
gl_mahjong,assets/effects/Mahjong_AllComboEffect/Mahjong_AllComboEffect,cc.SpriteFrame,1ac90062-1d83-4fc9-a1a4-dad87c887ba1,assets\gl_mahjong\import\1a\1ac90062-1d83-4fc9-a1a4-dad87c887ba1.488d4.json
gl_mahjong,assets/effects/Mahjong_AllComboEffect/Mahjong_AllComboEffect,cc.Texture2D,2fc01440-0d47-428e-8431-bdba6ae29db5,assets\gl_mahjong\import\2f\2fc01440-0d47-428e-8431-bdba6ae29db5.7871f.json
gl_mahjong,assets/effects/Mahjong_AllComboEffect/Mahjong_AllComboEffect,sp.SkeletonData,707242bf-1bec-4068-badd-8da2b4ea6472,assets\gl_mahjong\import\70\707242bf-1bec-4068-badd-8da2b4ea6472.51ab7.json
gl_mahjong,assets/effects/Mahjong_BlockEffect/gameplay_redkuang,cc.Asset,a9a892b9-a7ff-43e4-9e6d-a3f48829880a,assets\gl_mahjong\import\a9\a9a892b9-a7ff-43e4-9e6d-a3f48829880a.c840b.json
gl_mahjong,assets/effects/Mahjong_BlockEffect/gameplay_redkuang,cc.SpriteFrame,306425fd-84d2-4fc4-80a9-318d47e39c93,assets\gl_mahjong\import\30\306425fd-84d2-4fc4-80a9-318d47e39c93.e678a.json
gl_mahjong,assets/effects/Mahjong_BlockEffect/gameplay_redkuang,cc.Texture2D,008acc30-96da-4a5d-9efd-e1739883f80e,assets\gl_mahjong\import\00\008acc30-96da-4a5d-9efd-e1739883f80e.7871f.json
gl_mahjong,assets/effects/Mahjong_BlockEffect/gameplay_redkuang,sp.SkeletonData,0d1bd8bb-a158-4469-a825-10cee733e636,assets\gl_mahjong\import\0d\0d1bd8bb-a158-4469-a825-10cee733e636.50a70.json
gl_mahjong,assets/effects/Mahjong_CanClickEffect/mahjong_gameplay_tips,cc.Asset,57f90665-4ebb-446d-a7bd-971bcee32646,assets\gl_mahjong\import\57\57f90665-4ebb-446d-a7bd-971bcee32646.55ec7.json
gl_mahjong,assets/effects/Mahjong_CanClickEffect/mahjong_gameplay_tips,cc.SpriteFrame,2ce62833-c9de-4e07-98db-4c2250ed03d2,assets\gl_mahjong\import\2c\2ce62833-c9de-4e07-98db-4c2250ed03d2.09f76.json
gl_mahjong,assets/effects/Mahjong_CanClickEffect/mahjong_gameplay_tips,cc.Texture2D,f32030a3-69e5-4ec0-b8fe-18845aa2974e,assets\gl_mahjong\import\f3\f32030a3-69e5-4ec0-b8fe-18845aa2974e.7871f.json
gl_mahjong,assets/effects/Mahjong_CanClickEffect/mahjong_gameplay_tips,sp.SkeletonData,83c0f835-739e-4727-a0f7-324093b6cc69,assets\gl_mahjong\import\83\83c0f835-739e-4727-a0f7-324093b6cc69.fa430.json
gl_mahjong,assets/effects/Mahjong_Collosion_combo_V2/Mahjong_Collosion_combo_V2,cc.Asset,d78b7a14-b83b-4b11-a1ee-b0d001b722cc,assets\gl_mahjong\import\d7\d78b7a14-b83b-4b11-a1ee-b0d001b722cc.1bd93.json
gl_mahjong,assets/effects/Mahjong_Collosion_combo_V2/Mahjong_Collosion_combo_V2,cc.SpriteFrame,4e5693d2-cfdd-49ca-92a4-ebc361ba0fd9,assets\gl_mahjong\import\4e\4e5693d2-cfdd-49ca-92a4-ebc361ba0fd9.6ee1f.json
gl_mahjong,assets/effects/Mahjong_Collosion_combo_V2/Mahjong_Collosion_combo_V2,cc.Texture2D,65f37e92-ac60-4387-9d4e-064f28acd69e,assets\gl_mahjong\import\65\65f37e92-ac60-4387-9d4e-064f28acd69e.7871f.json
gl_mahjong,assets/effects/Mahjong_Collosion_combo_V2/Mahjong_Collosion_combo_V2,sp.SkeletonData,c6b33139-738e-4e33-b4ec-891b2a891649,assets\gl_mahjong\import\c6\c6b33139-738e-4e33-b4ec-891b2a891649.96367.json
gl_mahjong,assets/effects/Mahjong_Collosion_normal_V2/Mahjong_Collosion_normal_V2,cc.Asset,34c50ddb-38f3-4c42-9922-948a9638df99,assets\gl_mahjong\import\34\34c50ddb-38f3-4c42-9922-948a9638df99.66001.json
gl_mahjong,assets/effects/Mahjong_Collosion_normal_V2/Mahjong_Collosion_normal_V2,cc.SpriteFrame,2820850e-e37f-48a0-b0c0-425fb5156a12,assets\gl_mahjong\import\28\2820850e-e37f-48a0-b0c0-425fb5156a12.bfe16.json
gl_mahjong,assets/effects/Mahjong_Collosion_normal_V2/Mahjong_Collosion_normal_V2,cc.Texture2D,ae738611-1624-40fa-85b0-d8f1fc6230f7,assets\gl_mahjong\import\ae\ae738611-1624-40fa-85b0-d8f1fc6230f7.7871f.json
gl_mahjong,assets/effects/Mahjong_Collosion_normal_V2/Mahjong_Collosion_normal_V2,sp.SkeletonData,d1fe7bbc-349a-43c5-91be-c6964ad7bfd3,assets\gl_mahjong\import\d1\d1fe7bbc-349a-43c5-91be-c6964ad7bfd3.37b36.json
gl_mahjong,assets/effects/Mahjong_Combo/Mahjong_Combo,cc.Asset,ccaa344f-4bcd-4ca5-943e-db039d66c11c,assets\gl_mahjong\import\cc\ccaa344f-4bcd-4ca5-943e-db039d66c11c.a8d0c.json
gl_mahjong,assets/effects/Mahjong_Combo/Mahjong_Combo,cc.SpriteFrame,41f7ca5e-0835-4989-85a3-41a19f134ad8,assets\gl_mahjong\import\41\41f7ca5e-0835-4989-85a3-41a19f134ad8.a3b45.json
gl_mahjong,assets/effects/Mahjong_Combo/Mahjong_Combo,cc.Texture2D,b6508f09-9272-4c3b-9c6f-c35d50d30356,assets\gl_mahjong\import\b6\b6508f09-9272-4c3b-9c6f-c35d50d30356.7871f.json
gl_mahjong,assets/effects/Mahjong_Combo/Mahjong_Combo,sp.SkeletonData,094f4143-e2c9-4cb1-bdb1-496133cd740e,assets\gl_mahjong\import\09\094f4143-e2c9-4cb1-bdb1-496133cd740e.e3229.json
gl_mahjong,assets/effects/Mahjong_Prophint_V2/Mahjong_Prophint_V2,cc.Asset,17bb864d-2022-4c03-ab69-a7b2f9862802,assets\gl_mahjong\import\17\17bb864d-2022-4c03-ab69-a7b2f9862802.a0a7e.json
gl_mahjong,assets/effects/Mahjong_Prophint_V2/Mahjong_Prophint_V2,cc.SpriteFrame,919b7cec-4253-4456-aed5-31cb60015556,assets\gl_mahjong\import\91\919b7cec-4253-4456-aed5-31cb60015556.40065.json
gl_mahjong,assets/effects/Mahjong_Prophint_V2/Mahjong_Prophint_V2,cc.Texture2D,99f0cb7c-9807-4a53-b388-22897d278e17,assets\gl_mahjong\import\99\99f0cb7c-9807-4a53-b388-22897d278e17.7871f.json
gl_mahjong,assets/effects/Mahjong_Prophint_V2/Mahjong_Prophint_V2,sp.SkeletonData,9a24e081-ea41-449c-bd9e-1eec7f85051b,assets\gl_mahjong\import\9a\9a24e081-ea41-449c-bd9e-1eec7f85051b.14010.json
gl_mahjong,assets/effects/Mahjong_Selected_V2/Mahjong_Selected_V2,cc.Asset,70e8ae82-950b-4414-989d-d76fe986d66a,assets\gl_mahjong\import\70\70e8ae82-950b-4414-989d-d76fe986d66a.c09f2.json
gl_mahjong,assets/effects/Mahjong_Selected_V2/Mahjong_Selected_V2,cc.SpriteFrame,c4cd7d07-2b88-4674-b9df-538154ad0525,assets\gl_mahjong\import\c4\c4cd7d07-2b88-4674-b9df-538154ad0525.a8adf.json
gl_mahjong,assets/effects/Mahjong_Selected_V2/Mahjong_Selected_V2,cc.Texture2D,24083579-66ec-4113-a1e1-86a3b244d34a,assets\gl_mahjong\import\24\24083579-66ec-4113-a1e1-86a3b244d34a.7871f.json
gl_mahjong,assets/effects/Mahjong_Selected_V2/Mahjong_Selected_V2,sp.SkeletonData,f5c466ac-10c2-41f5-bdbb-d11ba24cbf18,assets\gl_mahjong\import\f5\f5c466ac-10c2-41f5-bdbb-d11ba24cbf18.48d0d.json
gl_mahjong,assets/effects/Mahjong_UIGroundEff/Mahjong_UIGroundEff,cc.Asset,d10c417a-48b4-4600-b72e-6e1ccb82bd38,assets\gl_mahjong\import\d1\d10c417a-48b4-4600-b72e-6e1ccb82bd38.53498.json
gl_mahjong,assets/effects/Mahjong_UIGroundEff/Mahjong_UIGroundEff,cc.SpriteFrame,18c6feed-a520-4abd-ba38-f14ec430c22e,assets\gl_mahjong\import\18\18c6feed-a520-4abd-ba38-f14ec430c22e.f3c8e.json
gl_mahjong,assets/effects/Mahjong_UIGroundEff/Mahjong_UIGroundEff,cc.Texture2D,e248b0d0-6a29-42da-8675-122cb0e6ef89,assets\gl_mahjong\import\e2\e248b0d0-6a29-42da-8675-122cb0e6ef89.7871f.json
gl_mahjong,assets/effects/Mahjong_UIGroundEff/Mahjong_UIGroundEff,sp.SkeletonData,f72aea17-b423-4c96-ba71-070e644e4615,assets\gl_mahjong\import\f7\f72aea17-b423-4c96-ba71-070e644e4615.5a170.json
gl_mahjong,assets/effects/Mahjong_rewardEffect/gameplay_xzjlc,cc.Asset,83857772-c08e-46d9-a354-ae21f673e0fe,assets\gl_mahjong\import\83\83857772-c08e-46d9-a354-ae21f673e0fe.788d5.json
gl_mahjong,assets/effects/Mahjong_rewardEffect/gameplay_xzjlc,cc.SpriteFrame,af4358e2-47d7-45b3-ae37-a0f23bb67b2b,assets\gl_mahjong\import\af\af4358e2-47d7-45b3-ae37-a0f23bb67b2b.148a3.json
gl_mahjong,assets/effects/Mahjong_rewardEffect/gameplay_xzjlc,cc.Texture2D,67670969-36ae-4f1e-8f8e-20af68bf9831,assets\gl_mahjong\import\67\67670969-36ae-4f1e-8f8e-20af68bf9831.7871f.json
gl_mahjong,assets/effects/Mahjong_rewardEffect/gameplay_xzjlc,sp.SkeletonData,a6505390-b651-4858-9071-2d0f077655fa,assets\gl_mahjong\import\a6\a6505390-b651-4858-9071-2d0f077655fa.2c9f3.json
gl_mahjong,assets/experiment/GLMahjongComboEffectText/GLMahjongComboEffectFlower,cc.Prefab,4480c6b8-9294-45c6-a587-388133ec7fa5,assets\gl_mahjong\import\44\4480c6b8-9294-45c6-a587-388133ec7fa5.f5625.json
gl_mahjong,assets/experiment/GLMahjongComboEffectText/GLMahjongComboEffectTextItem,cc.Prefab,b63142bb-7839-4a3c-b383-0cc125f64757,assets\gl_mahjong\import\b6\b63142bb-7839-4a3c-b383-0cc125f64757.72e9d.json
gl_mahjong,assets/experiment/GLMahjongComboEffectText/Mahjong_ComboStimulate_Flower/Mahjong_ComboStimulate_Flower,cc.Asset,fa31b3f2-ad55-4544-8d07-ab0db37c6f97,assets\gl_mahjong\import\fa\fa31b3f2-ad55-4544-8d07-ab0db37c6f97.9aa6e.json
gl_mahjong,assets/experiment/GLMahjongComboEffectText/Mahjong_ComboStimulate_Flower/Mahjong_ComboStimulate_Flower,cc.SpriteFrame,4d5b6569-e7c7-48e3-9c1d-f055f8a565b1,assets\gl_mahjong\import\4d\4d5b6569-e7c7-48e3-9c1d-f055f8a565b1.d22a2.json
gl_mahjong,assets/experiment/GLMahjongComboEffectText/Mahjong_ComboStimulate_Flower/Mahjong_ComboStimulate_Flower,cc.Texture2D,e1a066fb-2309-40c1-8f46-067ecf14b13a,assets\gl_mahjong\import\e1\e1a066fb-2309-40c1-8f46-067ecf14b13a.7871f.json
gl_mahjong,assets/experiment/GLMahjongComboEffectText/Mahjong_ComboStimulate_Flower/Mahjong_ComboStimulate_Flower,sp.SkeletonData,12f97322-581e-4be9-ae7f-8ef0599de051,assets\gl_mahjong\import\12\12f97322-581e-4be9-ae7f-8ef0599de051.722cf.json
gl_mahjong,assets/experiment/GLMahjongComboEffectText/audios/amazing2,cc.AudioClip,4eb31cd4-0c74-4005-a591-f3badad80b65,assets\gl_mahjong\import\4e\4eb31cd4-0c74-4005-a591-f3badad80b65.3d4b8.json
gl_mahjong,assets/experiment/GLMahjongComboEffectText/audios/excellent2,cc.AudioClip,435bfd1f-1a4a-4095-bfee-46ebf8f35044,assets\gl_mahjong\import\43\435bfd1f-1a4a-4095-bfee-46ebf8f35044.f1f7d.json
gl_mahjong,assets/experiment/GLMahjongComboEffectText/audios/good2,cc.AudioClip,248c9515-d4d4-4572-937c-a63b4548aeee,assets\gl_mahjong\import\24\248c9515-d4d4-4572-937c-a63b4548aeee.073d2.json
gl_mahjong,assets/experiment/GLMahjongComboEffectText/audios/great2,cc.AudioClip,fb312d9c-9c21-4d2f-be55-0d4bfa4c5aea,assets\gl_mahjong\import\fb\fb312d9c-9c21-4d2f-be55-0d4bfa4c5aea.e9691.json
gl_mahjong,assets/experiment/GLMahjongComboEffectText/audios/unbelievable2,cc.AudioClip,b32bcf59-3cac-4cf2-9f4e-6db1d8bac7cf,assets\gl_mahjong\import\b3\b32bcf59-3cac-4cf2-9f4e-6db1d8bac7cf.6fc14.json
gl_mahjong,assets/experiment/GLMahjongComboEffectText/imgs/Amazing,cc.SpriteFrame,00c45392-5193-4d94-9bc9-6d5deb544f5e,assets\gl_mahjong\import\00\00c45392-5193-4d94-9bc9-6d5deb544f5e.26419.json
gl_mahjong,assets/experiment/GLMahjongComboEffectText/imgs/Amazing,cc.Texture2D,27057472-f187-475d-8ac0-c7c6af6b75f7,assets\gl_mahjong\import\27\27057472-f187-475d-8ac0-c7c6af6b75f7.7871f.json
gl_mahjong,assets/experiment/GLMahjongComboEffectText/imgs/Excellent,cc.SpriteFrame,1a4a9d08-4bdf-4423-907e-9177919c7bac,assets\gl_mahjong\import\1a\1a4a9d08-4bdf-4423-907e-9177919c7bac.0d8a2.json
gl_mahjong,assets/experiment/GLMahjongComboEffectText/imgs/Excellent,cc.Texture2D,95c5d9ea-043f-4de6-bb74-21f148cf9e8e,assets\gl_mahjong\import\95\95c5d9ea-043f-4de6-bb74-21f148cf9e8e.7871f.json
gl_mahjong,assets/experiment/GLMahjongComboEffectText/imgs/Good,cc.SpriteFrame,d64489f7-bb8b-4da1-8720-36c1fe76f716,assets\gl_mahjong\import\d6\d64489f7-bb8b-4da1-8720-36c1fe76f716.69e38.json
gl_mahjong,assets/experiment/GLMahjongComboEffectText/imgs/Good,cc.Texture2D,b39ba1f3-d730-4345-b243-0da8fe8bea8a,assets\gl_mahjong\import\b3\b39ba1f3-d730-4345-b243-0da8fe8bea8a.7871f.json
gl_mahjong,assets/experiment/GLMahjongComboEffectText/imgs/Great,cc.SpriteFrame,1a2f175c-1e4c-48cc-9777-96e0a7e93af4,assets\gl_mahjong\import\1a\1a2f175c-1e4c-48cc-9777-96e0a7e93af4.bcbb0.json
gl_mahjong,assets/experiment/GLMahjongComboEffectText/imgs/Great,cc.Texture2D,1d6a3d86-8847-4e43-bf7b-86d4cc8003b1,assets\gl_mahjong\import\1d\1d6a3d86-8847-4e43-bf7b-86d4cc8003b1.7871f.json
gl_mahjong,assets/experiment/GLMahjongComboEffectText/imgs/Unbelievable,cc.SpriteFrame,83a22bc6-dff8-4c12-aff6-dde2c3e96eec,assets\gl_mahjong\import\83\83a22bc6-dff8-4c12-aff6-dde2c3e96eec.965db.json
gl_mahjong,assets/experiment/GLMahjongComboEffectText/imgs/Unbelievable,cc.Texture2D,7c09e72c-1568-4f1e-bc4d-062b1b4daf31,assets\gl_mahjong\import\7c\7c09e72c-1568-4f1e-bc4d-062b1b4daf31.7871f.json
gl_mahjong,assets/fonts/Roboto-Bold,cc.TTFFont,c6388873-b0ee-4d00-aaf7-522ad7f69aa4,assets\gl_mahjong\import\c6\c6388873-b0ee-4d00-aaf7-522ad7f69aa4.10975.json
gl_mahjong,assets/fonts/comboFont,cc.LabelAtlas,ee427711-1d97-4dcb-aafe-c17ade88d19a,assets\gl_mahjong\import\ee\ee427711-1d97-4dcb-aafe-c17ade88d19a.2a18c.json
gl_mahjong,assets/fonts/comboNum,cc.SpriteFrame,97b0b3f3-a8fa-40bd-a71b-b03d96b3edc6,assets\gl_mahjong\import\97\97b0b3f3-a8fa-40bd-a71b-b03d96b3edc6.4993f.json
gl_mahjong,assets/fonts/comboNum,cc.Texture2D,6534c30e-0d61-4a91-a426-8e7609c141ea,assets\gl_mahjong\import\65\6534c30e-0d61-4a91-a426-8e7609c141ea.7871f.json
gl_mahjong,assets/icons/V3/V3_Color/V3_Color_Blue/BG,cc.SpriteFrame,47b2f2c4-96fc-459d-84a1-87f5904dc5f7,assets\gl_mahjong\import\47\47b2f2c4-96fc-459d-84a1-87f5904dc5f7.dd46c.json
gl_mahjong,assets/icons/V3/V3_Color/V3_Color_Blue/BG,cc.Texture2D,296c7fc2-67a9-42c2-9de1-a866863d8921,assets\gl_mahjong\import\29\296c7fc2-67a9-42c2-9de1-a866863d8921.7871f.json
gl_mahjong,assets/icons/V3/V3_Color/V3_Color_Blue/ScoreBG,cc.SpriteFrame,d263eb59-2da2-45c3-83c8-6c85b1fc72ff,assets\gl_mahjong\import\d2\d263eb59-2da2-45c3-83c8-6c85b1fc72ff.b1c55.json
gl_mahjong,assets/icons/V3/V3_Color/V3_Color_Blue/ScoreBG,cc.Texture2D,5bc2586a-ffb1-442b-b0a7-85635c134d8b,assets\gl_mahjong\import\5b\5bc2586a-ffb1-442b-b0a7-85635c134d8b.7871f.json
gl_mahjong,assets/icons/V3_W5/BG,cc.SpriteFrame,71b96d21-64e8-4e1f-be23-c8c65e23a2f0,assets\gl_mahjong\import\71\71b96d21-64e8-4e1f-be23-c8c65e23a2f0.e7c5f.json
gl_mahjong,assets/icons/V3_W5/BG,cc.Texture2D,8ecb12d7-1f75-40e4-b76e-d71e438d8b97,assets\gl_mahjong\import\8e\8ecb12d7-1f75-40e4-b76e-d71e438d8b97.7871f.json
gl_mahjong,assets/icons/V3_W5/Mask,cc.SpriteFrame,f44c4440-4c87-4675-8ff3-ab6f4fc2ec7f,assets\gl_mahjong\import\f4\f44c4440-4c87-4675-8ff3-ab6f4fc2ec7f.49cd4.json
gl_mahjong,assets/icons/V3_W5/Mask,cc.Texture2D,747d9712-c8da-4432-b5c7-8c19ec1e69bf,assets\gl_mahjong\import\74\747d9712-c8da-4432-b5c7-8c19ec1e69bf.7871f.json
gl_mahjong,assets/icons/V3_W5/Shadow,cc.SpriteFrame,44d7533f-196a-46f5-b3c7-54d1e3572651,assets\gl_mahjong\import\44\44d7533f-196a-46f5-b3c7-54d1e3572651.b2766.json
gl_mahjong,assets/icons/V3_W5/Shadow,cc.Texture2D,d2e77b83-dc06-4542-80be-09172f73f586,assets\gl_mahjong\import\d2\d2e77b83-dc06-4542-80be-09172f73f586.7871f.json
gl_mahjong,assets/icons/V3_W5_1/BG,cc.SpriteFrame,5f372e69-ef68-49bc-af69-ae85d84fe667,assets\gl_mahjong\import\5f\5f372e69-ef68-49bc-af69-ae85d84fe667.4a62c.json
gl_mahjong,assets/icons/V3_W5_1/BG,cc.Texture2D,9f392979-006b-4e24-baa5-5939d57f11e4,assets\gl_mahjong\import\9f\9f392979-006b-4e24-baa5-5939d57f11e4.7871f.json
gl_mahjong,assets/icons/V3_W5_1/Mask,cc.SpriteFrame,eee172a7-1332-4b98-a8cc-4e9b5ff05148,assets\gl_mahjong\import\ee\eee172a7-1332-4b98-a8cc-4e9b5ff05148.154eb.json
gl_mahjong,assets/icons/V3_W5_1/Mask,cc.Texture2D,ac9b7169-be7a-412a-873c-f92503303b97,assets\gl_mahjong\import\ac\ac9b7169-be7a-412a-873c-f92503303b97.7871f.json
gl_mahjong,assets/icons/V3_W5_1/Shadow,cc.SpriteFrame,5f06b3c9-bd0c-4e8a-8d17-62511012dd99,assets\gl_mahjong\import\5f\5f06b3c9-bd0c-4e8a-8d17-62511012dd99.2c4a2.json
gl_mahjong,assets/icons/V3_W5_1/Shadow,cc.Texture2D,c2a77128-a0af-415b-8e73-1c84cafc14b0,assets\gl_mahjong\import\c2\c2a77128-a0af-415b-8e73-1c84cafc14b0.7871f.json
gl_mahjong,assets/icons/V3_W6/BG,cc.SpriteFrame,9819571a-e54e-451f-b619-da8217cc7413,assets\gl_mahjong\import\98\9819571a-e54e-451f-b619-da8217cc7413.8c63c.json
gl_mahjong,assets/icons/V3_W6/BG,cc.Texture2D,65cc0cf5-829d-4b8e-a1c0-05b2d2b355ee,assets\gl_mahjong\import\65\65cc0cf5-829d-4b8e-a1c0-05b2d2b355ee.7871f.json
gl_mahjong,assets/icons/V3_W6/Mask,cc.SpriteFrame,29b3640b-b5cb-4ae8-ade4-a81c1ec8f1b0,assets\gl_mahjong\import\29\29b3640b-b5cb-4ae8-ade4-a81c1ec8f1b0.49aad.json
gl_mahjong,assets/icons/V3_W6/Mask,cc.Texture2D,a4db5b56-33df-4f1b-8094-a7179ea9ceca,assets\gl_mahjong\import\a4\a4db5b56-33df-4f1b-8094-a7179ea9ceca.7871f.json
gl_mahjong,assets/icons/V3_W6/Shadow,cc.SpriteFrame,a8de0325-08ce-4589-a96f-cfac1ff74cfe,assets\gl_mahjong\import\a8\a8de0325-08ce-4589-a96f-cfac1ff74cfe.af8ff.json
gl_mahjong,assets/icons/V3_W6/Shadow,cc.Texture2D,1ff98489-f2f6-4218-a9e1-3f8ac4b0a0c1,assets\gl_mahjong\import\1f\1ff98489-f2f6-4218-a9e1-3f8ac4b0a0c1.7871f.json
gl_mahjong,assets/icons/V3_W6_1/BG,cc.SpriteFrame,fb461195-05e0-4673-b120-793656b0f522,assets\gl_mahjong\import\fb\fb461195-05e0-4673-b120-793656b0f522.e1f70.json
gl_mahjong,assets/icons/V3_W6_1/BG,cc.Texture2D,cdb33827-a892-4ccd-835f-71b006d87088,assets\gl_mahjong\import\cd\cdb33827-a892-4ccd-835f-71b006d87088.7871f.json
gl_mahjong,assets/icons/V3_W6_1/Mask,cc.SpriteFrame,eec193e8-b8cd-47b2-bff0-f2ded27081c3,assets\gl_mahjong\import\ee\eec193e8-b8cd-47b2-bff0-f2ded27081c3.f9804.json
gl_mahjong,assets/icons/V3_W6_1/Mask,cc.Texture2D,aa2f341f-cee1-4d04-a2fc-91f5e16daa5f,assets\gl_mahjong\import\aa\aa2f341f-cee1-4d04-a2fc-91f5e16daa5f.7871f.json
gl_mahjong,assets/icons/V3_W6_1/Shadow,cc.SpriteFrame,11e967f3-8faa-4dfb-8eaf-5495b9758527,assets\gl_mahjong\import\11\11e967f3-8faa-4dfb-8eaf-5495b9758527.9a8a4.json
gl_mahjong,assets/icons/V3_W6_1/Shadow,cc.Texture2D,1dca80af-ca63-4024-ba19-7da2b9568f07,assets\gl_mahjong\import\1d\1dca80af-ca63-4024-ba19-7da2b9568f07.7871f.json
gl_mahjong,assets/icons/V3_W7/BG,cc.SpriteFrame,2ef7d341-af1c-4296-90a7-780719fa242f,assets\gl_mahjong\import\2e\2ef7d341-af1c-4296-90a7-780719fa242f.30604.json
gl_mahjong,assets/icons/V3_W7/BG,cc.Texture2D,2ec61f07-ff14-4fea-9ff3-f714bfac1d37,assets\gl_mahjong\import\2e\2ec61f07-ff14-4fea-9ff3-f714bfac1d37.7871f.json
gl_mahjong,assets/icons/V3_W7/Mask,cc.SpriteFrame,a66059b9-9096-450e-9fcf-cb4abe9adaa0,assets\gl_mahjong\import\a6\a66059b9-9096-450e-9fcf-cb4abe9adaa0.0f41c.json
gl_mahjong,assets/icons/V3_W7/Mask,cc.Texture2D,8ff30074-5617-4c2c-940c-3c68e1f07afa,assets\gl_mahjong\import\8f\8ff30074-5617-4c2c-940c-3c68e1f07afa.7871f.json
gl_mahjong,assets/icons/V3_W7/Shadow,cc.SpriteFrame,0999c42e-08e9-4902-9f43-96aba19d071a,assets\gl_mahjong\import\09\0999c42e-08e9-4902-9f43-96aba19d071a.0f1fe.json
gl_mahjong,assets/icons/V3_W7/Shadow,cc.Texture2D,679cb1c2-d567-4189-a25c-baf10000a03f,assets\gl_mahjong\import\67\679cb1c2-d567-4189-a25c-baf10000a03f.7871f.json
gl_mahjong,assets/icons/V3_W7_1/BG,cc.SpriteFrame,2b08685f-a9ee-451a-a6d1-2e6d2f58c769,assets\gl_mahjong\import\2b\2b08685f-a9ee-451a-a6d1-2e6d2f58c769.5f280.json
gl_mahjong,assets/icons/V3_W7_1/BG,cc.Texture2D,cd9de1ab-d0ba-4aaa-87a6-aae45f8ce09b,assets\gl_mahjong\import\cd\cd9de1ab-d0ba-4aaa-87a6-aae45f8ce09b.7871f.json
gl_mahjong,assets/icons/V3_W7_1/Mask,cc.SpriteFrame,895c1324-6061-4e50-90f9-04bc0fdfb1cb,assets\gl_mahjong\import\89\895c1324-6061-4e50-90f9-04bc0fdfb1cb.46857.json
gl_mahjong,assets/icons/V3_W7_1/Mask,cc.Texture2D,222f38a4-555b-47e4-869b-26478235a2c2,assets\gl_mahjong\import\22\222f38a4-555b-47e4-869b-26478235a2c2.7871f.json
gl_mahjong,assets/icons/V3_W7_1/Shadow,cc.SpriteFrame,2f80cf60-559a-449b-a22f-59d39ff64223,assets\gl_mahjong\import\2f\2f80cf60-559a-449b-a22f-59d39ff64223.109ce.json
gl_mahjong,assets/icons/V3_W7_1/Shadow,cc.Texture2D,cc623b34-51dd-4cb7-8e83-a34c86ce9c39,assets\gl_mahjong\import\cc\cc623b34-51dd-4cb7-8e83-a34c86ce9c39.7871f.json
gl_mahjong,assets/icons/V3_W8/BG,cc.SpriteFrame,da335d47-fdd4-4c29-9d14-760147df4e84,assets\gl_mahjong\import\da\da335d47-fdd4-4c29-9d14-760147df4e84.67c08.json
gl_mahjong,assets/icons/V3_W8/BG,cc.Texture2D,03aa066b-dd21-46c1-85cc-6841470119a5,assets\gl_mahjong\import\03\03aa066b-dd21-46c1-85cc-6841470119a5.7871f.json
gl_mahjong,assets/icons/V3_W8/Mask,cc.SpriteFrame,cd9ef9b7-e99f-4386-aa71-c6d602b9e6e0,assets\gl_mahjong\import\cd\cd9ef9b7-e99f-4386-aa71-c6d602b9e6e0.54875.json
gl_mahjong,assets/icons/V3_W8/Mask,cc.Texture2D,443ee50c-5643-4a3a-af72-ccaaccbf8cc7,assets\gl_mahjong\import\44\443ee50c-5643-4a3a-af72-ccaaccbf8cc7.7871f.json
gl_mahjong,assets/icons/V3_W8/Shadow,cc.SpriteFrame,b6cca099-ca56-41c1-948c-54474778e026,assets\gl_mahjong\import\b6\b6cca099-ca56-41c1-948c-54474778e026.249be.json
gl_mahjong,assets/icons/V3_W8/Shadow,cc.Texture2D,6f97e3a7-ec3f-4131-9329-760665023ce0,assets\gl_mahjong\import\6f\6f97e3a7-ec3f-4131-9329-760665023ce0.7871f.json
gl_mahjong,assets/icons/V3_W8_1/BG,cc.SpriteFrame,37c28643-002d-4dca-84f1-56b873dd4461,assets\gl_mahjong\import\37\37c28643-002d-4dca-84f1-56b873dd4461.539e8.json
gl_mahjong,assets/icons/V3_W8_1/BG,cc.Texture2D,7ec12ba0-b5ec-446a-8638-08963d5f2b96,assets\gl_mahjong\import\7e\7ec12ba0-b5ec-446a-8638-08963d5f2b96.7871f.json
gl_mahjong,assets/icons/V3_W8_1/Mask,cc.SpriteFrame,f16f61f2-fab7-420e-b098-5b8cae8bc0d5,assets\gl_mahjong\import\f1\f16f61f2-fab7-420e-b098-5b8cae8bc0d5.df862.json
gl_mahjong,assets/icons/V3_W8_1/Mask,cc.Texture2D,52b4536c-8c53-4905-9bbd-67cbcda45e1e,assets\gl_mahjong\import\52\52b4536c-8c53-4905-9bbd-67cbcda45e1e.7871f.json
gl_mahjong,assets/icons/V3_W8_1/Shadow,cc.SpriteFrame,919200ca-0d76-4bf5-8983-24258b84d4cc,assets\gl_mahjong\import\91\919200ca-0d76-4bf5-8983-24258b84d4cc.599a4.json
gl_mahjong,assets/icons/V3_W8_1/Shadow,cc.Texture2D,e0584f52-7dd5-4114-8805-698aa5310ee9,assets\gl_mahjong\import\e0\e0584f52-7dd5-4114-8805-698aa5310ee9.7871f.json
gl_mahjong,assets/icons/V3_W9/BG,cc.SpriteFrame,9f02b6f9-16ac-47b5-9c04-f662ba0630a4,assets\gl_mahjong\import\9f\9f02b6f9-16ac-47b5-9c04-f662ba0630a4.27df1.json
gl_mahjong,assets/icons/V3_W9/BG,cc.Texture2D,4139a682-1344-4897-8f43-b07cbf5feafa,assets\gl_mahjong\import\41\4139a682-1344-4897-8f43-b07cbf5feafa.7871f.json
gl_mahjong,assets/icons/V3_W9/Mask,cc.SpriteFrame,233b8150-9e48-417f-864c-0a1f756a611d,assets\gl_mahjong\import\23\233b8150-9e48-417f-864c-0a1f756a611d.4b5d9.json
gl_mahjong,assets/icons/V3_W9/Mask,cc.Texture2D,8714f71d-b1ea-4032-a7ad-023192ba8fa6,assets\gl_mahjong\import\87\8714f71d-b1ea-4032-a7ad-023192ba8fa6.7871f.json
gl_mahjong,assets/icons/V3_W9/Shadow,cc.SpriteFrame,eb7b7cec-cd7d-4871-b90c-794f97a2b5a6,assets\gl_mahjong\import\eb\eb7b7cec-cd7d-4871-b90c-794f97a2b5a6.762e9.json
gl_mahjong,assets/icons/V3_W9/Shadow,cc.Texture2D,57c9754c-726e-4783-b0c7-2dcb966cfe84,assets\gl_mahjong\import\57\57c9754c-726e-4783-b0c7-2dcb966cfe84.7871f.json
gl_mahjong,assets/imgRes/LockTipsBg,cc.SpriteFrame,cf595106-5e1f-445f-8532-a55e82bf9e00,assets\gl_mahjong\import\cf\cf595106-5e1f-445f-8532-a55e82bf9e00.1eccb.json
gl_mahjong,assets/imgRes/LockTipsBg,cc.Texture2D,bae6916a-fe66-4abe-a47a-80d4b7fdf34b,assets\gl_mahjong\import\ba\bae6916a-fe66-4abe-a47a-80d4b7fdf34b.7871f.json
gl_mahjong,assets/imgRes/allcombo,cc.SpriteFrame,ef8e8d78-cf82-4e2c-bb29-b51c72ae91c6,assets\gl_mahjong\import\ef\ef8e8d78-cf82-4e2c-bb29-b51c72ae91c6.8d9db.json
gl_mahjong,assets/imgRes/allcombo,cc.Texture2D,1ae4e665-309e-4b17-a82c-719f9a6a12a6,assets\gl_mahjong\import\1a\1ae4e665-309e-4b17-a82c-719f9a6a12a6.7871f.json
gl_mahjong,assets/imgRes/btn_round10,cc.SpriteFrame,cf0c276a-76a9-405b-8725-65ec6fe7fe9d,assets\gl_mahjong\import\cf\cf0c276a-76a9-405b-8725-65ec6fe7fe9d.64c26.json
gl_mahjong,assets/imgRes/btn_round10,cc.Texture2D,94f3c33c-3d94-4a0e-8d3c-24a0baeb8de8,assets\gl_mahjong\import\94\94f3c33c-3d94-4a0e-8d3c-24a0baeb8de8.7871f.json
gl_mahjong,assets/imgRes/combo@3x,cc.SpriteFrame,917b3113-d8e8-4339-997e-e220821cd630,assets\gl_mahjong\import\91\917b3113-d8e8-4339-997e-e220821cd630.73770.json
gl_mahjong,assets/imgRes/combo@3x,cc.Texture2D,11bef511-15d3-412c-8b6b-c0f6d0ddbd3c,assets\gl_mahjong\import\11\11bef511-15d3-412c-8b6b-c0f6d0ddbd3c.7871f.json
gl_mahjong,assets/imgRes/guidehand,cc.SpriteFrame,ebfedaaf-8aaa-4e1d-ba07-672b76fb85d0,assets\gl_mahjong\import\eb\ebfedaaf-8aaa-4e1d-ba07-672b76fb85d0.8f46a.json
gl_mahjong,assets/imgRes/guidehand,cc.Texture2D,e4a737e1-52e9-4e87-84c6-855c3366cb0a,assets\gl_mahjong\import\e4\e4a737e1-52e9-4e87-84c6-855c3366cb0a.7871f.json
gl_mahjong,assets/imgRes/guidetipsbg,cc.SpriteFrame,4ea68163-4fbc-4a2d-83ac-85631c992b65,assets\gl_mahjong\import\4e\4ea68163-4fbc-4a2d-83ac-85631c992b65.6ba42.json
gl_mahjong,assets/imgRes/guidetipsbg,cc.Texture2D,42fbbd38-32c1-4c60-9c73-7723eb4f536f,assets\gl_mahjong\import\42\42fbbd38-32c1-4c60-9c73-7723eb4f536f.7871f.json
gl_mahjong,assets/imgRes/icon_back,cc.SpriteFrame,4f43cdae-d2b1-45f0-a52c-e9bc181eb50d,assets\gl_mahjong\import\4f\4f43cdae-d2b1-45f0-a52c-e9bc181eb50d.c1386.json
gl_mahjong,assets/imgRes/icon_back,cc.Texture2D,9f52a28b-a6ab-4c22-b28f-bdb1a261b612,assets\gl_mahjong\import\9f\9f52a28b-a6ab-4c22-b28f-bdb1a261b612.7871f.json
gl_mahjong,assets/imgRes/icon_banner_title,cc.SpriteFrame,c4dd4f49-aaaf-4382-8506-fb94a50ccd68,assets\gl_mahjong\import\c4\c4dd4f49-aaaf-4382-8506-fb94a50ccd68.5a889.json
gl_mahjong,assets/imgRes/icon_banner_title,cc.Texture2D,53f911bc-2a31-4a18-9e63-9a44072eb1b2,assets\gl_mahjong\import\53\53f911bc-2a31-4a18-9e63-9a44072eb1b2.7871f.json
gl_mahjong,assets/imgRes/icon_hint,cc.SpriteFrame,4a6df79f-287c-4a5e-a79e-a8f442f16395,assets\gl_mahjong\import\4a\4a6df79f-287c-4a5e-a79e-a8f442f16395.6b175.json
gl_mahjong,assets/imgRes/icon_hint,cc.Texture2D,518673cf-dd4c-4492-94dd-4a4a3661d980,assets\gl_mahjong\import\51\518673cf-dd4c-4492-94dd-4a4a3661d980.7871f.json
gl_mahjong,assets/imgRes/icon_restart,cc.SpriteFrame,333311e7-f817-42e9-8313-155ad2f33f85,assets\gl_mahjong\import\33\333311e7-f817-42e9-8313-155ad2f33f85.1af92.json
gl_mahjong,assets/imgRes/icon_restart,cc.Texture2D,6b220ac0-f5dd-469d-907d-c19f8d61601b,assets\gl_mahjong\import\6b\6b220ac0-f5dd-469d-907d-c19f8d61601b.7871f.json
gl_mahjong,assets/imgRes/icon_shuffle,cc.SpriteFrame,e15bd032-4bc9-4457-9427-fb005ba043d9,assets\gl_mahjong\import\e1\e15bd032-4bc9-4457-9427-fb005ba043d9.dab5b.json
gl_mahjong,assets/imgRes/icon_shuffle,cc.Texture2D,04cdb69c-b2ef-48d3-9320-803756c5488e,assets\gl_mahjong\import\04\04cdb69c-b2ef-48d3-9320-803756c5488e.7871f.json
gl_mahjong,assets/imgRes/icon_skip,cc.SpriteFrame,2b1363f1-3743-4ee7-abe1-7c041cb3980a,assets\gl_mahjong\import\2b\2b1363f1-3743-4ee7-abe1-7c041cb3980a.68604.json
gl_mahjong,assets/imgRes/icon_skip,cc.Texture2D,a30f992b-7687-496c-b5ae-2e1ff52d496a,assets\gl_mahjong\import\a3\a30f992b-7687-496c-b5ae-2e1ff52d496a.7871f.json
gl_mahjong,assets/imgRes/icon_undo,cc.SpriteFrame,b5c215fd-3e37-4d92-a8d1-6552ca17b768,assets\gl_mahjong\import\b5\b5c215fd-3e37-4d92-a8d1-6552ca17b768.d7154.json
gl_mahjong,assets/imgRes/icon_undo,cc.Texture2D,355f08f2-65d5-4533-9b58-f277f0bda1d6,assets\gl_mahjong\import\35\355f08f2-65d5-4533-9b58-f277f0bda1d6.7871f.json
gl_mahjong,assets/imgRes/infoBg,cc.SpriteFrame,629ac84e-ed23-40d1-b7b3-c734c60f3a5c,assets\gl_mahjong\import\62\629ac84e-ed23-40d1-b7b3-c734c60f3a5c.814bc.json
gl_mahjong,assets/imgRes/infoBg,cc.Texture2D,c936395d-f74b-41e4-918a-be8a8161e498,assets\gl_mahjong\import\c9\c936395d-f74b-41e4-918a-be8a8161e498.7871f.json
gl_mahjong,assets/imgRes/info_frame,cc.SpriteFrame,d25c1857-0426-4e65-a7a4-6b9eff42bf89,assets\gl_mahjong\import\d2\d25c1857-0426-4e65-a7a4-6b9eff42bf89.d580d.json
gl_mahjong,assets/imgRes/info_frame,cc.Texture2D,9deb70c3-0bd5-4263-8669-537cef1fa946,assets\gl_mahjong\import\9d\9deb70c3-0bd5-4263-8669-537cef1fa946.7871f.json
gl_mahjong,assets/imgRes/line,cc.SpriteFrame,7d0e89d3-b656-47fd-9f52-f19351dac4e4,assets\gl_mahjong\import\7d\7d0e89d3-b656-47fd-9f52-f19351dac4e4.d9dc5.json
gl_mahjong,assets/imgRes/line,cc.Texture2D,78307d89-cc26-49f0-adb6-45b1a017867d,assets\gl_mahjong\import\78\78307d89-cc26-49f0-adb6-45b1a017867d.7871f.json
gl_mahjong,assets/imgRes/prop_count_bg,cc.SpriteFrame,44eefcad-732a-4d32-b83a-eae13c1a77e7,assets\gl_mahjong\import\44\44eefcad-732a-4d32-b83a-eae13c1a77e7.e8839.json
gl_mahjong,assets/imgRes/prop_count_bg,cc.Texture2D,8b38cf05-3481-448c-904b-824ceaadf1cc,assets\gl_mahjong\import\8b\8b38cf05-3481-448c-904b-824ceaadf1cc.7871f.json
gl_mahjong,assets/imgRes/prop_count_unlimited,cc.SpriteFrame,e7e9131d-cfd3-4ea9-abd7-8af157c4989c,assets\gl_mahjong\import\e7\e7e9131d-cfd3-4ea9-abd7-8af157c4989c.c41a1.json
gl_mahjong,assets/imgRes/prop_count_unlimited,cc.Texture2D,1be2746f-3746-4125-96e5-f82d207c01c1,assets\gl_mahjong\import\1b\1be2746f-3746-4125-96e5-f82d207c01c1.7871f.json
gl_mahjong,assets/imgRes/prop_video,cc.SpriteFrame,65c43f41-ca09-4be4-ac17-804226049c0c,assets\gl_mahjong\import\65\65c43f41-ca09-4be4-ac17-804226049c0c.3e425.json
gl_mahjong,assets/imgRes/prop_video,cc.Texture2D,c7a45931-d977-482f-9e28-ebb6d8c71884,assets\gl_mahjong\import\c7\c7a45931-d977-482f-9e28-ebb6d8c71884.7871f.json
gl_mahjong,assets/prefabs/effects/EffectAllCombo,cc.Prefab,62aada0d-1c6b-4ea8-a45a-2c9c776a8ffa,assets\gl_mahjong\import\62\62aada0d-1c6b-4ea8-a45a-2c9c776a8ffa.b9398.json
gl_mahjong,assets/prefabs/effects/EffectBlockEffect,cc.Prefab,5442fff2-c979-4395-a8c2-732441bdfc6e,assets\gl_mahjong\import\54\5442fff2-c979-4395-a8c2-732441bdfc6e.b7ff9.json
gl_mahjong,assets/prefabs/effects/EffectClickable,cc.Prefab,72ee5157-1f19-4b76-a6c7-d91cb15cb01f,assets\gl_mahjong\import\72\72ee5157-1f19-4b76-a6c7-d91cb15cb01f.ccbe7.json
gl_mahjong,assets/prefabs/effects/EffectCombo,cc.Prefab,597345c4-7860-4f8a-9d44-1292635c0493,assets\gl_mahjong\import\59\597345c4-7860-4f8a-9d44-1292635c0493.3c2bb.json
gl_mahjong,assets/prefabs/effects/EffectMerger,cc.Prefab,b7983f11-6d05-4265-9f48-72e60a8dbbca,assets\gl_mahjong\import\b7\b7983f11-6d05-4265-9f48-72e60a8dbbca.da743.json
gl_mahjong,assets/prefabs/effects/EffectMergerCombo,cc.Prefab,706ff79b-3f45-4902-b9a3-dcacaf857aa9,assets\gl_mahjong\import\70\706ff79b-3f45-4902-b9a3-dcacaf857aa9.968e6.json
gl_mahjong,assets/prefabs/effects/EffectPropHint,cc.Prefab,ab90ad6a-3cbe-44d4-9576-13e6951836c9,assets\gl_mahjong\import\ab\ab90ad6a-3cbe-44d4-9576-13e6951836c9.eb5bb.json
gl_mahjong,assets/prefabs/effects/EffectRewardEffect,cc.Prefab,ec724d2d-20eb-4d09-8208-94d243483e34,assets\gl_mahjong\import\ec\ec724d2d-20eb-4d09-8208-94d243483e34.f92ef.json
gl_mahjong,assets/prefabs/effects/EffectSelected,cc.Prefab,5ce91fa3-7bed-459b-93e0-798ac16efc49,assets\gl_mahjong\import\5c\5ce91fa3-7bed-459b-93e0-798ac16efc49.cbb89.json
gl_mahjong,assets/prefabs/items/GLMahjongCardTileItem,cc.Prefab,af52d843-e1d9-45dc-a81b-50a7baedc9d7,assets\gl_mahjong\import\af\af52d843-e1d9-45dc-a81b-50a7baedc9d7.2a56f.json
gl_mahjong,assets/prefabs/items/GLMahjongCardTileShadowItem,cc.Prefab,cd983f97-e0a4-4755-8c7a-ae9dbe22763f,assets\gl_mahjong\import\cd\cd983f97-e0a4-4755-8c7a-ae9dbe22763f.4b0e9.json
gl_mahjong,assets/prefabs/items/GLMahjongPropCornerItem,cc.Prefab,a09be94f-e4bb-469b-a8f2-031b3782df99,assets\gl_mahjong\import\a0\a09be94f-e4bb-469b-a8f2-031b3782df99.3fd0b.json
gl_mahjong,assets/prefabs/items/GLMahjongTipItem,cc.Prefab,fc9050c6-f42f-4b7b-826d-267d1c216b57,assets\gl_mahjong\import\fc\fc9050c6-f42f-4b7b-826d-267d1c216b57.74ec2.json
gl_mahjong,assets/prefabs/ui/GLMahjongGameView,cc.Prefab,21ea528c-27e5-4b8c-9341-1700d46ccec4,assets\gl_mahjong\import\21\21ea528c-27e5-4b8c-9341-1700d46ccec4.904df.json
gl_mahjong,assets/prefabs/ui/GLMahjongGuideView,cc.Prefab,df92eaec-db16-40b8-8616-ef870cb624b8,assets\gl_mahjong\import\df\df92eaec-db16-40b8-8616-ef870cb624b8.59ded.json
gl_mahjong,assets/scenes/glMahjongPrefab,cc.Prefab,e6991506-3a5b-4b56-84fa-a489df00f582,assets\gl_mahjong\import\e6\e6991506-3a5b-4b56-84fa-a489df00f582.f49c5.json
gl_mahjong,byteData/level_data,cc.BufferAsset,c825b3b3-c021-40b5-ac6a-9ad4bde629e6,assets\gl_mahjong\import\c8\c825b3b3-c021-40b5-ac6a-9ad4bde629e6.8cc90.json
gl_mahjong,byteData/level_data_offsets,cc.BufferAsset,26bdfd0d-13f9-40ef-8ba1-9136e426b830,assets\gl_mahjong\import\26\26bdfd0d-13f9-40ef-8ba1-9136e426b830.4c5e4.json
gl_mahjong,scripts/libs/big-integer/BigNum.d,cc.TextAsset,1774c7fa-c617-4387-8af0-ecde2e9e5b5f,assets\gl_mahjong\import\17\1774c7fa-c617-4387-8af0-ecde2e9e5b5f.82c29.json
gl_mahjong,scripts/libs/big-integer/README,cc.TextAsset,872f2ea0-d08c-4c2c-98d0-691383a6c265,assets\gl_mahjong\import\87\872f2ea0-d08c-4c2c-98d0-691383a6c265.001de.json
gl_mahjong,scripts/logic/traits/readme,cc.TextAsset,421ad564-8ee8-4a4a-95fb-5e6324526c5c,assets\gl_mahjong\import\42\421ad564-8ee8-4a4a-95fb-5e6324526c5c.d4b60.json
gl_oneline,GameRes/ Effect/HsBlockFill_0414,cc.SpriteFrame,4944126c-da4a-4b4a-996c-232e5025edbf,assets\gl_oneline\import\49\4944126c-da4a-4b4a-996c-232e5025edbf.47e71.json
gl_oneline,GameRes/ Effect/HsBlockFill_0414,cc.Texture2D,d3405f8d-0a1a-4c29-bdfe-318e0c70b9a2,assets\gl_oneline\import\d3\d3405f8d-0a1a-4c29-bdfe-318e0c70b9a2.7871f.json
gl_oneline,GameRes/ Effect/HsBlockFill_0414,sp.SkeletonData,f7a170d2-cfb5-446c-8d34-81ff60ce47db,assets\gl_oneline\import\f7\f7a170d2-cfb5-446c-8d34-81ff60ce47db.d2062.json
gl_oneline,GameRes/ Effect/HsBlockFill_0414.atlas,cc.TextAsset,0c77fdcc-eb5b-4b92-96bc-c7a6ba8366b6,assets\gl_oneline\import\0c\0c77fdcc-eb5b-4b92-96bc-c7a6ba8366b6.f927a.json
gl_oneline,GameRes/ Effect/HsBlockFill_0418,cc.SpriteFrame,1700fb67-911c-4d63-a866-1ce6e3f3e5b7,assets\gl_oneline\import\17\1700fb67-911c-4d63-a866-1ce6e3f3e5b7.4b6ab.json
gl_oneline,GameRes/ Effect/HsBlockFill_0418,cc.Texture2D,3f6dfee4-ee01-4770-8ab6-faaabad794a0,assets\gl_oneline\import\3f\3f6dfee4-ee01-4770-8ab6-faaabad794a0.7871f.json
gl_oneline,GameRes/ Effect/HsBlockFill_0418,sp.SkeletonData,aaa1f0bc-9a4a-4f66-ae0c-e58364259139,assets\gl_oneline\import\aa\aaa1f0bc-9a4a-4f66-ae0c-e58364259139.5260e.json
gl_oneline,GameRes/ Effect/HsBlockFill_0418.atlas,cc.TextAsset,18d401b0-761c-4edf-9cb4-a900510760b4,assets\gl_oneline\import\18\18d401b0-761c-4edf-9cb4-a900510760b4.01448.json
gl_oneline,GameRes/ Effect/Oneline_gameplay_king,cc.Asset,3505dc88-59c4-4eb3-8be9-70a951c58c6a,assets\gl_oneline\import\35\3505dc88-59c4-4eb3-8be9-70a951c58c6a.0a6b5.json
gl_oneline,GameRes/ Effect/Oneline_gameplay_king,cc.SpriteFrame,5a332ab7-f9ab-4d98-a12f-424e24f99e52,assets\gl_oneline\import\5a\5a332ab7-f9ab-4d98-a12f-424e24f99e52.70b56.json
gl_oneline,GameRes/ Effect/Oneline_gameplay_king,cc.Texture2D,728dfc2f-12ba-4abb-9363-66d95f238546,assets\gl_oneline\import\72\728dfc2f-12ba-4abb-9363-66d95f238546.7871f.json
gl_oneline,GameRes/ Effect/Oneline_gameplay_king,sp.SkeletonData,640fee9d-9f5b-4299-bc72-c38742695914,assets\gl_oneline\import\64\640fee9d-9f5b-4299-bc72-c38742695914.99ace.json
gl_oneline,GameRes/ Effect/finger,cc.SpriteFrame,b31c2e9d-98a5-4133-b4c4-558a6fa7d811,assets\gl_oneline\import\b3\b31c2e9d-98a5-4133-b4c4-558a6fa7d811.2871b.json
gl_oneline,GameRes/ Effect/finger,cc.Texture2D,cb3be145-a8bf-468d-b80e-4a6030990db3,assets\gl_oneline\import\cb\cb3be145-a8bf-468d-b80e-4a6030990db3.7871f.json
gl_oneline,GameRes/ Effect/finger,sp.SkeletonData,b77c2199-8ac0-414a-8e0b-92cd08711ce5,assets\gl_oneline\import\b7\b77c2199-8ac0-414a-8e0b-92cd08711ce5.00d67.json
gl_oneline,GameRes/ Effect/finger.atlas,cc.TextAsset,c58b23f7-2a3a-49fc-b8e2-cdbd4a41ecb1,assets\gl_oneline\import\c5\c58b23f7-2a3a-49fc-b8e2-cdbd4a41ecb1.c8227.json
gl_oneline,GameRes/ Effect/lizi,cc.SpriteFrame,302fb2c7-8436-48b8-a839-cb6f129fe3ca,assets\gl_oneline\import\30\302fb2c7-8436-48b8-a839-cb6f129fe3ca.8cd35.json
gl_oneline,GameRes/ Effect/lizi,cc.Texture2D,63ab199b-1fa7-4076-bff9-d30bf15453d8,assets\gl_oneline\import\63\63ab199b-1fa7-4076-bff9-d30bf15453d8.7871f.json
gl_oneline,GameRes/ Effect/lizi,sp.SkeletonData,c3505714-dd8b-4913-8ccc-c8b23ab8ba14,assets\gl_oneline\import\c3\c3505714-dd8b-4913-8ccc-c8b23ab8ba14.e5873.json
gl_oneline,GameRes/ Effect/lizi.atlas,cc.TextAsset,831cd971-584a-4dbe-a148-89ac9ec0e7bf,assets\gl_oneline\import\83\831cd971-584a-4dbe-a148-89ac9ec0e7bf.31f68.json
gl_oneline,GameRes/ Effect/oneLine_gameplay_crownTips,cc.Asset,b2fe0193-5d6c-4795-81f9-73d7d6a5c571,assets\gl_oneline\import\b2\b2fe0193-5d6c-4795-81f9-73d7d6a5c571.0ab11.json
gl_oneline,GameRes/ Effect/oneLine_gameplay_crownTips,cc.SpriteFrame,2a64653b-49ea-4de3-8a3f-85754557027d,assets\gl_oneline\import\2a\2a64653b-49ea-4de3-8a3f-85754557027d.1db45.json
gl_oneline,GameRes/ Effect/oneLine_gameplay_crownTips,cc.Texture2D,b0c49029-5a2f-4aa1-a13f-5d676374a6ff,assets\gl_oneline\import\b0\b0c49029-5a2f-4aa1-a13f-5d676374a6ff.7871f.json
gl_oneline,GameRes/ Effect/oneLine_gameplay_crownTips,sp.SkeletonData,8615d8bc-62d4-45d7-addd-1cce44f3d8d5,assets\gl_oneline\import\86\8615d8bc-62d4-45d7-addd-1cce44f3d8d5.98080.json
gl_oneline,GameRes/Audio/fill_harp_01,cc.AudioClip,06795736-9c8c-4adc-a5c4-ab6ac7d67be2,assets\gl_oneline\import\06\06795736-9c8c-4adc-a5c4-ab6ac7d67be2.fcb1e.json
gl_oneline,GameRes/Audio/fill_harp_02,cc.AudioClip,2e1f7f2b-50c5-4868-a746-99eca7dda231,assets\gl_oneline\import\2e\2e1f7f2b-50c5-4868-a746-99eca7dda231.e2db8.json
gl_oneline,GameRes/Audio/fill_harp_03,cc.AudioClip,7fb0c024-1de9-4045-b6ba-00b499164d59,assets\gl_oneline\import\7f\7fb0c024-1de9-4045-b6ba-00b499164d59.1fb03.json
gl_oneline,GameRes/Audio/fill_harp_04,cc.AudioClip,21aa5c10-470a-4d11-a4bf-0a91098b2995,assets\gl_oneline\import\21\21aa5c10-470a-4d11-a4bf-0a91098b2995.d6823.json
gl_oneline,GameRes/Audio/fill_harp_05,cc.AudioClip,13cb8157-13ea-4196-8fdf-4c9be81f200d,assets\gl_oneline\import\13\13cb8157-13ea-4196-8fdf-4c9be81f200d.46652.json
gl_oneline,GameRes/Audio/fill_harp_06,cc.AudioClip,b028b5ca-6ecd-43bd-8f1c-e7a1939b99b7,assets\gl_oneline\import\b0\b028b5ca-6ecd-43bd-8f1c-e7a1939b99b7.9d196.json
gl_oneline,GameRes/Audio/fill_harp_07,cc.AudioClip,28396a56-541b-4e59-9d4d-5afd7a31033b,assets\gl_oneline\import\28\28396a56-541b-4e59-9d4d-5afd7a31033b.3e580.json
gl_oneline,GameRes/Audio/fill_harp_08,cc.AudioClip,32a9ac09-fb42-49cb-ad3d-1a112d2a3624,assets\gl_oneline\import\32\32a9ac09-fb42-49cb-ad3d-1a112d2a3624.d3ec8.json
gl_oneline,GameRes/Audio/fill_harp_09,cc.AudioClip,f01dc50d-9db7-45bc-a991-ae13939dd5b7,assets\gl_oneline\import\f0\f01dc50d-9db7-45bc-a991-ae13939dd5b7.d74a2.json
gl_oneline,GameRes/Audio/fill_harp_10,cc.AudioClip,4147f36c-56f4-4342-b637-084a1f44d2af,assets\gl_oneline\import\41\4147f36c-56f4-4342-b637-084a1f44d2af.ad8de.json
gl_oneline,GameRes/Audio/fill_harp_11,cc.AudioClip,e169abb0-bf34-49e7-97f9-c816eaef1ff6,assets\gl_oneline\import\e1\e169abb0-bf34-49e7-97f9-c816eaef1ff6.9b3b7.json
gl_oneline,GameRes/Audio/fill_harp_12,cc.AudioClip,62ef972c-c8a4-4fd4-a12e-3edb156d3a44,assets\gl_oneline\import\62\62ef972c-c8a4-4fd4-a12e-3edb156d3a44.dba4d.json
gl_oneline,GameRes/Audio/fill_harp_13,cc.AudioClip,a8fc7a08-0a3e-4cd6-ae5e-4f2e408c8f06,assets\gl_oneline\import\a8\a8fc7a08-0a3e-4cd6-ae5e-4f2e408c8f06.76d12.json
gl_oneline,GameRes/Audio/fill_harp_14,cc.AudioClip,7e690e5e-1021-4246-a442-6921e3f1e289,assets\gl_oneline\import\7e\7e690e5e-1021-4246-a442-6921e3f1e289.9e84c.json
gl_oneline,GameRes/Audio/fill_harp_15,cc.AudioClip,ae3ef359-de6c-4546-bd51-e396f8af44a0,assets\gl_oneline\import\ae\ae3ef359-de6c-4546-bd51-e396f8af44a0.74af1.json
gl_oneline,GameRes/Audio/fill_harp_16,cc.AudioClip,0efad84a-c42f-44c3-80a9-5697ab272536,assets\gl_oneline\import\0e\0efad84a-c42f-44c3-80a9-5697ab272536.fc082.json
gl_oneline,GameRes/Audio/fill_harp_17,cc.AudioClip,a204c196-a2a6-4051-80b3-0a559c470f3c,assets\gl_oneline\import\a2\a204c196-a2a6-4051-80b3-0a559c470f3c.a3dd0.json
gl_oneline,GameRes/Audio/fill_harp_18,cc.AudioClip,d758fdb9-7920-4682-a8ba-e8a1c1e65a41,assets\gl_oneline\import\d7\d758fdb9-7920-4682-a8ba-e8a1c1e65a41.3e459.json
gl_oneline,GameRes/Audio/fill_harp_19,cc.AudioClip,1cb1ce7c-1564-4083-b004-67c7384c861d,assets\gl_oneline\import\1c\1cb1ce7c-1564-4083-b004-67c7384c861d.77fd5.json
gl_oneline,GameRes/Audio/fill_harp_20,cc.AudioClip,b1a830d2-adb5-4d40-a0e6-0cb39cb31c1b,assets\gl_oneline\import\b1\b1a830d2-adb5-4d40-a0e6-0cb39cb31c1b.37e19.json
gl_oneline,GameRes/Audio/fill_harp_21,cc.AudioClip,727f807a-e6df-4e4e-b0c2-e6bb1e3a8a51,assets\gl_oneline\import\72\727f807a-e6df-4e4e-b0c2-e6bb1e3a8a51.b29db.json
gl_oneline,GameRes/Audio/fill_harp_22,cc.AudioClip,77838c7e-5910-4492-ab0f-a38096aaa857,assets\gl_oneline\import\77\77838c7e-5910-4492-ab0f-a38096aaa857.fa86a.json
gl_oneline,GameRes/Audio/fill_harp_23,cc.AudioClip,cfc16f06-e6d3-4fe6-820d-0f4a95f542dd,assets\gl_oneline\import\cf\cfc16f06-e6d3-4fe6-820d-0f4a95f542dd.33f2c.json
gl_oneline,GameRes/Audio/fill_line_start,cc.AudioClip,465fe975-78e9-4d5b-ba74-83f876b4f490,assets\gl_oneline\import\46\465fe975-78e9-4d5b-ba74-83f876b4f490.06c9c.json
gl_oneline,GameRes/Audio/fill_line_success,cc.AudioClip,4ada27c4-602e-4cb1-be14-a80b4979bb36,assets\gl_oneline\import\4a\4ada27c4-602e-4cb1-be14-a80b4979bb36.664be.json
gl_oneline,GameRes/Audio/fill_start_undo,cc.AudioClip,9c93f5c5-cb56-4827-a68c-3ea60f32d043,assets\gl_oneline\import\9c\9c93f5c5-cb56-4827-a68c-3ea60f32d043.ee180.json
gl_oneline,GameRes/Audio/onet_birth,cc.AudioClip,38b34c02-8274-423d-981b-f7603d5ce23a,assets\gl_oneline\import\38\38b34c02-8274-423d-981b-f7603d5ce23a.a986c.json
gl_oneline,GameRes/Effect/OneLine_gameplay_tips,cc.Asset,b82beddc-28cc-4c47-bbf2-26f170aadc9b,assets\gl_oneline\import\b8\b82beddc-28cc-4c47-bbf2-26f170aadc9b.baccd.json
gl_oneline,GameRes/Effect/OneLine_gameplay_tips,cc.SpriteFrame,9f82aaa6-8a4c-47ed-9914-fcc7c589fcc7,assets\gl_oneline\import\9f\9f82aaa6-8a4c-47ed-9914-fcc7c589fcc7.943f2.json
gl_oneline,GameRes/Effect/OneLine_gameplay_tips,cc.Texture2D,9c39ef59-8b7a-4560-a837-a2c2d4d1f79f,assets\gl_oneline\import\9c\9c39ef59-8b7a-4560-a837-a2c2d4d1f79f.7871f.json
gl_oneline,GameRes/Effect/OneLine_gameplay_tips,sp.SkeletonData,628cf049-0b0d-4b99-acbf-5f425f75712b,assets\gl_oneline\import\62\628cf049-0b0d-4b99-acbf-5f425f75712b.9a887.json
gl_oneline,GameRes/Effect/oneline_gameplay_warning,cc.Asset,8fff4985-f82b-4da8-961f-288a5a674a6d,assets\gl_oneline\import\8f\8fff4985-f82b-4da8-961f-288a5a674a6d.d123d.json
gl_oneline,GameRes/Effect/oneline_gameplay_warning,cc.SpriteFrame,c246ec56-6025-4ee4-9200-a41698c9b314,assets\gl_oneline\import\c2\c246ec56-6025-4ee4-9200-a41698c9b314.84db2.json
gl_oneline,GameRes/Effect/oneline_gameplay_warning,cc.Texture2D,1a88d924-0551-45c4-bf22-77f8df83d16b,assets\gl_oneline\import\1a\1a88d924-0551-45c4-bf22-77f8df83d16b.7871f.json
gl_oneline,GameRes/Effect/oneline_gameplay_warning,sp.SkeletonData,101d7432-7755-45e8-9d0e-6c973742247c,assets\gl_oneline\import\10\101d7432-7755-45e8-9d0e-6c973742247c.4c920.json
gl_oneline,GameRes/Prefab/CrownTips,cc.Prefab,d9bc298d-16cc-4086-b7ef-ac42d9576fbe,assets\gl_oneline\import\d9\d9bc298d-16cc-4086-b7ef-ac42d9576fbe.d0414.json
gl_oneline,GameRes/Prefab/UI/GLBFDeadBackView,cc.Prefab,b92f0e99-6668-42ab-80fd-9b92c57de060,assets\gl_oneline\import\b9\b92f0e99-6668-42ab-80fd-9b92c57de060.ead6d.json
gl_oneline,GameRes/Prefab/UI/GLBFMiddleTipsView,cc.Prefab,84408187-0cf1-4e20-9a09-dae17889fcfb,assets\gl_oneline\import\84\84408187-0cf1-4e20-9a09-dae17889fcfb.e7509.json
gl_oneline,GameRes/Prefab/UI/GLBFNumberView,cc.Prefab,2479ecaf-5633-4eb5-8de1-6b6e55b3e002,assets\gl_oneline\import\24\2479ecaf-5633-4eb5-8de1-6b6e55b3e002.335a0.json
gl_oneline,GameRes/Prefab/UI/GLBFProgress,cc.Prefab,288585a5-a7c3-42e4-8581-afaba04ad8af,assets\gl_oneline\import\28\288585a5-a7c3-42e4-8581-afaba04ad8af.15406.json
gl_oneline,GameRes/Prefab/UI/GLBFTishiView,cc.Prefab,cefaf4ee-a6c8-4148-a2aa-15aa840f9bcf,assets\gl_oneline\import\ce\cefaf4ee-a6c8-4148-a2aa-15aa840f9bcf.ed523.json
gl_oneline,GameRes/Prefab/UI/GLLineTipsView,cc.Prefab,d804ba62-672b-4068-aa26-07929dd350d1,assets\gl_oneline\import\d8\d804ba62-672b-4068-aa26-07929dd350d1.ff06b.json
gl_oneline,GameRes/Prefab/UI/GridCell,cc.Prefab,f2168aab-d75e-4852-93c4-c39b8ea8b076,assets\gl_oneline\import\f2\f2168aab-d75e-4852-93c4-c39b8ea8b076.73c42.json
gl_oneline,GameRes/Prefab/UI/GridCell_Start,cc.Prefab,9c291d0a-fd44-487e-9540-2f5245670256,assets\gl_oneline\import\9c\9c291d0a-fd44-487e-9540-2f5245670256.13ac2.json
gl_oneline,GameRes/Prefab/UI/ItemCornerPrefab,cc.Prefab,10f6aa70-3bda-4401-bb6b-dbb1022c43b2,assets\gl_oneline\import\10\10f6aa70-3bda-4401-bb6b-dbb1022c43b2.2c5c8.json
gl_oneline,GameRes/Prefab/UI/LineView,cc.Prefab,af53d884-a01d-4f4b-9df2-fa0eb4a8702e,assets\gl_oneline\import\af\af53d884-a01d-4f4b-9df2-fa0eb4a8702e.faa4c.json
gl_oneline,GameRes/Sprites/Button/bar_round10,cc.SpriteFrame,7601e2ef-0888-4a87-b071-d06001d82032,assets\gl_oneline\import\76\7601e2ef-0888-4a87-b071-d06001d82032.df2ac.json
gl_oneline,GameRes/Sprites/Button/bar_round10,cc.Texture2D,c8842f28-8c5b-4d8a-8c84-725fcf09d613,assets\gl_oneline\import\c8\c8842f28-8c5b-4d8a-8c84-725fcf09d613.7871f.json
gl_oneline,GameRes/Sprites/Button/bar_round9,cc.SpriteFrame,07fae933-25c5-4688-ae50-eb146343e8e3,assets\gl_oneline\import\07\07fae933-25c5-4688-ae50-eb146343e8e3.5e583.json
gl_oneline,GameRes/Sprites/Button/bar_round9,cc.Texture2D,542f31fb-7d2c-45b0-9ac7-425add30088c,assets\gl_oneline\import\54\542f31fb-7d2c-45b0-9ac7-425add30088c.7871f.json
gl_oneline,GameRes/Sprites/Button/btn_round10,cc.SpriteFrame,2878a178-1919-49b4-9ba4-66840a763cff,assets\gl_oneline\import\28\2878a178-1919-49b4-9ba4-66840a763cff.78e06.json
gl_oneline,GameRes/Sprites/Button/btn_round10,cc.Texture2D,08cf7e06-828c-43e4-abdd-a9ef0e3f48c6,assets\gl_oneline\import\08\08cf7e06-828c-43e4-abdd-a9ef0e3f48c6.7871f.json
gl_oneline,GameRes/Sprites/Button/btn_round11,cc.SpriteFrame,fb459593-e8d1-49ff-81ad-f151200bcbc0,assets\gl_oneline\import\fb\fb459593-e8d1-49ff-81ad-f151200bcbc0.ebac7.json
gl_oneline,GameRes/Sprites/Button/btn_round11,cc.Texture2D,01581dff-ee3e-4a1e-af14-a3d27726a094,assets\gl_oneline\import\01\01581dff-ee3e-4a1e-af14-a3d27726a094.7871f.json
gl_oneline,GameRes/Sprites/Button/btn_round12,cc.SpriteFrame,2e6305c4-2a18-4c4e-9bb1-30c9f13047cb,assets\gl_oneline\import\2e\2e6305c4-2a18-4c4e-9bb1-30c9f13047cb.b0d3f.json
gl_oneline,GameRes/Sprites/Button/btn_round12,cc.Texture2D,1ea562dc-b53a-4582-8b6e-c942b770156b,assets\gl_oneline\import\1e\1ea562dc-b53a-4582-8b6e-c942b770156b.7871f.json
gl_oneline,GameRes/Sprites/Button/button_shadow,cc.SpriteFrame,762d7f65-9596-4259-8f2f-fe4a58e516e4,assets\gl_oneline\import\76\762d7f65-9596-4259-8f2f-fe4a58e516e4.94167.json
gl_oneline,GameRes/Sprites/Button/button_shadow,cc.Texture2D,a0712984-f7a9-448d-a31e-fa306280061c,assets\gl_oneline\import\a0\a0712984-f7a9-448d-a31e-fa306280061c.7871f.json
gl_oneline,GameRes/Sprites/Button/prop_round7,cc.SpriteFrame,7b196a3a-1c84-4b48-88bd-a49adf77bf24,assets\gl_oneline\import\7b\7b196a3a-1c84-4b48-88bd-a49adf77bf24.42e05.json
gl_oneline,GameRes/Sprites/Button/prop_round7,cc.Texture2D,76fbe0e8-fd45-4896-b0fb-f861136cab8a,assets\gl_oneline\import\76\76fbe0e8-fd45-4896-b0fb-f861136cab8a.7871f.json
gl_oneline,GameRes/Sprites/Button/prop_round7_2,cc.SpriteFrame,36ba71b2-2a3a-46df-b1dd-9e04b93f9d5c,assets\gl_oneline\import\36\36ba71b2-2a3a-46df-b1dd-9e04b93f9d5c.742e9.json
gl_oneline,GameRes/Sprites/Button/prop_round7_2,cc.Texture2D,0eb96047-2731-41b2-8016-85a48a2e94c1,assets\gl_oneline\import\0e\0eb96047-2731-41b2-8016-85a48a2e94c1.7871f.json
gl_oneline,GameRes/Sprites/Button/rectangle_roun_10,cc.SpriteFrame,ca24f2bf-b5e1-4cfe-a087-7cc08061c123,assets\gl_oneline\import\ca\ca24f2bf-b5e1-4cfe-a087-7cc08061c123.b337c.json
gl_oneline,GameRes/Sprites/Button/rectangle_roun_10,cc.Texture2D,b9bbf3fd-c7cb-42b1-ae4e-801617214e3c,assets\gl_oneline\import\b9\b9bbf3fd-c7cb-42b1-ae4e-801617214e3c.7871f.json
gl_oneline,GameRes/Sprites/Button/rectangle_round_10,cc.SpriteFrame,bdfb7e2e-82b7-4c55-aff7-d000a092acec,assets\gl_oneline\import\bd\bdfb7e2e-82b7-4c55-aff7-d000a092acec.48a8f.json
gl_oneline,GameRes/Sprites/Button/rectangle_round_10,cc.Texture2D,27c71783-278e-44c0-b0ae-6bf7d2c33d0e,assets\gl_oneline\import\27\27c71783-278e-44c0-b0ae-6bf7d2c33d0e.7871f.json
gl_oneline,GameRes/Sprites/Button/rectangle_round_11,cc.SpriteFrame,57ac3206-f943-4f81-99af-5032b9a2a57e,assets\gl_oneline\import\57\57ac3206-f943-4f81-99af-5032b9a2a57e.51935.json
gl_oneline,GameRes/Sprites/Button/rectangle_round_11,cc.Texture2D,40e93ae2-f8f7-4585-ba47-5d410e2f8c16,assets\gl_oneline\import\40\40e93ae2-f8f7-4585-ba47-5d410e2f8c16.7871f.json
gl_oneline,GameRes/Sprites/Button/rectangle_round_6,cc.SpriteFrame,6ffa45e5-8f2b-436f-8739-a0ee07fa59ab,assets\gl_oneline\import\6f\6ffa45e5-8f2b-436f-8739-a0ee07fa59ab.9689e.json
gl_oneline,GameRes/Sprites/Button/rectangle_round_6,cc.Texture2D,40dd0d20-2471-47ce-9585-c4274a225774,assets\gl_oneline\import\40\40dd0d20-2471-47ce-9585-c4274a225774.7871f.json
gl_oneline,GameRes/Sprites/Button/rectangle_round_8,cc.SpriteFrame,d7e9248e-0345-45de-962b-131f687d6826,assets\gl_oneline\import\d7\d7e9248e-0345-45de-962b-131f687d6826.1d322.json
gl_oneline,GameRes/Sprites/Button/rectangle_round_8,cc.Texture2D,83c2f26d-a934-426e-ba25-00d3816e8c91,assets\gl_oneline\import\83\83c2f26d-a934-426e-ba25-00d3816e8c91.7871f.json
gl_oneline,GameRes/Sprites/Common/banner_left,cc.SpriteFrame,09c501b1-b0bd-462c-accf-a9fd85b7c07c,assets\gl_oneline\import\09\09c501b1-b0bd-462c-accf-a9fd85b7c07c.ffdd7.json
gl_oneline,GameRes/Sprites/Common/banner_left,cc.Texture2D,28e985e6-2e6b-49bb-a441-2d71f5cea2af,assets\gl_oneline\import\28\28e985e6-2e6b-49bb-a441-2d71f5cea2af.7871f.json
gl_oneline,GameRes/Sprites/Common/banner_right,cc.SpriteFrame,986af9f5-baa0-46bd-9c90-f4b6b129c316,assets\gl_oneline\import\98\986af9f5-baa0-46bd-9c90-f4b6b129c316.2b535.json
gl_oneline,GameRes/Sprites/Common/banner_right,cc.Texture2D,7b5f82a5-b8cb-474b-93c1-1d2fb632249d,assets\gl_oneline\import\7b\7b5f82a5-b8cb-474b-93c1-1d2fb632249d.7871f.json
gl_oneline,GameRes/Sprites/Common/circle,cc.SpriteFrame,6242ae77-56fa-40f2-abb5-0ad6b94bd0e1,assets\gl_oneline\import\62\6242ae77-56fa-40f2-abb5-0ad6b94bd0e1.ac457.json
gl_oneline,GameRes/Sprites/Common/circle,cc.Texture2D,628b07e1-bcee-4674-b3a1-d85cb1d0e914,assets\gl_oneline\import\62\628b07e1-bcee-4674-b3a1-d85cb1d0e914.7871f.json
gl_oneline,GameRes/Sprites/Common/guidehand,cc.SpriteFrame,2d81c92c-7a70-4ee3-8d82-7a5bd6beb672,assets\gl_oneline\import\2d\2d81c92c-7a70-4ee3-8d82-7a5bd6beb672.7d619.json
gl_oneline,GameRes/Sprites/Common/guidehand,cc.Texture2D,43aa7603-4187-446f-9dc6-2c2aaff87342,assets\gl_oneline\import\43\43aa7603-4187-446f-9dc6-2c2aaff87342.7871f.json
gl_oneline,GameRes/Sprites/Common/icon_crown,cc.SpriteFrame,9fcdb287-0248-43ee-911b-3f94ad3c25b5,assets\gl_oneline\import\9f\9fcdb287-0248-43ee-911b-3f94ad3c25b5.63c74.json
gl_oneline,GameRes/Sprites/Common/icon_crown,cc.Texture2D,2b0a1212-d57a-4734-96e7-3f3f4a125d38,assets\gl_oneline\import\2b\2b0a1212-d57a-4734-96e7-3f3f4a125d38.7871f.json
gl_oneline,GameRes/Sprites/Common/icon_hand,cc.SpriteFrame,c761f32c-97c9-4fc9-a4ad-f5ea14fc3a2a,assets\gl_oneline\import\c7\c761f32c-97c9-4fc9-a4ad-f5ea14fc3a2a.ced56.json
gl_oneline,GameRes/Sprites/Common/icon_hand,cc.Texture2D,d75184e0-0659-4ab7-98c5-97cb187b8ce5,assets\gl_oneline\import\d7\d75184e0-0659-4ab7-98c5-97cb187b8ce5.7871f.json
gl_oneline,GameRes/Sprites/Common/line_12,cc.SpriteFrame,20847b7f-6e95-4937-bef4-814a4f5851a5,assets\gl_oneline\import\20\20847b7f-6e95-4937-bef4-814a4f5851a5.8dc27.json
gl_oneline,GameRes/Sprites/Common/line_12,cc.Texture2D,de62531d-657b-4125-a0fc-adbcda5d52d6,assets\gl_oneline\import\de\de62531d-657b-4125-a0fc-adbcda5d52d6.7871f.json
gl_oneline,GameRes/Sprites/Common/line_14,cc.SpriteFrame,27be7a44-05a9-4b8f-9b64-c9b3250a11c4,assets\gl_oneline\import\27\27be7a44-05a9-4b8f-9b64-c9b3250a11c4.545a2.json
gl_oneline,GameRes/Sprites/Common/line_14,cc.Texture2D,af31ed85-d1f4-4b63-884a-65acc2b89088,assets\gl_oneline\import\af\af31ed85-d1f4-4b63-884a-65acc2b89088.7871f.json
gl_oneline,GameRes/Sprites/Common/line_16,cc.SpriteFrame,b4b93943-6962-4dc9-8f4f-8b7ae4d16e4c,assets\gl_oneline\import\b4\b4b93943-6962-4dc9-8f4f-8b7ae4d16e4c.70792.json
gl_oneline,GameRes/Sprites/Common/line_16,cc.Texture2D,5c270b07-4dc4-480f-9da7-2b73a39983ae,assets\gl_oneline\import\5c\5c270b07-4dc4-480f-9da7-2b73a39983ae.7871f.json
gl_oneline,GameRes/Sprites/Common/oneline_art_hint_1,cc.SpriteFrame,7fe9f3e7-33d4-4b79-aeb9-8fa45fd6f832,assets\gl_oneline\import\7f\7fe9f3e7-33d4-4b79-aeb9-8fa45fd6f832.f9166.json
gl_oneline,GameRes/Sprites/Common/oneline_art_hint_1,cc.Texture2D,0a57476e-ea26-49a0-b4eb-c935e77949af,assets\gl_oneline\import\0a\0a57476e-ea26-49a0-b4eb-c935e77949af.7871f.json
gl_oneline,GameRes/Sprites/Common/oneline_art_hint_2,cc.SpriteFrame,117187b4-2fdb-4d9c-9405-d27b9d545eff,assets\gl_oneline\import\11\117187b4-2fdb-4d9c-9405-d27b9d545eff.3d872.json
gl_oneline,GameRes/Sprites/Common/oneline_art_hint_2,cc.Texture2D,32056e32-62f7-4500-b8bb-5e82700f497f,assets\gl_oneline\import\32\32056e32-62f7-4500-b8bb-5e82700f497f.7871f.json
gl_oneline,GameRes/Sprites/Common/portrait_bg_shadow,cc.SpriteFrame,cca31905-e043-46e5-9648-a9f9d454051b,assets\gl_oneline\import\cc\cca31905-e043-46e5-9648-a9f9d454051b.812ec.json
gl_oneline,GameRes/Sprites/Common/portrait_bg_shadow,cc.Texture2D,d04855bf-99dc-43a7-b5c6-8f8c59764bd4,assets\gl_oneline\import\d0\d04855bf-99dc-43a7-b5c6-8f8c59764bd4.7871f.json
gl_oneline,GameRes/Sprites/Common/rectangle_round_6,cc.SpriteFrame,ba72a073-15b0-44b6-b7a8-27015f15e6e5,assets\gl_oneline\import\ba\ba72a073-15b0-44b6-b7a8-27015f15e6e5.771bb.json
gl_oneline,GameRes/Sprites/Common/rectangle_round_6,cc.Texture2D,40216108-6f94-44ce-9baa-b761cdd9b2ad,assets\gl_oneline\import\40\40216108-6f94-44ce-9baa-b761cdd9b2ad.7871f.json
gl_oneline,GameRes/Sprites/Common/rectangle_round_7,cc.SpriteFrame,e62dd4d6-c748-4aa7-82e1-d2ed161fc327,assets\gl_oneline\import\e6\e62dd4d6-c748-4aa7-82e1-d2ed161fc327.7eb88.json
gl_oneline,GameRes/Sprites/Common/rectangle_round_7,cc.Texture2D,472ea8e4-d9fb-40b4-b39a-8c1a15a444b0,assets\gl_oneline\import\47\472ea8e4-d9fb-40b4-b39a-8c1a15a444b0.7871f.json
gl_oneline,GameRes/Sprites/Common/rectangle_round_8,cc.SpriteFrame,2c03d664-301b-4a5f-9754-c6d025695723,assets\gl_oneline\import\2c\2c03d664-301b-4a5f-9754-c6d025695723.4382e.json
gl_oneline,GameRes/Sprites/Common/rectangle_round_8,cc.Texture2D,78484d40-7838-4340-bdb1-c1acc2d81359,assets\gl_oneline\import\78\78484d40-7838-4340-bdb1-c1acc2d81359.7871f.json
gl_oneline,GameRes/Sprites/Icon/bar_bot,cc.SpriteFrame,47cbb4b7-617a-4d71-9cf8-d4f888776204,assets\gl_oneline\import\47\47cbb4b7-617a-4d71-9cf8-d4f888776204.20678.json
gl_oneline,GameRes/Sprites/Icon/bar_bot,cc.Texture2D,bbc33d03-2d3b-4f1e-b536-1aaee199d8a0,assets\gl_oneline\import\bb\bbc33d03-2d3b-4f1e-b536-1aaee199d8a0.7871f.json
gl_oneline,GameRes/Sprites/Icon/bar_people,cc.SpriteFrame,7b6997e0-4028-4bdf-aef6-f39656aa7c66,assets\gl_oneline\import\7b\7b6997e0-4028-4bdf-aef6-f39656aa7c66.9fc5e.json
gl_oneline,GameRes/Sprites/Icon/bar_people,cc.Texture2D,6eacde41-e6e1-46ca-8991-0ce1b247bb76,assets\gl_oneline\import\6e\6eacde41-e6e1-46ca-8991-0ce1b247bb76.7871f.json
gl_oneline,GameRes/Sprites/Icon/bar_vs,cc.SpriteFrame,18ff7312-35ca-48e8-8a7e-a1fa6e98dcb8,assets\gl_oneline\import\18\18ff7312-35ca-48e8-8a7e-a1fa6e98dcb8.afe1f.json
gl_oneline,GameRes/Sprites/Icon/bar_vs,cc.Texture2D,72e8bf8f-93a4-47ad-8145-d4c5429fa436,assets\gl_oneline\import\72\72e8bf8f-93a4-47ad-8145-d4c5429fa436.7871f.json
gl_oneline,GameRes/Sprites/Icon/best,cc.SpriteFrame,0d52a240-1b98-40d4-97b5-90e104d50e2a,assets\gl_oneline\import\0d\0d52a240-1b98-40d4-97b5-90e104d50e2a.9efeb.json
gl_oneline,GameRes/Sprites/Icon/best,cc.Texture2D,b8b75381-71f8-4b45-954f-6bd60bb93ede,assets\gl_oneline\import\b8\b8b75381-71f8-4b45-954f-6bd60bb93ede.7871f.json
gl_oneline,GameRes/Sprites/Icon/check,cc.SpriteFrame,743b8f23-7ad3-49b7-862b-b0118964b336,assets\gl_oneline\import\74\743b8f23-7ad3-49b7-862b-b0118964b336.905d3.json
gl_oneline,GameRes/Sprites/Icon/check,cc.Texture2D,1c08e23b-a824-4d56-b51d-9f31ef799f05,assets\gl_oneline\import\1c\1c08e23b-a824-4d56-b51d-9f31ef799f05.7871f.json
gl_oneline,GameRes/Sprites/Icon/icon_back,cc.SpriteFrame,d91fec59-2b9f-4417-99dc-766a038bf223,assets\gl_oneline\import\d9\d91fec59-2b9f-4417-99dc-766a038bf223.4f635.json
gl_oneline,GameRes/Sprites/Icon/icon_back,cc.Texture2D,39467cbc-4fc8-47c0-bbf2-14268ee2c684,assets\gl_oneline\import\39\39467cbc-4fc8-47c0-bbf2-14268ee2c684.7871f.json
gl_oneline,GameRes/Sprites/Icon/icon_banner_mask,cc.SpriteFrame,cba6e86a-bf30-417e-a642-49091909bccc,assets\gl_oneline\import\cb\cba6e86a-bf30-417e-a642-49091909bccc.5d6e2.json
gl_oneline,GameRes/Sprites/Icon/icon_banner_mask,cc.Texture2D,a90a03ba-221a-4c59-953b-0d8c7c121906,assets\gl_oneline\import\a9\a90a03ba-221a-4c59-953b-0d8c7c121906.7871f.json
gl_oneline,GameRes/Sprites/Icon/icon_banner_title,cc.SpriteFrame,f9545412-d801-46ac-9b4a-6e49330f8238,assets\gl_oneline\import\f9\f9545412-d801-46ac-9b4a-6e49330f8238.346f7.json
gl_oneline,GameRes/Sprites/Icon/icon_banner_title,cc.Texture2D,39117336-3971-408e-8f19-385c56c5de01,assets\gl_oneline\import\39\39117336-3971-408e-8f19-385c56c5de01.7871f.json
gl_oneline,GameRes/Sprites/Icon/icon_bomb,cc.SpriteFrame,407af0a2-5f7f-465e-b61d-d4e1e8464d5e,assets\gl_oneline\import\40\407af0a2-5f7f-465e-b61d-d4e1e8464d5e.c295f.json
gl_oneline,GameRes/Sprites/Icon/icon_bomb,cc.Texture2D,607dcf5d-36d7-48b8-a450-0827d2b451fd,assets\gl_oneline\import\60\607dcf5d-36d7-48b8-a450-0827d2b451fd.7871f.json
gl_oneline,GameRes/Sprites/Icon/icon_bot,cc.SpriteFrame,905513a6-9f89-4484-b1aa-90c4765c6402,assets\gl_oneline\import\90\905513a6-9f89-4484-b1aa-90c4765c6402.fe2b6.json
gl_oneline,GameRes/Sprites/Icon/icon_bot,cc.Texture2D,55ac3a60-2e93-4473-949a-5cb7317a28ce,assets\gl_oneline\import\55\55ac3a60-2e93-4473-949a-5cb7317a28ce.7871f.json
gl_oneline,GameRes/Sprites/Icon/icon_check,cc.SpriteFrame,4fff3435-033e-4b45-bef1-c301da264c7f,assets\gl_oneline\import\4f\4fff3435-033e-4b45-bef1-c301da264c7f.1fa50.json
gl_oneline,GameRes/Sprites/Icon/icon_check,cc.Texture2D,f793ae7d-d1cf-40ca-8e4a-05f6fc56da83,assets\gl_oneline\import\f7\f793ae7d-d1cf-40ca-8e4a-05f6fc56da83.7871f.json
gl_oneline,GameRes/Sprites/Icon/icon_clear,cc.SpriteFrame,5e6c6ac4-2d42-40ca-952d-2d7476396d50,assets\gl_oneline\import\5e\5e6c6ac4-2d42-40ca-952d-2d7476396d50.66cfc.json
gl_oneline,GameRes/Sprites/Icon/icon_clear,cc.Texture2D,e0d20618-ada5-433c-84a4-ef2487ed9486,assets\gl_oneline\import\e0\e0d20618-ada5-433c-84a4-ef2487ed9486.7871f.json
gl_oneline,GameRes/Sprites/Icon/icon_clock,cc.SpriteFrame,c4bae8e7-919a-4c94-a903-7f0732a93660,assets\gl_oneline\import\c4\c4bae8e7-919a-4c94-a903-7f0732a93660.fa334.json
gl_oneline,GameRes/Sprites/Icon/icon_clock,cc.Texture2D,28952f81-ddfd-46df-9440-8f97d461a54f,assets\gl_oneline\import\28\28952f81-ddfd-46df-9440-8f97d461a54f.7871f.json
gl_oneline,GameRes/Sprites/Icon/icon_close,cc.SpriteFrame,96dec589-ea0c-4107-be82-c9a68e388987,assets\gl_oneline\import\96\96dec589-ea0c-4107-be82-c9a68e388987.22b47.json
gl_oneline,GameRes/Sprites/Icon/icon_close,cc.Texture2D,a74f340e-9c76-4ad4-8bed-5b2c56b6cb4e,assets\gl_oneline\import\a7\a74f340e-9c76-4ad4-8bed-5b2c56b6cb4e.7871f.json
gl_oneline,GameRes/Sprites/Icon/icon_exchange,cc.SpriteFrame,dbf5d6db-a184-4564-95c6-c9da0ae83514,assets\gl_oneline\import\db\dbf5d6db-a184-4564-95c6-c9da0ae83514.4676f.json
gl_oneline,GameRes/Sprites/Icon/icon_exchange,cc.Texture2D,e7a0762c-e2ca-4a7c-b372-ff91de2d01a7,assets\gl_oneline\import\e7\e7a0762c-e2ca-4a7c-b372-ff91de2d01a7.7871f.json
gl_oneline,GameRes/Sprites/Icon/icon_friend,cc.SpriteFrame,b94a15e9-be99-473b-ad6b-90c3711ca910,assets\gl_oneline\import\b9\b94a15e9-be99-473b-ad6b-90c3711ca910.788ac.json
gl_oneline,GameRes/Sprites/Icon/icon_friend,cc.Texture2D,f7a7bbd2-e137-4eb3-bb0d-226e2e2de07c,assets\gl_oneline\import\f7\f7a7bbd2-e137-4eb3-bb0d-226e2e2de07c.7871f.json
gl_oneline,GameRes/Sprites/Icon/icon_hint,cc.SpriteFrame,82953ad9-5f66-43d2-8493-d49e348a5bbb,assets\gl_oneline\import\82\82953ad9-5f66-43d2-8493-d49e348a5bbb.b416c.json
gl_oneline,GameRes/Sprites/Icon/icon_hint,cc.Texture2D,c07768f6-211a-402e-80cd-4fda361b7f53,assets\gl_oneline\import\c0\c07768f6-211a-402e-80cd-4fda361b7f53.7871f.json
gl_oneline,GameRes/Sprites/Icon/icon_home,cc.SpriteFrame,8885877f-072c-4c76-9c38-7a3912bb44c4,assets\gl_oneline\import\88\8885877f-072c-4c76-9c38-7a3912bb44c4.3a0d5.json
gl_oneline,GameRes/Sprites/Icon/icon_home,cc.Texture2D,dc7d0a52-8076-45e3-818e-3bdc1ad0af14,assets\gl_oneline\import\dc\dc7d0a52-8076-45e3-818e-3bdc1ad0af14.7871f.json
gl_oneline,GameRes/Sprites/Icon/icon_info,cc.SpriteFrame,09af726b-6991-46f6-b095-37289f05b58f,assets\gl_oneline\import\09\09af726b-6991-46f6-b095-37289f05b58f.c0cf3.json
gl_oneline,GameRes/Sprites/Icon/icon_info,cc.Texture2D,558436cf-639d-4dcb-a36c-a088b929ff18,assets\gl_oneline\import\55\558436cf-639d-4dcb-a36c-a088b929ff18.7871f.json
gl_oneline,GameRes/Sprites/Icon/icon_mask,cc.SpriteFrame,87575018-d51f-49dc-8c90-77cad5666282,assets\gl_oneline\import\87\87575018-d51f-49dc-8c90-77cad5666282.5570f.json
gl_oneline,GameRes/Sprites/Icon/icon_mask,cc.Texture2D,b0568066-5003-4c8c-8fab-9c346c774fde,assets\gl_oneline\import\b0\b0568066-5003-4c8c-8fab-9c346c774fde.7871f.json
gl_oneline,GameRes/Sprites/Icon/icon_no_net,cc.SpriteFrame,13a9e1ff-290f-45bd-9e23-4a45f37e2f70,assets\gl_oneline\import\13\13a9e1ff-290f-45bd-9e23-4a45f37e2f70.2aec8.json
gl_oneline,GameRes/Sprites/Icon/icon_no_net,cc.Texture2D,8cc277b9-a3c2-4383-832c-3a6e80956827,assets\gl_oneline\import\8c\8cc277b9-a3c2-4383-832c-3a6e80956827.7871f.json
gl_oneline,GameRes/Sprites/Icon/icon_restart,cc.SpriteFrame,e6261a9f-580f-414a-90e4-1f8d5a525ae9,assets\gl_oneline\import\e6\e6261a9f-580f-414a-90e4-1f8d5a525ae9.69aeb.json
gl_oneline,GameRes/Sprites/Icon/icon_restart,cc.Texture2D,493e82dc-61ef-49af-a83e-9c59a10d3934,assets\gl_oneline\import\49\493e82dc-61ef-49af-a83e-9c59a10d3934.7871f.json
gl_oneline,GameRes/Sprites/Icon/icon_settings,cc.SpriteFrame,8caa54a3-0b80-4df9-bad2-7e071473acb8,assets\gl_oneline\import\8c\8caa54a3-0b80-4df9-bad2-7e071473acb8.0ad89.json
gl_oneline,GameRes/Sprites/Icon/icon_settings,cc.Texture2D,5a904023-13a3-4df5-858b-e9c0211e8483,assets\gl_oneline\import\5a\5a904023-13a3-4df5-858b-e9c0211e8483.7871f.json
gl_oneline,GameRes/Sprites/Icon/icon_shuffle,cc.SpriteFrame,dc1e28da-badd-4527-8c63-c70b5bd7d13e,assets\gl_oneline\import\dc\dc1e28da-badd-4527-8c63-c70b5bd7d13e.d8a38.json
gl_oneline,GameRes/Sprites/Icon/icon_shuffle,cc.Texture2D,0076dfdd-9b0f-47a6-8cbd-f32e6cd0f19d,assets\gl_oneline\import\00\0076dfdd-9b0f-47a6-8cbd-f32e6cd0f19d.7871f.json
gl_oneline,GameRes/Sprites/Icon/icon_skip,cc.SpriteFrame,86f6f536-249b-4291-884a-559acdcd3231,assets\gl_oneline\import\86\86f6f536-249b-4291-884a-559acdcd3231.22e22.json
gl_oneline,GameRes/Sprites/Icon/icon_skip,cc.Texture2D,700ba5ce-5623-4ecc-afd3-6ddd7dd9ce29,assets\gl_oneline\import\70\700ba5ce-5623-4ecc-afd3-6ddd7dd9ce29.7871f.json
gl_oneline,GameRes/Sprites/Icon/icon_star,cc.SpriteFrame,b56daeab-449c-4bc8-9d42-0cbdaf77cb4a,assets\gl_oneline\import\b5\b56daeab-449c-4bc8-9d42-0cbdaf77cb4a.c3159.json
gl_oneline,GameRes/Sprites/Icon/icon_star,cc.Texture2D,dfb57f87-22d1-44c6-9827-79be7ca4bdd3,assets\gl_oneline\import\df\dfb57f87-22d1-44c6-9827-79be7ca4bdd3.7871f.json
gl_oneline,GameRes/Sprites/Icon/icon_star2,cc.SpriteFrame,e870f86b-0a74-4451-b48c-f450bce0e1b7,assets\gl_oneline\import\e8\e870f86b-0a74-4451-b48c-f450bce0e1b7.5dae1.json
gl_oneline,GameRes/Sprites/Icon/icon_star2,cc.Texture2D,b426dfbc-d47e-420d-9e4d-14d7cc97af68,assets\gl_oneline\import\b4\b426dfbc-d47e-420d-9e4d-14d7cc97af68.7871f.json
gl_oneline,GameRes/Sprites/Icon/icon_statistics,cc.SpriteFrame,ccd6df47-ccde-43e8-b808-7166df817e31,assets\gl_oneline\import\cc\ccd6df47-ccde-43e8-b808-7166df817e31.a235c.json
gl_oneline,GameRes/Sprites/Icon/icon_statistics,cc.Texture2D,bd7d642c-b188-48ba-ad7c-205d073a3b22,assets\gl_oneline\import\bd\bd7d642c-b188-48ba-ad7c-205d073a3b22.7871f.json
gl_oneline,GameRes/Sprites/Icon/icon_switch_theme,cc.SpriteFrame,eede35f9-56c5-4540-9108-2fc8ae1fab24,assets\gl_oneline\import\ee\eede35f9-56c5-4540-9108-2fc8ae1fab24.d3e6b.json
gl_oneline,GameRes/Sprites/Icon/icon_switch_theme,cc.Texture2D,cb24766e-98d2-46b1-a24b-df1c9a4764bf,assets\gl_oneline\import\cb\cb24766e-98d2-46b1-a24b-df1c9a4764bf.7871f.json
gl_oneline,GameRes/Sprites/Icon/icon_turn,cc.SpriteFrame,7716a98b-9174-4514-8cdb-d78f9295ad5a,assets\gl_oneline\import\77\7716a98b-9174-4514-8cdb-d78f9295ad5a.d53fd.json
gl_oneline,GameRes/Sprites/Icon/icon_turn,cc.Texture2D,b1cdd613-48e3-416a-a4e9-dadbd7ee9258,assets\gl_oneline\import\b1\b1cdd613-48e3-416a-a4e9-dadbd7ee9258.7871f.json
gl_oneline,GameRes/Sprites/Icon/icon_undo,cc.SpriteFrame,7db0dd77-8ab1-428c-a436-5d3348f892ee,assets\gl_oneline\import\7d\7db0dd77-8ab1-428c-a436-5d3348f892ee.46223.json
gl_oneline,GameRes/Sprites/Icon/icon_undo,cc.Texture2D,ccf69613-d239-439c-850c-c2d94354e299,assets\gl_oneline\import\cc\ccf69613-d239-439c-850c-c2d94354e299.7871f.json
gl_oneline,GameRes/Sprites/Icon/icon_unselected,cc.SpriteFrame,7fa8ebd2-9c9e-4537-93b3-3d20932a60a0,assets\gl_oneline\import\7f\7fa8ebd2-9c9e-4537-93b3-3d20932a60a0.8c8e4.json
gl_oneline,GameRes/Sprites/Icon/icon_unselected,cc.Texture2D,0f9e2d93-764e-40a0-a542-41b59007fdfb,assets\gl_oneline\import\0f\0f9e2d93-764e-40a0-a542-41b59007fdfb.7871f.json
gl_oneline,GameRes/Sprites/Icon/line,cc.SpriteFrame,659428fa-f2c8-4688-ae55-4d30c2987bc2,assets\gl_oneline\import\65\659428fa-f2c8-4688-ae55-4d30c2987bc2.1723b.json
gl_oneline,GameRes/Sprites/Icon/line,cc.Texture2D,fb15f503-257d-4f2c-bd98-5e7dd7a1cb4a,assets\gl_oneline\import\fb\fb15f503-257d-4f2c-bd98-5e7dd7a1cb4a.7871f.json
gl_oneline,GameRes/Sprites/Icon/prop_count_bg,cc.SpriteFrame,e74d2133-e569-4ffc-a864-9e25ba2bfaf9,assets\gl_oneline\import\e7\e74d2133-e569-4ffc-a864-9e25ba2bfaf9.aa8b1.json
gl_oneline,GameRes/Sprites/Icon/prop_count_bg,cc.Texture2D,481b1447-c5c5-4550-91fc-eda2ba45ed5d,assets\gl_oneline\import\48\481b1447-c5c5-4550-91fc-eda2ba45ed5d.7871f.json
gl_oneline,GameRes/Sprites/Icon/prop_count_unlimited,cc.SpriteFrame,9edd4ddd-4260-48ee-8b5a-573fb11dd28b,assets\gl_oneline\import\9e\9edd4ddd-4260-48ee-8b5a-573fb11dd28b.a202f.json
gl_oneline,GameRes/Sprites/Icon/prop_count_unlimited,cc.Texture2D,8a50cdc9-e6aa-4ab0-944c-0a6a0a8b7d5f,assets\gl_oneline\import\8a\8a50cdc9-e6aa-4ab0-944c-0a6a0a8b7d5f.7871f.json
gl_oneline,GameRes/Sprites/Icon/prop_green,cc.SpriteFrame,77a83f19-df74-4e7f-93a4-3bc77df6cdb4,assets\gl_oneline\import\77\77a83f19-df74-4e7f-93a4-3bc77df6cdb4.e7a49.json
gl_oneline,GameRes/Sprites/Icon/prop_green,cc.Texture2D,8dbad84d-3f60-4b74-b8b4-bbc73bf02920,assets\gl_oneline\import\8d\8dbad84d-3f60-4b74-b8b4-bbc73bf02920.7871f.json
gl_oneline,GameRes/Sprites/Icon/prop_red,cc.SpriteFrame,31a5bfa6-7747-4baa-badd-552372e356b9,assets\gl_oneline\import\31\31a5bfa6-7747-4baa-badd-552372e356b9.cddb8.json
gl_oneline,GameRes/Sprites/Icon/prop_red,cc.Texture2D,1a741983-ae7b-40b4-b447-a967cc776814,assets\gl_oneline\import\1a\1a741983-ae7b-40b4-b447-a967cc776814.7871f.json
gl_oneline,GameRes/Sprites/Icon/prop_video,cc.SpriteFrame,ceec0a60-0cc9-4fa9-a3e7-c4c18ffa5e77,assets\gl_oneline\import\ce\ceec0a60-0cc9-4fa9-a3e7-c4c18ffa5e77.75ba7.json
gl_oneline,GameRes/Sprites/Icon/prop_video,cc.Texture2D,c16f1cfa-19dd-4d44-a0bb-ca84a6701cdb,assets\gl_oneline\import\c1\c16f1cfa-19dd-4d44-a0bb-ca84a6701cdb.7871f.json
gl_oneline,GameRes/Sprites/Icon/prop_video2,cc.SpriteFrame,ecdb52f9-fa46-4a66-a564-85fb21ed4c08,assets\gl_oneline\import\ec\ecdb52f9-fa46-4a66-a564-85fb21ed4c08.a56ae.json
gl_oneline,GameRes/Sprites/Icon/prop_video2,cc.Texture2D,9cb2c919-c768-4929-8be5-3fb1fbe36f00,assets\gl_oneline\import\9c\9cb2c919-c768-4929-8be5-3fb1fbe36f00.7871f.json
gl_oneline,GameRes/Sprites/Icon/prop_video_arrow,cc.SpriteFrame,824593c2-9d19-44c1-aa24-1523ae3a664e,assets\gl_oneline\import\82\824593c2-9d19-44c1-aa24-1523ae3a664e.9ff46.json
gl_oneline,GameRes/Sprites/Icon/prop_video_arrow,cc.Texture2D,19d17073-4c96-4aaa-8665-4aeee744a5d8,assets\gl_oneline\import\19\19d17073-4c96-4aaa-8665-4aeee744a5d8.7871f.json
gl_oneline,GameRes/Sprites/Icon/uncheck,cc.SpriteFrame,deba8a88-f838-47e0-804e-9d37646ccf64,assets\gl_oneline\import\de\deba8a88-f838-47e0-804e-9d37646ccf64.ebdf3.json
gl_oneline,GameRes/Sprites/Icon/uncheck,cc.Texture2D,ef79aff6-17c7-47c1-bc70-340848f87305,assets\gl_oneline\import\ef\ef79aff6-17c7-47c1-bc70-340848f87305.7871f.json
gl_oneline,GameRes/Sprites/Icon2/gameplay_img_progress_1,cc.SpriteFrame,bd61374c-2cf3-4135-a985-24d51020312e,assets\gl_oneline\import\bd\bd61374c-2cf3-4135-a985-24d51020312e.f2b80.json
gl_oneline,GameRes/Sprites/Icon2/gameplay_img_progress_1,cc.Texture2D,c5ab1c42-a190-4056-961a-f37ce99e2364,assets\gl_oneline\import\c5\c5ab1c42-a190-4056-961a-f37ce99e2364.7871f.json
gl_oneline,GameRes/Sprites/Icon2/gameplay_img_progress_2,cc.SpriteFrame,3d60b09f-2fcd-4ad4-a8eb-aa67f7fd2ddf,assets\gl_oneline\import\3d\3d60b09f-2fcd-4ad4-a8eb-aa67f7fd2ddf.8d2b4.json
gl_oneline,GameRes/Sprites/Icon2/gameplay_img_progress_2,cc.Texture2D,a3a0842c-59db-48cb-a283-988e28874ef2,assets\gl_oneline\import\a3\a3a0842c-59db-48cb-a283-988e28874ef2.7871f.json
gl_oneline,GameRes/Sprites/Icon3/circle,cc.SpriteFrame,34bcf765-e386-40ba-a1fb-b58cdb7372af,assets\gl_oneline\import\34\34bcf765-e386-40ba-a1fb-b58cdb7372af.54e3b.json
gl_oneline,GameRes/Sprites/Icon3/circle,cc.Texture2D,0beaec3f-0c94-405b-9d17-04638c3a4ff9,assets\gl_oneline\import\0b\0beaec3f-0c94-405b-9d17-04638c3a4ff9.7871f.json
gl_oneline,GameRes/Sprites/Icon3/circle_blue,cc.SpriteFrame,d1ea2006-2c09-4664-b4d3-171b86d06875,assets\gl_oneline\import\d1\d1ea2006-2c09-4664-b4d3-171b86d06875.8b4be.json
gl_oneline,GameRes/Sprites/Icon3/circle_blue,cc.Texture2D,b07fd10f-78f9-4482-8454-bc18eac9e473,assets\gl_oneline\import\b0\b07fd10f-78f9-4482-8454-bc18eac9e473.7871f.json
gl_oneline,GameRes/Sprites/Icon3/circle_common,cc.SpriteFrame,195bd260-4bd2-4fc4-a7d8-04fca075302c,assets\gl_oneline\import\19\195bd260-4bd2-4fc4-a7d8-04fca075302c.209f1.json
gl_oneline,GameRes/Sprites/Icon3/circle_common,cc.Texture2D,52516df3-edb1-4609-8193-ca49f17e9d99,assets\gl_oneline\import\52\52516df3-edb1-4609-8193-ca49f17e9d99.7871f.json
gl_oneline,GameRes/Sprites/Icon3/circle_cyan,cc.SpriteFrame,2b843799-903e-4074-8a36-390f49154c94,assets\gl_oneline\import\2b\2b843799-903e-4074-8a36-390f49154c94.cd61d.json
gl_oneline,GameRes/Sprites/Icon3/circle_cyan,cc.Texture2D,205918db-4021-45db-9d51-a04caeef6862,assets\gl_oneline\import\20\205918db-4021-45db-9d51-a04caeef6862.7871f.json
gl_oneline,GameRes/Sprites/Icon3/circle_green,cc.SpriteFrame,5238a145-e503-4ed9-9951-b547d847b571,assets\gl_oneline\import\52\5238a145-e503-4ed9-9951-b547d847b571.03134.json
gl_oneline,GameRes/Sprites/Icon3/circle_green,cc.Texture2D,70f5cd59-996c-4d2f-8978-710efce714b8,assets\gl_oneline\import\70\70f5cd59-996c-4d2f-8978-710efce714b8.7871f.json
gl_oneline,GameRes/Sprites/Icon3/circle_orange,cc.SpriteFrame,a98abbd3-6725-44fd-93ad-1ec3daf5df00,assets\gl_oneline\import\a9\a98abbd3-6725-44fd-93ad-1ec3daf5df00.5e4d0.json
gl_oneline,GameRes/Sprites/Icon3/circle_orange,cc.Texture2D,b2bc95c1-f959-47bc-b5b4-840f23077c89,assets\gl_oneline\import\b2\b2bc95c1-f959-47bc-b5b4-840f23077c89.7871f.json
gl_oneline,GameRes/Sprites/Icon3/circle_pink,cc.SpriteFrame,b02814aa-e42e-419f-841b-2674adb31647,assets\gl_oneline\import\b0\b02814aa-e42e-419f-841b-2674adb31647.ca5d1.json
gl_oneline,GameRes/Sprites/Icon3/circle_pink,cc.Texture2D,07062436-67c7-4d6a-956c-68d5f7598314,assets\gl_oneline\import\07\07062436-67c7-4d6a-956c-68d5f7598314.7871f.json
gl_oneline,GameRes/Sprites/Icon3/circle_purplrpink,cc.SpriteFrame,3106d04c-9e53-470b-8c95-614b5153c8f1,assets\gl_oneline\import\31\3106d04c-9e53-470b-8c95-614b5153c8f1.8b20b.json
gl_oneline,GameRes/Sprites/Icon3/circle_purplrpink,cc.Texture2D,fd7ba092-81fb-4802-8050-4645e05f7a25,assets\gl_oneline\import\fd\fd7ba092-81fb-4802-8050-4645e05f7a25.7871f.json
gl_oneline,GameRes/Sprites/Icon3/circle_red,cc.SpriteFrame,0a52cd10-b6c7-4aa5-8730-1e7a60fc2e2a,assets\gl_oneline\import\0a\0a52cd10-b6c7-4aa5-8730-1e7a60fc2e2a.89d73.json
gl_oneline,GameRes/Sprites/Icon3/circle_red,cc.Texture2D,08f28acd-ec87-441c-adf4-6019c516cdb6,assets\gl_oneline\import\08\08f28acd-ec87-441c-adf4-6019c516cdb6.7871f.json
gl_oneline,GameRes/Sprites/Icon3/circle_tellgreen,cc.SpriteFrame,73b0267f-f340-454b-ab3f-7d2425596226,assets\gl_oneline\import\73\73b0267f-f340-454b-ab3f-7d2425596226.431e3.json
gl_oneline,GameRes/Sprites/Icon3/circle_tellgreen,cc.Texture2D,d3a6ab62-05f1-4038-ab98-1d22f6017d3c,assets\gl_oneline\import\d3\d3a6ab62-05f1-4038-ab98-1d22f6017d3c.7871f.json
gl_oneline,GameRes/Sprites/Icon3/circle_yellow,cc.SpriteFrame,07ec6b26-4744-440b-9fca-a6f4c692f923,assets\gl_oneline\import\07\07ec6b26-4744-440b-9fca-a6f4c692f923.68716.json
gl_oneline,GameRes/Sprites/Icon3/circle_yellow,cc.Texture2D,3956325a-9322-415e-8d3f-c7f42d17b297,assets\gl_oneline\import\39\3956325a-9322-415e-8d3f-c7f42d17b297.7871f.json
gl_oneline,GameRes/Sprites/Icon4/oneLine_img_blueBg1,cc.SpriteFrame,f2f3b4b6-bfd5-4559-9e8a-026388a77783,assets\gl_oneline\import\f2\f2f3b4b6-bfd5-4559-9e8a-026388a77783.6764e.json
gl_oneline,GameRes/Sprites/Icon4/oneLine_img_blueBg1,cc.Texture2D,1724ae7a-5cdd-490b-bb9a-3a1b607daab4,assets\gl_oneline\import\17\1724ae7a-5cdd-490b-bb9a-3a1b607daab4.7871f.json
gl_oneline,GameRes/Sprites/Icon4/oneLine_img_blueBg2,cc.SpriteFrame,211f939d-d04e-4348-9f1a-8044a4134038,assets\gl_oneline\import\21\211f939d-d04e-4348-9f1a-8044a4134038.13d6f.json
gl_oneline,GameRes/Sprites/Icon4/oneLine_img_blueBg2,cc.Texture2D,22b55f6b-b73b-416d-9455-f3619bdc1d84,assets\gl_oneline\import\22\22b55f6b-b73b-416d-9455-f3619bdc1d84.7871f.json
gl_oneline,GameRes/Sprites/Icon4/oneLine_img_crown,cc.SpriteFrame,db368a0f-fe44-41bc-8e59-4c4f7d84c2ea,assets\gl_oneline\import\db\db368a0f-fe44-41bc-8e59-4c4f7d84c2ea.01a0c.json
gl_oneline,GameRes/Sprites/Icon4/oneLine_img_crown,cc.Texture2D,76147a2a-4d62-4ec9-baeb-8601d5e5af08,assets\gl_oneline\import\76\76147a2a-4d62-4ec9-baeb-8601d5e5af08.7871f.json
gl_oneline,GameRes/Sprites/Icon4/oneLine_img_cyanBg,cc.SpriteFrame,8ca42b7a-8516-4c69-8b84-8e6cf26baa40,assets\gl_oneline\import\8c\8ca42b7a-8516-4c69-8b84-8e6cf26baa40.ae013.json
gl_oneline,GameRes/Sprites/Icon4/oneLine_img_cyanBg,cc.Texture2D,1ec84584-441c-4686-8175-d75f46c40749,assets\gl_oneline\import\1e\1ec84584-441c-4686-8175-d75f46c40749.7871f.json
gl_oneline,GameRes/Sprites/Icon4/oneLine_img_greenBg1,cc.SpriteFrame,bd291081-75c9-4bef-8983-58fb8a957a1f,assets\gl_oneline\import\bd\bd291081-75c9-4bef-8983-58fb8a957a1f.dac79.json
gl_oneline,GameRes/Sprites/Icon4/oneLine_img_greenBg1,cc.Texture2D,f1e6d903-db2d-4dc4-81c4-18d04739858a,assets\gl_oneline\import\f1\f1e6d903-db2d-4dc4-81c4-18d04739858a.7871f.json
gl_oneline,GameRes/Sprites/Icon4/oneLine_img_greenBg2,cc.SpriteFrame,69b886ee-2a18-49ad-8415-beb003aa6362,assets\gl_oneline\import\69\69b886ee-2a18-49ad-8415-beb003aa6362.b8906.json
gl_oneline,GameRes/Sprites/Icon4/oneLine_img_greenBg2,cc.Texture2D,727bc58a-5368-489e-92a5-31a1e0e62271,assets\gl_oneline\import\72\727bc58a-5368-489e-92a5-31a1e0e62271.7871f.json
gl_oneline,GameRes/Sprites/Icon4/oneLine_img_orangeBg,cc.SpriteFrame,b7f107b6-22cd-43bf-92f0-226f7c9a20cf,assets\gl_oneline\import\b7\b7f107b6-22cd-43bf-92f0-226f7c9a20cf.9f6c6.json
gl_oneline,GameRes/Sprites/Icon4/oneLine_img_orangeBg,cc.Texture2D,48c92ce7-f7b7-417f-a472-39f30dfae5bb,assets\gl_oneline\import\48\48c92ce7-f7b7-417f-a472-39f30dfae5bb.7871f.json
gl_oneline,GameRes/Sprites/Icon4/oneLine_img_pinkBg,cc.SpriteFrame,7d9924a3-bff5-4dbc-85a8-bbbbaf25c044,assets\gl_oneline\import\7d\7d9924a3-bff5-4dbc-85a8-bbbbaf25c044.19149.json
gl_oneline,GameRes/Sprites/Icon4/oneLine_img_pinkBg,cc.Texture2D,416d8d4a-5425-4cb2-b9cb-d9bf5848515c,assets\gl_oneline\import\41\416d8d4a-5425-4cb2-b9cb-d9bf5848515c.7871f.json
gl_oneline,GameRes/Sprites/Icon4/oneLine_img_purplelBg,cc.SpriteFrame,2c90f376-820b-4ff8-889a-9c25f8ba40f9,assets\gl_oneline\import\2c\2c90f376-820b-4ff8-889a-9c25f8ba40f9.0015e.json
gl_oneline,GameRes/Sprites/Icon4/oneLine_img_purplelBg,cc.Texture2D,29917b0e-3f4e-4e46-96b3-8a7ba7ec1807,assets\gl_oneline\import\29\29917b0e-3f4e-4e46-96b3-8a7ba7ec1807.7871f.json
gl_oneline,GameRes/Sprites/Icon4/oneLine_img_redBg,cc.SpriteFrame,72553ad0-f662-4d2e-8d52-1a570a6e1341,assets\gl_oneline\import\72\72553ad0-f662-4d2e-8d52-1a570a6e1341.983c7.json
gl_oneline,GameRes/Sprites/Icon4/oneLine_img_redBg,cc.Texture2D,8feba84b-3d7b-494d-a11e-76c34b1de7cd,assets\gl_oneline\import\8f\8feba84b-3d7b-494d-a11e-76c34b1de7cd.7871f.json
gl_oneline,GameRes/Sprites/Icon4/oneLine_img_yellowBg,cc.SpriteFrame,9f8d28ef-4874-4754-abbf-cd4db8e87fee,assets\gl_oneline\import\9f\9f8d28ef-4874-4754-abbf-cd4db8e87fee.a1904.json
gl_oneline,GameRes/Sprites/Icon4/oneLine_img_yellowBg,cc.Texture2D,051265bc-ecf8-44ed-ac40-5291e8cfd3e8,assets\gl_oneline\import\05\051265bc-ecf8-44ed-ac40-5291e8cfd3e8.7871f.json
gl_oneline,GameRes/font/Roboto-Bold,cc.TTFFont,5296ce1e-4974-4f33-b3cc-74e6a513fa95,assets\gl_oneline\import\52\5296ce1e-4974-4f33-b3cc-74e6a513fa95.10975.json
gl_oneline,GameRes/font/oneLine_num_white,cc.BitmapFont,98e8c420-fe69-4686-9c17-5a7bfe2cd245,assets\gl_oneline\import\98\98e8c420-fe69-4686-9c17-5a7bfe2cd245.cbfe6.json
gl_oneline,GameRes/font/oneLine_num_white,cc.SpriteFrame,a788f8c2-18a9-411b-b67f-46e20ddc225b,assets\gl_oneline\import\a7\a788f8c2-18a9-411b-b67f-46e20ddc225b.d19e0.json
gl_oneline,GameRes/font/oneLine_num_white,cc.Texture2D,b0c3a403-8a31-42b7-baf9-e0945b02520a,assets\gl_oneline\import\b0\b0c3a403-8a31-42b7-baf9-e0945b02520a.7871f.json
gl_oneline,GameRes/icons/oneLine_img_crown,cc.SpriteFrame,077c5bca-1d69-4c15-9cec-8b0c4ec9c1b1,assets\gl_oneline\import\07\077c5bca-1d69-4c15-9cec-8b0c4ec9c1b1.e7211.json
gl_oneline,GameRes/icons/oneLine_img_crown,cc.Texture2D,10aecaf7-5d07-4c72-8b62-887ff57ec87e,assets\gl_oneline\import\10\10aecaf7-5d07-4c72-8b62-887ff57ec87e.7871f.json
gl_oneline,GameRes/scenes/glOnelinePrefab,cc.Prefab,9f364403-c98e-463c-b7d0-85eb1a5bf41c,assets\gl_oneline\import\9f\9f364403-c98e-463c-b7d0-85eb1a5bf41c.e48c0.json
gl_oneline,byteData/level_data,cc.BufferAsset,ca5e01f3-20b1-43b9-a156-535d144c627c,assets\gl_oneline\import\ca\ca5e01f3-20b1-43b9-a156-535d144c627c.8cc90.json
gl_oneline,byteData/level_data_offsets,cc.BufferAsset,ab5c86a1-e9ce-45f9-903a-1f98881f143e,assets\gl_oneline\import\ab\ab5c86a1-e9ce-45f9-903a-1f98881f143e.4c5e4.json
gl_onet,byteData/level_data,cc.BufferAsset,1b7fa1f5-c4f9-4da7-a79b-04b9dc4840b9,assets\gl_onet\import\1b\1b7fa1f5-c4f9-4da7-a79b-04b9dc4840b9.8cc90.json
gl_onet,byteData/level_data_offsets,cc.BufferAsset,94ea0ad1-08a4-4ef4-9f0e-61ea7c6f4b16,assets\gl_onet\import\94\94ea0ad1-08a4-4ef4-9f0e-61ea7c6f4b16.4c5e4.json
gl_onet,resource/Config/shapeLevel1,cc.JsonAsset,fbd54705-1693-4bda-a76a-f930095f2c4d,assets\gl_onet\import\fb\fbd54705-1693-4bda-a76a-f930095f2c4d.c1c4b.json
gl_onet,resource/Config/tbadaptation,cc.JsonAsset,fa0d15a2-d7e1-4701-bf9c-56bb6faf9d54,assets\gl_onet\import\fa\fa0d15a2-d7e1-4701-bf9c-56bb6faf9d54.d253e.json
gl_onet,resource/Config/tbcombo,cc.JsonAsset,46af8875-1e69-4d30-98cd-6ad4b03ae74d,assets\gl_onet\import\46\46af8875-1e69-4d30-98cd-6ad4b03ae74d.4716e.json
gl_onet,resource/Config/tblevelspecification,cc.JsonAsset,5c7ebc3d-9082-4994-9a7c-1dbbbb670c5b,assets\gl_onet\import\5c\5c7ebc3d-9082-4994-9a7c-1dbbbb670c5b.fdfbf.json
gl_onet,resource/Config/tbteach,cc.JsonAsset,a2e1c5d2-5777-43e2-b776-af043ea36838,assets\gl_onet\import\a2\a2e1c5d2-5777-43e2-b776-af043ea36838.75cec.json
gl_onet,resource/Config/tbteachNewPlan3,cc.JsonAsset,014bd3f3-112a-47ce-9907-5a6cf594a7a6,assets\gl_onet\import\01\014bd3f3-112a-47ce-9907-5a6cf594a7a6.8a50c.json
gl_onet,resource/Config/tbtheme,cc.JsonAsset,38ed22a0-efd2-4265-834c-7e75a3fd9712,assets\gl_onet\import\38\38ed22a0-efd2-4265-834c-7e75a3fd9712.0e9aa.json
gl_onet,resource/Config/tbthemestrategy,cc.JsonAsset,d95fb2fe-e530-4e3a-b2e0-d54e9527ad6c,assets\gl_onet\import\d9\d95fb2fe-e530-4e3a-b2e0-d54e9527ad6c.fe26d.json
gl_onet,resource/Effect/Experiment/showUpdateCapcityAnima/PowerUP,cc.Asset,c126f283-1057-4ae7-a738-97042fe3b8a4,assets\gl_onet\import\c1\c126f283-1057-4ae7-a738-97042fe3b8a4.39c0d.json
gl_onet,resource/Effect/Experiment/showUpdateCapcityAnima/PowerUP,cc.SpriteFrame,52e08266-404f-4c97-be72-b4c7cc16fcc0,assets\gl_onet\import\52\52e08266-404f-4c97-be72-b4c7cc16fcc0.4963c.json
gl_onet,resource/Effect/Experiment/showUpdateCapcityAnima/PowerUP,cc.Texture2D,dc98cc64-db00-4d1c-8271-a9f6a55c045f,assets\gl_onet\import\dc\dc98cc64-db00-4d1c-8271-a9f6a55c045f.7871f.json
gl_onet,resource/Effect/Experiment/showUpdateCapcityAnima/PowerUP,sp.SkeletonData,7ba99264-507d-4cd7-9ff5-bd603bba39eb,assets\gl_onet\import\7b\7ba99264-507d-4cd7-9ff5-bd603bba39eb.f128c.json
gl_onet,resource/Effect/anims/Anim_Click_error_01,cc.AnimationClip,0faee4ad-1fc2-40cd-9bdd-57fe6a882a25,assets\gl_onet\import\0f\0faee4ad-1fc2-40cd-9bdd-57fe6a882a25.7a2ed.json
gl_onet,resource/Effect/anims/Anim_Clock_2,cc.AnimationClip,bb09f19a-eb04-4f64-a2d2-6e9e1e51fe01,assets\gl_onet\import\bb\bb09f19a-eb04-4f64-a2d2-6e9e1e51fe01.92dfd.json
gl_onet,resource/Effect/anims/Anim_Combo_tex,cc.AnimationClip,d947a0f9-dee0-4af0-94b6-383591b46ca0,assets\gl_onet\import\d9\d947a0f9-dee0-4af0-94b6-383591b46ca0.29057.json
gl_onet,resource/Effect/anims/Anim_Hint_01,cc.AnimationClip,a697f4fd-236a-496c-99fb-377cfd4afa6d,assets\gl_onet\import\a6\a697f4fd-236a-496c-99fb-377cfd4afa6d.e37ef.json
gl_onet,resource/Effect/anims/Anim_Selected_01,cc.AnimationClip,6adf484a-0446-47be-bf59-32cbc084c77b,assets\gl_onet\import\6a\6adf484a-0446-47be-bf59-32cbc084c77b.523e7.json
gl_onet,resource/Effect/anims/Animator_Clock,cc.AnimationClip,e334c68f-9c49-42a9-9300-e74396b2caf9,assets\gl_onet\import\e3\e334c68f-9c49-42a9-9300-e74396b2caf9.af555.json
gl_onet,resource/Effect/anims/Animator_Combo,cc.AnimationClip,e386693e-c735-4bb0-99f8-c3bd560338c0,assets\gl_onet\import\e3\e386693e-c735-4bb0-99f8-c3bd560338c0.1e5e0.json
gl_onet,resource/Effect/anims/Animator_Combo_good,cc.AnimationClip,ac03b801-1b4d-4aa1-b62f-42eb6a61c7ee,assets\gl_onet\import\ac\ac03b801-1b4d-4aa1-b62f-42eb6a61c7ee.662d5.json
gl_onet,resource/Effect/anims/Animator_Mahjong_hinthand,cc.AnimationClip,c0c26b42-2c18-41c5-bb88-054758f9f974,assets\gl_onet\import\c0\c0c26b42-2c18-41c5-bb88-054758f9f974.3d866.json
gl_onet,resource/Effect/anims/onetTeachRes,cc.AnimationClip,6c9f44c0-0725-4188-8bbd-7c2c63cb1015,assets\gl_onet\import\6c\6c9f44c0-0725-4188-8bbd-7c2c63cb1015.ae708.json
gl_onet,resource/Effect/prefabs/OnetAnimator_timelogo,cc.Prefab,45f92954-e556-4475-97a6-0cb32faef50f,assets\gl_onet\import\45\45f92954-e556-4475-97a6-0cb32faef50f.f8d65.json
gl_onet,resource/Effect/prefabs/OnetBreathe,cc.Prefab,0915311e-c473-4018-a26a-41fa8295edde,assets\gl_onet\import\09\0915311e-c473-4018-a26a-41fa8295edde.e7b62.json
gl_onet,resource/Effect/prefabs/OnetGame_Selected,cc.Prefab,fb74b90f-e9db-4769-83f5-b5a2a5a36869,assets\gl_onet\import\fb\fb74b90f-e9db-4769-83f5-b5a2a5a36869.abf5b.json
gl_onet,resource/Effect/prefabs/OnetGame_extratime,cc.Prefab,b76d25b0-71bc-4d08-8241-6fceb1a50ee1,assets\gl_onet\import\b7\b76d25b0-71bc-4d08-8241-6fceb1a50ee1.0a19f.json
gl_onet,resource/Effect/prefabs/OnetGame_flash,cc.Prefab,163dc5df-3da1-4e0a-803b-46001de84274,assets\gl_onet\import\16\163dc5df-3da1-4e0a-803b-46001de84274.c18b2.json
gl_onet,resource/Effect/prefabs/OnetGame_hint,cc.Prefab,6237fffe-137c-466f-bf32-c3a3f6478f10,assets\gl_onet\import\62\6237fffe-137c-466f-bf32-c3a3f6478f10.92d78.json
gl_onet,resource/Effect/prefabs/OnetGame_merge,cc.Prefab,149cad6b-ac57-491f-b4be-d0d6f7b10df0,assets\gl_onet\import\14\149cad6b-ac57-491f-b4be-d0d6f7b10df0.358a1.json
gl_onet,resource/Effect/prefabs/OnetGame_starline_point,cc.Prefab,d97e6787-5ecd-4870-a035-d1e5a0770b64,assets\gl_onet\import\d9\d97e6787-5ecd-4870-a035-d1e5a0770b64.0c8f7.json
gl_onet,resource/Effect/prefabs/OnetTeachResultView,cc.Prefab,2729e8b2-2740-4721-82d8-baeb48c4515a,assets\gl_onet\import\27\2729e8b2-2740-4721-82d8-baeb48c4515a.d1578.json
gl_onet,resource/Effect/prefabs/Onet_Click_eff,cc.Prefab,136a8f9e-8e26-44f0-8696-1f604990a524,assets\gl_onet\import\13\136a8f9e-8e26-44f0-8696-1f604990a524.3cb4b.json
gl_onet,resource/Effect/prefabs/Onet_Clock,cc.Prefab,871a463c-5da5-4d0b-9504-68e827672ae2,assets\gl_onet\import\87\871a463c-5da5-4d0b-9504-68e827672ae2.fd0b8.json
gl_onet,resource/Effect/prefabs/Onet_ClockAppear,cc.Prefab,169b851b-c5b0-42b3-984c-aa128cb7c5be,assets\gl_onet\import\16\169b851b-c5b0-42b3-984c-aa128cb7c5be.280a2.json
gl_onet,resource/Effect/prefabs/Onet_ClockFlash,cc.Prefab,dfc9372e-7ac4-40c5-92e5-a095d8a81c3b,assets\gl_onet\import\df\dfc9372e-7ac4-40c5-92e5-a095d8a81c3b.d05d7.json
gl_onet,resource/Effect/prefabs/Onet_Clock_timeout,cc.Prefab,b29fe4bf-1492-4f7a-87d5-3be10e24defe,assets\gl_onet\import\b2\b29fe4bf-1492-4f7a-87d5-3be10e24defe.9302f.json
gl_onet,resource/Effect/prefabs/combo_text_particle,cc.Prefab,ea89228e-b417-466e-a507-02b4ef715c99,assets\gl_onet\import\ea\ea89228e-b417-466e-a507-02b4ef715c99.eafc7.json
gl_onet,resource/Effect/prefabs/error_frame,cc.Prefab,bf10f36a-9fe4-4190-8091-dbb6a22a7e87,assets\gl_onet\import\bf\bf10f36a-9fe4-4190-8091-dbb6a22a7e87.8f4f8.json
gl_onet,resource/Effect/spine/gameplay_bg_xyllk_ske,dragonBones.DragonBonesAsset,aea9a527-9ee5-440f-9e23-b681a8e19a38,assets\gl_onet\import\ae\aea9a527-9ee5-440f-9e23-b681a8e19a38.d2cc8.json
gl_onet,resource/Effect/spine/gameplay_bg_xyllk_tex,cc.SpriteFrame,62cf4745-340f-44c3-b52e-ee03248ab9f6,assets\gl_onet\import\62\62cf4745-340f-44c3-b52e-ee03248ab9f6.b6933.json
gl_onet,resource/Effect/spine/gameplay_bg_xyllk_tex,cc.Texture2D,0cef511c-a980-454b-801c-e5f64703098d,assets\gl_onet\import\0c\0cef511c-a980-454b-801c-e5f64703098d.7871f.json
gl_onet,resource/Effect/spine/gameplay_bg_xyllk_tex,dragonBones.DragonBonesAtlasAsset,910add4e-ab8c-48a7-a9b5-5d4bd22d84f5,assets\gl_onet\import\91\910add4e-ab8c-48a7-a9b5-5d4bd22d84f5.bf0c5.json
gl_onet,resource/Effect/spine/lihua,cc.Asset,379027ae-71f1-407d-887a-2ea3846655ab,assets\gl_onet\import\37\379027ae-71f1-407d-887a-2ea3846655ab.88270.json
gl_onet,resource/Effect/spine/lihua,cc.SpriteFrame,e5611ab1-c678-4827-bd3b-d0a2d73bcae2,assets\gl_onet\import\e5\e5611ab1-c678-4827-bd3b-d0a2d73bcae2.4e07a.json
gl_onet,resource/Effect/spine/lihua,cc.Texture2D,abc3cc93-d7d7-43ea-8237-393c6f99b75c,assets\gl_onet\import\ab\abc3cc93-d7d7-43ea-8237-393c6f99b75c.7871f.json
gl_onet,resource/Effect/spine/lihua,sp.SkeletonData,f63957c9-8506-48b3-b02b-d91ec1f59103,assets\gl_onet\import\f6\f63957c9-8506-48b3-b02b-d91ec1f59103.7770a.json
gl_onet,resource/Effect/spine/skeleton,cc.Asset,ab58048f-b30a-4b08-a57d-4d87d50a921a,assets\gl_onet\import\ab\ab58048f-b30a-4b08-a57d-4d87d50a921a.08689.json
gl_onet,resource/Effect/spine/skeleton,cc.SpriteFrame,5e104b6f-fc67-4761-ba91-f377c4efc87e,assets\gl_onet\import\5e\5e104b6f-fc67-4761-ba91-f377c4efc87e.3c9e3.json
gl_onet,resource/Effect/spine/skeleton,cc.Texture2D,cbf0059c-f212-45e7-9500-f60187a9d442,assets\gl_onet\import\cb\cbf0059c-f212-45e7-9500-f60187a9d442.7871f.json
gl_onet,resource/Effect/spine/skeleton,sp.SkeletonData,142b127b-5ebf-46f1-bcd0-3e43fff63845,assets\gl_onet\import\14\142b127b-5ebf-46f1-bcd0-3e43fff63845.71534.json
gl_onet,resource/Textures/Tex_obj_256x256_002,cc.SpriteFrame,a089b9aa-6801-4538-9095-4aa0451f5083,assets\gl_onet\import\a0\a089b9aa-6801-4538-9095-4aa0451f5083.552e7.json
gl_onet,resource/Textures/Tex_obj_256x256_002,cc.Texture2D,fb6689e4-06b3-4899-be18-f1e9f62b1e6d,assets\gl_onet\import\fb\fb6689e4-06b3-4899-be18-f1e9f62b1e6d.7871f.json
gl_onet,resource/audios/full_combo,cc.AudioClip,7094699d-c5a7-44c8-92cf-440a2cdf684a,assets\gl_onet\import\70\7094699d-c5a7-44c8-92cf-440a2cdf684a.ae975.json
gl_onet,resource/audios/onet_birth,cc.AudioClip,75c34224-55c4-41ce-a1f6-f47bec2ffbcf,assets\gl_onet\import\75\75c34224-55c4-41ce-a1f6-f47bec2ffbcf.a986c.json
gl_onet,resource/audios/onet_click,cc.AudioClip,5499209b-1f79-44e3-a8c6-5982e08f58d2,assets\gl_onet\import\54\5499209b-1f79-44e3-a8c6-5982e08f58d2.6604d.json
gl_onet,resource/audios/onet_clock,cc.AudioClip,ec4ef894-2568-485d-b5ca-04bfd5192c67,assets\gl_onet\import\ec\ec4ef894-2568-485d-b5ca-04bfd5192c67.f3933.json
gl_onet,resource/audios/onet_hint,cc.AudioClip,c52c9929-1a5e-4c54-8f45-c7a7607a2e84,assets\gl_onet\import\c5\c52c9929-1a5e-4c54-8f45-c7a7607a2e84.5f29d.json
gl_onet,resource/audios/onet_pair1,cc.AudioClip,d85ddabf-96bd-4ae0-902c-1e79f3d1e2f1,assets\gl_onet\import\d8\d85ddabf-96bd-4ae0-902c-1e79f3d1e2f1.1de46.json
gl_onet,resource/audios/onet_pair2,cc.AudioClip,54f02e9c-b1b7-4689-8d9b-c5003dbd29df,assets\gl_onet\import\54\54f02e9c-b1b7-4689-8d9b-c5003dbd29df.94f0a.json
gl_onet,resource/audios/onet_pair3,cc.AudioClip,657ee548-739c-47b7-9ad2-55e2ce1857a9,assets\gl_onet\import\65\657ee548-739c-47b7-9ad2-55e2ce1857a9.192fd.json
gl_onet,resource/audios/onet_pair4,cc.AudioClip,187b485c-4bd3-4495-94e2-121e023822e3,assets\gl_onet\import\18\187b485c-4bd3-4495-94e2-121e023822e3.e9871.json
gl_onet,resource/audios/onet_pair5,cc.AudioClip,05027670-b336-496a-bdc8-dd7c2b3b35b2,assets\gl_onet\import\05\05027670-b336-496a-bdc8-dd7c2b3b35b2.9fdf9.json
gl_onet,resource/audios/onet_pair6,cc.AudioClip,f8285ca3-fbda-48e9-a182-58e532311120,assets\gl_onet\import\f8\f8285ca3-fbda-48e9-a182-58e532311120.20132.json
gl_onet,resource/audios/onet_pair7,cc.AudioClip,01a92b9b-861d-448d-bb55-153f51350b1e,assets\gl_onet\import\01\01a92b9b-861d-448d-bb55-153f51350b1e.d36fa.json
gl_onet,resource/audios/onet_pair8,cc.AudioClip,2928ba17-d941-4903-b118-2b7259a206ee,assets\gl_onet\import\29\2928ba17-d941-4903-b118-2b7259a206ee.2fef3.json
gl_onet,resource/audios/onet_refresh,cc.AudioClip,f769f070-7d18-4fdc-8621-b0dc583fd01c,assets\gl_onet\import\f7\f769f070-7d18-4fdc-8621-b0dc583fd01c.dc0ca.json
gl_onet,resource/audios/onet_star,cc.AudioClip,3a661264-c88a-4c8d-b919-03ae84ed7008,assets\gl_onet\import\3a\3a661264-c88a-4c8d-b919-03ae84ed7008.7ec5a.json
gl_onet,resource/audios/onet_wrong,cc.AudioClip,df60761c-d16b-4a14-bf18-1d2ed1b23883,assets\gl_onet\import\df\df60761c-d16b-4a14-bf18-1d2ed1b23883.db3d2.json
gl_onet,resource/audios/platform_click1,cc.AudioClip,70e69055-122e-4b4b-bc73-44a26aae22d9,assets\gl_onet\import\70\70e69055-122e-4b4b-bc73-44a26aae22d9.247d3.json
gl_onet,resource/font/Roboto-Bold,cc.TTFFont,b74ea911-4c09-40a3-bc72-ba8d6a3e1c60,assets\gl_onet\import\b7\b74ea911-4c09-40a3-bc72-ba8d6a3e1c60.10975.json
gl_onet,resource/prefabs/ComboView,cc.Prefab,a2783ef6-3b88-422a-9a27-987655a8c208,assets\gl_onet\import\a2\a2783ef6-3b88-422a-9a27-987655a8c208.b8653.json
gl_onet,resource/prefabs/Experiment/showUpdateCapcityAnima/UpdateCapacityNode,cc.Prefab,a96f8998-3b74-4791-a960-4b6a7c8a1e10,assets\gl_onet\import\a9\a96f8998-3b74-4791-a960-4b6a7c8a1e10.3281d.json
gl_onet,resource/prefabs/GLOnetPropCornerItem,cc.Prefab,3a6dca38-7a05-4acb-a484-060985a67fd9,assets\gl_onet\import\3a\3a6dca38-7a05-4acb-a484-060985a67fd9.c74fa.json
gl_onet,resource/prefabs/OnetButtonTips,cc.Prefab,6ef35993-3087-4217-964f-6d1082355b4c,assets\gl_onet\import\6e\6ef35993-3087-4217-964f-6d1082355b4c.57bec.json
gl_onet,resource/prefabs/Onet_Hinthand,cc.Prefab,6b60e236-8d3a-43f9-bff1-eea465fd548f,assets\gl_onet\import\6b\6b60e236-8d3a-43f9-bff1-eea465fd548f.efacf.json
gl_onet,resource/prefabs/UIGamePlay,cc.Prefab,54ae8e7e-f0e4-43f9-87f9-fef3d2484e61,assets\gl_onet\import\54\54ae8e7e-f0e4-43f9-87f9-fef3d2484e61.af587.json
gl_onet,resource/prefabs/UITeach,cc.Prefab,1bd61595-bc4e-4d86-9c2d-56c6cd16b104,assets\gl_onet\import\1b\1bd61595-bc4e-4d86-9c2d-56c6cd16b104.a5309.json
gl_onet,resource/sprites/Icon/AutoAtlas,cc.SpriteAtlas,d32237bd-b4d8-4007-a4e7-0db21a34c876,assets\gl_onet\import\d3\d32237bd-b4d8-4007-a4e7-0db21a34c876.86183.json
gl_onet,resource/sprites/Icon/bar_bot,cc.SpriteFrame,f23a0829-9574-4aba-a6aa-9e649e86fa4b,assets\gl_onet\import\f2\f23a0829-9574-4aba-a6aa-9e649e86fa4b.64fa3.json
gl_onet,resource/sprites/Icon/bar_people,cc.SpriteFrame,79c5fea4-791c-4f76-b4a4-70f49978f3e1,assets\gl_onet\import\79\79c5fea4-791c-4f76-b4a4-70f49978f3e1.b48da.json
gl_onet,resource/sprites/Icon/bar_vs,cc.SpriteFrame,90e415db-5eaf-438e-8f19-116122828d85,assets\gl_onet\import\90\90e415db-5eaf-438e-8f19-116122828d85.dce8b.json
gl_onet,resource/sprites/Icon/best,cc.SpriteFrame,5b77f1c3-f2c8-4d28-8f7d-93171de8afd3,assets\gl_onet\import\5b\5b77f1c3-f2c8-4d28-8f7d-93171de8afd3.a0262.json
gl_onet,resource/sprites/Icon/card_outlight,cc.SpriteFrame,f3ce1f3a-0748-44d6-8aea-71634f9a90c6,assets\gl_onet\import\f3\f3ce1f3a-0748-44d6-8aea-71634f9a90c6.6f8ab.json
gl_onet,resource/sprites/Icon/check,cc.SpriteFrame,f4bad895-de3b-4212-b06c-8edb77b106b2,assets\gl_onet\import\f4\f4bad895-de3b-4212-b06c-8edb77b106b2.8226e.json
gl_onet,resource/sprites/Icon/icon_back,cc.SpriteFrame,fd7e4fcc-30ed-4352-ace4-281ef59c29a6,assets\gl_onet\import\fd\fd7e4fcc-30ed-4352-ace4-281ef59c29a6.a88aa.json
gl_onet,resource/sprites/Icon/icon_banner_mask,cc.SpriteFrame,d4dcbc9b-6e50-4b4f-924d-22e593cad6da,assets\gl_onet\import\d4\d4dcbc9b-6e50-4b4f-924d-22e593cad6da.bcc8d.json
gl_onet,resource/sprites/Icon/icon_banner_title,cc.SpriteFrame,3914e0ea-250e-43a9-85fe-7932f98ac73b,assets\gl_onet\import\39\3914e0ea-250e-43a9-85fe-7932f98ac73b.bae56.json
gl_onet,resource/sprites/Icon/icon_bomb,cc.SpriteFrame,e4cd0951-406a-4054-884b-0aa1613f1dd4,assets\gl_onet\import\e4\e4cd0951-406a-4054-884b-0aa1613f1dd4.cd682.json
gl_onet,resource/sprites/Icon/icon_bot,cc.SpriteFrame,b2868a77-20e1-41d3-a3d6-95ff2ac4a43f,assets\gl_onet\import\b2\b2868a77-20e1-41d3-a3d6-95ff2ac4a43f.050c8.json
gl_onet,resource/sprites/Icon/icon_check,cc.SpriteFrame,69911de9-b112-435a-9274-ac741a49f41d,assets\gl_onet\import\69\69911de9-b112-435a-9274-ac741a49f41d.c48be.json
gl_onet,resource/sprites/Icon/icon_clear,cc.SpriteFrame,c99d55d1-488a-4bf0-bb14-d66e6621edb8,assets\gl_onet\import\c9\c99d55d1-488a-4bf0-bb14-d66e6621edb8.f5a30.json
gl_onet,resource/sprites/Icon/icon_clock,cc.SpriteFrame,cb19622a-029f-470f-9d0e-344cf9914672,assets\gl_onet\import\cb\cb19622a-029f-470f-9d0e-344cf9914672.2770d.json
gl_onet,resource/sprites/Icon/icon_close,cc.SpriteFrame,09970b57-ec13-407b-b61f-df716a5ca098,assets\gl_onet\import\09\09970b57-ec13-407b-b61f-df716a5ca098.cd2f5.json
gl_onet,resource/sprites/Icon/icon_exchange,cc.SpriteFrame,ce3ebf40-8dab-443f-9a7b-5635444ab673,assets\gl_onet\import\ce\ce3ebf40-8dab-443f-9a7b-5635444ab673.b96c4.json
gl_onet,resource/sprites/Icon/icon_friend,cc.SpriteFrame,b0cd7dd2-963f-4dc3-9d24-13f378ba2ed2,assets\gl_onet\import\b0\b0cd7dd2-963f-4dc3-9d24-13f378ba2ed2.24d3f.json
gl_onet,resource/sprites/Icon/icon_hint,cc.SpriteFrame,8ff61416-1ead-4611-8552-cd6bc89a9c43,assets\gl_onet\import\8f\8ff61416-1ead-4611-8552-cd6bc89a9c43.624ab.json
gl_onet,resource/sprites/Icon/icon_home,cc.SpriteFrame,ddaf901c-9bfb-43db-9af3-7a6f225599ef,assets\gl_onet\import\dd\ddaf901c-9bfb-43db-9af3-7a6f225599ef.ea2a5.json
gl_onet,resource/sprites/Icon/icon_info,cc.SpriteFrame,4f185046-e1a5-4026-859f-4f4fde8a4b43,assets\gl_onet\import\4f\4f185046-e1a5-4026-859f-4f4fde8a4b43.80287.json
gl_onet,resource/sprites/Icon/icon_mask,cc.SpriteFrame,c7a011bf-98d8-4197-8761-dbdd9eeaf124,assets\gl_onet\import\c7\c7a011bf-98d8-4197-8761-dbdd9eeaf124.33171.json
gl_onet,resource/sprites/Icon/icon_no_net,cc.SpriteFrame,622c0aa8-4af8-4905-89a4-f958a945fca3,assets\gl_onet\import\62\622c0aa8-4af8-4905-89a4-f958a945fca3.60732.json
gl_onet,resource/sprites/Icon/icon_restart,cc.SpriteFrame,a8f463d7-0f59-4196-9011-63e51eb15752,assets\gl_onet\import\a8\a8f463d7-0f59-4196-9011-63e51eb15752.f2a03.json
gl_onet,resource/sprites/Icon/icon_settings,cc.SpriteFrame,270a3765-47c4-4dbe-9bed-4064b6b604a3,assets\gl_onet\import\27\270a3765-47c4-4dbe-9bed-4064b6b604a3.05030.json
gl_onet,resource/sprites/Icon/icon_shuffle,cc.SpriteFrame,aa608611-defa-465e-b8f5-e13f6594bbf2,assets\gl_onet\import\aa\aa608611-defa-465e-b8f5-e13f6594bbf2.62546.json
gl_onet,resource/sprites/Icon/icon_skip,cc.SpriteFrame,d70ef1a6-ecd4-4c32-8c0c-46c544b60035,assets\gl_onet\import\d7\d70ef1a6-ecd4-4c32-8c0c-46c544b60035.a97a3.json
gl_onet,resource/sprites/Icon/icon_star,cc.SpriteFrame,d9595f19-d231-447d-9fa1-87ddbe62e581,assets\gl_onet\import\d9\d9595f19-d231-447d-9fa1-87ddbe62e581.ef911.json
gl_onet,resource/sprites/Icon/icon_star2,cc.SpriteFrame,c0a82524-24e2-47a2-9e05-1ad0526339eb,assets\gl_onet\import\c0\c0a82524-24e2-47a2-9e05-1ad0526339eb.f488f.json
gl_onet,resource/sprites/Icon/icon_statistics,cc.SpriteFrame,cb4406d3-31b1-4cc0-8a5a-19003fe89f8f,assets\gl_onet\import\cb\cb4406d3-31b1-4cc0-8a5a-19003fe89f8f.040c8.json
gl_onet,resource/sprites/Icon/icon_switch_theme,cc.SpriteFrame,31208099-2781-4296-b2a3-f6ce4a19a02e,assets\gl_onet\import\31\31208099-2781-4296-b2a3-f6ce4a19a02e.99769.json
gl_onet,resource/sprites/Icon/icon_turn,cc.SpriteFrame,caad93e3-5316-4b08-b672-f7617d82968c,assets\gl_onet\import\ca\caad93e3-5316-4b08-b672-f7617d82968c.2237b.json
gl_onet,resource/sprites/Icon/icon_undo,cc.SpriteFrame,e2931d0a-c921-4538-aad2-37090d076f23,assets\gl_onet\import\e2\e2931d0a-c921-4538-aad2-37090d076f23.93da2.json
gl_onet,resource/sprites/Icon/icon_unselected,cc.SpriteFrame,47139497-1479-47d8-9d53-a876322627d9,assets\gl_onet\import\47\47139497-1479-47d8-9d53-a876322627d9.d2780.json
gl_onet,resource/sprites/Icon/line,cc.SpriteFrame,e171ac87-8502-4ac4-b0f9-9455b41aa03e,assets\gl_onet\import\e1\e171ac87-8502-4ac4-b0f9-9455b41aa03e.52e76.json
gl_onet,resource/sprites/Icon/prop_count_bg,cc.SpriteFrame,78270363-8a3b-47ad-8e3a-820d425b06b8,assets\gl_onet\import\78\78270363-8a3b-47ad-8e3a-820d425b06b8.babac.json
gl_onet,resource/sprites/Icon/prop_count_unlimited,cc.SpriteFrame,e9ed97fc-f80a-4dae-a26b-7f1be4bbc7ec,assets\gl_onet\import\e9\e9ed97fc-f80a-4dae-a26b-7f1be4bbc7ec.2f26b.json
gl_onet,resource/sprites/Icon/prop_green,cc.SpriteFrame,63fcbe58-62c4-4801-90a1-c77b454be045,assets\gl_onet\import\63\63fcbe58-62c4-4801-90a1-c77b454be045.0e82e.json
gl_onet,resource/sprites/Icon/prop_red,cc.SpriteFrame,94406dfb-7028-4bc6-b9c4-9deeb4802bbc,assets\gl_onet\import\94\94406dfb-7028-4bc6-b9c4-9deeb4802bbc.d5797.json
gl_onet,resource/sprites/Icon/prop_video,cc.SpriteFrame,b987a558-e8ff-4023-b4d1-f1e02cfc762c,assets\gl_onet\import\b9\b987a558-e8ff-4023-b4d1-f1e02cfc762c.a05d5.json
gl_onet,resource/sprites/Icon/prop_video2,cc.SpriteFrame,4c350c14-e023-4850-b6fd-7deb177eba9e,assets\gl_onet\import\4c\4c350c14-e023-4850-b6fd-7deb177eba9e.6f9ce.json
gl_onet,resource/sprites/Icon/prop_video_arrow,cc.SpriteFrame,8ff458d1-29c7-4589-8f69-6b7b75eca147,assets\gl_onet\import\8f\8ff458d1-29c7-4589-8f69-6b7b75eca147.c5d13.json
gl_onet,resource/sprites/Icon/uncheck,cc.SpriteFrame,8936feb9-c49a-4a41-afa1-424bb604bd2a,assets\gl_onet\import\89\8936feb9-c49a-4a41-afa1-424bb604bd2a.af5d8.json
gl_onet,resource/sprites/Icon2/gameplay_txt_Hint,cc.SpriteFrame,e0c8502d-093c-4c99-bb5e-c5dab1b1006b,assets\gl_onet\import\e0\e0c8502d-093c-4c99-bb5e-c5dab1b1006b.f7b66.json
gl_onet,resource/sprites/Icon2/gameplay_txt_Hint,cc.Texture2D,80852a95-d4a5-4a66-8b89-cfda6682150b,assets\gl_onet\import\80\80852a95-d4a5-4a66-8b89-cfda6682150b.7871f.json
gl_onet,resource/sprites/Icon2/gameplay_txt_MoreTime,cc.SpriteFrame,dcfa7e94-2bec-488c-9d74-1466ff039620,assets\gl_onet\import\dc\dcfa7e94-2bec-488c-9d74-1466ff039620.e2156.json
gl_onet,resource/sprites/Icon2/gameplay_txt_MoreTime,cc.Texture2D,d4f19f5e-3e5c-46cb-9178-ac8a2ffdab9d,assets\gl_onet\import\d4\d4f19f5e-3e5c-46cb-9178-ac8a2ffdab9d.7871f.json
gl_onet,resource/sprites/Icon2/gameplay_txt_Shuffle,cc.SpriteFrame,0e544752-2872-4043-9a7f-f2d000c17825,assets\gl_onet\import\0e\0e544752-2872-4043-9a7f-f2d000c17825.b84c4.json
gl_onet,resource/sprites/Icon2/gameplay_txt_Shuffle,cc.Texture2D,737c516c-a994-400a-96ab-15c3728435f9,assets\gl_onet\import\73\737c516c-a994-400a-96ab-15c3728435f9.7871f.json
gl_onet,resource/sprites/combo/1/0,cc.SpriteFrame,20221e10-60e1-45a5-a7fa-5b35acb89596,assets\gl_onet\import\20\20221e10-60e1-45a5-a7fa-5b35acb89596.b4078.json
gl_onet,resource/sprites/combo/1/0,cc.Texture2D,7449e59b-7d3c-4535-b336-f32c799f0ecd,assets\gl_onet\import\74\7449e59b-7d3c-4535-b336-f32c799f0ecd.7871f.json
gl_onet,resource/sprites/combo/1/1,cc.SpriteFrame,d200bd29-2666-4b41-9967-2bd6c60b866d,assets\gl_onet\import\d2\d200bd29-2666-4b41-9967-2bd6c60b866d.952c6.json
gl_onet,resource/sprites/combo/1/1,cc.Texture2D,809689dc-aaa8-446e-ad91-0a6de32529cd,assets\gl_onet\import\80\809689dc-aaa8-446e-ad91-0a6de32529cd.7871f.json
gl_onet,resource/sprites/combo/1/2,cc.SpriteFrame,6b8bf2b0-3187-49c9-9f33-f7e167c00c73,assets\gl_onet\import\6b\6b8bf2b0-3187-49c9-9f33-f7e167c00c73.76db6.json
gl_onet,resource/sprites/combo/1/2,cc.Texture2D,703b8916-c84a-4c21-92bb-d503b4a5f9e4,assets\gl_onet\import\70\703b8916-c84a-4c21-92bb-d503b4a5f9e4.7871f.json
gl_onet,resource/sprites/combo/1/3,cc.SpriteFrame,5f262b61-5bea-4970-9b4e-a02f7c9118ad,assets\gl_onet\import\5f\5f262b61-5bea-4970-9b4e-a02f7c9118ad.f0a9f.json
gl_onet,resource/sprites/combo/1/3,cc.Texture2D,b7f5640e-a569-420f-919f-b6036d818842,assets\gl_onet\import\b7\b7f5640e-a569-420f-919f-b6036d818842.7871f.json
gl_onet,resource/sprites/combo/1/4,cc.SpriteFrame,ba8f3119-31b5-4200-8c8e-c0166430cb1f,assets\gl_onet\import\ba\ba8f3119-31b5-4200-8c8e-c0166430cb1f.0ba57.json
gl_onet,resource/sprites/combo/1/4,cc.Texture2D,5e8026ae-132d-400d-8f69-b9c29c155e35,assets\gl_onet\import\5e\5e8026ae-132d-400d-8f69-b9c29c155e35.7871f.json
gl_onet,resource/sprites/combo/1/5,cc.SpriteFrame,41c6caa0-d151-4803-86ac-60ae04d9b53c,assets\gl_onet\import\41\41c6caa0-d151-4803-86ac-60ae04d9b53c.1a6d7.json
gl_onet,resource/sprites/combo/1/5,cc.Texture2D,7101b5fe-c59d-4c4f-b3f7-625b5e9022c6,assets\gl_onet\import\71\7101b5fe-c59d-4c4f-b3f7-625b5e9022c6.7871f.json
gl_onet,resource/sprites/combo/1/6,cc.SpriteFrame,0c4e36b1-9a77-494e-8a11-4cf1dcb14aeb,assets\gl_onet\import\0c\0c4e36b1-9a77-494e-8a11-4cf1dcb14aeb.85b54.json
gl_onet,resource/sprites/combo/1/6,cc.Texture2D,57ee15b1-2c0c-4aa8-9c65-205fcd73e89f,assets\gl_onet\import\57\57ee15b1-2c0c-4aa8-9c65-205fcd73e89f.7871f.json
gl_onet,resource/sprites/combo/1/7,cc.SpriteFrame,5c266478-f0f6-4b3d-a6dd-9a42dfc3edeb,assets\gl_onet\import\5c\5c266478-f0f6-4b3d-a6dd-9a42dfc3edeb.43b5e.json
gl_onet,resource/sprites/combo/1/7,cc.Texture2D,b073f7f3-5913-4bdf-b61a-f8d4dc97da0d,assets\gl_onet\import\b0\b073f7f3-5913-4bdf-b61a-f8d4dc97da0d.7871f.json
gl_onet,resource/sprites/combo/1/8,cc.SpriteFrame,4394a72a-398d-469f-81b4-d7254c00282e,assets\gl_onet\import\43\4394a72a-398d-469f-81b4-d7254c00282e.48e5f.json
gl_onet,resource/sprites/combo/1/8,cc.Texture2D,5ef975d6-2279-4a60-b291-424cf627482b,assets\gl_onet\import\5e\5ef975d6-2279-4a60-b291-424cf627482b.7871f.json
gl_onet,resource/sprites/combo/1/9,cc.SpriteFrame,bff90fa7-5bce-43ba-aa3e-8338628c1101,assets\gl_onet\import\bf\bff90fa7-5bce-43ba-aa3e-8338628c1101.a45fa.json
gl_onet,resource/sprites/combo/1/9,cc.Texture2D,1383e832-2240-415e-a065-61b8d6dc58b3,assets\gl_onet\import\13\1383e832-2240-415e-a065-61b8d6dc58b3.7871f.json
gl_onet,resource/sprites/combo/1/combo,cc.SpriteFrame,8ea882d6-8d94-4629-b1d3-8af0d025a981,assets\gl_onet\import\8e\8ea882d6-8d94-4629-b1d3-8af0d025a981.6dc34.json
gl_onet,resource/sprites/combo/1/combo,cc.Texture2D,9f775fdf-62af-4707-b535-6f370810b1dd,assets\gl_onet\import\9f\9f775fdf-62af-4707-b535-6f370810b1dd.7871f.json
gl_onet,resource/sprites/combo/1/combo_excellent,cc.SpriteFrame,efd54f79-ee03-41f0-8d68-f0df6c3cd072,assets\gl_onet\import\ef\efd54f79-ee03-41f0-8d68-f0df6c3cd072.fa8ec.json
gl_onet,resource/sprites/combo/1/combo_excellent,cc.Texture2D,39aacb43-4b80-4f74-b5e8-4b65b7e56bae,assets\gl_onet\import\39\39aacb43-4b80-4f74-b5e8-4b65b7e56bae.7871f.json
gl_onet,resource/sprites/combo/1/combo_good,cc.SpriteFrame,cdf0f3f1-3035-4a4d-98ec-36806b1e6748,assets\gl_onet\import\cd\cdf0f3f1-3035-4a4d-98ec-36806b1e6748.2329a.json
gl_onet,resource/sprites/combo/1/combo_good,cc.Texture2D,8fbcb2f9-251d-49f1-926b-22a94d2027d5,assets\gl_onet\import\8f\8fbcb2f9-251d-49f1-926b-22a94d2027d5.7871f.json
gl_onet,resource/sprites/combo/1/combo_great,cc.SpriteFrame,2dc4a463-e1c7-4ea4-91fa-c11af5d057ad,assets\gl_onet\import\2d\2dc4a463-e1c7-4ea4-91fa-c11af5d057ad.d9b51.json
gl_onet,resource/sprites/combo/1/combo_great,cc.Texture2D,7bf7b3dd-5f11-42da-940c-31e7a57c0d6d,assets\gl_onet\import\7b\7bf7b3dd-5f11-42da-940c-31e7a57c0d6d.7871f.json
gl_onet,resource/sprites/combo/1/combo_unbelievable,cc.SpriteFrame,fa23136d-d7e2-4e94-a7af-e45de8805ab7,assets\gl_onet\import\fa\fa23136d-d7e2-4e94-a7af-e45de8805ab7.e3802.json
gl_onet,resource/sprites/combo/1/combo_unbelievable,cc.Texture2D,6a97ec27-7d00-452c-b6d0-b331874c2694,assets\gl_onet\import\6a\6a97ec27-7d00-452c-b6d0-b331874c2694.7871f.json
gl_onet,resource/sprites/combo/2/0,cc.SpriteFrame,f1ca0f6d-e8ee-4cb3-9fd3-f1e365003091,assets\gl_onet\import\f1\f1ca0f6d-e8ee-4cb3-9fd3-f1e365003091.e5e51.json
gl_onet,resource/sprites/combo/2/0,cc.Texture2D,c8de6b2d-ae1e-414b-8294-c3b41d481839,assets\gl_onet\import\c8\c8de6b2d-ae1e-414b-8294-c3b41d481839.7871f.json
gl_onet,resource/sprites/combo/2/1,cc.SpriteFrame,3161127a-db71-419d-a631-d47cd0c81bb7,assets\gl_onet\import\31\3161127a-db71-419d-a631-d47cd0c81bb7.e4956.json
gl_onet,resource/sprites/combo/2/1,cc.Texture2D,8d159d50-533c-48e8-a42d-bb3ec226bf9b,assets\gl_onet\import\8d\8d159d50-533c-48e8-a42d-bb3ec226bf9b.7871f.json
gl_onet,resource/sprites/combo/2/2,cc.SpriteFrame,04061a75-cf2d-444f-b9a5-d6d4f690d8ed,assets\gl_onet\import\04\04061a75-cf2d-444f-b9a5-d6d4f690d8ed.7f7d5.json
gl_onet,resource/sprites/combo/2/2,cc.Texture2D,a49fd157-a1cc-47c8-99c0-6a69b44496ab,assets\gl_onet\import\a4\a49fd157-a1cc-47c8-99c0-6a69b44496ab.7871f.json
gl_onet,resource/sprites/combo/2/3,cc.SpriteFrame,934ceb87-0dcc-47bc-8cc3-1a9e6e4a56fd,assets\gl_onet\import\93\934ceb87-0dcc-47bc-8cc3-1a9e6e4a56fd.7862a.json
gl_onet,resource/sprites/combo/2/3,cc.Texture2D,8b552893-3c48-46f1-9381-1bcdf2b4f1db,assets\gl_onet\import\8b\8b552893-3c48-46f1-9381-1bcdf2b4f1db.7871f.json
gl_onet,resource/sprites/combo/2/4,cc.SpriteFrame,ae5ba032-1919-48b7-aa96-92fd263f152e,assets\gl_onet\import\ae\ae5ba032-1919-48b7-aa96-92fd263f152e.f64ba.json
gl_onet,resource/sprites/combo/2/4,cc.Texture2D,889a5a46-a58e-40cd-a643-76f56021eb38,assets\gl_onet\import\88\889a5a46-a58e-40cd-a643-76f56021eb38.7871f.json
gl_onet,resource/sprites/combo/2/5,cc.SpriteFrame,ce4993e5-4243-4953-92d2-952f7c29f369,assets\gl_onet\import\ce\ce4993e5-4243-4953-92d2-952f7c29f369.6c37d.json
gl_onet,resource/sprites/combo/2/5,cc.Texture2D,7584be45-bdaf-45eb-94c5-16c2a75a52f5,assets\gl_onet\import\75\7584be45-bdaf-45eb-94c5-16c2a75a52f5.7871f.json
gl_onet,resource/sprites/combo/2/6,cc.SpriteFrame,e0782d62-7be9-4851-a98e-ed5be65c4d56,assets\gl_onet\import\e0\e0782d62-7be9-4851-a98e-ed5be65c4d56.7ae0f.json
gl_onet,resource/sprites/combo/2/6,cc.Texture2D,efc3db10-ed64-4723-b692-4c14f753621b,assets\gl_onet\import\ef\efc3db10-ed64-4723-b692-4c14f753621b.7871f.json
gl_onet,resource/sprites/combo/2/7,cc.SpriteFrame,54705768-de4b-4891-9891-e9320258d50b,assets\gl_onet\import\54\54705768-de4b-4891-9891-e9320258d50b.6dc03.json
gl_onet,resource/sprites/combo/2/7,cc.Texture2D,a1ef2726-04ff-429c-b124-9290e68688a6,assets\gl_onet\import\a1\a1ef2726-04ff-429c-b124-9290e68688a6.7871f.json
gl_onet,resource/sprites/combo/2/8,cc.SpriteFrame,1d926666-df21-4144-b1fe-11450374ad25,assets\gl_onet\import\1d\1d926666-df21-4144-b1fe-11450374ad25.1e7c8.json
gl_onet,resource/sprites/combo/2/8,cc.Texture2D,480be304-5e94-4e2b-829b-c3258698267a,assets\gl_onet\import\48\480be304-5e94-4e2b-829b-c3258698267a.7871f.json
gl_onet,resource/sprites/combo/2/9,cc.SpriteFrame,ad21833e-8527-4098-9996-bc1523488cd3,assets\gl_onet\import\ad\ad21833e-8527-4098-9996-bc1523488cd3.271b8.json
gl_onet,resource/sprites/combo/2/9,cc.Texture2D,7c76632e-bdd2-4770-a73c-542b5cac036e,assets\gl_onet\import\7c\7c76632e-bdd2-4770-a73c-542b5cac036e.7871f.json
gl_onet,resource/sprites/combo/2/combo,cc.SpriteFrame,32fed063-4ba8-428f-a9b2-5f874269163b,assets\gl_onet\import\32\32fed063-4ba8-428f-a9b2-5f874269163b.bc87d.json
gl_onet,resource/sprites/combo/2/combo,cc.Texture2D,4621bb94-ab66-4fc8-8b05-98bca7fb9cb0,assets\gl_onet\import\46\4621bb94-ab66-4fc8-8b05-98bca7fb9cb0.7871f.json
gl_onet,resource/sprites/combo/2/combo_excellent,cc.SpriteFrame,c08a1dca-b229-45f5-867c-641a549d61a7,assets\gl_onet\import\c0\c08a1dca-b229-45f5-867c-641a549d61a7.006a8.json
gl_onet,resource/sprites/combo/2/combo_excellent,cc.Texture2D,0a1e4f5e-ecaa-4472-bbda-3c4fce9aa118,assets\gl_onet\import\0a\0a1e4f5e-ecaa-4472-bbda-3c4fce9aa118.7871f.json
gl_onet,resource/sprites/combo/2/combo_good,cc.SpriteFrame,42793904-fb88-4b45-95b3-755815c76705,assets\gl_onet\import\42\42793904-fb88-4b45-95b3-755815c76705.2389a.json
gl_onet,resource/sprites/combo/2/combo_good,cc.Texture2D,decbb25d-aef8-41a6-8f5a-59d66a1e6b68,assets\gl_onet\import\de\decbb25d-aef8-41a6-8f5a-59d66a1e6b68.7871f.json
gl_onet,resource/sprites/combo/2/combo_great,cc.SpriteFrame,c7601f44-bb72-4641-86f1-71804bfd216a,assets\gl_onet\import\c7\c7601f44-bb72-4641-86f1-71804bfd216a.037cf.json
gl_onet,resource/sprites/combo/2/combo_great,cc.Texture2D,0846085b-a79a-4c71-b584-06543a6496e3,assets\gl_onet\import\08\0846085b-a79a-4c71-b584-06543a6496e3.7871f.json
gl_onet,resource/sprites/combo/2/combo_unbelievable,cc.SpriteFrame,bea516f9-f7b2-47ae-8d43-28b3b8476b57,assets\gl_onet\import\be\bea516f9-f7b2-47ae-8d43-28b3b8476b57.2d218.json
gl_onet,resource/sprites/combo/2/combo_unbelievable,cc.Texture2D,4705246b-d463-4882-872f-52694913d503,assets\gl_onet\import\47\4705246b-d463-4882-872f-52694913d503.7871f.json
gl_onet,resource/sprites/combo/3/0,cc.SpriteFrame,5bc89d7d-9af7-4462-aeca-01f278de6144,assets\gl_onet\import\5b\5bc89d7d-9af7-4462-aeca-01f278de6144.508a8.json
gl_onet,resource/sprites/combo/3/0,cc.Texture2D,8b031229-d5ab-4f4a-9395-520f9d608bab,assets\gl_onet\import\8b\8b031229-d5ab-4f4a-9395-520f9d608bab.7871f.json
gl_onet,resource/sprites/combo/3/1,cc.SpriteFrame,3f87c3c0-c057-4853-be5a-81b943769583,assets\gl_onet\import\3f\3f87c3c0-c057-4853-be5a-81b943769583.c0e7d.json
gl_onet,resource/sprites/combo/3/1,cc.Texture2D,c0f791e7-cc55-464d-a29c-237116f72a5b,assets\gl_onet\import\c0\c0f791e7-cc55-464d-a29c-237116f72a5b.7871f.json
gl_onet,resource/sprites/combo/3/2,cc.SpriteFrame,f55512c0-af84-4256-92b7-9f0cd6f5996d,assets\gl_onet\import\f5\f55512c0-af84-4256-92b7-9f0cd6f5996d.d58cb.json
gl_onet,resource/sprites/combo/3/2,cc.Texture2D,5ceac8eb-52fb-4673-8f4d-ff07624458e7,assets\gl_onet\import\5c\5ceac8eb-52fb-4673-8f4d-ff07624458e7.7871f.json
gl_onet,resource/sprites/combo/3/3,cc.SpriteFrame,0c198c99-06f2-4f80-9595-89e9ee59cc1a,assets\gl_onet\import\0c\0c198c99-06f2-4f80-9595-89e9ee59cc1a.ebc1a.json
gl_onet,resource/sprites/combo/3/3,cc.Texture2D,e6862971-0498-4ba3-8fa1-2796cce29d89,assets\gl_onet\import\e6\e6862971-0498-4ba3-8fa1-2796cce29d89.7871f.json
gl_onet,resource/sprites/combo/3/4,cc.SpriteFrame,06115645-77d2-42c0-b807-57a88a824333,assets\gl_onet\import\06\06115645-77d2-42c0-b807-57a88a824333.4c62c.json
gl_onet,resource/sprites/combo/3/4,cc.Texture2D,c891f611-549e-480d-99cc-54265748fb8e,assets\gl_onet\import\c8\c891f611-549e-480d-99cc-54265748fb8e.7871f.json
gl_onet,resource/sprites/combo/3/5,cc.SpriteFrame,8a0ebf0d-9c16-46b8-909b-edf3ffe25853,assets\gl_onet\import\8a\8a0ebf0d-9c16-46b8-909b-edf3ffe25853.07fb5.json
gl_onet,resource/sprites/combo/3/5,cc.Texture2D,aa6a24f7-8a3c-407a-8ec8-9c6c86970ae1,assets\gl_onet\import\aa\aa6a24f7-8a3c-407a-8ec8-9c6c86970ae1.7871f.json
gl_onet,resource/sprites/combo/3/6,cc.SpriteFrame,5598ace0-36b6-444a-a859-87a3bc2be17a,assets\gl_onet\import\55\5598ace0-36b6-444a-a859-87a3bc2be17a.cc8f5.json
gl_onet,resource/sprites/combo/3/6,cc.Texture2D,77913583-20e5-45ac-af65-69775c281bd7,assets\gl_onet\import\77\77913583-20e5-45ac-af65-69775c281bd7.7871f.json
gl_onet,resource/sprites/combo/3/7,cc.SpriteFrame,ddf049b9-2f20-4f4e-94a7-53ca62366c33,assets\gl_onet\import\dd\ddf049b9-2f20-4f4e-94a7-53ca62366c33.5824d.json
gl_onet,resource/sprites/combo/3/7,cc.Texture2D,05803faa-e605-4ad5-956e-ac0fc3174a76,assets\gl_onet\import\05\05803faa-e605-4ad5-956e-ac0fc3174a76.7871f.json
gl_onet,resource/sprites/combo/3/8,cc.SpriteFrame,cddf83be-4eb6-4a30-9674-fc31d485a907,assets\gl_onet\import\cd\cddf83be-4eb6-4a30-9674-fc31d485a907.77340.json
gl_onet,resource/sprites/combo/3/8,cc.Texture2D,adf991d0-b214-4103-913c-b648e57f6cb5,assets\gl_onet\import\ad\adf991d0-b214-4103-913c-b648e57f6cb5.7871f.json
gl_onet,resource/sprites/combo/3/9,cc.SpriteFrame,37dcc632-0913-4422-ae16-6633b334e831,assets\gl_onet\import\37\37dcc632-0913-4422-ae16-6633b334e831.f179e.json
gl_onet,resource/sprites/combo/3/9,cc.Texture2D,11feb808-a580-4111-a635-d37732dd180b,assets\gl_onet\import\11\11feb808-a580-4111-a635-d37732dd180b.7871f.json
gl_onet,resource/sprites/combo/3/combo,cc.SpriteFrame,01232448-04a8-45f8-9554-014f4a9fbe20,assets\gl_onet\import\01\01232448-04a8-45f8-9554-014f4a9fbe20.23d73.json
gl_onet,resource/sprites/combo/3/combo,cc.Texture2D,0078707f-8228-406f-93e1-6ee22a1a11e5,assets\gl_onet\import\00\0078707f-8228-406f-93e1-6ee22a1a11e5.7871f.json
gl_onet,resource/sprites/combo/3/combo_excellent,cc.SpriteFrame,188e507e-4465-4c3b-9603-f58b3d824dd3,assets\gl_onet\import\18\188e507e-4465-4c3b-9603-f58b3d824dd3.5a464.json
gl_onet,resource/sprites/combo/3/combo_excellent,cc.Texture2D,c4e22555-c357-4d59-9ab7-f7847dfc3840,assets\gl_onet\import\c4\c4e22555-c357-4d59-9ab7-f7847dfc3840.7871f.json
gl_onet,resource/sprites/combo/3/combo_good,cc.SpriteFrame,c2129c1f-5ffa-47bc-ad69-54b7c14f3203,assets\gl_onet\import\c2\c2129c1f-5ffa-47bc-ad69-54b7c14f3203.70008.json
gl_onet,resource/sprites/combo/3/combo_good,cc.Texture2D,a9867844-3368-45c3-91e3-162b1ead50a2,assets\gl_onet\import\a9\a9867844-3368-45c3-91e3-162b1ead50a2.7871f.json
gl_onet,resource/sprites/combo/3/combo_great,cc.SpriteFrame,825d0e1c-0117-42a0-8d46-e79ee719dd88,assets\gl_onet\import\82\825d0e1c-0117-42a0-8d46-e79ee719dd88.9fb50.json
gl_onet,resource/sprites/combo/3/combo_great,cc.Texture2D,3a3dcf74-81d2-480b-9954-f6a6014455d3,assets\gl_onet\import\3a\3a3dcf74-81d2-480b-9954-f6a6014455d3.7871f.json
gl_onet,resource/sprites/combo/3/combo_unbelievable,cc.SpriteFrame,87db6490-855b-40c0-9746-75ec39fbfd28,assets\gl_onet\import\87\87db6490-855b-40c0-9746-75ec39fbfd28.d37d3.json
gl_onet,resource/sprites/combo/3/combo_unbelievable,cc.Texture2D,ea8952ec-7720-4053-b437-87ec772598a6,assets\gl_onet\import\ea\ea8952ec-7720-4053-b437-87ec772598a6.7871f.json
gl_onet,resource/sprites/combo/Common/combo_progress,cc.SpriteFrame,eff63401-e4a1-47c6-ad63-880317c7356b,assets\gl_onet\import\ef\eff63401-e4a1-47c6-ad63-880317c7356b.53954.json
gl_onet,resource/sprites/combo/Common/combo_progress,cc.Texture2D,24606024-c7b0-4138-b3cb-05b6c8ab2b7e,assets\gl_onet\import\24\24606024-c7b0-4138-b3cb-05b6c8ab2b7e.7871f.json
gl_onet,resource/sprites/combo/Common/combo_progress_bg,cc.SpriteFrame,5f942fe4-3c18-4664-8049-b07b5c09cc6b,assets\gl_onet\import\5f\5f942fe4-3c18-4664-8049-b07b5c09cc6b.d2795.json
gl_onet,resource/sprites/combo/Common/combo_progress_bg,cc.Texture2D,8a3c6264-e750-4028-b441-48cc61ca1e74,assets\gl_onet\import\8a\8a3c6264-e750-4028-b441-48cc61ca1e74.7871f.json
gl_onet,resource/sprites/common/Icons/circle,cc.SpriteFrame,f521de02-e993-4a96-bee1-a082ef3d8f32,assets\gl_onet\import\f5\f521de02-e993-4a96-bee1-a082ef3d8f32.98c1e.json
gl_onet,resource/sprites/common/Icons/circle,cc.Texture2D,bc6b11ee-27a6-4dad-b196-bc6abb4f958f,assets\gl_onet\import\bc\bc6b11ee-27a6-4dad-b196-bc6abb4f958f.7871f.json
gl_onet,resource/sprites/common/Icons/circle_green,cc.SpriteFrame,3b34dc9c-48a6-47c8-ac48-b9842ab0d89c,assets\gl_onet\import\3b\3b34dc9c-48a6-47c8-ac48-b9842ab0d89c.cc914.json
gl_onet,resource/sprites/common/Icons/circle_green,cc.Texture2D,9c74e72e-7faf-435f-aa64-d4baee3cf235,assets\gl_onet\import\9c\9c74e72e-7faf-435f-aa64-d4baee3cf235.7871f.json
gl_onet,resource/sprites/common/Icons/count_bg,cc.SpriteFrame,7644e4ba-3ba0-426f-97d7-77486782d755,assets\gl_onet\import\76\7644e4ba-3ba0-426f-97d7-77486782d755.6bb39.json
gl_onet,resource/sprites/common/Icons/count_bg,cc.Texture2D,dd5eaf3a-8f0b-4395-95de-8cb963f7bfcc,assets\gl_onet\import\dd\dd5eaf3a-8f0b-4395-95de-8cb963f7bfcc.7871f.json
gl_onet,resource/sprites/common/Icons/icon_error,cc.SpriteFrame,4dc6dea7-1c5d-4cf1-9ba4-85e16962c5cb,assets\gl_onet\import\4d\4dc6dea7-1c5d-4cf1-9ba4-85e16962c5cb.6a0dd.json
gl_onet,resource/sprites/common/Icons/icon_error,cc.Texture2D,91739496-9fac-4ff2-89dd-c23491fc7e74,assets\gl_onet\import\91\91739496-9fac-4ff2-89dd-c23491fc7e74.7871f.json
gl_onet,resource/sprites/common/Icons/icon_hand,cc.SpriteFrame,bd55f534-c37e-4d34-8d31-2b04eb4e4691,assets\gl_onet\import\bd\bd55f534-c37e-4d34-8d31-2b04eb4e4691.42980.json
gl_onet,resource/sprites/common/Icons/icon_hand,cc.Texture2D,1b2c183a-ba2b-4b16-adb4-326bdf61e37a,assets\gl_onet\import\1b\1b2c183a-ba2b-4b16-adb4-326bdf61e37a.7871f.json
gl_onet,resource/sprites/common/Icons/icon_skip,cc.SpriteFrame,17f63629-7818-4e67-8e60-064940c393a9,assets\gl_onet\import\17\17f63629-7818-4e67-8e60-064940c393a9.3e3f6.json
gl_onet,resource/sprites/common/Icons/icon_skip,cc.Texture2D,cfe7967f-f79f-4728-93b4-323f4263c6fe,assets\gl_onet\import\cf\cfe7967f-f79f-4728-93b4-323f4263c6fe.7871f.json
gl_onet,resource/sprites/common/Icons/icon_timer,cc.SpriteFrame,b6d8d21e-e88e-4a70-9374-220c52146fa5,assets\gl_onet\import\b6\b6d8d21e-e88e-4a70-9374-220c52146fa5.e5fb1.json
gl_onet,resource/sprites/common/Icons/icon_timer,cc.Texture2D,43154630-76e7-437a-b812-45bc17a27235,assets\gl_onet\import\43\43154630-76e7-437a-b812-45bc17a27235.7871f.json
gl_onet,resource/sprites/common/Icons/icon_timer_small,cc.SpriteFrame,955a6d85-4855-4a3e-b041-785d75584652,assets\gl_onet\import\95\955a6d85-4855-4a3e-b041-785d75584652.b0ae1.json
gl_onet,resource/sprites/common/Icons/icon_timer_small,cc.Texture2D,578c6967-cce4-4cd5-a225-c165b6bcd40f,assets\gl_onet\import\57\578c6967-cce4-4cd5-a225-c165b6bcd40f.7871f.json
gl_onet,resource/sprites/common/Sices/line,cc.SpriteFrame,3b50b460-b336-40ed-a15d-33089fe32cbb,assets\gl_onet\import\3b\3b50b460-b336-40ed-a15d-33089fe32cbb.9eb33.json
gl_onet,resource/sprites/common/Sices/line,cc.Texture2D,8c676df8-5ffd-4a00-bcaa-7fd28a49b080,assets\gl_onet\import\8c\8c676df8-5ffd-4a00-bcaa-7fd28a49b080.7871f.json
gl_onet,resource/sprites/common/Sices/line_corner,cc.SpriteFrame,6cf79532-0a66-4e04-8fd2-389a32179b77,assets\gl_onet\import\6c\6cf79532-0a66-4e04-8fd2-389a32179b77.cb9ca.json
gl_onet,resource/sprites/common/Sices/line_corner,cc.Texture2D,623e8126-5266-47c0-87f0-2a6f79a952de,assets\gl_onet\import\62\623e8126-5266-47c0-87f0-2a6f79a952de.7871f.json
gl_onet,resource/sprites/common/Sices/line_corner_yellow,cc.SpriteFrame,9f59f5ab-69ef-4b63-8aa5-eed0678f50e1,assets\gl_onet\import\9f\9f59f5ab-69ef-4b63-8aa5-eed0678f50e1.6e32a.json
gl_onet,resource/sprites/common/Sices/line_corner_yellow,cc.Texture2D,67400cd4-155f-4755-9f68-1f2a41e66105,assets\gl_onet\import\67\67400cd4-155f-4755-9f68-1f2a41e66105.7871f.json
gl_onet,resource/sprites/common/Sices/line_end_yellow,cc.SpriteFrame,fce2140c-f0c4-4f06-85c9-cf53c481303b,assets\gl_onet\import\fc\fce2140c-f0c4-4f06-85c9-cf53c481303b.8bf9a.json
gl_onet,resource/sprites/common/Sices/line_end_yellow,cc.Texture2D,f9a1f37b-ae47-4f56-bdeb-a38217090b3c,assets\gl_onet\import\f9\f9a1f37b-ae47-4f56-bdeb-a38217090b3c.7871f.json
gl_onet,resource/sprites/common/Sices/line_green,cc.SpriteFrame,9f062bfc-e545-4a3e-a3a2-690fa78d0e53,assets\gl_onet\import\9f\9f062bfc-e545-4a3e-a3a2-690fa78d0e53.8c114.json
gl_onet,resource/sprites/common/Sices/line_green,cc.Texture2D,c3c58b63-cd57-4745-8a09-9a65e053fe85,assets\gl_onet\import\c3\c3c58b63-cd57-4745-8a09-9a65e053fe85.7871f.json
gl_onet,resource/sprites/common/Sices/line_red,cc.SpriteFrame,59b27878-a696-4dc6-a772-1e8450a8567c,assets\gl_onet\import\59\59b27878-a696-4dc6-a772-1e8450a8567c.e40f1.json
gl_onet,resource/sprites/common/Sices/line_red,cc.Texture2D,c3d0342f-b260-4ac6-bd2e-e99ab83d8c10,assets\gl_onet\import\c3\c3d0342f-b260-4ac6-bd2e-e99ab83d8c10.7871f.json
gl_onet,resource/sprites/common/Sices/progress_bg,cc.SpriteFrame,42ed79d2-2675-4b94-a4a9-4dbdfa55bcd6,assets\gl_onet\import\42\42ed79d2-2675-4b94-a4a9-4dbdfa55bcd6.326f6.json
gl_onet,resource/sprites/common/Sices/progress_bg,cc.Texture2D,ef1de575-cafb-418e-a8b3-5b6de456120c,assets\gl_onet\import\ef\ef1de575-cafb-418e-a8b3-5b6de456120c.7871f.json
gl_onet,resource/sprites/common/Sices/square_corner_24,cc.SpriteFrame,9038aee0-f236-4a64-86ea-c70bb9bdbbd0,assets\gl_onet\import\90\9038aee0-f236-4a64-86ea-c70bb9bdbbd0.8b41b.json
gl_onet,resource/sprites/common/Sices/square_corner_24,cc.Texture2D,1477b974-14ef-43dc-8e7a-11e6d56779c2,assets\gl_onet\import\14\1477b974-14ef-43dc-8e7a-11e6d56779c2.7871f.json
gl_onet,resource/sprites/common/Sices/text_pink_bg,cc.SpriteFrame,8d152152-7ac7-4758-a5c0-db9add243d5e,assets\gl_onet\import\8d\8d152152-7ac7-4758-a5c0-db9add243d5e.89ea7.json
gl_onet,resource/sprites/common/Sices/text_pink_bg,cc.Texture2D,2ce2d737-5a2b-449d-907f-2df607685531,assets\gl_onet\import\2c\2ce2d737-5a2b-449d-907f-2df607685531.7871f.json
gl_onet,resource/sprites/common/banner_red,cc.SpriteFrame,bec398bb-2679-44a6-8986-bcd297a1dde5,assets\gl_onet\import\be\bec398bb-2679-44a6-8986-bcd297a1dde5.60a08.json
gl_onet,resource/sprites/common/banner_red,cc.Texture2D,3089acca-deb3-47df-9d3b-60c4179a9c9a,assets\gl_onet\import\30\3089acca-deb3-47df-9d3b-60c4179a9c9a.7871f.json
gl_onet,resource/sprites/common/btn_round10,cc.SpriteFrame,8ce1a00a-ea6f-40d4-9409-a31a772bb491,assets\gl_onet\import\8c\8ce1a00a-ea6f-40d4-9409-a31a772bb491.0233c.json
gl_onet,resource/sprites/common/btn_round10,cc.Texture2D,0989eea4-b7ef-442d-8234-5d16d7e3ca6e,assets\gl_onet\import\09\0989eea4-b7ef-442d-8234-5d16d7e3ca6e.7871f.json
gl_onet,resource/sprites/common/button_Auto Play,cc.SpriteFrame,a6aed81b-6509-4558-8327-1bfe9154f616,assets\gl_onet\import\a6\a6aed81b-6509-4558-8327-1bfe9154f616.16831.json
gl_onet,resource/sprites/common/button_Auto Play,cc.Texture2D,bfcb3911-2b8d-4e9d-a3d7-7e94626d920e,assets\gl_onet\import\bf\bfcb3911-2b8d-4e9d-a3d7-7e94626d920e.7871f.json
gl_onet,resource/sprites/common/icon_Lightning,cc.SpriteFrame,07324575-6394-42fa-b6f8-43b2f8b4dc8f,assets\gl_onet\import\07\07324575-6394-42fa-b6f8-43b2f8b4dc8f.c7e00.json
gl_onet,resource/sprites/common/icon_Lightning,cc.Texture2D,39878db2-1c95-4554-a350-e21452cca5b8,assets\gl_onet\import\39\39878db2-1c95-4554-a350-e21452cca5b8.7871f.json
gl_onet,resource/sprites/common/icon_back,cc.SpriteFrame,15e84370-89ae-475d-847b-01079165f332,assets\gl_onet\import\15\15e84370-89ae-475d-847b-01079165f332.df85c.json
gl_onet,resource/sprites/common/icon_back,cc.Texture2D,c7ed90b1-5303-46bd-ad67-e618522ae924,assets\gl_onet\import\c7\c7ed90b1-5303-46bd-ad67-e618522ae924.7871f.json
gl_onet,resource/sprites/common/icon_restart,cc.SpriteFrame,72bc3183-b935-4832-a448-8a21d753fedb,assets\gl_onet\import\72\72bc3183-b935-4832-a448-8a21d753fedb.4578c.json
gl_onet,resource/sprites/common/icon_restart,cc.Texture2D,233e8192-dd4d-46cf-90e5-40e441e62c16,assets\gl_onet\import\23\233e8192-dd4d-46cf-90e5-40e441e62c16.7871f.json
gl_onet,resource/sprites/common/icon_star,cc.SpriteFrame,a54b12f7-fd8d-4216-bafb-9b495bf669da,assets\gl_onet\import\a5\a54b12f7-fd8d-4216-bafb-9b495bf669da.b0521.json
gl_onet,resource/sprites/common/icon_star,cc.Texture2D,67644b47-6508-482d-88f6-626ffab8c27e,assets\gl_onet\import\67\67644b47-6508-482d-88f6-626ffab8c27e.7871f.json
gl_onet,resource/sprites/common/shadow,cc.SpriteFrame,ca500c18-32f9-4ba5-87e8-1d9a073a031b,assets\gl_onet\import\ca\ca500c18-32f9-4ba5-87e8-1d9a073a031b.71663.json
gl_onet,resource/sprites/common/shadow,cc.Texture2D,2500a60a-e23c-4520-b18a-c92646360221,assets\gl_onet\import\25\2500a60a-e23c-4520-b18a-c92646360221.7871f.json
gl_onet,resource/sprites/common/square_corner_10,cc.SpriteFrame,7712b373-6cb0-4405-9b9f-0631ccd0437d,assets\gl_onet\import\77\7712b373-6cb0-4405-9b9f-0631ccd0437d.7da38.json
gl_onet,resource/sprites/common/square_corner_10,cc.Texture2D,caaf63d6-93d7-4b18-a5c8-4dc2d94bf9f9,assets\gl_onet\import\ca\caaf63d6-93d7-4b18-a5c8-4dc2d94bf9f9.7871f.json
gl_onet,resource/sprites/commonUIStyle/1/clock,cc.SpriteFrame,9e785f36-2ab8-4ff8-8de1-e0e408e05553,assets\gl_onet\import\9e\9e785f36-2ab8-4ff8-8de1-e0e408e05553.95fad.json
gl_onet,resource/sprites/commonUIStyle/1/clock,cc.Texture2D,3c8ea9fc-7d0f-4114-867b-343b1e192cdf,assets\gl_onet\import\3c\3c8ea9fc-7d0f-4114-867b-343b1e192cdf.7871f.json
gl_onet,resource/sprites/commonUIStyle/1/hint,cc.SpriteFrame,e3fcbdaf-e400-4e2c-8ce1-7247cb5161a2,assets\gl_onet\import\e3\e3fcbdaf-e400-4e2c-8ce1-7247cb5161a2.3b09c.json
gl_onet,resource/sprites/commonUIStyle/1/hint,cc.Texture2D,1bbb686d-3db7-4f6a-a8d8-f1932acc550d,assets\gl_onet\import\1b\1bbb686d-3db7-4f6a-a8d8-f1932acc550d.7871f.json
gl_onet,resource/sprites/commonUIStyle/1/revive,cc.SpriteFrame,714dae82-291a-4010-8496-250436c0f116,assets\gl_onet\import\71\714dae82-291a-4010-8496-250436c0f116.27a93.json
gl_onet,resource/sprites/commonUIStyle/1/revive,cc.Texture2D,c6a22176-68ac-4ef8-a137-8d37c4671d47,assets\gl_onet\import\c6\c6a22176-68ac-4ef8-a137-8d37c4671d47.7871f.json
gl_onet,resource/sprites/commonUIStyle/1/shuffle,cc.SpriteFrame,e3ee6b23-f58e-4a6c-8c3b-70947d1ed672,assets\gl_onet\import\e3\e3ee6b23-f58e-4a6c-8c3b-70947d1ed672.6d97e.json
gl_onet,resource/sprites/commonUIStyle/1/shuffle,cc.Texture2D,c9ff32e5-05b8-4a61-ab48-9e8e2753cb8a,assets\gl_onet\import\c9\c9ff32e5-05b8-4a61-ab48-9e8e2753cb8a.7871f.json
gl_onet,resource/sprites/commonUIStyle/2/clock,cc.SpriteFrame,fc4e5cef-3d7f-4362-9031-f162122e3472,assets\gl_onet\import\fc\fc4e5cef-3d7f-4362-9031-f162122e3472.3b13a.json
gl_onet,resource/sprites/commonUIStyle/2/clock,cc.Texture2D,8e09b4d9-ddba-4d2e-8e56-e52b35a7fe4b,assets\gl_onet\import\8e\8e09b4d9-ddba-4d2e-8e56-e52b35a7fe4b.7871f.json
gl_onet,resource/sprites/commonUIStyle/2/hint,cc.SpriteFrame,facc4b7e-dab1-438c-abd4-7bd0be8409b2,assets\gl_onet\import\fa\facc4b7e-dab1-438c-abd4-7bd0be8409b2.05347.json
gl_onet,resource/sprites/commonUIStyle/2/hint,cc.Texture2D,d3707d2a-d3d5-4f79-a60d-961f68b4b9b8,assets\gl_onet\import\d3\d3707d2a-d3d5-4f79-a60d-961f68b4b9b8.7871f.json
gl_onet,resource/sprites/commonUIStyle/2/revive,cc.SpriteFrame,07a27c1b-50b8-4874-85e3-76b86ebbfea9,assets\gl_onet\import\07\07a27c1b-50b8-4874-85e3-76b86ebbfea9.2a09b.json
gl_onet,resource/sprites/commonUIStyle/2/revive,cc.Texture2D,5af8be82-ed05-4ee8-bee3-769d3d974288,assets\gl_onet\import\5a\5af8be82-ed05-4ee8-bee3-769d3d974288.7871f.json
gl_onet,resource/sprites/commonUIStyle/2/shuffle,cc.SpriteFrame,63a9c745-6ce3-4361-81c3-67b5e6aba848,assets\gl_onet\import\63\63a9c745-6ce3-4361-81c3-67b5e6aba848.2e06b.json
gl_onet,resource/sprites/commonUIStyle/2/shuffle,cc.Texture2D,5cb3194e-1eac-49b5-a04a-a9f5b690c919,assets\gl_onet\import\5c\5cb3194e-1eac-49b5-a04a-a9f5b690c919.7871f.json
gl_onet,resource/sprites/element/animalhead/1,cc.SpriteFrame,97245f55-72a7-49ea-bab9-f9227648ae2f,assets\gl_onet\import\97\97245f55-72a7-49ea-bab9-f9227648ae2f.25a7d.json
gl_onet,resource/sprites/element/animalhead/10,cc.SpriteFrame,1d8488c6-17a4-49d1-b16e-ed24500e19e4,assets\gl_onet\import\1d\1d8488c6-17a4-49d1-b16e-ed24500e19e4.62b6b.json
gl_onet,resource/sprites/element/animalhead/11,cc.SpriteFrame,86b2d1bf-8ae4-4cb6-9977-fbe635c42f62,assets\gl_onet\import\86\86b2d1bf-8ae4-4cb6-9977-fbe635c42f62.20840.json
gl_onet,resource/sprites/element/animalhead/12,cc.SpriteFrame,c2eeaa94-83d7-4d86-a297-db9871af7f8d,assets\gl_onet\import\c2\c2eeaa94-83d7-4d86-a297-db9871af7f8d.1e940.json
gl_onet,resource/sprites/element/animalhead/13,cc.SpriteFrame,839ead75-2e8d-4381-a340-ca70e208e374,assets\gl_onet\import\83\839ead75-2e8d-4381-a340-ca70e208e374.8ee6c.json
gl_onet,resource/sprites/element/animalhead/14,cc.SpriteFrame,6fd9030c-7ae4-42e4-8d6a-bd10ed779d03,assets\gl_onet\import\6f\6fd9030c-7ae4-42e4-8d6a-bd10ed779d03.ea69d.json
gl_onet,resource/sprites/element/animalhead/15,cc.SpriteFrame,32ddf90d-a568-4ea8-ba48-fddf5c146271,assets\gl_onet\import\32\32ddf90d-a568-4ea8-ba48-fddf5c146271.89e38.json
gl_onet,resource/sprites/element/animalhead/16,cc.SpriteFrame,1226035f-4c05-4cbc-8f89-b53412fff423,assets\gl_onet\import\12\1226035f-4c05-4cbc-8f89-b53412fff423.2ca84.json
gl_onet,resource/sprites/element/animalhead/17,cc.SpriteFrame,693d595a-0b35-4a15-9c26-d59e882c8193,assets\gl_onet\import\69\693d595a-0b35-4a15-9c26-d59e882c8193.65b2f.json
gl_onet,resource/sprites/element/animalhead/18,cc.SpriteFrame,7694018d-c158-44e6-a673-de5a321ceabc,assets\gl_onet\import\76\7694018d-c158-44e6-a673-de5a321ceabc.a3e02.json
gl_onet,resource/sprites/element/animalhead/19,cc.SpriteFrame,b5acaa75-2bdc-4c4e-90b9-902e989db5d8,assets\gl_onet\import\b5\b5acaa75-2bdc-4c4e-90b9-902e989db5d8.59cd7.json
gl_onet,resource/sprites/element/animalhead/2,cc.SpriteFrame,efdd56f1-6b9d-429d-b656-6719840c7f61,assets\gl_onet\import\ef\efdd56f1-6b9d-429d-b656-6719840c7f61.7c2c2.json
gl_onet,resource/sprites/element/animalhead/20,cc.SpriteFrame,1eb71fa4-22bd-46cb-bdb3-be8da7a68b83,assets\gl_onet\import\1e\1eb71fa4-22bd-46cb-bdb3-be8da7a68b83.48ea7.json
gl_onet,resource/sprites/element/animalhead/21,cc.SpriteFrame,c350c903-724c-44f2-a8a8-1a2390522e0b,assets\gl_onet\import\c3\c350c903-724c-44f2-a8a8-1a2390522e0b.dac0b.json
gl_onet,resource/sprites/element/animalhead/22,cc.SpriteFrame,81047ccd-ab2e-4c72-b440-d5a272013b0a,assets\gl_onet\import\81\81047ccd-ab2e-4c72-b440-d5a272013b0a.3f1d1.json
gl_onet,resource/sprites/element/animalhead/23,cc.SpriteFrame,aa7bec20-e77c-49be-b8a7-abdaf5192cff,assets\gl_onet\import\aa\aa7bec20-e77c-49be-b8a7-abdaf5192cff.ae803.json
gl_onet,resource/sprites/element/animalhead/24,cc.SpriteFrame,51204934-4da6-4eca-811a-9415f45bacf5,assets\gl_onet\import\51\51204934-4da6-4eca-811a-9415f45bacf5.a88b2.json
gl_onet,resource/sprites/element/animalhead/25,cc.SpriteFrame,981f7d63-1675-4f68-bcd1-598bb6d771c6,assets\gl_onet\import\98\981f7d63-1675-4f68-bcd1-598bb6d771c6.02cf6.json
gl_onet,resource/sprites/element/animalhead/26,cc.SpriteFrame,db2aa08e-dc25-4d7d-8f99-ae1e4da08a75,assets\gl_onet\import\db\db2aa08e-dc25-4d7d-8f99-ae1e4da08a75.17cc9.json
gl_onet,resource/sprites/element/animalhead/27,cc.SpriteFrame,f16d7fe6-7a84-41ba-9046-82610865cd15,assets\gl_onet\import\f1\f16d7fe6-7a84-41ba-9046-82610865cd15.aa9e0.json
gl_onet,resource/sprites/element/animalhead/28,cc.SpriteFrame,5b7fce6f-83d8-45bf-b3dc-9c17ea6b9e87,assets\gl_onet\import\5b\5b7fce6f-83d8-45bf-b3dc-9c17ea6b9e87.8a11e.json
gl_onet,resource/sprites/element/animalhead/29,cc.SpriteFrame,ca86f09c-adaf-4a5f-b618-fcaeec695db2,assets\gl_onet\import\ca\ca86f09c-adaf-4a5f-b618-fcaeec695db2.b1ea9.json
gl_onet,resource/sprites/element/animalhead/3,cc.SpriteFrame,1128b57f-46d9-4c90-b84d-8de9f3452dee,assets\gl_onet\import\11\1128b57f-46d9-4c90-b84d-8de9f3452dee.90355.json
gl_onet,resource/sprites/element/animalhead/30,cc.SpriteFrame,f7dfa41d-61f4-450e-9baf-a6656b0fd62a,assets\gl_onet\import\f7\f7dfa41d-61f4-450e-9baf-a6656b0fd62a.5109b.json
gl_onet,resource/sprites/element/animalhead/4,cc.SpriteFrame,87e62027-69db-4105-96ba-fc393f2b5b4f,assets\gl_onet\import\87\87e62027-69db-4105-96ba-fc393f2b5b4f.48cbe.json
gl_onet,resource/sprites/element/animalhead/5,cc.SpriteFrame,55fa2cce-48b8-4260-bd55-8fca76e83220,assets\gl_onet\import\55\55fa2cce-48b8-4260-bd55-8fca76e83220.a127f.json
gl_onet,resource/sprites/element/animalhead/6,cc.SpriteFrame,3b83dbc2-8409-406e-abf1-faa86812d38c,assets\gl_onet\import\3b\3b83dbc2-8409-406e-abf1-faa86812d38c.15885.json
gl_onet,resource/sprites/element/animalhead/7,cc.SpriteFrame,14100a9c-72eb-470e-9e15-b038e75dc5b0,assets\gl_onet\import\14\14100a9c-72eb-470e-9e15-b038e75dc5b0.e4f56.json
gl_onet,resource/sprites/element/animalhead/8,cc.SpriteFrame,aab8f178-f1d4-4510-8a2b-52089a00a90f,assets\gl_onet\import\aa\aab8f178-f1d4-4510-8a2b-52089a00a90f.410a9.json
gl_onet,resource/sprites/element/animalhead/9,cc.SpriteFrame,aaabdfbc-e418-47e6-b6af-7a6fe45911d7,assets\gl_onet\import\aa\aaabdfbc-e418-47e6-b6af-7a6fe45911d7.a86fb.json
gl_onet,resource/sprites/element/animalhead/AutoAtlas,cc.SpriteAtlas,7fb00c34-718a-4380-b988-494ede8ad3a6,assets\gl_onet\import\7f\7fb00c34-718a-4380-b988-494ede8ad3a6.c0cca.json
gl_onet,resource/sprites/element/dessert/1,cc.SpriteFrame,72852c22-adbc-463d-8e8d-7bdeec0e4d45,assets\gl_onet\import\72\72852c22-adbc-463d-8e8d-7bdeec0e4d45.b7b14.json
gl_onet,resource/sprites/element/dessert/10,cc.SpriteFrame,f0b6579c-e38c-46ce-b33e-b68a6914eb7e,assets\gl_onet\import\f0\f0b6579c-e38c-46ce-b33e-b68a6914eb7e.9fd61.json
gl_onet,resource/sprites/element/dessert/11,cc.SpriteFrame,4b700a33-e8f9-4088-bc12-2b8ee5e5c6fb,assets\gl_onet\import\4b\4b700a33-e8f9-4088-bc12-2b8ee5e5c6fb.aec67.json
gl_onet,resource/sprites/element/dessert/12,cc.SpriteFrame,6ec45286-ab17-440b-b853-f14a1b4d2881,assets\gl_onet\import\6e\6ec45286-ab17-440b-b853-f14a1b4d2881.cfc36.json
gl_onet,resource/sprites/element/dessert/13,cc.SpriteFrame,db318c46-7bed-4f9c-ac5a-3967affe7271,assets\gl_onet\import\db\db318c46-7bed-4f9c-ac5a-3967affe7271.0b167.json
gl_onet,resource/sprites/element/dessert/14,cc.SpriteFrame,84e88293-68b1-4963-ba28-c5142849d91d,assets\gl_onet\import\84\84e88293-68b1-4963-ba28-c5142849d91d.c2b14.json
gl_onet,resource/sprites/element/dessert/15,cc.SpriteFrame,6ce3e3b1-617f-4eb1-8a9d-fe606179d24e,assets\gl_onet\import\6c\6ce3e3b1-617f-4eb1-8a9d-fe606179d24e.cdbfd.json
gl_onet,resource/sprites/element/dessert/16,cc.SpriteFrame,b1905e1b-0cc0-4f4b-be5c-415e29b5c067,assets\gl_onet\import\b1\b1905e1b-0cc0-4f4b-be5c-415e29b5c067.42c6b.json
gl_onet,resource/sprites/element/dessert/17,cc.SpriteFrame,fc661b82-a485-4249-a93c-3efe177b987e,assets\gl_onet\import\fc\fc661b82-a485-4249-a93c-3efe177b987e.66245.json
gl_onet,resource/sprites/element/dessert/18,cc.SpriteFrame,524a7cc4-c6bb-4a74-8db9-a48d2cb183b2,assets\gl_onet\import\52\524a7cc4-c6bb-4a74-8db9-a48d2cb183b2.d6863.json
gl_onet,resource/sprites/element/dessert/19,cc.SpriteFrame,bc124722-ba2c-4f8f-b255-3946c45e4b5e,assets\gl_onet\import\bc\bc124722-ba2c-4f8f-b255-3946c45e4b5e.6b274.json
gl_onet,resource/sprites/element/dessert/2,cc.SpriteFrame,e4cc9d45-c30a-496b-a2c2-e8c1f6735db3,assets\gl_onet\import\e4\e4cc9d45-c30a-496b-a2c2-e8c1f6735db3.1cc34.json
gl_onet,resource/sprites/element/dessert/20,cc.SpriteFrame,e781c3c7-43ae-461b-b8df-cb0eb5387cfd,assets\gl_onet\import\e7\e781c3c7-43ae-461b-b8df-cb0eb5387cfd.7678b.json
gl_onet,resource/sprites/element/dessert/21,cc.SpriteFrame,d58122b5-343e-4f11-af07-b862934b5ea6,assets\gl_onet\import\d5\d58122b5-343e-4f11-af07-b862934b5ea6.c06e6.json
gl_onet,resource/sprites/element/dessert/22,cc.SpriteFrame,2ab315ec-4978-416f-9809-5d4b1ea51b82,assets\gl_onet\import\2a\2ab315ec-4978-416f-9809-5d4b1ea51b82.0fa02.json
gl_onet,resource/sprites/element/dessert/23,cc.SpriteFrame,88b1e3dc-7e2e-4609-a5d4-e6a93bdec4b5,assets\gl_onet\import\88\88b1e3dc-7e2e-4609-a5d4-e6a93bdec4b5.09e86.json
gl_onet,resource/sprites/element/dessert/24,cc.SpriteFrame,4d33f882-aa76-4865-9d4d-c4fc37f4f0c8,assets\gl_onet\import\4d\4d33f882-aa76-4865-9d4d-c4fc37f4f0c8.0f832.json
gl_onet,resource/sprites/element/dessert/25,cc.SpriteFrame,f37c55a0-d48f-42af-8d5a-db3e3987707e,assets\gl_onet\import\f3\f37c55a0-d48f-42af-8d5a-db3e3987707e.4b340.json
gl_onet,resource/sprites/element/dessert/26,cc.SpriteFrame,f15feefd-19e7-405a-9ed1-acfe5f4de541,assets\gl_onet\import\f1\f15feefd-19e7-405a-9ed1-acfe5f4de541.c3d42.json
gl_onet,resource/sprites/element/dessert/27,cc.SpriteFrame,987e541a-7237-4d35-b570-648ebcb54c94,assets\gl_onet\import\98\987e541a-7237-4d35-b570-648ebcb54c94.b1c18.json
gl_onet,resource/sprites/element/dessert/28,cc.SpriteFrame,f90b2ca2-dd53-4163-934f-d40951385ae6,assets\gl_onet\import\f9\f90b2ca2-dd53-4163-934f-d40951385ae6.bba18.json
gl_onet,resource/sprites/element/dessert/29,cc.SpriteFrame,82b28ce2-6c32-433e-9f50-7f602c8564dc,assets\gl_onet\import\82\82b28ce2-6c32-433e-9f50-7f602c8564dc.53ddf.json
gl_onet,resource/sprites/element/dessert/3,cc.SpriteFrame,1d2cdc97-4c62-4d9e-9284-067cc732e2ee,assets\gl_onet\import\1d\1d2cdc97-4c62-4d9e-9284-067cc732e2ee.3b724.json
gl_onet,resource/sprites/element/dessert/30,cc.SpriteFrame,eaa08621-47d6-46be-97b6-f8a296da66f2,assets\gl_onet\import\ea\eaa08621-47d6-46be-97b6-f8a296da66f2.c3cf0.json
gl_onet,resource/sprites/element/dessert/4,cc.SpriteFrame,a0350c18-982b-4e74-940f-0eb3cb4572cb,assets\gl_onet\import\a0\a0350c18-982b-4e74-940f-0eb3cb4572cb.6e213.json
gl_onet,resource/sprites/element/dessert/5,cc.SpriteFrame,a2963651-41db-416e-afbe-e557e8daf339,assets\gl_onet\import\a2\a2963651-41db-416e-afbe-e557e8daf339.91ca0.json
gl_onet,resource/sprites/element/dessert/6,cc.SpriteFrame,4eb73923-a70b-4c60-94c8-e7b063be0f9b,assets\gl_onet\import\4e\4eb73923-a70b-4c60-94c8-e7b063be0f9b.c48ae.json
gl_onet,resource/sprites/element/dessert/7,cc.SpriteFrame,3b8c0b65-4a9c-4d50-923e-111f43ed1525,assets\gl_onet\import\3b\3b8c0b65-4a9c-4d50-923e-111f43ed1525.27f36.json
gl_onet,resource/sprites/element/dessert/8,cc.SpriteFrame,332db619-9c9c-42ed-aabc-8282d63f305c,assets\gl_onet\import\33\332db619-9c9c-42ed-aabc-8282d63f305c.52fff.json
gl_onet,resource/sprites/element/dessert/9,cc.SpriteFrame,9756771e-6565-4a8d-9bd1-f76adc328bae,assets\gl_onet\import\97\9756771e-6565-4a8d-9bd1-f76adc328bae.7403a.json
gl_onet,resource/sprites/element/dessert/AutoAtlas,cc.SpriteAtlas,f0284998-f0b2-4a4f-a5ff-cff07101823e,assets\gl_onet\import\f0\f0284998-f0b2-4a4f-a5ff-cff07101823e.7a132.json
gl_onet,resource/sprites/element/fruit/1,cc.SpriteFrame,590252bf-28f4-40c4-a561-3c09e9fa1803,assets\gl_onet\import\59\590252bf-28f4-40c4-a561-3c09e9fa1803.94d4d.json
gl_onet,resource/sprites/element/fruit/10,cc.SpriteFrame,2e3d8e76-80f6-4944-be58-0ca89f39498a,assets\gl_onet\import\2e\2e3d8e76-80f6-4944-be58-0ca89f39498a.c8a9b.json
gl_onet,resource/sprites/element/fruit/11,cc.SpriteFrame,3265c739-2380-48d0-a19d-8294c454124d,assets\gl_onet\import\32\3265c739-2380-48d0-a19d-8294c454124d.a4f09.json
gl_onet,resource/sprites/element/fruit/12,cc.SpriteFrame,07453728-7b03-476b-b4fd-c44e8f4ccab9,assets\gl_onet\import\07\07453728-7b03-476b-b4fd-c44e8f4ccab9.9427e.json
gl_onet,resource/sprites/element/fruit/13,cc.SpriteFrame,9079b62c-75cc-4982-a651-32bae5743086,assets\gl_onet\import\90\9079b62c-75cc-4982-a651-32bae5743086.b025e.json
gl_onet,resource/sprites/element/fruit/14,cc.SpriteFrame,3d8f12fa-40b2-4856-ac3a-4766f5785379,assets\gl_onet\import\3d\3d8f12fa-40b2-4856-ac3a-4766f5785379.cca68.json
gl_onet,resource/sprites/element/fruit/15,cc.SpriteFrame,5b9444e4-d53a-4c0f-8c12-60d5f60bda8c,assets\gl_onet\import\5b\5b9444e4-d53a-4c0f-8c12-60d5f60bda8c.9c7cf.json
gl_onet,resource/sprites/element/fruit/16,cc.SpriteFrame,991f51a5-1e5a-4297-b6f5-29d8a8d52360,assets\gl_onet\import\99\991f51a5-1e5a-4297-b6f5-29d8a8d52360.6d9f6.json
gl_onet,resource/sprites/element/fruit/17,cc.SpriteFrame,e26c7b22-0b66-4d22-b3d0-6af7713de18d,assets\gl_onet\import\e2\e26c7b22-0b66-4d22-b3d0-6af7713de18d.f7c78.json
gl_onet,resource/sprites/element/fruit/18,cc.SpriteFrame,be2ea28f-9226-460b-bea5-e2034b8ffdee,assets\gl_onet\import\be\be2ea28f-9226-460b-bea5-e2034b8ffdee.7170e.json
gl_onet,resource/sprites/element/fruit/19,cc.SpriteFrame,0b8aa2ef-8c30-4cfb-8471-f44abbf7b8a6,assets\gl_onet\import\0b\0b8aa2ef-8c30-4cfb-8471-f44abbf7b8a6.d3051.json
gl_onet,resource/sprites/element/fruit/2,cc.SpriteFrame,c819dba3-6449-47da-9584-2784eb80cf28,assets\gl_onet\import\c8\c819dba3-6449-47da-9584-2784eb80cf28.d072b.json
gl_onet,resource/sprites/element/fruit/20,cc.SpriteFrame,72e07637-5a62-4d64-9357-3ea86ec0092c,assets\gl_onet\import\72\72e07637-5a62-4d64-9357-3ea86ec0092c.b5f1d.json
gl_onet,resource/sprites/element/fruit/21,cc.SpriteFrame,134661d2-97b3-4d8c-b55f-87f1f643f315,assets\gl_onet\import\13\134661d2-97b3-4d8c-b55f-87f1f643f315.c4260.json
gl_onet,resource/sprites/element/fruit/22,cc.SpriteFrame,21881801-0c5d-4971-bc59-c664c19352ea,assets\gl_onet\import\21\21881801-0c5d-4971-bc59-c664c19352ea.8338a.json
gl_onet,resource/sprites/element/fruit/23,cc.SpriteFrame,f8f96199-e5e9-4857-9c4f-840edc3e3c3c,assets\gl_onet\import\f8\f8f96199-e5e9-4857-9c4f-840edc3e3c3c.62c9c.json
gl_onet,resource/sprites/element/fruit/24,cc.SpriteFrame,0ae8926a-f7e5-440a-8786-24d6e53f0c12,assets\gl_onet\import\0a\0ae8926a-f7e5-440a-8786-24d6e53f0c12.ab80c.json
gl_onet,resource/sprites/element/fruit/25,cc.SpriteFrame,80c01719-4c75-46c4-b26e-f8a85e69942e,assets\gl_onet\import\80\80c01719-4c75-46c4-b26e-f8a85e69942e.7a83a.json
gl_onet,resource/sprites/element/fruit/26,cc.SpriteFrame,9753c887-0107-4b05-88a2-f1d8e740e974,assets\gl_onet\import\97\9753c887-0107-4b05-88a2-f1d8e740e974.07247.json
gl_onet,resource/sprites/element/fruit/27,cc.SpriteFrame,4cc42486-025b-4fd0-ba84-f727306b732e,assets\gl_onet\import\4c\4cc42486-025b-4fd0-ba84-f727306b732e.41ee0.json
gl_onet,resource/sprites/element/fruit/28,cc.SpriteFrame,3480cfc6-eec6-4607-a4a1-bc356498340f,assets\gl_onet\import\34\3480cfc6-eec6-4607-a4a1-bc356498340f.f7e13.json
gl_onet,resource/sprites/element/fruit/29,cc.SpriteFrame,e8027efe-80bb-472b-8555-e080b20e44b7,assets\gl_onet\import\e8\e8027efe-80bb-472b-8555-e080b20e44b7.d8d59.json
gl_onet,resource/sprites/element/fruit/3,cc.SpriteFrame,37debbb1-9f99-4b85-835d-e8ae6ac0f95f,assets\gl_onet\import\37\37debbb1-9f99-4b85-835d-e8ae6ac0f95f.fa60b.json
gl_onet,resource/sprites/element/fruit/30,cc.SpriteFrame,e03b3199-15af-47ea-a535-dcbbed0ba180,assets\gl_onet\import\e0\e03b3199-15af-47ea-a535-dcbbed0ba180.9ec74.json
gl_onet,resource/sprites/element/fruit/31,cc.SpriteFrame,b26070a3-b72a-4222-a2f6-3bee554216a9,assets\gl_onet\import\b2\b26070a3-b72a-4222-a2f6-3bee554216a9.f87ca.json
gl_onet,resource/sprites/element/fruit/32,cc.SpriteFrame,fafa6ceb-85eb-4da5-bf2c-74dae760a371,assets\gl_onet\import\fa\fafa6ceb-85eb-4da5-bf2c-74dae760a371.b06d6.json
gl_onet,resource/sprites/element/fruit/33,cc.SpriteFrame,19ad7474-9b96-4a70-a1ca-43a32013f2a1,assets\gl_onet\import\19\19ad7474-9b96-4a70-a1ca-43a32013f2a1.630d2.json
gl_onet,resource/sprites/element/fruit/34,cc.SpriteFrame,098585df-e9b2-42e4-bd7d-93f205d2bba3,assets\gl_onet\import\09\098585df-e9b2-42e4-bd7d-93f205d2bba3.5afff.json
gl_onet,resource/sprites/element/fruit/35,cc.SpriteFrame,35d66254-3b28-43a0-8abe-05f8dafa1b11,assets\gl_onet\import\35\35d66254-3b28-43a0-8abe-05f8dafa1b11.399fd.json
gl_onet,resource/sprites/element/fruit/36,cc.SpriteFrame,28bfae8a-a4d2-475a-ad69-bbb3c251e378,assets\gl_onet\import\28\28bfae8a-a4d2-475a-ad69-bbb3c251e378.2092d.json
gl_onet,resource/sprites/element/fruit/37,cc.SpriteFrame,25893ec3-fe5c-49ba-91d0-0396231beabe,assets\gl_onet\import\25\25893ec3-fe5c-49ba-91d0-0396231beabe.fdef8.json
gl_onet,resource/sprites/element/fruit/38,cc.SpriteFrame,cefd5b92-90a4-4515-a8d6-59fc7bd953d7,assets\gl_onet\import\ce\cefd5b92-90a4-4515-a8d6-59fc7bd953d7.55078.json
gl_onet,resource/sprites/element/fruit/39,cc.SpriteFrame,010a2bbd-59fd-463d-9295-f00f87057bf6,assets\gl_onet\import\01\010a2bbd-59fd-463d-9295-f00f87057bf6.592aa.json
gl_onet,resource/sprites/element/fruit/4,cc.SpriteFrame,17d958df-2262-4a55-b748-2a6b03a6c3fc,assets\gl_onet\import\17\17d958df-2262-4a55-b748-2a6b03a6c3fc.799d4.json
gl_onet,resource/sprites/element/fruit/40,cc.SpriteFrame,09f3740a-6464-46ef-a8b9-89b0bbff0a7a,assets\gl_onet\import\09\09f3740a-6464-46ef-a8b9-89b0bbff0a7a.91049.json
gl_onet,resource/sprites/element/fruit/41,cc.SpriteFrame,6bc352b7-5d79-4b2e-963e-be65536fb46d,assets\gl_onet\import\6b\6bc352b7-5d79-4b2e-963e-be65536fb46d.1bffe.json
gl_onet,resource/sprites/element/fruit/42,cc.SpriteFrame,720bfe05-e341-46ee-8e77-a5d87ef5a240,assets\gl_onet\import\72\720bfe05-e341-46ee-8e77-a5d87ef5a240.b17fb.json
gl_onet,resource/sprites/element/fruit/43,cc.SpriteFrame,f797a287-c21e-4628-aa87-62c86da39a41,assets\gl_onet\import\f7\f797a287-c21e-4628-aa87-62c86da39a41.b25a1.json
gl_onet,resource/sprites/element/fruit/44,cc.SpriteFrame,8c18916b-c91f-467b-afa5-b53d02df22b2,assets\gl_onet\import\8c\8c18916b-c91f-467b-afa5-b53d02df22b2.82b7e.json
gl_onet,resource/sprites/element/fruit/45,cc.SpriteFrame,cb3b88ac-e3f1-4de0-955d-c4c65b8ec1d6,assets\gl_onet\import\cb\cb3b88ac-e3f1-4de0-955d-c4c65b8ec1d6.a732e.json
gl_onet,resource/sprites/element/fruit/46,cc.SpriteFrame,5b75661f-75e6-4c18-944e-efad22123c32,assets\gl_onet\import\5b\5b75661f-75e6-4c18-944e-efad22123c32.b723f.json
gl_onet,resource/sprites/element/fruit/47,cc.SpriteFrame,c451cdce-a6e5-4b03-9cab-6c3e5d178cfd,assets\gl_onet\import\c4\c451cdce-a6e5-4b03-9cab-6c3e5d178cfd.10205.json
gl_onet,resource/sprites/element/fruit/48,cc.SpriteFrame,a34e0f86-0ce8-460b-a425-6bc35498a058,assets\gl_onet\import\a3\a34e0f86-0ce8-460b-a425-6bc35498a058.3310a.json
gl_onet,resource/sprites/element/fruit/49,cc.SpriteFrame,163dc9a8-cd1a-43f4-871f-06238f867861,assets\gl_onet\import\16\163dc9a8-cd1a-43f4-871f-06238f867861.d92e3.json
gl_onet,resource/sprites/element/fruit/5,cc.SpriteFrame,93550f1b-5906-4983-8ac1-d7617e2da89b,assets\gl_onet\import\93\93550f1b-5906-4983-8ac1-d7617e2da89b.25bb9.json
gl_onet,resource/sprites/element/fruit/50,cc.SpriteFrame,29baa0fa-a655-4f00-b96f-195ef94a219d,assets\gl_onet\import\29\29baa0fa-a655-4f00-b96f-195ef94a219d.f824a.json
gl_onet,resource/sprites/element/fruit/6,cc.SpriteFrame,7a50b7f3-d0bc-40ef-a924-6337c84c58b8,assets\gl_onet\import\7a\7a50b7f3-d0bc-40ef-a924-6337c84c58b8.c831e.json
gl_onet,resource/sprites/element/fruit/7,cc.SpriteFrame,128caf8f-c8f7-4f81-87a6-39ad40d1d183,assets\gl_onet\import\12\128caf8f-c8f7-4f81-87a6-39ad40d1d183.6c97a.json
gl_onet,resource/sprites/element/fruit/8,cc.SpriteFrame,ce7c538d-e186-44fd-90da-03d4c659b0b1,assets\gl_onet\import\ce\ce7c538d-e186-44fd-90da-03d4c659b0b1.53e2c.json
gl_onet,resource/sprites/element/fruit/9,cc.SpriteFrame,f1a02ad5-06e9-4b7c-88b7-4d21c654f08e,assets\gl_onet\import\f1\f1a02ad5-06e9-4b7c-88b7-4d21c654f08e.36f1c.json
gl_onet,resource/sprites/element/fruit/AutoAtlas,cc.SpriteAtlas,6e111a9b-44db-48d3-89cf-be520ebc3fd5,assets\gl_onet\import\6e\6e111a9b-44db-48d3-89cf-be520ebc3fd5.66b37.json
gl_onet,resource/sprites/element/vegetable/1,cc.SpriteFrame,a767d45c-5da8-43ec-b70d-19b83d81f406,assets\gl_onet\import\a7\a767d45c-5da8-43ec-b70d-19b83d81f406.1e1ab.json
gl_onet,resource/sprites/element/vegetable/10,cc.SpriteFrame,a678009c-bd72-45bf-845c-3df9d2e26492,assets\gl_onet\import\a6\a678009c-bd72-45bf-845c-3df9d2e26492.e83bb.json
gl_onet,resource/sprites/element/vegetable/11,cc.SpriteFrame,c2b900e8-3d73-4dac-9153-05e32f0894dd,assets\gl_onet\import\c2\c2b900e8-3d73-4dac-9153-05e32f0894dd.0304a.json
gl_onet,resource/sprites/element/vegetable/12,cc.SpriteFrame,3b2c4074-4e2d-4c5c-ba8f-477cbf8fee2e,assets\gl_onet\import\3b\3b2c4074-4e2d-4c5c-ba8f-477cbf8fee2e.1f1df.json
gl_onet,resource/sprites/element/vegetable/13,cc.SpriteFrame,238968fa-09c1-4a9d-895b-b2248a12d3a5,assets\gl_onet\import\23\238968fa-09c1-4a9d-895b-b2248a12d3a5.3157d.json
gl_onet,resource/sprites/element/vegetable/14,cc.SpriteFrame,99ce17b6-0275-4924-95a9-1c8c9d2ec0a3,assets\gl_onet\import\99\99ce17b6-0275-4924-95a9-1c8c9d2ec0a3.36645.json
gl_onet,resource/sprites/element/vegetable/15,cc.SpriteFrame,9369f52d-2285-49cb-8b01-9828e458a091,assets\gl_onet\import\93\9369f52d-2285-49cb-8b01-9828e458a091.c1b41.json
gl_onet,resource/sprites/element/vegetable/16,cc.SpriteFrame,81fdc14a-18e9-4a77-aa29-3e285aa4891f,assets\gl_onet\import\81\81fdc14a-18e9-4a77-aa29-3e285aa4891f.96c36.json
gl_onet,resource/sprites/element/vegetable/17,cc.SpriteFrame,c1d57d8e-c33b-459d-8040-d6e60fdf3077,assets\gl_onet\import\c1\c1d57d8e-c33b-459d-8040-d6e60fdf3077.e1537.json
gl_onet,resource/sprites/element/vegetable/18,cc.SpriteFrame,042b53ee-fe17-4660-b00a-61e560280596,assets\gl_onet\import\04\042b53ee-fe17-4660-b00a-61e560280596.1e15a.json
gl_onet,resource/sprites/element/vegetable/19,cc.SpriteFrame,fafd431d-7973-4ec4-b42e-d0048b59e08b,assets\gl_onet\import\fa\fafd431d-7973-4ec4-b42e-d0048b59e08b.87867.json
gl_onet,resource/sprites/element/vegetable/2,cc.SpriteFrame,bf73216c-d387-42ef-9cb9-c2f49b86d4c9,assets\gl_onet\import\bf\bf73216c-d387-42ef-9cb9-c2f49b86d4c9.7bc11.json
gl_onet,resource/sprites/element/vegetable/20,cc.SpriteFrame,48838ec6-633c-48f6-8400-fbd825411138,assets\gl_onet\import\48\48838ec6-633c-48f6-8400-fbd825411138.6615e.json
gl_onet,resource/sprites/element/vegetable/21,cc.SpriteFrame,92176f86-f4b1-4c2d-83a0-93f06d762b93,assets\gl_onet\import\92\92176f86-f4b1-4c2d-83a0-93f06d762b93.e4e20.json
gl_onet,resource/sprites/element/vegetable/22,cc.SpriteFrame,b03b11c8-83c8-43ad-9905-f15c67115379,assets\gl_onet\import\b0\b03b11c8-83c8-43ad-9905-f15c67115379.3706d.json
gl_onet,resource/sprites/element/vegetable/23,cc.SpriteFrame,a3fec2ff-0faf-47d1-b1e6-df5a48479106,assets\gl_onet\import\a3\a3fec2ff-0faf-47d1-b1e6-df5a48479106.65f26.json
gl_onet,resource/sprites/element/vegetable/24,cc.SpriteFrame,72094fed-0fdb-409b-9a4f-92203aba42bc,assets\gl_onet\import\72\72094fed-0fdb-409b-9a4f-92203aba42bc.83436.json
gl_onet,resource/sprites/element/vegetable/25,cc.SpriteFrame,6c9794ac-bd5a-4cad-914b-7eb4a38ccfb9,assets\gl_onet\import\6c\6c9794ac-bd5a-4cad-914b-7eb4a38ccfb9.58296.json
gl_onet,resource/sprites/element/vegetable/26,cc.SpriteFrame,b3685c16-3589-41d3-98e9-3a06ef31629b,assets\gl_onet\import\b3\b3685c16-3589-41d3-98e9-3a06ef31629b.3716e.json
gl_onet,resource/sprites/element/vegetable/27,cc.SpriteFrame,6172cb18-4c7b-4d29-bcc4-184f47b2f3d6,assets\gl_onet\import\61\6172cb18-4c7b-4d29-bcc4-184f47b2f3d6.b838c.json
gl_onet,resource/sprites/element/vegetable/28,cc.SpriteFrame,c34c573e-5e44-4bbc-976e-b71c2f30f8a9,assets\gl_onet\import\c3\c34c573e-5e44-4bbc-976e-b71c2f30f8a9.87673.json
gl_onet,resource/sprites/element/vegetable/29,cc.SpriteFrame,bffefba9-8a9b-46af-b376-c2e6edd61948,assets\gl_onet\import\bf\bffefba9-8a9b-46af-b376-c2e6edd61948.ac927.json
gl_onet,resource/sprites/element/vegetable/3,cc.SpriteFrame,f5e40b47-c71e-430a-a71d-a61b0645b669,assets\gl_onet\import\f5\f5e40b47-c71e-430a-a71d-a61b0645b669.b3997.json
gl_onet,resource/sprites/element/vegetable/30,cc.SpriteFrame,ad3ef20c-79c4-4847-8e10-8e88ce5f5263,assets\gl_onet\import\ad\ad3ef20c-79c4-4847-8e10-8e88ce5f5263.5a514.json
gl_onet,resource/sprites/element/vegetable/4,cc.SpriteFrame,6692672b-91cb-40ba-a052-f40a0fb9d45d,assets\gl_onet\import\66\6692672b-91cb-40ba-a052-f40a0fb9d45d.2118b.json
gl_onet,resource/sprites/element/vegetable/5,cc.SpriteFrame,5ad93082-06d7-46e6-99aa-d848883b4108,assets\gl_onet\import\5a\5ad93082-06d7-46e6-99aa-d848883b4108.321ad.json
gl_onet,resource/sprites/element/vegetable/6,cc.SpriteFrame,8ed3f150-ff95-4288-b217-e218edf9a46e,assets\gl_onet\import\8e\8ed3f150-ff95-4288-b217-e218edf9a46e.24e50.json
gl_onet,resource/sprites/element/vegetable/7,cc.SpriteFrame,7090696f-1df3-476b-bfbb-85162288ad52,assets\gl_onet\import\70\7090696f-1df3-476b-bfbb-85162288ad52.25ea5.json
gl_onet,resource/sprites/element/vegetable/8,cc.SpriteFrame,4c6c5bc7-d897-4425-9679-d7eb799844fc,assets\gl_onet\import\4c\4c6c5bc7-d897-4425-9679-d7eb799844fc.97bb5.json
gl_onet,resource/sprites/element/vegetable/9,cc.SpriteFrame,b414cd34-33f4-402e-a79d-1e8dcaeac43a,assets\gl_onet\import\b4\b414cd34-33f4-402e-a79d-1e8dcaeac43a.4e955.json
gl_onet,resource/sprites/element/vegetable/AutoAtlas,cc.SpriteAtlas,892eb784-67ef-47db-92ef-4e81150de59c,assets\gl_onet\import\89\892eb784-67ef-47db-92ef-4e81150de59c.65aeb.json
gl_onet,resource/sprites/style/1/card_round_6,cc.SpriteFrame,0030ab1e-f0c2-4c9c-a635-6bf02b277d0b,assets\gl_onet\import\00\0030ab1e-f0c2-4c9c-a635-6bf02b277d0b.c5164.json
gl_onet,resource/sprites/style/1/card_round_6,cc.Texture2D,0b72ba78-609e-4c6e-a200-94ba91df7b95,assets\gl_onet\import\0b\0b72ba78-609e-4c6e-a200-94ba91df7b95.7871f.json
gl_onet,resource/sprites/style/1/card_round_7,cc.SpriteFrame,3562bc87-72d2-4f71-b1ee-45c4aa3e8f14,assets\gl_onet\import\35\3562bc87-72d2-4f71-b1ee-45c4aa3e8f14.1da5a.json
gl_onet,resource/sprites/style/1/card_round_7,cc.Texture2D,6831cd52-d41c-4510-ab4b-8238fa014092,assets\gl_onet\import\68\6831cd52-d41c-4510-ab4b-8238fa014092.7871f.json
gl_onet,resource/sprites/style/1/card_round_9,cc.SpriteFrame,89cc4357-9410-4bce-889c-b9b47f816fc2,assets\gl_onet\import\89\89cc4357-9410-4bce-889c-b9b47f816fc2.e5d92.json
gl_onet,resource/sprites/style/1/card_round_9,cc.Texture2D,3e16a4ab-55ce-4927-9755-08f571780ffb,assets\gl_onet\import\3e\3e16a4ab-55ce-4927-9755-08f571780ffb.7871f.json
gl_onet,resource/sprites/style/1/icon_star,cc.SpriteFrame,140b4b92-4838-474e-8744-ed279a45bb95,assets\gl_onet\import\14\140b4b92-4838-474e-8744-ed279a45bb95.93cb7.json
gl_onet,resource/sprites/style/1/icon_star,cc.Texture2D,14cdbba1-cfe7-47d6-a6d9-1305992b40e5,assets\gl_onet\import\14\14cdbba1-cfe7-47d6-a6d9-1305992b40e5.7871f.json
gl_onet,resource/sprites/style/1/progress,cc.SpriteFrame,c0a05a12-1436-40d7-90bf-df37831821d2,assets\gl_onet\import\c0\c0a05a12-1436-40d7-90bf-df37831821d2.a921f.json
gl_onet,resource/sprites/style/1/progress,cc.Texture2D,4a329a72-07e9-4c8c-a894-a072ea0d834d,assets\gl_onet\import\4a\4a329a72-07e9-4c8c-a894-a072ea0d834d.7871f.json
gl_onet,resource/sprites/style/1/star_white,cc.SpriteFrame,45f75e0b-7de4-4a03-b7f7-a86b74affcfa,assets\gl_onet\import\45\45f75e0b-7de4-4a03-b7f7-a86b74affcfa.5e076.json
gl_onet,resource/sprites/style/1/star_white,cc.Texture2D,f06d3294-dc9b-4e04-88a1-161a7f8caad0,assets\gl_onet\import\f0\f06d3294-dc9b-4e04-88a1-161a7f8caad0.7871f.json
gl_onet,resource/sprites/style/2/card_large,cc.SpriteFrame,12c3a094-0513-4933-8901-0c54eb95b2fc,assets\gl_onet\import\12\12c3a094-0513-4933-8901-0c54eb95b2fc.6d53e.json
gl_onet,resource/sprites/style/2/card_large,cc.Texture2D,94a465ad-f803-4c7e-90d6-cddfbce26af3,assets\gl_onet\import\94\94a465ad-f803-4c7e-90d6-cddfbce26af3.7871f.json
gl_onet,resource/sprites/style/2/card_small,cc.SpriteFrame,68e92c52-cc3b-4171-927d-5021449194b8,assets\gl_onet\import\68\68e92c52-cc3b-4171-927d-5021449194b8.5d4f6.json
gl_onet,resource/sprites/style/2/card_small,cc.Texture2D,9ac5e7bc-0429-45bd-8b87-bf79e8b23e11,assets\gl_onet\import\9a\9ac5e7bc-0429-45bd-8b87-bf79e8b23e11.7871f.json
gl_onet,resource/sprites/style/2/icon_star,cc.SpriteFrame,b5ebc8d4-0ddd-4aae-9927-6fe50fc85f1c,assets\gl_onet\import\b5\b5ebc8d4-0ddd-4aae-9927-6fe50fc85f1c.0ed2f.json
gl_onet,resource/sprites/style/2/icon_star,cc.Texture2D,6d84dd51-b773-494f-bb31-c682d31c80f3,assets\gl_onet\import\6d\6d84dd51-b773-494f-bb31-c682d31c80f3.7871f.json
gl_onet,resource/sprites/style/2/progress,cc.SpriteFrame,ef9beadf-d125-4d58-be58-501097778a5b,assets\gl_onet\import\ef\ef9beadf-d125-4d58-be58-501097778a5b.91d18.json
gl_onet,resource/sprites/style/2/progress,cc.Texture2D,0485d78a-8932-4d31-b0a6-49d80edcfb36,assets\gl_onet\import\04\0485d78a-8932-4d31-b0a6-49d80edcfb36.7871f.json
gl_onet,resource/sprites/style/2/star_white,cc.SpriteFrame,03032425-43d2-4546-acc9-fada4b783908,assets\gl_onet\import\03\03032425-43d2-4546-acc9-fada4b783908.b6f1e.json
gl_onet,resource/sprites/style/2/star_white,cc.Texture2D,36f7ebe3-9183-41b4-889f-c2a09d93916c,assets\gl_onet\import\36\36f7ebe3-9183-41b4-889f-c2a09d93916c.7871f.json
gl_onet,resource/sprites/style/3/card_1,cc.SpriteFrame,6262efde-6f13-4b27-8e64-80d37bae79cf,assets\gl_onet\import\62\6262efde-6f13-4b27-8e64-80d37bae79cf.c79b3.json
gl_onet,resource/sprites/style/3/card_1,cc.Texture2D,2b65b36c-5bc1-4dac-9df3-6943796481b1,assets\gl_onet\import\2b\2b65b36c-5bc1-4dac-9df3-6943796481b1.7871f.json
gl_onet,resource/sprites/style/3/card_2,cc.SpriteFrame,5c648dd8-f6ba-4481-b724-d9e94e6cc4b2,assets\gl_onet\import\5c\5c648dd8-f6ba-4481-b724-d9e94e6cc4b2.d07e6.json
gl_onet,resource/sprites/style/3/card_2,cc.Texture2D,45dae306-ebdf-4478-b3ee-3a94b8304ea5,assets\gl_onet\import\45\45dae306-ebdf-4478-b3ee-3a94b8304ea5.7871f.json
gl_onet,resource/sprites/style/3/card_3,cc.SpriteFrame,52e93fa7-90d3-4eab-a683-54010b970347,assets\gl_onet\import\52\52e93fa7-90d3-4eab-a683-54010b970347.bfd91.json
gl_onet,resource/sprites/style/3/card_3,cc.Texture2D,118aeb74-e599-4e2c-bbe7-5580dc09180c,assets\gl_onet\import\11\118aeb74-e599-4e2c-bbe7-5580dc09180c.7871f.json
gl_onet,resource/sprites/style/3/icon_star,cc.SpriteFrame,989337fa-49c8-464e-adb3-4ceb9faf16e9,assets\gl_onet\import\98\989337fa-49c8-464e-adb3-4ceb9faf16e9.dd629.json
gl_onet,resource/sprites/style/3/icon_star,cc.Texture2D,59829e99-a2fe-4786-ac5c-553c4b7f0432,assets\gl_onet\import\59\59829e99-a2fe-4786-ac5c-553c4b7f0432.7871f.json
gl_onet,resource/sprites/style/3/progress,cc.SpriteFrame,34d437ca-e06d-4cab-b909-bc004259c4b9,assets\gl_onet\import\34\34d437ca-e06d-4cab-b909-bc004259c4b9.be16f.json
gl_onet,resource/sprites/style/3/progress,cc.Texture2D,20a1cfd8-38c6-4a11-900b-4268c1d1deec,assets\gl_onet\import\20\20a1cfd8-38c6-4a11-900b-4268c1d1deec.7871f.json
gl_onet,resource/sprites/style/3/star_white,cc.SpriteFrame,fd5a928f-138a-40b8-8eea-d22e4b327506,assets\gl_onet\import\fd\fd5a928f-138a-40b8-8eea-d22e4b327506.04c44.json
gl_onet,resource/sprites/style/3/star_white,cc.Texture2D,275f4a2f-74a0-4c5f-b98e-757da4dc165c,assets\gl_onet\import\27\275f4a2f-74a0-4c5f-b98e-757da4dc165c.7871f.json
gl_onet,scene/glOnet,cc.Prefab,a6731594-ff30-49d1-9319-7ce7da756bb4,assets\gl_onet\import\a6\a6731594-ff30-49d1-9319-7ce7da756bb4.6b8e7.json
gl_onet,scripts/traits/readme,cc.TextAsset,0795d1da-db00-4e6a-9b8e-d1f238ba3712,assets\gl_onet\import\07\0795d1da-db00-4e6a-9b8e-d1f238ba3712.d4b60.json
gl_sudoku,glSudoku,cc.Prefab,dc139198-8e0c-45b7-841d-45801e3b7a11,assets\gl_sudoku\import\dc\dc139198-8e0c-45b7-841d-45801e3b7a11.b70d0.json
gl_sudoku,res/anim/combo,cc.AnimationClip,0123c5ab-a423-457f-b002-e1bfa8d6a916,assets\gl_sudoku\import\01\0123c5ab-a423-457f-b002-e1bfa8d6a916.ddd8f.json
gl_sudoku,res/anim/smile,cc.AnimationClip,82211a03-6c99-4fd3-b08c-d233f37cd982,assets\gl_sudoku\import\82\82211a03-6c99-4fd3-b08c-d233f37cd982.66977.json
gl_sudoku,res/anim/smile/clap,cc.AnimationClip,a6abb46c-a85b-4729-8835-993c50287cb1,assets\gl_sudoku\import\a6\a6abb46c-a85b-4729-8835-993c50287cb1.07f54.json
gl_sudoku,res/anim/smile/ic_button,cc.SpriteFrame,50c8489d-0186-402c-98a3-b9d240ed82c9,assets\gl_sudoku\import\50\50c8489d-0186-402c-98a3-b9d240ed82c9.bf7af.json
gl_sudoku,res/anim/smile/ic_button,cc.Texture2D,d7f2738a-0e82-447e-a8de-85f985319032,assets\gl_sudoku\import\d7\d7f2738a-0e82-447e-a8de-85f985319032.8a4d0.json
gl_sudoku,res/anim/smile/ic_button_shadow,cc.SpriteFrame,b5e5d4db-c6f7-45e4-94ce-a358b825efc0,assets\gl_sudoku\import\b5\b5e5d4db-c6f7-45e4-94ce-a358b825efc0.7462c.json
gl_sudoku,res/anim/smile/ic_button_shadow,cc.Texture2D,3ea098ac-d3a6-44e8-ba4e-49a08c1f05f6,assets\gl_sudoku\import\3e\3ea098ac-d3a6-44e8-ba4e-49a08c1f05f6.7871f.json
gl_sudoku,res/anim/smile/ic_lefthand,cc.SpriteFrame,6739a58a-720a-4662-9d4f-592a99a5a27f,assets\gl_sudoku\import\67\6739a58a-720a-4662-9d4f-592a99a5a27f.d5d7c.json
gl_sudoku,res/anim/smile/ic_lefthand,cc.Texture2D,6ab6aa24-02a1-44e6-bc19-f26f330e523a,assets\gl_sudoku\import\6a\6ab6aa24-02a1-44e6-bc19-f26f330e523a.8a4d0.json
gl_sudoku,res/anim/smile/ic_righthand,cc.SpriteFrame,c6cb3c45-54cb-4aaf-ba84-5075cd94203b,assets\gl_sudoku\import\c6\c6cb3c45-54cb-4aaf-ba84-5075cd94203b.c0e20.json
gl_sudoku,res/anim/smile/ic_righthand,cc.Texture2D,1083519b-bce7-4fae-9648-1272600a5a76,assets\gl_sudoku\import\10\1083519b-bce7-4fae-9648-1272600a5a76.8a4d0.json
gl_sudoku,res/anim/smile/ic_round,cc.SpriteFrame,46bbd106-a71e-445e-a394-b9e28cefa07f,assets\gl_sudoku\import\46\46bbd106-a71e-445e-a394-b9e28cefa07f.db2f0.json
gl_sudoku,res/anim/smile/ic_round,cc.Texture2D,a04289bf-368b-411d-9181-a5ec02f09a37,assets\gl_sudoku\import\a0\a04289bf-368b-411d-9181-a5ec02f09a37.7871f.json
gl_sudoku,res/anim/smile/ic_round_shadow,cc.SpriteFrame,5cc5d09d-4eb0-48ed-b86f-dcb07f35a4fa,assets\gl_sudoku\import\5c\5cc5d09d-4eb0-48ed-b86f-dcb07f35a4fa.980e3.json
gl_sudoku,res/anim/smile/ic_round_shadow,cc.Texture2D,2f05d7c5-5142-4aab-8ca5-11ec87a60199,assets\gl_sudoku\import\2f\2f05d7c5-5142-4aab-8ca5-11ec87a60199.7871f.json
gl_sudoku,res/anim/smile/ic_sad,cc.SpriteFrame,20aa0562-576b-4c3b-8005-df02a4a0b6da,assets\gl_sudoku\import\20\20aa0562-576b-4c3b-8005-df02a4a0b6da.feba3.json
gl_sudoku,res/anim/smile/ic_sad,cc.Texture2D,8a388a55-3d2e-4972-aeda-dce2eed27b3c,assets\gl_sudoku\import\8a\8a388a55-3d2e-4972-aeda-dce2eed27b3c.8a4d0.json
gl_sudoku,res/anim/smile/ic_smile,cc.SpriteFrame,506f6048-0764-4a45-b2b6-195d1e3d163b,assets\gl_sudoku\import\50\506f6048-0764-4a45-b2b6-195d1e3d163b.b5140.json
gl_sudoku,res/anim/smile/ic_smile,cc.Texture2D,25b6674c-e22c-4cf3-a3ed-22f93f7967fa,assets\gl_sudoku\import\25\25b6674c-e22c-4cf3-a3ed-22f93f7967fa.8a4d0.json
gl_sudoku,res/audio/leisure_button,cc.AudioClip,09b8daaa-a6b8-4c9a-9773-a8fa90b70516,assets\gl_sudoku\import\09\09b8daaa-a6b8-4c9a-9773-a8fa90b70516.36032.json
gl_sudoku,res/audio/leisure_combo1,cc.AudioClip,77d17a4b-a7f7-495d-aabf-aa4952ad417b,assets\gl_sudoku\import\77\77d17a4b-a7f7-495d-aabf-aa4952ad417b.322b9.json
gl_sudoku,res/audio/leisure_combo2,cc.AudioClip,75976e32-3d24-436a-b19f-dc8fef21e11e,assets\gl_sudoku\import\75\75976e32-3d24-436a-b19f-dc8fef21e11e.1815b.json
gl_sudoku,res/audio/leisure_combo3,cc.AudioClip,75e2b511-ac48-4449-9397-fd15fd6126c7,assets\gl_sudoku\import\75\75e2b511-ac48-4449-9397-fd15fd6126c7.4f2e0.json
gl_sudoku,res/audio/leisure_error,cc.AudioClip,85941955-d106-441f-a110-cad78914db2a,assets\gl_sudoku\import\85\85941955-d106-441f-a110-cad78914db2a.f977d.json
gl_sudoku,res/audio/leisure_finishNum,cc.AudioClip,57149bf3-5bb0-4a14-8c76-436212f60717,assets\gl_sudoku\import\57\57149bf3-5bb0-4a14-8c76-436212f60717.936e6.json
gl_sudoku,res/audio/leisure_lockNum,cc.AudioClip,7855a4be-bbe0-46f9-8d62-851133e1074e,assets\gl_sudoku\import\78\7855a4be-bbe0-46f9-8d62-851133e1074e.d3c76.json
gl_sudoku,res/audio/leisure_start_anim,cc.AudioClip,1f7d0056-f1ec-4cdd-8540-97a496c09511,assets\gl_sudoku\import\1f\1f7d0056-f1ec-4cdd-8540-97a496c09511.0092f.json
gl_sudoku,res/audio/leisure_success,cc.AudioClip,3417d1d3-6b2e-488f-b59e-88557a3404f1,assets\gl_sudoku\import\34\3417d1d3-6b2e-488f-b59e-88557a3404f1.af52b.json
gl_sudoku,res/audio/leisure_write-num,cc.AudioClip,45686bc8-fcce-49b1-a565-f7827b43f3fb,assets\gl_sudoku\import\45\45686bc8-fcce-49b1-a565-f7827b43f3fb.592be.json
gl_sudoku,res/config/question_config/QuestionConfig_1,cc.JsonAsset,8386c59a-c627-4a3f-85d1-2c0e7bae2eaa,assets\gl_sudoku\import\83\8386c59a-c627-4a3f-85d1-2c0e7bae2eaa.0dc3c.json
gl_sudoku,res/config/question_files/QuestionFiles_1,cc.JsonAsset,54d5cb7b-23cd-4013-95b8-ded1907cbc7a,assets\gl_sudoku\import\54\54d5cb7b-23cd-4013-95b8-ded1907cbc7a.204e7.json
gl_sudoku,res/config/user_skill_map/UserSkillMap_1,cc.JsonAsset,8a27f45f-7081-48ec-a188-a41b8578e080,assets\gl_sudoku\import\8a\8a27f45f-7081-48ec-a188-a41b8578e080.560be.json
gl_sudoku,res/font/Lobster-Regular,cc.TTFFont,76bbb52e-741c-4054-874f-154ae1836c5e,assets\gl_sudoku\import\76\76bbb52e-741c-4054-874f-154ae1836c5e.b2ecb.json
gl_sudoku,res/font/Roboto-Bold,cc.TTFFont,12955fbc-fec3-4bf8-b7f6-d4f4ab860bb1,assets\gl_sudoku\import\12\12955fbc-fec3-4bf8-b7f6-d4f4ab860bb1.10975.json
gl_sudoku,res/font/combo/combo_num,cc.LabelAtlas,5c4a5434-2b29-4e40-a13b-9df7516283eb,assets\gl_sudoku\import\5c\5c4a5434-2b29-4e40-a13b-9df7516283eb.5b0bf.json
gl_sudoku,res/font/combo/combo_num,cc.SpriteFrame,0267dd6b-9bdb-4b45-8162-11828f1316c9,assets\gl_sudoku\import\02\0267dd6b-9bdb-4b45-8162-11828f1316c9.e9390.json
gl_sudoku,res/font/combo/combo_num,cc.Texture2D,83816a8f-f6cb-4e00-b15b-ab1077625918,assets\gl_sudoku\import\83\83816a8f-f6cb-4e00-b15b-ab1077625918.7871f.json
gl_sudoku,res/prefab/CellNum,cc.Prefab,111e69c2-651a-4d93-b660-092335db3c16,assets\gl_sudoku\import\11\111e69c2-651a-4d93-b660-092335db3c16.6ed08.json
gl_sudoku,res/prefab/CellNumBg,cc.Prefab,efbc2822-3864-46c3-b96b-a391995c8011,assets\gl_sudoku\import\ef\efbc2822-3864-46c3-b96b-a391995c8011.3fb4a.json
gl_sudoku,res/prefab/EffectColorful,cc.Prefab,e48b0417-bc60-4cb8-93a1-1dbfcec368b8,assets\gl_sudoku\import\e4\e48b0417-bc60-4cb8-93a1-1dbfcec368b8.5bc87.json
gl_sudoku,res/prefab/ErrorEffectLayer,cc.Prefab,c415b696-f58b-427d-b55f-40e18f497312,assets\gl_sudoku\import\c4\c415b696-f58b-427d-b55f-40e18f497312.5caaa.json
gl_sudoku,res/prefab/GameOver,cc.Prefab,6e7c012d-19e4-4a59-b950-fbb53356af0d,assets\gl_sudoku\import\6e\6e7c012d-19e4-4a59-b950-fbb53356af0d.cb3e7.json
gl_sudoku,res/prefab/GameRestart,cc.Prefab,4d3dfc23-06ea-4dc7-b885-3c31b61f894d,assets\gl_sudoku\import\4d\4d3dfc23-06ea-4dc7-b885-3c31b61f894d.42a2f.json
gl_sudoku,res/prefab/GameWin,cc.Prefab,cda52f22-d722-4775-81df-0a3e5d333bcb,assets\gl_sudoku\import\cd\cda52f22-d722-4775-81df-0a3e5d333bcb.a817d.json
gl_sudoku,res/prefab/LeisureSudoku,cc.Prefab,30691bad-00b7-48f1-8000-aa34c7cd59d4,assets\gl_sudoku\import\30\30691bad-00b7-48f1-8000-aa34c7cd59d4.c67c4.json
gl_sudoku,res/prefab/Line_H,cc.Prefab,676f31b2-3d4c-417b-978b-ed3b5cf7ba4c,assets\gl_sudoku\import\67\676f31b2-3d4c-417b-978b-ed3b5cf7ba4c.3d367.json
gl_sudoku,res/prefab/Line_V,cc.Prefab,3b24bb5e-fe51-4b59-9b91-0dc235c68dc1,assets\gl_sudoku\import\3b\3b24bb5e-fe51-4b59-9b91-0dc235c68dc1.fdaf1.json
gl_sudoku,res/prefab/NumBox9,cc.Prefab,2b00c50c-bae2-4475-b7bc-5070402c7ba6,assets\gl_sudoku\import\2b\2b00c50c-bae2-4475-b7bc-5070402c7ba6.70e04.json
gl_sudoku,res/prefab/NumCell,cc.Prefab,a709b7d9-17fc-410e-bc78-268501f899e5,assets\gl_sudoku\import\a7\a709b7d9-17fc-410e-bc78-268501f899e5.d6e1d.json
gl_sudoku,res/prefab/NumErrorCell,cc.Prefab,9dde6cff-5966-4b39-94a4-ed90f623f41e,assets\gl_sudoku\import\9d\9dde6cff-5966-4b39-94a4-ed90f623f41e.db756.json
gl_sudoku,res/prefab/SelectTipsLayer,cc.Prefab,a49d6657-df18-4fcb-bc4e-c59ef376b87f,assets\gl_sudoku\import\a4\a49d6657-df18-4fcb-bc4e-c59ef376b87f.8c9bf.json
gl_sudoku,res/prefab/SudokuGame,cc.Prefab,0ee0bea5-3dde-445e-a1a4-12e178b3506d,assets\gl_sudoku\import\0e\0ee0bea5-3dde-445e-a1a4-12e178b3506d.0e813.json
gl_sudoku,res/prefab/SudokuGuide,cc.Prefab,2bbc7384-0325-4c5d-926c-0a1461e6b26a,assets\gl_sudoku\import\2b\2bbc7384-0325-4c5d-926c-0a1461e6b26a.89005.json
gl_sudoku,res/prefab/bubble/Bubble,cc.Prefab,f85eb41d-2e28-47b0-9433-d72e3183a62a,assets\gl_sudoku\import\f8\f85eb41d-2e28-47b0-9433-d72e3183a62a.fd15d.json
gl_sudoku,res/question/6GONG/1/6GONG,cc.BufferAsset,8c1f6084-8ad9-4160-a504-758a80e1aaeb,assets\gl_sudoku\import\8c\8c1f6084-8ad9-4160-a504-758a80e1aaeb.143b2.json
gl_sudoku,res/question/CHB/1/CHB,cc.BufferAsset,37afc92e-1e2c-4d55-a32c-053c45a7cdd0,assets\gl_sudoku\import\37\37afc92e-1e2c-4d55-a32c-053c45a7cdd0.6847e.json
gl_sudoku,res/question/CHC/1/CHC,cc.BufferAsset,854b2901-ec57-48e8-b3ed-773c8b0ed42a,assets\gl_sudoku\import\85\854b2901-ec57-48e8-b3ed-773c8b0ed42a.f25fa.json
gl_sudoku,res/question/CHR/1/CHR,cc.BufferAsset,6846b752-9264-44a4-b716-837aef186e05,assets\gl_sudoku\import\68\6846b752-9264-44a4-b716-837aef186e05.cc2c5.json
gl_sudoku,res/question/NS/1/NS,cc.BufferAsset,4f685ac8-ccc0-4cdf-8c75-7a54c90710e7,assets\gl_sudoku\import\4f\4f685ac8-ccc0-4cdf-8c75-7a54c90710e7.c0444.json
gl_sudoku,res/spine/aixin/aixin_01,cc.Asset,0e69f3d7-34ce-475b-a92b-850346b372b0,assets\gl_sudoku\import\0e\0e69f3d7-34ce-475b-a92b-850346b372b0.638f8.json
gl_sudoku,res/spine/aixin/aixin_01,cc.SpriteFrame,65422078-8c43-44bb-a46d-66a80294b385,assets\gl_sudoku\import\65\65422078-8c43-44bb-a46d-66a80294b385.3cd21.json
gl_sudoku,res/spine/aixin/aixin_01,cc.Texture2D,825a7b17-2d54-4b7e-b0f8-7158a5982146,assets\gl_sudoku\import\82\825a7b17-2d54-4b7e-b0f8-7158a5982146.7871f.json
gl_sudoku,res/spine/aixin/aixin_01,sp.SkeletonData,cf77c6ac-9bca-48e8-8218-3de6b30e8324,assets\gl_sudoku\import\cf\cf77c6ac-9bca-48e8-8218-3de6b30e8324.e9975.json
gl_sudoku,res/spine/hand/skeleton,cc.Asset,50cff2d9-8fbe-4e96-90c2-df69544758c3,assets\gl_sudoku\import\50\50cff2d9-8fbe-4e96-90c2-df69544758c3.08689.json
gl_sudoku,res/spine/hand/skeleton,cc.SpriteFrame,84027ba5-d286-4f5b-a6db-a3073ec9d84f,assets\gl_sudoku\import\84\84027ba5-d286-4f5b-a6db-a3073ec9d84f.7a427.json
gl_sudoku,res/spine/hand/skeleton,cc.Texture2D,f63b79fd-21a6-439f-bde1-e8b4cc25977f,assets\gl_sudoku\import\f6\f63b79fd-21a6-439f-bde1-e8b4cc25977f.7871f.json
gl_sudoku,res/spine/hand/skeleton,sp.SkeletonData,1923574b-b57e-4fa8-9778-6a62c9c385f5,assets\gl_sudoku\import\19\1923574b-b57e-4fa8-9778-6a62c9c385f5.5eddf.json
gl_sudoku,res/spine/word/gameplay_fzjl,cc.Asset,2df3265f-8c08-45fe-9664-00924eb0cbf2,assets\gl_sudoku\import\2d\2df3265f-8c08-45fe-9664-00924eb0cbf2.4992d.json
gl_sudoku,res/spine/word/gameplay_fzjl,cc.SpriteFrame,21f8b6e1-3c93-491f-86e4-6252f4fd0e9b,assets\gl_sudoku\import\21\21f8b6e1-3c93-491f-86e4-6252f4fd0e9b.b64c7.json
gl_sudoku,res/spine/word/gameplay_fzjl,cc.Texture2D,a240e9c6-bef9-4d1c-a6ea-bc35d6f2c0d6,assets\gl_sudoku\import\a2\a240e9c6-bef9-4d1c-a6ea-bc35d6f2c0d6.7871f.json
gl_sudoku,res/spine/word/gameplay_fzjl,sp.SkeletonData,e5008f51-bd64-4bc3-8a40-6a7985d3bf76,assets\gl_sudoku\import\e5\e5008f51-bd64-4bc3-8a40-6a7985d3bf76.0232a.json
gl_sudoku,res/sprite/board/board,cc.SpriteAtlas,a8eafdba-5907-4ed2-bc94-fa32d3b00e10,assets\gl_sudoku\import\a8\a8eafdba-5907-4ed2-bc94-fa32d3b00e10.9eb5e.json
gl_sudoku,res/sprite/board/board_edge,cc.SpriteFrame,4026c385-b40d-4d69-8444-3879b624c08c,assets\gl_sudoku\import\40\4026c385-b40d-4d69-8444-3879b624c08c.80c0d.json
gl_sudoku,res/sprite/board/leisure_num_1,cc.SpriteFrame,8243f694-4e4c-4441-bb60-484c6f795588,assets\gl_sudoku\import\82\8243f694-4e4c-4441-bb60-484c6f795588.42ca0.json
gl_sudoku,res/sprite/board/leisure_num_10,cc.SpriteFrame,724cc25d-27ae-4b81-a5d1-f91564a8e860,assets\gl_sudoku\import\72\724cc25d-27ae-4b81-a5d1-f91564a8e860.b8b12.json
gl_sudoku,res/sprite/board/leisure_num_2,cc.SpriteFrame,d960034f-04dd-4439-95e1-9ca35d5cadd2,assets\gl_sudoku\import\d9\d960034f-04dd-4439-95e1-9ca35d5cadd2.18712.json
gl_sudoku,res/sprite/board/leisure_num_3,cc.SpriteFrame,7ff26079-bacc-4580-99b7-b0043d1e0ced,assets\gl_sudoku\import\7f\7ff26079-bacc-4580-99b7-b0043d1e0ced.ef00a.json
gl_sudoku,res/sprite/board/leisure_num_4,cc.SpriteFrame,a19b956c-9a1f-4886-9443-8a60e58169c4,assets\gl_sudoku\import\a1\a19b956c-9a1f-4886-9443-8a60e58169c4.4f774.json
gl_sudoku,res/sprite/board/leisure_num_5,cc.SpriteFrame,ffe89b94-d87d-4fa3-93a2-e851bb6702d8,assets\gl_sudoku\import\ff\ffe89b94-d87d-4fa3-93a2-e851bb6702d8.63cfc.json
gl_sudoku,res/sprite/board/leisure_num_6,cc.SpriteFrame,343a7a10-5c48-4728-952f-cf9c77485faa,assets\gl_sudoku\import\34\343a7a10-5c48-4728-952f-cf9c77485faa.f9e24.json
gl_sudoku,res/sprite/board/leisure_num_7,cc.SpriteFrame,2ea9088e-5e3c-4431-84fe-327de81b007a,assets\gl_sudoku\import\2e\2ea9088e-5e3c-4431-84fe-327de81b007a.8d6e0.json
gl_sudoku,res/sprite/board/leisure_num_8,cc.SpriteFrame,b216ed81-34cb-4257-babe-2c94ca432eb7,assets\gl_sudoku\import\b2\b216ed81-34cb-4257-babe-2c94ca432eb7.b1253.json
gl_sudoku,res/sprite/board/leisure_num_9,cc.SpriteFrame,9ec7441a-7e5d-4543-a81f-0f360c4a269e,assets\gl_sudoku\import\9e\9ec7441a-7e5d-4543-a81f-0f360c4a269e.5d207.json
gl_sudoku,res/sprite/chessboard_mask,cc.SpriteFrame,0d1271b0-6791-4699-bf02-b84ba424159b,assets\gl_sudoku\import\0d\0d1271b0-6791-4699-bf02-b84ba424159b.4cb7c.json
gl_sudoku,res/sprite/chessboard_mask,cc.Texture2D,b9a21360-a855-4a14-94da-90f753fb1284,assets\gl_sudoku\import\b9\b9a21360-a855-4a14-94da-90f753fb1284.7871f.json
gl_sudoku,res/sprite/common/button_bg,cc.SpriteFrame,41680cf4-ab08-42e8-a590-826e44851f45,assets\gl_sudoku\import\41\41680cf4-ab08-42e8-a590-826e44851f45.49286.json
gl_sudoku,res/sprite/common/button_bg,cc.Texture2D,469ade6a-3f9f-4746-ad1d-40f084e2c398,assets\gl_sudoku\import\46\469ade6a-3f9f-4746-ad1d-40f084e2c398.7871f.json
gl_sudoku,res/sprite/common/button_bg2,cc.SpriteFrame,61db9dfd-e938-434e-9598-ca9c680df640,assets\gl_sudoku\import\61\61db9dfd-e938-434e-9598-ca9c680df640.582d0.json
gl_sudoku,res/sprite/common/button_bg2,cc.Texture2D,977888ff-843a-442e-bf05-3cb6a5c64175,assets\gl_sudoku\import\97\977888ff-843a-442e-bf05-3cb6a5c64175.7871f.json
gl_sudoku,res/sprite/common/frame_bg,cc.SpriteFrame,d0087b50-f33f-49c0-a60c-8a352036e011,assets\gl_sudoku\import\d0\d0087b50-f33f-49c0-a60c-8a352036e011.63261.json
gl_sudoku,res/sprite/common/frame_bg,cc.Texture2D,768a0136-7834-49d4-8cf6-0c51c67a865c,assets\gl_sudoku\import\76\768a0136-7834-49d4-8cf6-0c51c67a865c.7871f.json
gl_sudoku,res/sprite/common/ic_all_shadow,cc.SpriteFrame,1d7d2f55-a1f8-4db8-87a9-9ce9dad172e4,assets\gl_sudoku\import\1d\1d7d2f55-a1f8-4db8-87a9-9ce9dad172e4.bd0e0.json
gl_sudoku,res/sprite/common/ic_all_shadow,cc.Texture2D,99f13f24-6c84-4cf2-83b0-c2f3e1aefffb,assets\gl_sudoku\import\99\99f13f24-6c84-4cf2-83b0-c2f3e1aefffb.7871f.json
gl_sudoku,res/sprite/common/ic_coloured_ribbon,cc.SpriteFrame,f95b499a-70a0-4126-b71a-17421ada2f03,assets\gl_sudoku\import\f9\f95b499a-70a0-4126-b71a-17421ada2f03.60035.json
gl_sudoku,res/sprite/common/ic_coloured_ribbon,cc.Texture2D,dccb1347-c398-42bd-8393-470cb7991170,assets\gl_sudoku\import\dc\dccb1347-c398-42bd-8393-470cb7991170.7871f.json
gl_sudoku,res/sprite/common/ic_gold_backdrop,cc.SpriteFrame,3dfe12d5-fc96-440b-bf63-73c5ab74b77a,assets\gl_sudoku\import\3d\3dfe12d5-fc96-440b-bf63-73c5ab74b77a.38fc7.json
gl_sudoku,res/sprite/common/ic_gold_backdrop,cc.Texture2D,e9775298-2ded-44d9-9d39-23f6a9b20e34,assets\gl_sudoku\import\e9\e9775298-2ded-44d9-9d39-23f6a9b20e34.7871f.json
gl_sudoku,res/sprite/common/ic_gold_hand,cc.SpriteFrame,6e6b51fb-6591-4f18-8a03-8ffd2cd056c2,assets\gl_sudoku\import\6e\6e6b51fb-6591-4f18-8a03-8ffd2cd056c2.2930f.json
gl_sudoku,res/sprite/common/ic_gold_hand,cc.Texture2D,ca9fef89-8803-446a-bfbf-af124daf95c6,assets\gl_sudoku\import\ca\ca9fef89-8803-446a-bfbf-af124daf95c6.7871f.json
gl_sudoku,res/sprite/common/ic_play_ad,cc.SpriteFrame,cbd47edc-3655-4950-81b5-f5db48d7066b,assets\gl_sudoku\import\cb\cbd47edc-3655-4950-81b5-f5db48d7066b.15103.json
gl_sudoku,res/sprite/common/ic_play_ad,cc.Texture2D,9fa6c751-4f80-432f-ab44-bac2e58f063c,assets\gl_sudoku\import\9f\9fa6c751-4f80-432f-ab44-bac2e58f063c.7871f.json
gl_sudoku,res/sprite/common/ic_score_leafage,cc.SpriteFrame,97cf766b-3afd-44c5-be8d-11dd62755c9e,assets\gl_sudoku\import\97\97cf766b-3afd-44c5-be8d-11dd62755c9e.af11a.json
gl_sudoku,res/sprite/common/ic_score_leafage,cc.Texture2D,caab56bd-e0b0-451e-9a8e-f39462e87140,assets\gl_sudoku\import\ca\caab56bd-e0b0-451e-9a8e-f39462e87140.7871f.json
gl_sudoku,res/sprite/common/icon_heart,cc.SpriteFrame,a49f3147-6f8a-4a15-8047-852602cf6fa8,assets\gl_sudoku\import\a4\a49f3147-6f8a-4a15-8047-852602cf6fa8.a2147.json
gl_sudoku,res/sprite/common/icon_heart,cc.Texture2D,07291ce5-2a53-42aa-a6a4-6ac68a7d1e5a,assets\gl_sudoku\import\07\07291ce5-2a53-42aa-a6a4-6ac68a7d1e5a.7871f.json
gl_sudoku,res/sprite/common/icon_heart_board,cc.SpriteFrame,12dc97ee-a176-4676-8016-9f52f64b0b02,assets\gl_sudoku\import\12\12dc97ee-a176-4676-8016-9f52f64b0b02.0e765.json
gl_sudoku,res/sprite/common/icon_heart_board,cc.Texture2D,d85e0484-144d-41b6-a2d8-42f4783d8afe,assets\gl_sudoku\import\d8\d85e0484-144d-41b6-a2d8-42f4783d8afe.7871f.json
gl_sudoku,res/sprite/common/restart_icon,cc.SpriteFrame,a25a08f3-159b-4b11-98b8-89c23190a810,assets\gl_sudoku\import\a2\a25a08f3-159b-4b11-98b8-89c23190a810.9399c.json
gl_sudoku,res/sprite/common/restart_icon,cc.Texture2D,20682526-1924-4457-b15d-539ce125d89e,assets\gl_sudoku\import\20\20682526-1924-4457-b15d-539ce125d89e.7871f.json
gl_sudoku,res/sprite/common/whiteBlock,cc.SpriteFrame,d172cc58-8f37-4434-9b00-13676352857b,assets\gl_sudoku\import\d1\d172cc58-8f37-4434-9b00-13676352857b.53b29.json
gl_sudoku,res/sprite/common/whiteBlock,cc.Texture2D,ce8fdb8c-8310-4392-b30c-591d64d4253d,assets\gl_sudoku\import\ce\ce8fdb8c-8310-4392-b30c-591d64d4253d.7871f.json
gl_sudoku,res/sprite/smile/ic_button,cc.SpriteFrame,85a08afc-3be6-4301-80b9-ac2eae07b663,assets\gl_sudoku\import\85\85a08afc-3be6-4301-80b9-ac2eae07b663.077a0.json
gl_sudoku,res/sprite/smile/ic_button,cc.Texture2D,9fa57acc-892d-4537-ad24-b6f58edf17e8,assets\gl_sudoku\import\9f\9fa57acc-892d-4537-ad24-b6f58edf17e8.8a4d0.json
gl_sudoku,res/sprite/smile/ic_button_shadow,cc.SpriteFrame,5fc3949d-e3ee-45f8-9f77-51b3291a4427,assets\gl_sudoku\import\5f\5fc3949d-e3ee-45f8-9f77-51b3291a4427.2ab60.json
gl_sudoku,res/sprite/smile/ic_button_shadow,cc.Texture2D,995958df-85bc-4eff-8598-202acc8f491e,assets\gl_sudoku\import\99\995958df-85bc-4eff-8598-202acc8f491e.7871f.json
gl_sudoku,res/sprite/smile/ic_lefthand,cc.SpriteFrame,eb986c63-d346-4a29-813a-0e562463aee6,assets\gl_sudoku\import\eb\eb986c63-d346-4a29-813a-0e562463aee6.2876c.json
gl_sudoku,res/sprite/smile/ic_lefthand,cc.Texture2D,f6ca477f-d799-4f31-aee4-e54afa2428e9,assets\gl_sudoku\import\f6\f6ca477f-d799-4f31-aee4-e54afa2428e9.8a4d0.json
gl_sudoku,res/sprite/smile/ic_righthand,cc.SpriteFrame,a2d0641c-25ee-4eaf-bd4a-8c869368b570,assets\gl_sudoku\import\a2\a2d0641c-25ee-4eaf-bd4a-8c869368b570.2740b.json
gl_sudoku,res/sprite/smile/ic_righthand,cc.Texture2D,b999e99d-ebc8-4038-b284-611ca3a3faa9,assets\gl_sudoku\import\b9\b999e99d-ebc8-4038-b284-611ca3a3faa9.8a4d0.json
gl_sudoku,res/sprite/smile/ic_round,cc.SpriteFrame,06bf1a7d-74f6-4ec0-b2b0-45e6aaf50ea9,assets\gl_sudoku\import\06\06bf1a7d-74f6-4ec0-b2b0-45e6aaf50ea9.b5249.json
gl_sudoku,res/sprite/smile/ic_round,cc.Texture2D,ebf74439-cd9c-4497-b551-c3c24589990a,assets\gl_sudoku\import\eb\ebf74439-cd9c-4497-b551-c3c24589990a.7871f.json
gl_sudoku,res/sprite/smile/ic_round_shadow,cc.SpriteFrame,1564c156-c493-4d30-936d-2efec9750215,assets\gl_sudoku\import\15\1564c156-c493-4d30-936d-2efec9750215.29f9b.json
gl_sudoku,res/sprite/smile/ic_round_shadow,cc.Texture2D,6ecc1bef-b9ac-455c-8f2a-58aadb14fac7,assets\gl_sudoku\import\6e\6ecc1bef-b9ac-455c-8f2a-58aadb14fac7.7871f.json
gl_sudoku,res/sprite/smile/ic_smile,cc.SpriteFrame,4ace0eeb-47d5-4e65-a7d4-76877783b419,assets\gl_sudoku\import\4a\4ace0eeb-47d5-4e65-a7d4-76877783b419.b45e4.json
gl_sudoku,res/sprite/smile/ic_smile,cc.Texture2D,17fc6dd8-8350-4bc9-91c8-ed9a5aa49ee6,assets\gl_sudoku\import\17\17fc6dd8-8350-4bc9-91c8-ed9a5aa49ee6.8a4d0.json
gl_sudoku,res/sprite/ui/cell_bg_red,cc.SpriteFrame,5f10743e-8eea-4404-8214-d0d8d3a50e7b,assets\gl_sudoku\import\5f\5f10743e-8eea-4404-8214-d0d8d3a50e7b.d6c6c.json
gl_sudoku,res/sprite/ui/cell_bg_white,cc.SpriteFrame,b46115ad-586d-4c3f-8d15-f95de8064201,assets\gl_sudoku\import\b4\b46115ad-586d-4c3f-8d15-f95de8064201.899ef.json
gl_sudoku,res/sprite/ui/cell_bg_yellow,cc.SpriteFrame,f5a07b9b-ee62-4173-9162-22169bc0adcd,assets\gl_sudoku\import\f5\f5a07b9b-ee62-4173-9162-22169bc0adcd.cb154.json
gl_sudoku,res/sprite/ui/combo,cc.SpriteFrame,755ce47d-1e62-47ff-92fa-ff3a7d293d50,assets\gl_sudoku\import\75\755ce47d-1e62-47ff-92fa-ff3a7d293d50.cbc26.json
gl_sudoku,res/sprite/ui/heart_bg,cc.SpriteFrame,f18fe8dc-dbc3-4453-9b99-fe59ba2b689e,assets\gl_sudoku\import\f1\f18fe8dc-dbc3-4453-9b99-fe59ba2b689e.28399.json
gl_sudoku,res/sprite/ui/ic_guide_tips,cc.SpriteFrame,d032a745-0c92-4f41-8603-aaa503b49d9d,assets\gl_sudoku\import\d0\d032a745-0c92-4f41-8603-aaa503b49d9d.089b7.json
gl_sudoku,res/sprite/ui/ic_guide_triangle,cc.SpriteFrame,ff6556f4-816f-4708-b176-69cf54efc029,assets\gl_sudoku\import\ff\ff6556f4-816f-4708-b176-69cf54efc029.5c830.json
gl_sudoku,res/sprite/ui/icon_back,cc.SpriteFrame,4083bb0d-705d-4c4f-bcf0-944149ced493,assets\gl_sudoku\import\40\4083bb0d-705d-4c4f-bcf0-944149ced493.85f46.json
gl_sudoku,res/sprite/ui/icon_banner_title,cc.SpriteFrame,a2cdbb0a-8f4c-4085-bb5f-13d4e5d04841,assets\gl_sudoku\import\a2\a2cdbb0a-8f4c-4085-bb5f-13d4e5d04841.297ce.json
gl_sudoku,res/sprite/ui/icon_restart,cc.SpriteFrame,6ad9d034-ae1f-410b-bdc3-ad9e079d310f,assets\gl_sudoku\import\6a\6ad9d034-ae1f-410b-bdc3-ad9e079d310f.60e14.json
gl_sudoku,res/sprite/ui/icon_skip,cc.SpriteFrame,8547747b-237a-418b-8288-afde7fa5ee43,assets\gl_sudoku\import\85\8547747b-237a-418b-8288-afde7fa5ee43.e32e0.json
gl_sudoku,res/sprite/ui/num_cell_bg_normal,cc.SpriteFrame,14abc97d-a639-4cdb-8390-a9c6bf8fbc8a,assets\gl_sudoku\import\14\14abc97d-a639-4cdb-8390-a9c6bf8fbc8a.51ea9.json
gl_sudoku,res/sprite/ui/num_cell_bg_select,cc.SpriteFrame,df5dc252-d1bf-4e4e-b602-e14ae6d5aa8c,assets\gl_sudoku\import\df\df5dc252-d1bf-4e4e-b602-e14ae6d5aa8c.4c4ca.json
gl_sudoku,res/sprite/ui/num_cell_bottom_bg,cc.SpriteFrame,7af0d8e1-4868-4881-9e61-f8368566721f,assets\gl_sudoku\import\7a\7af0d8e1-4868-4881-9e61-f8368566721f.fc5a9.json
gl_sudoku,res/sprite/ui/portrait_bg_shadow,cc.SpriteFrame,91e40f23-e3d1-43f9-a682-7cf3d5f49d0f,assets\gl_sudoku\import\91\91e40f23-e3d1-43f9-a682-7cf3d5f49d0f.814cd.json
gl_sudoku,res/sprite/ui/score_bg,cc.SpriteFrame,b35c6ff8-1fe3-408a-9383-8017feec7bdd,assets\gl_sudoku\import\b3\b35c6ff8-1fe3-408a-9383-8017feec7bdd.be27b.json
gl_sudoku,res/sprite/ui/select_effect,cc.SpriteFrame,9f9e2d81-773d-46ce-9a36-6f1cd0fac214,assets\gl_sudoku\import\9f\9f9e2d81-773d-46ce-9a36-6f1cd0fac214.ee9f1.json
gl_sudoku,res/sprite/ui/select_num_cell_frame,cc.SpriteFrame,8f26e1ac-7149-4009-95c5-f082e7c9b9d4,assets\gl_sudoku\import\8f\8f26e1ac-7149-4009-95c5-f082e7c9b9d4.0dbf3.json
gl_sudoku,res/sprite/ui/ui,cc.SpriteAtlas,79f97c92-a98f-4310-a580-f1fc748b65f7,assets\gl_sudoku\import\79\79f97c92-a98f-4310-a580-f1fc748b65f7.c9f11.json
gl_sudoku,res/sprite/ui/wood_bg_shadow,cc.SpriteFrame,04548452-e932-49e1-98c1-3be136084b05,assets\gl_sudoku\import\04\04548452-e932-49e1-98c1-3be136084b05.b69c6.json
gl_sudoku,res/sprite/ui_big/icon_banner_mask,cc.SpriteFrame,e5d32ffa-4ec6-4e29-b14f-2af27f34dc5a,assets\gl_sudoku\import\e5\e5d32ffa-4ec6-4e29-b14f-2af27f34dc5a.2940f.json
gl_sudoku,res/sprite/ui_big/icon_banner_mask,cc.Texture2D,d6d1c509-08c7-484a-a779-39679ffd019b,assets\gl_sudoku\import\d6\d6d1c509-08c7-484a-a779-39679ffd019b.7871f.json
gl_sudoku,res/sprite/ui_big/light_line,cc.SpriteFrame,6b148316-2db7-4858-af8c-4ae04f69c533,assets\gl_sudoku\import\6b\6b148316-2db7-4858-af8c-4ae04f69c533.43a30.json
gl_sudoku,res/sprite/ui_big/light_line,cc.Texture2D,60412c1a-a167-4018-9812-91e0e98389ba,assets\gl_sudoku\import\60\60412c1a-a167-4018-9812-91e0e98389ba.7871f.json
gl_sudoku,res/sprite/ui_big/wood_bg,cc.SpriteFrame,10d5cf0a-bb01-4f90-aee7-f03d098734e1,assets\gl_sudoku\import\10\10d5cf0a-bb01-4f90-aee7-f03d098734e1.3b70a.json
gl_sudoku,res/sprite/ui_big/wood_bg,cc.Texture2D,67a787b4-d43a-4c4f-b128-55d7fa40abc7,assets\gl_sudoku\import\67\67a787b4-d43a-4c4f-b128-55d7fa40abc7.4b3a3.json
gl_sudoku,res/sprite/ui_big/wood_bg_shadow_big,cc.SpriteFrame,4417b96b-48a9-436d-a847-81614cebd347,assets\gl_sudoku\import\44\4417b96b-48a9-436d-a847-81614cebd347.c35ed.json
gl_sudoku,res/sprite/ui_big/wood_bg_shadow_big,cc.Texture2D,c256e4cb-27c2-4e4a-84ae-5a0285a33d85,assets\gl_sudoku\import\c2\c256e4cb-27c2-4e4a-84ae-5a0285a33d85.7871f.json
gl_sudoku,res/sprite/ui_big/wood_top_bg,cc.SpriteFrame,f8cf3ac1-28da-473e-95ff-1afca40da969,assets\gl_sudoku\import\f8\f8cf3ac1-28da-473e-95ff-1afca40da969.b5931.json
gl_sudoku,res/sprite/ui_big/wood_top_bg,cc.Texture2D,02091d8d-afdc-4a38-a8a5-e37d64583ca8,assets\gl_sudoku\import\02\02091d8d-afdc-4a38-a8a5-e37d64583ca8.7871f.json
gl_tictactoe,resource/audio/onet_birth,cc.AudioClip,140edcc4-fd8b-4912-a866-3c9708b6962a,assets\gl_tictactoe\import\14\140edcc4-fd8b-4912-a866-3c9708b6962a.bda2d.json
gl_tictactoe,resource/audio/tictactoe_o,cc.AudioClip,11011f98-d6bb-41ec-b3bc-f70ecbd6dca7,assets\gl_tictactoe\import\11\11011f98-d6bb-41ec-b3bc-f70ecbd6dca7.4ec49.json
gl_tictactoe,resource/audio/tictactoe_row_3,cc.AudioClip,4b51c742-93ab-4a0b-a68b-a0feeebee9c3,assets\gl_tictactoe\import\4b\4b51c742-93ab-4a0b-a68b-a0feeebee9c3.b9907.json
gl_tictactoe,resource/audio/tictactoe_row_4,cc.AudioClip,a3d8becb-ae94-4b6d-8778-795d984b7375,assets\gl_tictactoe\import\a3\a3d8becb-ae94-4b6d-8778-795d984b7375.c2afe.json
gl_tictactoe,resource/audio/tictactoe_row_5,cc.AudioClip,e84a23d2-85c3-48ce-aa95-71927be01cc8,assets\gl_tictactoe\import\e8\e84a23d2-85c3-48ce-aa95-71927be01cc8.a075a.json
gl_tictactoe,resource/audio/tictactoe_x,cc.AudioClip,2a8e1c9a-3121-460e-a765-2be5ea47e7a8,assets\gl_tictactoe\import\2a\2a8e1c9a-3121-460e-a765-2be5ea47e7a8.16cd4.json
gl_tictactoe,resource/config/tbhstictactoeminmax,cc.JsonAsset,4ee8db9f-46c2-4817-b5ea-6a6f4dce4214,assets\gl_tictactoe\import\4e\4ee8db9f-46c2-4817-b5ea-6a6f4dce4214.5d864.json
gl_tictactoe,resource/effect/Jingziqi_qizi,cc.Asset,76cfb932-a4e4-449b-a3e1-c41a9f683b3a,assets\gl_tictactoe\import\76\76cfb932-a4e4-449b-a3e1-c41a9f683b3a.64b40.json
gl_tictactoe,resource/effect/Jingziqi_qizi,cc.SpriteFrame,9545f783-85b9-4b9e-8518-9852ad9eee90,assets\gl_tictactoe\import\95\9545f783-85b9-4b9e-8518-9852ad9eee90.3ba4c.json
gl_tictactoe,resource/effect/Jingziqi_qizi,cc.Texture2D,aec52c58-5190-4270-8134-7a2252fb7d39,assets\gl_tictactoe\import\ae\aec52c58-5190-4270-8134-7a2252fb7d39.7871f.json
gl_tictactoe,resource/effect/Jingziqi_qizi,sp.SkeletonData,d5da5a1c-67e9-4ae8-8600-3b5bb3651980,assets\gl_tictactoe\import\d5\d5da5a1c-67e9-4ae8-8600-3b5bb3651980.69aa0.json
gl_tictactoe,resource/effect/Jingziqi_qizi_v2,cc.Asset,205bcb05-f0f2-4c16-8f78-31fa608e546c,assets\gl_tictactoe\import\20\205bcb05-f0f2-4c16-8f78-31fa608e546c.db8fd.json
gl_tictactoe,resource/effect/Jingziqi_qizi_v2,cc.SpriteFrame,dd300d36-00a0-40d7-aa48-d6749ebafdba,assets\gl_tictactoe\import\dd\dd300d36-00a0-40d7-aa48-d6749ebafdba.a2e92.json
gl_tictactoe,resource/effect/Jingziqi_qizi_v2,cc.Texture2D,11007657-239a-4c47-a856-2e65a51ab485,assets\gl_tictactoe\import\11\11007657-239a-4c47-a856-2e65a51ab485.7871f.json
gl_tictactoe,resource/effect/Jingziqi_qizi_v2,sp.SkeletonData,f7b80af0-9e4e-4970-b424-74e6fbf3c92f,assets\gl_tictactoe\import\f7\f7b80af0-9e4e-4970-b424-74e6fbf3c92f.a2c50.json
gl_tictactoe,resource/effect/gameplay_word,cc.Asset,1f37cc28-4fc3-400d-9dcc-5e0b8caa91b2,assets\gl_tictactoe\import\1f\1f37cc28-4fc3-400d-9dcc-5e0b8caa91b2.cd3e3.json
gl_tictactoe,resource/effect/gameplay_word,cc.SpriteFrame,1b4aec0d-c593-46f6-881d-d8b694ca7dc3,assets\gl_tictactoe\import\1b\1b4aec0d-c593-46f6-881d-d8b694ca7dc3.1a2a2.json
gl_tictactoe,resource/effect/gameplay_word,cc.Texture2D,eafa22d7-1574-43f8-8464-f4b9b310bbe0,assets\gl_tictactoe\import\ea\eafa22d7-1574-43f8-8464-f4b9b310bbe0.7871f.json
gl_tictactoe,resource/effect/gameplay_word,sp.SkeletonData,5f8ff612-13fd-4266-bccd-bd0f276be883,assets\gl_tictactoe\import\5f\5f8ff612-13fd-4266-bccd-bd0f276be883.6fb64.json
gl_tictactoe,resource/font/Roboto-Bold,cc.TTFFont,4479d5c6-6c34-4a4e-8e0a-1444b0980c03,assets\gl_tictactoe\import\44\4479d5c6-6c34-4a4e-8e0a-1444b0980c03.10975.json
gl_tictactoe,resource/prefab/Chess,cc.Prefab,9402bd62-0ad6-48b5-8568-8b6a770498c1,assets\gl_tictactoe\import\94\9402bd62-0ad6-48b5-8568-8b6a770498c1.519aa.json
gl_tictactoe,resource/prefab/ChessChild,cc.Prefab,bfc59ac0-b964-4426-9796-b439f225093a,assets\gl_tictactoe\import\bf\bfc59ac0-b964-4426-9796-b439f225093a.dc237.json
gl_tictactoe,resource/prefab/Game,cc.Prefab,d8a6376d-711b-4c53-aa76-da679ea21bec,assets\gl_tictactoe\import\d8\d8a6376d-711b-4c53-aa76-da679ea21bec.59853.json
gl_tictactoe,resource/prefab/Guide,cc.Prefab,e92cf346-4f23-4dfc-a7a5-e20755e18d38,assets\gl_tictactoe\import\e9\e92cf346-4f23-4dfc-a7a5-e20755e18d38.55f46.json
gl_tictactoe,resource/prefab/Hand,cc.Prefab,6cadb9be-4f93-4bcf-b02d-20a29cd7da2d,assets\gl_tictactoe\import\6c\6cadb9be-4f93-4bcf-b02d-20a29cd7da2d.b1b47.json
gl_tictactoe,resource/prefab/PreAim,cc.Prefab,0e75bd7d-aa49-411f-a04c-e5939e45edce,assets\gl_tictactoe\import\0e\0e75bd7d-aa49-411f-a04c-e5939e45edce.34bbc.json
gl_tictactoe,resource/prefab/PreAimSmall,cc.Prefab,7707f5a8-1d7b-4281-a84c-de2e0c5dd85d,assets\gl_tictactoe\import\77\7707f5a8-1d7b-4281-a84c-de2e0c5dd85d.41a4b.json
gl_tictactoe,resource/prefab/TipChess,cc.Prefab,28267577-25a8-4147-a102-99f2d96776a1,assets\gl_tictactoe\import\28\28267577-25a8-4147-a102-99f2d96776a1.91984.json
gl_tictactoe,resource/prefab/WinEffect2,cc.Prefab,f8047adf-774d-47a1-95de-1c18e9588fc4,assets\gl_tictactoe\import\f8\f8047adf-774d-47a1-95de-1c18e9588fc4.de128.json
gl_tictactoe,resource/prefab/Word,cc.Prefab,48c7592f-f6f0-4e83-911e-eaec236c2b76,assets\gl_tictactoe\import\48\48c7592f-f6f0-4e83-911e-eaec236c2b76.3995c.json
gl_tictactoe,resource/prefab/YuMiao,cc.Prefab,7e09cd69-d21e-4079-b290-9ecec332441e,assets\gl_tictactoe\import\7e\7e09cd69-d21e-4079-b290-9ecec332441e.efa8c.json
gl_tictactoe,resource/sprites/6x6_yumiao,cc.SpriteFrame,16b834f6-2c3c-4f15-b355-c21dff7fba5d,assets\gl_tictactoe\import\16\16b834f6-2c3c-4f15-b355-c21dff7fba5d.37a3f.json
gl_tictactoe,resource/sprites/6x6_yumiao,cc.Texture2D,a505dfef-76ec-486b-9d16-94d0e08a109b,assets\gl_tictactoe\import\a5\a505dfef-76ec-486b-9d16-94d0e08a109b.7871f.json
gl_tictactoe,resource/sprites/9x9_yumiao,cc.SpriteFrame,f8ef98db-4641-49e3-a00b-c32823aba1a7,assets\gl_tictactoe\import\f8\f8ef98db-4641-49e3-a00b-c32823aba1a7.ee0e7.json
gl_tictactoe,resource/sprites/9x9_yumiao,cc.Texture2D,ba642f33-4fc0-4bbc-8ec5-84afa13028f2,assets\gl_tictactoe\import\ba\ba642f33-4fc0-4bbc-8ec5-84afa13028f2.7871f.json
gl_tictactoe,resource/sprites/art_undo_1,cc.SpriteFrame,e856be8c-db2a-4bdf-9801-db3d81f29fcc,assets\gl_tictactoe\import\e8\e856be8c-db2a-4bdf-9801-db3d81f29fcc.c7cda.json
gl_tictactoe,resource/sprites/art_undo_1,cc.Texture2D,7eb40a1c-1ee7-41a8-80ff-21605564470d,assets\gl_tictactoe\import\7e\7eb40a1c-1ee7-41a8-80ff-21605564470d.7871f.json
gl_tictactoe,resource/sprites/art_undo_2,cc.SpriteFrame,3b25a6f0-1f00-462f-96ac-e4a3baeb774e,assets\gl_tictactoe\import\3b\3b25a6f0-1f00-462f-96ac-e4a3baeb774e.21959.json
gl_tictactoe,resource/sprites/art_undo_2,cc.Texture2D,398237ba-c6c3-479d-86c3-90ece1c1c159,assets\gl_tictactoe\import\39\398237ba-c6c3-479d-86c3-90ece1c1c159.7871f.json
gl_tictactoe,resource/sprites/bar_bot,cc.SpriteFrame,954cedb2-7435-4f3d-b300-b3ba6fb5586b,assets\gl_tictactoe\import\95\954cedb2-7435-4f3d-b300-b3ba6fb5586b.57dfd.json
gl_tictactoe,resource/sprites/bar_bot,cc.Texture2D,0bf55828-d364-4733-ad54-0f5fde7804a3,assets\gl_tictactoe\import\0b\0bf55828-d364-4733-ad54-0f5fde7804a3.7871f.json
gl_tictactoe,resource/sprites/bar_people,cc.SpriteFrame,d4d826e9-faf4-4865-a0ae-1c7457e0c4c4,assets\gl_tictactoe\import\d4\d4d826e9-faf4-4865-a0ae-1c7457e0c4c4.57cb0.json
gl_tictactoe,resource/sprites/bar_people,cc.Texture2D,b4ed6104-8590-4a19-8461-e9c1fd25561a,assets\gl_tictactoe\import\b4\b4ed6104-8590-4a19-8461-e9c1fd25561a.7871f.json
gl_tictactoe,resource/sprites/bar_vs,cc.SpriteFrame,06487177-85c9-403d-8ac4-e75b79cd1899,assets\gl_tictactoe\import\06\06487177-85c9-403d-8ac4-e75b79cd1899.eab47.json
gl_tictactoe,resource/sprites/bar_vs,cc.Texture2D,1c2cf04b-8c1e-4046-9287-972b94452edf,assets\gl_tictactoe\import\1c\1c2cf04b-8c1e-4046-9287-972b94452edf.7871f.json
gl_tictactoe,resource/sprites/btn_round10,cc.SpriteFrame,9d600058-a160-48e8-a570-798528cab9a4,assets\gl_tictactoe\import\9d\9d600058-a160-48e8-a570-798528cab9a4.db311.json
gl_tictactoe,resource/sprites/btn_round10,cc.Texture2D,28c52ea0-de5b-49ea-bf0b-0c5cb9cd9a9a,assets\gl_tictactoe\import\28\28c52ea0-de5b-49ea-bf0b-0c5cb9cd9a9a.7871f.json
gl_tictactoe,resource/sprites/btn_round11,cc.SpriteFrame,99c772a7-3237-48cb-9971-8d7d72fdd50e,assets\gl_tictactoe\import\99\99c772a7-3237-48cb-9971-8d7d72fdd50e.d66e2.json
gl_tictactoe,resource/sprites/btn_round11,cc.Texture2D,f92e89ed-b549-4494-85fa-37845b18a4df,assets\gl_tictactoe\import\f9\f92e89ed-b549-4494-85fa-37845b18a4df.7871f.json
gl_tictactoe,resource/sprites/ic_bj,cc.SpriteFrame,e92e9652-b811-41c2-a3d5-26e569f2c3f7,assets\gl_tictactoe\import\e9\e92e9652-b811-41c2-a3d5-26e569f2c3f7.21149.json
gl_tictactoe,resource/sprites/ic_bj,cc.Texture2D,70471744-18cb-48f2-a829-baa1c85f7715,assets\gl_tictactoe\import\70\70471744-18cb-48f2-a829-baa1c85f7715.7871f.json
gl_tictactoe,resource/sprites/ic_bj_style1,cc.SpriteFrame,1f94cf0c-7da1-453b-9564-9796444d1736,assets\gl_tictactoe\import\1f\1f94cf0c-7da1-453b-9564-9796444d1736.76309.json
gl_tictactoe,resource/sprites/ic_bj_style1,cc.Texture2D,37684d60-b976-49bd-a831-2f1188d202be,assets\gl_tictactoe\import\37\37684d60-b976-49bd-a831-2f1188d202be.7871f.json
gl_tictactoe,resource/sprites/ic_line_style1,cc.SpriteFrame,0007bc13-e598-4fbc-8589-7361be323926,assets\gl_tictactoe\import\00\0007bc13-e598-4fbc-8589-7361be323926.28295.json
gl_tictactoe,resource/sprites/ic_line_style1,cc.Texture2D,c00fd510-fa5a-4cb7-a1e2-099967999bf4,assets\gl_tictactoe\import\c0\c00fd510-fa5a-4cb7-a1e2-099967999bf4.7871f.json
gl_tictactoe,resource/sprites/ic_o,cc.SpriteFrame,ebeed856-583a-4846-ab13-78a36a1a9a2d,assets\gl_tictactoe\import\eb\ebeed856-583a-4846-ab13-78a36a1a9a2d.ffede.json
gl_tictactoe,resource/sprites/ic_o,cc.Texture2D,fbfff521-5bc2-4d6f-b173-612f795930a4,assets\gl_tictactoe\import\fb\fbfff521-5bc2-4d6f-b173-612f795930a4.7871f.json
gl_tictactoe,resource/sprites/ic_x,cc.SpriteFrame,4f02ec0f-dd56-4ac3-8da7-1c04c74a66b8,assets\gl_tictactoe\import\4f\4f02ec0f-dd56-4ac3-8da7-1c04c74a66b8.e1ca1.json
gl_tictactoe,resource/sprites/ic_x,cc.Texture2D,6a0dec3d-5b51-4920-a5d4-35d3a7f6fee5,assets\gl_tictactoe\import\6a\6a0dec3d-5b51-4920-a5d4-35d3a7f6fee5.7871f.json
gl_tictactoe,resource/sprites/icon_arrow_01,cc.SpriteFrame,b67b8650-5a47-4a37-ba2c-7022fe18e0c3,assets\gl_tictactoe\import\b6\b67b8650-5a47-4a37-ba2c-7022fe18e0c3.9e468.json
gl_tictactoe,resource/sprites/icon_arrow_01,cc.Texture2D,9b6c3be7-dff4-4b4d-95a0-d0c08f08fb12,assets\gl_tictactoe\import\9b\9b6c3be7-dff4-4b4d-95a0-d0c08f08fb12.7871f.json
gl_tictactoe,resource/sprites/icon_back,cc.SpriteFrame,1ec056c9-f547-4e4c-b682-62cae71dcda6,assets\gl_tictactoe\import\1e\1ec056c9-f547-4e4c-b682-62cae71dcda6.53d7d.json
gl_tictactoe,resource/sprites/icon_back,cc.Texture2D,960e8071-57ab-4dc9-9ee5-885c38e69ac9,assets\gl_tictactoe\import\96\960e8071-57ab-4dc9-9ee5-885c38e69ac9.7871f.json
gl_tictactoe,resource/sprites/icon_banner_mask,cc.SpriteFrame,ddd5c9cb-7f19-44ff-857a-d69f594cd0e9,assets\gl_tictactoe\import\dd\ddd5c9cb-7f19-44ff-857a-d69f594cd0e9.0b7d2.json
gl_tictactoe,resource/sprites/icon_banner_mask,cc.Texture2D,ebd76038-3971-4927-8b9e-796eb93b0b8c,assets\gl_tictactoe\import\eb\ebd76038-3971-4927-8b9e-796eb93b0b8c.7871f.json
gl_tictactoe,resource/sprites/icon_banner_title,cc.SpriteFrame,4a9f62b5-f4bf-45da-8a62-104472987620,assets\gl_tictactoe\import\4a\4a9f62b5-f4bf-45da-8a62-104472987620.48b12.json
gl_tictactoe,resource/sprites/icon_banner_title,cc.Texture2D,16a4dcc0-2209-452e-a256-b16ae9020ec9,assets\gl_tictactoe\import\16\16a4dcc0-2209-452e-a256-b16ae9020ec9.7871f.json
gl_tictactoe,resource/sprites/icon_bot_01,cc.SpriteFrame,778b1c2b-eac9-424c-b13c-7a544d81a2e7,assets\gl_tictactoe\import\77\778b1c2b-eac9-424c-b13c-7a544d81a2e7.909ed.json
gl_tictactoe,resource/sprites/icon_bot_01,cc.Texture2D,bf9b657a-dcf5-4cb4-ae41-7e2d68db61a5,assets\gl_tictactoe\import\bf\bf9b657a-dcf5-4cb4-ae41-7e2d68db61a5.7871f.json
gl_tictactoe,resource/sprites/icon_bot_02,cc.SpriteFrame,1b43c25e-dd05-4835-868d-fcf6e9343939,assets\gl_tictactoe\import\1b\1b43c25e-dd05-4835-868d-fcf6e9343939.1edac.json
gl_tictactoe,resource/sprites/icon_bot_02,cc.Texture2D,27e4353f-f180-419f-a09b-dfa5aa3eb632,assets\gl_tictactoe\import\27\27e4353f-f180-419f-a09b-dfa5aa3eb632.7871f.json
gl_tictactoe,resource/sprites/icon_hand,cc.SpriteFrame,60919265-70e8-4457-8fa1-780f31e8abc1,assets\gl_tictactoe\import\60\60919265-70e8-4457-8fa1-780f31e8abc1.3f4ec.json
gl_tictactoe,resource/sprites/icon_hand,cc.Texture2D,235a5266-6b71-47a2-97e1-39d6f8876cfc,assets\gl_tictactoe\import\23\235a5266-6b71-47a2-97e1-39d6f8876cfc.7871f.json
gl_tictactoe,resource/sprites/icon_maodian,cc.SpriteFrame,8e2ce9bf-edb7-4244-ae89-5bf7701fb4ec,assets\gl_tictactoe\import\8e\8e2ce9bf-edb7-4244-ae89-5bf7701fb4ec.f3869.json
gl_tictactoe,resource/sprites/icon_maodian,cc.Texture2D,925ef33e-0942-4027-8ac2-c9f879f58cc4,assets\gl_tictactoe\import\92\925ef33e-0942-4027-8ac2-c9f879f58cc4.7871f.json
gl_tictactoe,resource/sprites/icon_people_01,cc.SpriteFrame,635c0558-f308-46a4-94de-adb7c5469d7a,assets\gl_tictactoe\import\63\635c0558-f308-46a4-94de-adb7c5469d7a.304df.json
gl_tictactoe,resource/sprites/icon_people_01,cc.Texture2D,5732d21c-d82d-46ee-bed9-a2d0834b0d7e,assets\gl_tictactoe\import\57\5732d21c-d82d-46ee-bed9-a2d0834b0d7e.7871f.json
gl_tictactoe,resource/sprites/icon_people_02,cc.SpriteFrame,979f1259-abc6-4b66-b964-7af7e41de59a,assets\gl_tictactoe\import\97\979f1259-abc6-4b66-b964-7af7e41de59a.a33f5.json
gl_tictactoe,resource/sprites/icon_people_02,cc.Texture2D,b9f30b4f-bb8d-424d-be2b-2c15d917af03,assets\gl_tictactoe\import\b9\b9f30b4f-bb8d-424d-be2b-2c15d917af03.7871f.json
gl_tictactoe,resource/sprites/icon_restart,cc.SpriteFrame,f2ce2406-6ec5-482c-ba9e-0b23799b00c9,assets\gl_tictactoe\import\f2\f2ce2406-6ec5-482c-ba9e-0b23799b00c9.24713.json
gl_tictactoe,resource/sprites/icon_restart,cc.Texture2D,4ad1084d-a704-4604-b1a3-e3583f4669cc,assets\gl_tictactoe\import\4a\4ad1084d-a704-4604-b1a3-e3583f4669cc.7871f.json
gl_tictactoe,resource/sprites/icon_skip,cc.SpriteFrame,0368dc5e-d7f5-42cf-9fca-f437ccab63c4,assets\gl_tictactoe\import\03\0368dc5e-d7f5-42cf-9fca-f437ccab63c4.e6d04.json
gl_tictactoe,resource/sprites/icon_skip,cc.Texture2D,9cc2fac1-4ce3-408e-b7e0-249607d1869c,assets\gl_tictactoe\import\9c\9cc2fac1-4ce3-408e-b7e0-249607d1869c.7871f.json
gl_tictactoe,resource/sprites/line_3,cc.SpriteFrame,3d19cfda-9085-4d7d-aa36-42ddc0e44e67,assets\gl_tictactoe\import\3d\3d19cfda-9085-4d7d-aa36-42ddc0e44e67.7d818.json
gl_tictactoe,resource/sprites/line_3,cc.Texture2D,9c184888-68c5-444c-84ea-c43f8eac66da,assets\gl_tictactoe\import\9c\9c184888-68c5-444c-84ea-c43f8eac66da.7871f.json
gl_tictactoe,resource/sprites/text_purple_bg,cc.SpriteFrame,fd5a9165-547a-4c7a-9b91-a8f2d536b521,assets\gl_tictactoe\import\fd\fd5a9165-547a-4c7a-9b91-a8f2d536b521.f0348.json
gl_tictactoe,resource/sprites/text_purple_bg,cc.Texture2D,b82e118a-9bd4-4c08-926f-af472e5526b8,assets\gl_tictactoe\import\b8\b82e118a-9bd4-4c08-926f-af472e5526b8.7871f.json
gl_tictactoe,resource/sprites/vs,cc.SpriteFrame,21ad381d-b1f1-417c-9dcd-018848086877,assets\gl_tictactoe\import\21\21ad381d-b1f1-417c-9dcd-018848086877.2d322.json
gl_tictactoe,resource/sprites/vs,cc.Texture2D,03c21737-5167-4e09-bb6c-d47063c0510e,assets\gl_tictactoe\import\03\03c21737-5167-4e09-bb6c-d47063c0510e.7871f.json
gl_tictactoe,resource/sprites/xian_14,cc.SpriteFrame,d9958be2-a9d1-4778-addf-79ab2d2a7650,assets\gl_tictactoe\import\d9\d9958be2-a9d1-4778-addf-79ab2d2a7650.ed4d0.json
gl_tictactoe,resource/sprites/xian_14,cc.Texture2D,e5b287cf-9c35-4663-bc88-f54347e2938b,assets\gl_tictactoe\import\e5\e5b287cf-9c35-4663-bc88-f54347e2938b.7871f.json
gl_tictactoe,resource/sprites/xian_6,cc.SpriteFrame,a1811b33-b0a3-4b53-994b-fcb0139d89fb,assets\gl_tictactoe\import\a1\a1811b33-b0a3-4b53-994b-fcb0139d89fb.7dfd9.json
gl_tictactoe,resource/sprites/xian_6,cc.Texture2D,06a0ffc8-b86c-420d-a398-05fa373b27f2,assets\gl_tictactoe\import\06\06a0ffc8-b86c-420d-a398-05fa373b27f2.7871f.json
gl_tictactoe,resource/sprites/xian_8,cc.SpriteFrame,a3287a03-0156-45f5-97e7-15414ad64c6a,assets\gl_tictactoe\import\a3\a3287a03-0156-45f5-97e7-15414ad64c6a.432bf.json
gl_tictactoe,resource/sprites/xian_8,cc.Texture2D,b0ee3460-6c26-427b-a139-197bd69ef7eb,assets\gl_tictactoe\import\b0\b0ee3460-6c26-427b-a139-197bd69ef7eb.7871f.json
gl_tictactoe,resource/sprites/yuKanIcon,cc.SpriteFrame,aaf39a71-8b24-4494-a959-00bd49a3f70c,assets\gl_tictactoe\import\aa\aaf39a71-8b24-4494-a959-00bd49a3f70c.5a7ec.json
gl_tictactoe,resource/sprites/yuKanIcon,cc.Texture2D,91f8ee20-1ade-471a-bffa-10cfe8b7af36,assets\gl_tictactoe\import\91\91f8ee20-1ade-471a-bffa-10cfe8b7af36.7871f.json
gl_tictactoe,resource/sprites/yuKanIcon2,cc.SpriteFrame,56e7cca6-8390-4c4f-9c08-3cf391ed6595,assets\gl_tictactoe\import\56\56e7cca6-8390-4c4f-9c08-3cf391ed6595.fdbef.json
gl_tictactoe,resource/sprites/yuKanIcon2,cc.Texture2D,f6f23599-c6af-481c-b976-21945458a2bb,assets\gl_tictactoe\import\f6\f6f23599-c6af-481c-b976-21945458a2bb.7871f.json
gl_tictactoe,resource/sprites/yuMiaoIcon,cc.SpriteFrame,7472acf5-0d37-43cd-8640-ef9aca104450,assets\gl_tictactoe\import\74\7472acf5-0d37-43cd-8640-ef9aca104450.9b2b2.json
gl_tictactoe,resource/sprites/yuMiaoIcon,cc.Texture2D,a2b78ee8-95dc-449f-9912-0dcaca230bac,assets\gl_tictactoe\import\a2\a2b78ee8-95dc-449f-9912-0dcaca230bac.7871f.json
gl_tictactoe,scene/glTictactoePrefab,cc.Prefab,fb66226c-eb1e-4ec5-9f2b-e4408103ea80,assets\gl_tictactoe\import\fb\fb66226c-eb1e-4ec5-9f2b-e4408103ea80.db7b1.json
gl_tictactoe,temp.d,cc.TextAsset,0f148480-d9c0-41ee-be05-ec4a29fa1e23,assets\gl_tictactoe\import\0f\0f148480-d9c0-41ee-be05-ec4a29fa1e23.06672.json
gl_watersort,byteData/level_data,cc.BufferAsset,73629aed-0bc3-450f-a312-d1ff6e7927d7,assets\gl_watersort\import\73\73629aed-0bc3-450f-a312-d1ff6e7927d7.8cc90.json
gl_watersort,byteData/level_data_offsets,cc.BufferAsset,584a0924-b393-4614-bc0f-3ec9b215b10e,assets\gl_watersort\import\58\584a0924-b393-4614-bc0f-3ec9b215b10e.4c5e4.json
gl_watersort,prefabs/GLWaterCanPutTips,cc.Prefab,839ddd98-2446-42b9-a629-befbe5e1f624,assets\gl_watersort\import\83\839ddd98-2446-42b9-a629-befbe5e1f624.85f27.json
gl_watersort,prefabs/GLWaterFinishAnim,cc.Prefab,07eb1bd9-7718-4792-92cd-0e13f1fe2fd8,assets\gl_watersort\import\07\07eb1bd9-7718-4792-92cd-0e13f1fe2fd8.15af1.json
gl_watersort,prefabs/GLWaterFinishTips,cc.Prefab,c69b6bdb-153e-487b-8284-09844cee088d,assets\gl_watersort\import\c6\c69b6bdb-153e-487b-8284-09844cee088d.1d3db.json
gl_watersort,prefabs/GLWaterItem,cc.Prefab,cae3133f-10d5-4ea1-bf64-559608d92127,assets\gl_watersort\import\ca\cae3133f-10d5-4ea1-bf64-559608d92127.22893.json
gl_watersort,prefabs/GLWaterItemDianzan,cc.Prefab,97908939-dea5-48c3-b6c3-e18fdbf38eb2,assets\gl_watersort\import\97\97908939-dea5-48c3-b6c3-e18fdbf38eb2.81eba.json
gl_watersort,prefabs/GLWaterItemGuide,cc.Prefab,73126e8d-3e97-41f6-9a92-fc9ff59345f3,assets\gl_watersort\import\73\73126e8d-3e97-41f6-9a92-fc9ff59345f3.56be5.json
gl_watersort,prefabs/GLWaterItemNew,cc.Prefab,671de2da-665b-4668-a0ac-264207a687f7,assets\gl_watersort\import\67\671de2da-665b-4668-a0ac-264207a687f7.6c3d4.json
gl_watersort,prefabs/GLWaterItemNewGuide,cc.Prefab,ceef202f-4fc9-4f63-88b9-bfff23201a84,assets\gl_watersort\import\ce\ceef202f-4fc9-4f63-88b9-bfff23201a84.1f625.json
gl_watersort,prefabs/btnUnLock,cc.Prefab,aede5eb2-7030-4e1b-98aa-8811416dd1a8,assets\gl_watersort\import\ae\aede5eb2-7030-4e1b-98aa-8811416dd1a8.32dbe.json
gl_watersort,prefabs/revertTips,cc.Prefab,a2ecccfa-b030-446e-902a-8137e676d6ad,assets\gl_watersort\import\a2\a2ecccfa-b030-446e-902a-8137e676d6ad.9bc4f.json
gl_watersort,resources/Roboto-Bold,cc.TTFFont,7649d938-8336-465a-90b4-349350421700,assets\gl_watersort\import\76\7649d938-8336-465a-90b4-349350421700.10975.json
gl_watersort,resources/audio/2048_new_1,cc.AudioClip,26733626-f071-4177-b4e4-c72853ca4de7,assets\gl_watersort\import\26\26733626-f071-4177-b4e4-c72853ca4de7.d6c97.json
gl_watersort,resources/audio/fruit_item_clean,cc.AudioClip,9547d317-65c2-416d-94ef-b01e31098194,assets\gl_watersort\import\95\9547d317-65c2-416d-94ef-b01e31098194.f2529.json
gl_watersort,resources/audio/onet_birth,cc.AudioClip,3c03f293-dec3-4777-ae1b-7e4ee06dc096,assets\gl_watersort\import\3c\3c03f293-dec3-4777-ae1b-7e4ee06dc096.bda2d.json
gl_watersort,resources/audio/water_click_1,cc.AudioClip,50aa7279-843d-4a35-a0b4-61251c60c697,assets\gl_watersort\import\50\50aa7279-843d-4a35-a0b4-61251c60c697.be5b3.json
gl_watersort,resources/audio/water_crash1,cc.AudioClip,cda25433-9cc1-491f-a9ff-35394f3a0b88,assets\gl_watersort\import\cd\cda25433-9cc1-491f-a9ff-35394f3a0b88.7aae2.json
gl_watersort,resources/audio/water_pour_1,cc.AudioClip,a64dd77a-e493-45e3-bc57-e9f92af7fe0c,assets\gl_watersort\import\a6\a64dd77a-e493-45e3-bc57-e9f92af7fe0c.54032.json
gl_watersort,resources/audio/water_pour_2,cc.AudioClip,c75d3b0f-38f3-45cd-9b80-1a9bc87d0d91,assets\gl_watersort\import\c7\c75d3b0f-38f3-45cd-9b80-1a9bc87d0d91.88c6e.json
gl_watersort,resources/audio/water_pour_3,cc.AudioClip,593b3433-8c3f-4eac-b616-ded68019330e,assets\gl_watersort\import\59\593b3433-8c3f-4eac-b616-ded68019330e.c1e13.json
gl_watersort,resources/audio/water_pour_4,cc.AudioClip,343510f5-5973-4594-bb2a-4e8f3f625aa5,assets\gl_watersort\import\34\343510f5-5973-4594-bb2a-4e8f3f625aa5.fd9c3.json
gl_watersort,resources/audio/water_success,cc.AudioClip,a8a690b3-3768-4c4e-bdb7-3085ebceea5d,assets\gl_watersort\import\a8\a8a690b3-3768-4c4e-bdb7-3085ebceea5d.7019c.json
gl_watersort,resources/audio/water_undo_new,cc.AudioClip,9e4e0188-5300-4102-be7e-484eb551ddd7,assets\gl_watersort\import\9e\9e4e0188-5300-4102-be7e-484eb551ddd7.5bebe.json
gl_watersort,resources/audio/water_unlock,cc.AudioClip,193345ef-89b4-4634-9a65-1a84b122f0a8,assets\gl_watersort\import\19\193345ef-89b4-4634-9a65-1a84b122f0a8.1c53f.json
gl_watersort,resources/icons5/img_di,cc.SpriteFrame,bfecd80a-ac26-4429-a75c-927ef555b6e3,assets\gl_watersort\import\bf\bfecd80a-ac26-4429-a75c-927ef555b6e3.bab7e.json
gl_watersort,resources/icons5/img_di,cc.Texture2D,e94f83c3-6473-4383-825b-b9d50d75eb81,assets\gl_watersort\import\e9\e94f83c3-6473-4383-825b-b9d50d75eb81.7871f.json
gl_watersort,resources/icons5/img_dividingline,cc.SpriteFrame,423145e5-6b07-48ff-9888-9907861e0095,assets\gl_watersort\import\42\423145e5-6b07-48ff-9888-9907861e0095.74a65.json
gl_watersort,resources/icons5/img_dividingline,cc.Texture2D,42a8507f-944b-4be0-bd86-013ea160f51f,assets\gl_watersort\import\42\42a8507f-944b-4be0-bd86-013ea160f51f.7871f.json
gl_watersort,resources/images/CommonBgText,cc.SpriteFrame,0b6dfe88-2a3b-4cf0-973b-b787e4ff847d,assets\gl_watersort\import\0b\0b6dfe88-2a3b-4cf0-973b-b787e4ff847d.673b7.json
gl_watersort,resources/images/CommonBgText,cc.Texture2D,c74b4db9-802b-4ef2-aef6-8c036b7600dd,assets\gl_watersort\import\c7\c74b4db9-802b-4ef2-aef6-8c036b7600dd.7871f.json
gl_watersort,resources/images/btn_round10,cc.SpriteFrame,2becb52c-cfa7-466f-a0a9-918b151b7098,assets\gl_watersort\import\2b\2becb52c-cfa7-466f-a0a9-918b151b7098.8b192.json
gl_watersort,resources/images/btn_round10,cc.Texture2D,2ee31339-b95a-49b4-bd38-ca74dff9775b,assets\gl_watersort\import\2e\2ee31339-b95a-49b4-bd38-ca74dff9775b.7871f.json
gl_watersort,resources/images/icon_add,cc.SpriteFrame,2014efe0-594f-4ba0-84a0-07fdefb8f90e,assets\gl_watersort\import\20\2014efe0-594f-4ba0-84a0-07fdefb8f90e.91632.json
gl_watersort,resources/images/icon_add,cc.Texture2D,7b4684ad-5a09-4878-8888-2ec3b43ff3e3,assets\gl_watersort\import\7b\7b4684ad-5a09-4878-8888-2ec3b43ff3e3.7871f.json
gl_watersort,resources/images/icon_back,cc.SpriteFrame,10b5c482-7f3a-4abc-9838-507e1ad4407b,assets\gl_watersort\import\10\10b5c482-7f3a-4abc-9838-507e1ad4407b.e12fc.json
gl_watersort,resources/images/icon_back,cc.Texture2D,d01300d8-4aef-499b-99ed-babc4a9ce50b,assets\gl_watersort\import\d0\d01300d8-4aef-499b-99ed-babc4a9ce50b.7871f.json
gl_watersort,resources/images/icon_banner_mask,cc.SpriteFrame,73b2e21d-bed9-44a6-9884-ff94f7034a76,assets\gl_watersort\import\73\73b2e21d-bed9-44a6-9884-ff94f7034a76.d5a4c.json
gl_watersort,resources/images/icon_banner_mask,cc.Texture2D,685dc30f-7920-484e-9b90-33434fb8b7b6,assets\gl_watersort\import\68\685dc30f-7920-484e-9b90-33434fb8b7b6.7871f.json
gl_watersort,resources/images/icon_banner_title,cc.SpriteFrame,53347e08-3252-4c87-8c4f-78a953d49d74,assets\gl_watersort\import\53\53347e08-3252-4c87-8c4f-78a953d49d74.5a24c.json
gl_watersort,resources/images/icon_banner_title,cc.Texture2D,f8d32759-726c-48ec-ba56-284d40d03f69,assets\gl_watersort\import\f8\f8d32759-726c-48ec-ba56-284d40d03f69.7871f.json
gl_watersort,resources/images/icon_bottle,cc.SpriteFrame,0342c6a7-16af-4b71-ac35-71f47e35aa04,assets\gl_watersort\import\03\0342c6a7-16af-4b71-ac35-71f47e35aa04.83529.json
gl_watersort,resources/images/icon_bottle,cc.Texture2D,6f026bd2-1eae-4a5b-b318-b08231fc6b49,assets\gl_watersort\import\6f\6f026bd2-1eae-4a5b-b318-b08231fc6b49.7871f.json
gl_watersort,resources/images/icon_bottle_1,cc.SpriteFrame,b0e4cdb4-1096-4ddd-9b14-599cbc4dda43,assets\gl_watersort\import\b0\b0e4cdb4-1096-4ddd-9b14-599cbc4dda43.777d0.json
gl_watersort,resources/images/icon_bottle_1,cc.Texture2D,dd6eb1de-f556-4405-8e8d-17f482a68be2,assets\gl_watersort\import\dd\dd6eb1de-f556-4405-8e8d-17f482a68be2.7871f.json
gl_watersort,resources/images/icon_bottle_2,cc.SpriteFrame,44ac8199-29ab-4ef3-bae7-7cb8dcfdce4d,assets\gl_watersort\import\44\44ac8199-29ab-4ef3-bae7-7cb8dcfdce4d.f8bc1.json
gl_watersort,resources/images/icon_bottle_2,cc.Texture2D,95e40330-4255-48a5-b5d1-7e3d6eb58e79,assets\gl_watersort\import\95\95e40330-4255-48a5-b5d1-7e3d6eb58e79.7871f.json
gl_watersort,resources/images/icon_bottle_3,cc.SpriteFrame,9e88e6d3-d876-4375-a4fa-032d826a23fd,assets\gl_watersort\import\9e\9e88e6d3-d876-4375-a4fa-032d826a23fd.9f11a.json
gl_watersort,resources/images/icon_bottle_3,cc.Texture2D,ad04f044-994a-4418-8726-bd35896e75bd,assets\gl_watersort\import\ad\ad04f044-994a-4418-8726-bd35896e75bd.7871f.json
gl_watersort,resources/images/icon_bottle_4,cc.SpriteFrame,d9bb6dad-f67c-49d2-9e60-1678bfb8a7e1,assets\gl_watersort\import\d9\d9bb6dad-f67c-49d2-9e60-1678bfb8a7e1.6394d.json
gl_watersort,resources/images/icon_bottle_4,cc.Texture2D,1c35d984-8942-4b2e-8c30-1526b7c8a278,assets\gl_watersort\import\1c\1c35d984-8942-4b2e-8c30-1526b7c8a278.7871f.json
gl_watersort,resources/images/icon_check_mark,cc.SpriteFrame,172e21ec-bba0-4f5b-80a1-19cdf621e0b3,assets\gl_watersort\import\17\172e21ec-bba0-4f5b-80a1-19cdf621e0b3.ec2b6.json
gl_watersort,resources/images/icon_check_mark,cc.Texture2D,f9f07151-1801-4bbf-84bd-ae3b250b63b9,assets\gl_watersort\import\f9\f9f07151-1801-4bbf-84bd-ae3b250b63b9.7871f.json
gl_watersort,resources/images/icon_close,cc.SpriteFrame,ae376f45-8b08-4d23-9a01-37365b818454,assets\gl_watersort\import\ae\ae376f45-8b08-4d23-9a01-37365b818454.aad3d.json
gl_watersort,resources/images/icon_close,cc.Texture2D,e22c93b1-a599-4d63-bc4a-b533d7a87022,assets\gl_watersort\import\e2\e22c93b1-a599-4d63-bc4a-b533d7a87022.7871f.json
gl_watersort,resources/images/icon_hint,cc.SpriteFrame,1cf9b764-0d7c-4f74-8968-14eb8009fd76,assets\gl_watersort\import\1c\1cf9b764-0d7c-4f74-8968-14eb8009fd76.1f17b.json
gl_watersort,resources/images/icon_hint,cc.Texture2D,e3a6b784-d8bc-44ca-883b-4ad121a9be87,assets\gl_watersort\import\e3\e3a6b784-d8bc-44ca-883b-4ad121a9be87.7871f.json
gl_watersort,resources/images/icon_restart,cc.SpriteFrame,5b1bec00-e8f5-4d7c-9c3c-b540af24a22d,assets\gl_watersort\import\5b\5b1bec00-e8f5-4d7c-9c3c-b540af24a22d.dce89.json
gl_watersort,resources/images/icon_restart,cc.Texture2D,d6d5b416-a514-49fe-9278-52d8a07f6393,assets\gl_watersort\import\d6\d6d5b416-a514-49fe-9278-52d8a07f6393.7871f.json
gl_watersort,resources/images/icon_skip,cc.SpriteFrame,591cf242-d350-4747-84b8-2c1482cbaf62,assets\gl_watersort\import\59\591cf242-d350-4747-84b8-2c1482cbaf62.68671.json
gl_watersort,resources/images/icon_skip,cc.Texture2D,3b6ae87f-1787-420c-8a8d-f9e291ec71fb,assets\gl_watersort\import\3b\3b6ae87f-1787-420c-8a8d-f9e291ec71fb.7871f.json
gl_watersort,resources/images/icon_undo,cc.SpriteFrame,a52a7904-97e0-4edf-ba78-8ffc1c56fac4,assets\gl_watersort\import\a5\a52a7904-97e0-4edf-ba78-8ffc1c56fac4.fe39f.json
gl_watersort,resources/images/icon_undo,cc.Texture2D,5bc7ce8e-0b68-4fff-b828-a755df8247b7,assets\gl_watersort\import\5b\5bc7ce8e-0b68-4fff-b828-a755df8247b7.7871f.json
gl_watersort,resources/images/markNew,cc.SpriteFrame,e168a086-bf95-4474-8454-0bf09705fba3,assets\gl_watersort\import\e1\e168a086-bf95-4474-8454-0bf09705fba3.27912.json
gl_watersort,resources/images/markNew,cc.Texture2D,a7e3eaf1-0df3-4d9f-b88d-e16a5eb52a3d,assets\gl_watersort\import\a7\a7e3eaf1-0df3-4d9f-b88d-e16a5eb52a3d.7871f.json
gl_watersort,resources/images/markOld,cc.SpriteFrame,a970cc7e-af1b-477f-877a-105316f2e0a0,assets\gl_watersort\import\a9\a970cc7e-af1b-477f-877a-105316f2e0a0.a5a53.json
gl_watersort,resources/images/markOld,cc.Texture2D,9609fcc8-e4ec-40c7-8ace-6891e81c1445,assets\gl_watersort\import\96\9609fcc8-e4ec-40c7-8ace-6891e81c1445.7871f.json
gl_watersort,resources/images/portrait_bg_shadow,cc.SpriteFrame,5c9afe8d-eacb-43a0-ac0f-3796a569e471,assets\gl_watersort\import\5c\5c9afe8d-eacb-43a0-ac0f-3796a569e471.7662f.json
gl_watersort,resources/images/portrait_bg_shadow,cc.Texture2D,4a3d0943-fc73-474b-9855-05b918ec3333,assets\gl_watersort\import\4a\4a3d0943-fc73-474b-9855-05b918ec3333.7871f.json
gl_watersort,resources/images/prop_count_bg,cc.SpriteFrame,3144e902-f398-45d2-baab-4be56ba35ae6,assets\gl_watersort\import\31\3144e902-f398-45d2-baab-4be56ba35ae6.2d18e.json
gl_watersort,resources/images/prop_count_bg,cc.Texture2D,09bce7f9-79e4-40cd-be08-f284389e4967,assets\gl_watersort\import\09\09bce7f9-79e4-40cd-be08-f284389e4967.7871f.json
gl_watersort,resources/images/prop_count_unlimited,cc.SpriteFrame,dbb1c1aa-8b77-4770-a9ca-487e4444dc21,assets\gl_watersort\import\db\dbb1c1aa-8b77-4770-a9ca-487e4444dc21.5ce66.json
gl_watersort,resources/images/prop_count_unlimited,cc.Texture2D,d1311735-16c7-48a3-ab4b-44c50c4c2437,assets\gl_watersort\import\d1\d1311735-16c7-48a3-ab4b-44c50c4c2437.7871f.json
gl_watersort,resources/images/prop_green,cc.SpriteFrame,ee607c9e-e813-467a-9b00-2628c5645132,assets\gl_watersort\import\ee\ee607c9e-e813-467a-9b00-2628c5645132.9d603.json
gl_watersort,resources/images/prop_green,cc.Texture2D,146c37af-d7eb-44e6-9aac-809ba114ecd1,assets\gl_watersort\import\14\146c37af-d7eb-44e6-9aac-809ba114ecd1.7871f.json
gl_watersort,resources/images/prop_red,cc.SpriteFrame,fead5a55-32a2-4906-a0f1-578023649ad6,assets\gl_watersort\import\fe\fead5a55-32a2-4906-a0f1-578023649ad6.feab9.json
gl_watersort,resources/images/prop_red,cc.Texture2D,86b1aa5a-dff1-4753-a61e-5864ab474804,assets\gl_watersort\import\86\86b1aa5a-dff1-4753-a61e-5864ab474804.7871f.json
gl_watersort,resources/images/prop_video,cc.SpriteFrame,7dd2c119-a7d5-41c2-ae41-30783efcbe60,assets\gl_watersort\import\7d\7dd2c119-a7d5-41c2-ae41-30783efcbe60.a7182.json
gl_watersort,resources/images/prop_video,cc.Texture2D,520217b1-614b-453c-9848-78c28882532d,assets\gl_watersort\import\52\520217b1-614b-453c-9848-78c28882532d.7871f.json
gl_watersort,resources/images/prop_video_arrow,cc.SpriteFrame,87adbdd8-9e6e-4f15-ac1a-af2f049f8806,assets\gl_watersort\import\87\87adbdd8-9e6e-4f15-ac1a-af2f049f8806.6e075.json
gl_watersort,resources/images/prop_video_arrow,cc.Texture2D,34f3c74f-adcc-45e5-acee-7a58137d1749,assets\gl_watersort\import\34\34f3c74f-adcc-45e5-acee-7a58137d1749.7871f.json
gl_watersort,resources/images/rectangle_round_6,cc.SpriteFrame,4e0795a9-9a3f-4658-a8e3-a4f1ec4ba953,assets\gl_watersort\import\4e\4e0795a9-9a3f-4658-a8e3-a4f1ec4ba953.605b7.json
gl_watersort,resources/images/rectangle_round_6,cc.Texture2D,14239ad2-bee1-4e93-991d-ae6f22c44eb5,assets\gl_watersort\import\14\14239ad2-bee1-4e93-991d-ae6f22c44eb5.7871f.json
gl_watersort,resources/res/gameplay_icon,cc.SpriteFrame,9653c448-e271-4d0e-ab53-64a38dcbe1ab,assets\gl_watersort\import\96\9653c448-e271-4d0e-ab53-64a38dcbe1ab.ed3bb.json
gl_watersort,resources/res/gameplay_icon,cc.Texture2D,7b33c675-2df1-46b0-b2cb-45efda1738c9,assets\gl_watersort\import\7b\7b33c675-2df1-46b0-b2cb-45efda1738c9.7871f.json
gl_watersort,resources/res/gameplay_icon_bg,cc.SpriteFrame,1d47d02c-1a51-40ba-ad1e-b9b0a6d67238,assets\gl_watersort\import\1d\1d47d02c-1a51-40ba-ad1e-b9b0a6d67238.d3a8e.json
gl_watersort,resources/res/gameplay_icon_bg,cc.Texture2D,42ed2f35-5262-439f-9dbe-e822b09aaaee,assets\gl_watersort\import\42\42ed2f35-5262-439f-9dbe-e822b09aaaee.7871f.json
gl_watersort,resources/res/gameplay_icon_bg_2,cc.SpriteFrame,1f29bcc9-fc65-4ab5-ba8a-66fbf3fa7340,assets\gl_watersort\import\1f\1f29bcc9-fc65-4ab5-ba8a-66fbf3fa7340.e8c60.json
gl_watersort,resources/res/gameplay_icon_bg_2,cc.Texture2D,9c7fe9c7-8bc1-40d9-a883-87ff98a7e540,assets\gl_watersort\import\9c\9c7fe9c7-8bc1-40d9-a883-87ff98a7e540.7871f.json
gl_watersort,resources/res/gameplay_icon_duiGou,cc.SpriteFrame,dd24d554-1876-4312-962f-32bfb89a45bb,assets\gl_watersort\import\dd\dd24d554-1876-4312-962f-32bfb89a45bb.13ce3.json
gl_watersort,resources/res/gameplay_icon_duiGou,cc.Texture2D,78395ec2-d902-4cbb-be00-798c0240cea8,assets\gl_watersort\import\78\78395ec2-d902-4cbb-be00-798c0240cea8.7871f.json
gl_watersort,resources/res/gameplay_num_bg,cc.SpriteFrame,b2dd43c3-9dc2-4080-9e59-dedcc42314cd,assets\gl_watersort\import\b2\b2dd43c3-9dc2-4080-9e59-dedcc42314cd.f63f5.json
gl_watersort,resources/res/gameplay_num_bg,cc.Texture2D,17de20d9-893e-4a62-85f8-56eb69039c72,assets\gl_watersort\import\17\17de20d9-893e-4a62-85f8-56eb69039c72.7871f.json
gl_watersort,resources/res/gameplay_par,cc.Asset,f5ca588f-b4a3-4c85-bad7-c531be29408c,assets\gl_watersort\import\f5\f5ca588f-b4a3-4c85-bad7-c531be29408c.6e509.json
gl_watersort,resources/res/gameplay_par,cc.SpriteFrame,e6e7befc-e5c5-4493-9b1a-b260c36cf5b5,assets\gl_watersort\import\e6\e6e7befc-e5c5-4493-9b1a-b260c36cf5b5.51687.json
gl_watersort,resources/res/gameplay_par,cc.Texture2D,d301ce15-45fb-4e77-8f48-89108bc9f608,assets\gl_watersort\import\d3\d301ce15-45fb-4e77-8f48-89108bc9f608.7871f.json
gl_watersort,resources/res/gameplay_par,sp.SkeletonData,534a5529-f8a0-4fb0-a19e-b1895715e69c,assets\gl_watersort\import\53\534a5529-f8a0-4fb0-a19e-b1895715e69c.aa340.json
gl_watersort,resources/res/marc,cc.SpriteFrame,f3847a6d-0e10-4c02-a075-b9f50758d33e,assets\gl_watersort\import\f3\f3847a6d-0e10-4c02-a075-b9f50758d33e.f6ec2.json
gl_watersort,resources/res/marc,cc.Texture2D,ca5e9f45-3959-465c-acba-c53fa6d7ea50,assets\gl_watersort\import\ca\ca5e9f45-3959-465c-acba-c53fa6d7ea50.7871f.json
gl_watersort,resources/res/star,cc.SpriteFrame,2781810c-cfde-414f-8e5e-e3a6f55267b2,assets\gl_watersort\import\27\2781810c-cfde-414f-8e5e-e3a6f55267b2.10cf6.json
gl_watersort,resources/res/star,cc.Texture2D,c1a00e20-d4f0-49c0-ab11-43ec1a1b510d,assets\gl_watersort\import\c1\c1a00e20-d4f0-49c0-ab11-43ec1a1b510d.7871f.json
gl_watersort,resources/spine/finger,cc.Asset,9694eae3-1d0f-4a03-af04-bab67f78c08c,assets\gl_watersort\import\96\9694eae3-1d0f-4a03-af04-bab67f78c08c.fb73d.json
gl_watersort,resources/spine/finger,cc.SpriteFrame,5a5885e7-e432-4e07-b287-7f86f31db4eb,assets\gl_watersort\import\5a\5a5885e7-e432-4e07-b287-7f86f31db4eb.fae8d.json
gl_watersort,resources/spine/finger,cc.Texture2D,99603fbf-74ad-4c59-9b4d-84ccc93b5dd9,assets\gl_watersort\import\99\99603fbf-74ad-4c59-9b4d-84ccc93b5dd9.7871f.json
gl_watersort,resources/spine/finger,sp.SkeletonData,7f8c0817-8e55-401e-a8cd-75e093fdf943,assets\gl_watersort\import\7f\7f8c0817-8e55-401e-a8cd-75e093fdf943.b867b.json
gl_watersort,resources/spine/lizi,cc.Asset,764183d8-acc4-4c12-8be0-e10025f60f21,assets\gl_watersort\import\76\764183d8-acc4-4c12-8be0-e10025f60f21.79887.json
gl_watersort,resources/spine/lizi,cc.SpriteFrame,b0986816-5f08-4352-92e1-dc53acf1793f,assets\gl_watersort\import\b0\b0986816-5f08-4352-92e1-dc53acf1793f.288e9.json
gl_watersort,resources/spine/lizi,cc.Texture2D,eaf34af3-7efe-4e46-bc5c-699fed14e6db,assets\gl_watersort\import\ea\eaf34af3-7efe-4e46-bc5c-699fed14e6db.7871f.json
gl_watersort,resources/spine/lizi,sp.SkeletonData,7a61abca-1077-46be-9f7b-32174c4c4704,assets\gl_watersort\import\7a\7a61abca-1077-46be-9f7b-32174c4c4704.4510d.json
gl_watersort,resources/spine/nopixel_watersort_gameplay_thumb,cc.Asset,17e9638a-0203-4c98-b3aa-26c42cbbf460,assets\gl_watersort\import\17\17e9638a-0203-4c98-b3aa-26c42cbbf460.a816f.json
gl_watersort,resources/spine/nopixel_watersort_gameplay_thumb,cc.SpriteFrame,81d07cbe-aae3-4710-ab83-3ef2c5c50295,assets\gl_watersort\import\81\81d07cbe-aae3-4710-ab83-3ef2c5c50295.917e5.json
gl_watersort,resources/spine/nopixel_watersort_gameplay_thumb,cc.Texture2D,4dedf33c-0221-4e6b-9a08-c919693f85a3,assets\gl_watersort\import\4d\4dedf33c-0221-4e6b-9a08-c919693f85a3.7871f.json
gl_watersort,resources/spine/nopixel_watersort_gameplay_thumb,sp.SkeletonData,834e5953-8890-46a0-ab50-9530cdcb0812,assets\gl_watersort\import\83\834e5953-8890-46a0-ab50-9530cdcb0812.15456.json
gl_watersort,resources/spine/skeleton,cc.Asset,5d730c4e-7a7a-4c58-87b4-6c4cdb29b5c4,assets\gl_watersort\import\5d\5d730c4e-7a7a-4c58-87b4-6c4cdb29b5c4.08689.json
gl_watersort,resources/spine/skeleton,cc.SpriteFrame,31c57a2f-2a71-49f3-8d12-70542d0baf74,assets\gl_watersort\import\31\31c57a2f-2a71-49f3-8d12-70542d0baf74.9d00b.json
gl_watersort,resources/spine/skeleton,cc.Texture2D,cf9e0b04-9555-478a-8055-ea480a9b4492,assets\gl_watersort\import\cf\cf9e0b04-9555-478a-8055-ea480a9b4492.7871f.json
gl_watersort,resources/spine/skeleton,sp.SkeletonData,3f106f1e-24c1-4b4e-aa22-7f92db12e483,assets\gl_watersort\import\3f\3f106f1e-24c1-4b4e-aa22-7f92db12e483.8b421.json
gl_watersort,resources/spine/spineNew,cc.Asset,ddf4399f-43fc-4c2a-931e-1312550f8e7c,assets\gl_watersort\import\dd\ddf4399f-43fc-4c2a-931e-1312550f8e7c.82730.json
gl_watersort,resources/spine/spineNew,cc.SpriteFrame,61b8db10-9873-4588-a9e6-8b81ea146497,assets\gl_watersort\import\61\61b8db10-9873-4588-a9e6-8b81ea146497.ab921.json
gl_watersort,resources/spine/spineNew,cc.Texture2D,06c97aa2-15ad-4484-894c-5d8baa587753,assets\gl_watersort\import\06\06c97aa2-15ad-4484-894c-5d8baa587753.7871f.json
gl_watersort,resources/spine/spineNew,sp.SkeletonData,fab0dc8e-b6dc-4be0-b961-3ac220dccfe5,assets\gl_watersort\import\fa\fab0dc8e-b6dc-4be0-b961-3ac220dccfe5.0184a.json
gl_watersort,scene/glWatersort,cc.Prefab,4f9b06f9-9a71-401f-a3d2-4ea2b15e6200,assets\gl_watersort\import\4f\4f9b06f9-9a71-401f-a3d2-4ea2b15e6200.b1535.json
gl_watersort,script/traits/readme,cc.TextAsset,3c17eb06-cf0e-4b1b-9357-901d7084c177,assets\gl_watersort\import\3c\3c17eb06-cf0e-4b1b-9357-901d7084c177.3eea7.json
internal,effects/builtin-2d-graphics,cc.EffectAsset,30682f87-9f0d-4f17-8a44-72863791461b,
internal,effects/builtin-2d-gray-sprite,cc.EffectAsset,144c3297-af63-49e8-b8ef-1cfa29b3be28,
internal,effects/builtin-2d-label,cc.EffectAsset,f18742d7-56d2-4eb5-ae49-2d9d710b37c8,
internal,effects/builtin-2d-spine,cc.EffectAsset,0e93aeaa-0b53-4e40-b8e0-6268b4e07bd7,
internal,effects/builtin-2d-sprite,cc.EffectAsset,2874f8dd-416c-4440-81b7-555975426e93,
internal,effects/builtin-3d-trail,cc.EffectAsset,2a7c0036-e0b3-4fe1-8998-89a54b8a2bec,
internal,effects/builtin-clear-stencil,cc.EffectAsset,c0040c95-c57f-49cd-9cbc-12316b73d0d4,
internal,effects/builtin-unlit,cc.EffectAsset,6d91e591-4ce0-465c-809f-610ec95019c6,
internal,materials/builtin-2d-base,cc.Material,6f801092-0c37-4f30-89ef-c8d960825b36,
internal,materials/builtin-2d-graphics,cc.Material,a153945d-2511-4c14-be7b-05d242f47d57,
internal,materials/builtin-2d-gray-sprite,cc.Material,3a7bb79f-32fd-422e-ada2-96f518fed422,
internal,materials/builtin-2d-label,cc.Material,e02d87d4-e599-4d16-8001-e14891ac6506,
internal,materials/builtin-2d-spine,cc.Material,7afd064b-113f-480e-b793-8817d19f63c3,
internal,materials/builtin-2d-sprite,cc.Material,eca5d2f2-8ef6-41c2-bbe6-f9c79d09c432,
internal,materials/builtin-3d-trail,cc.Material,466d4f9b-e5f4-4ea8-85d5-3c6e9a65658a,
internal,materials/builtin-clear-stencil,cc.Material,cf7e0bb8-a81c-44a9-ad79-d28d43991032,
internal,materials/builtin-unlit,cc.Material,2a296057-247c-4a1c-bbeb-0548b6c98650,
jewel,audios/bgMusic/bg,cc.AudioClip,bca962c5-37a4-4c05-abe7-b679cea959a6,assets\jewel\import\bc\bca962c5-37a4-4c05-abe7-b679cea959a6.f1f86.json
jewel,audios/eliminate/s_combo_1,cc.AudioClip,bc9824f6-9127-4297-9b7a-eddc71b663ba,assets\jewel\import\bc\bc9824f6-9127-4297-9b7a-eddc71b663ba.68982.json
jewel,audios/eliminate/s_combo_2,cc.AudioClip,c7c5d83b-63f1-4746-9bb2-77a8ef21fe56,assets\jewel\import\c7\c7c5d83b-63f1-4746-9bb2-77a8ef21fe56.f9cf9.json
jewel,audios/eliminate/s_combo_3,cc.AudioClip,483b8a7d-2e13-435c-80f9-dde04d3ab25d,assets\jewel\import\48\483b8a7d-2e13-435c-80f9-dde04d3ab25d.e71b9.json
jewel,audios/eliminate/s_combo_4,cc.AudioClip,3951969d-e50f-4bda-974a-ac429c6cbd1c,assets\jewel\import\39\3951969d-e50f-4bda-974a-ac429c6cbd1c.9abb0.json
jewel,audios/eliminate/s_combo_5,cc.AudioClip,42b256f2-bd01-42c6-b939-fe6706362585,assets\jewel\import\42\42b256f2-bd01-42c6-b939-fe6706362585.07037.json
jewel,audios/eliminate/s_combo_6,cc.AudioClip,2d57fe95-7e6b-41e3-9c78-7069b31cb1c9,assets\jewel\import\2d\2d57fe95-7e6b-41e3-9c78-7069b31cb1c9.d8120.json
jewel,prefabs/block/JewelBlock,cc.Prefab,4b211ea9-3892-4fdd-ab88-bd250b624fed,assets\jewel\import\4b\4b211ea9-3892-4fdd-ab88-bd250b624fed.ec783.json
jewel,prefabs/blocksProducer/JewelBlocksProducer,cc.Prefab,2d12b945-bc45-4869-8baa-973b595f95ee,assets\jewel\import\2d\2d12b945-bc45-4869-8baa-973b595f95ee.e6be0.json
jewel,prefabs/blocksProducer/JewelBlocksProducerItem,cc.Prefab,99e1cf3e-8906-4d0e-85dd-f817b56a3e23,assets\jewel\import\99\99e1cf3e-8906-4d0e-85dd-f817b56a3e23.fe941.json
jewel,prefabs/board/JewelBoard,cc.Prefab,e945d39d-2b2a-4770-b4bb-5fee13d71f16,assets\jewel\import\e9\e945d39d-2b2a-4770-b4bb-5fee13d71f16.0a0b4.json
jewel,prefabs/fail/JewelFail,cc.Prefab,c7e1f710-a758-4c13-81f3-cad5cafe5420,assets\jewel\import\c7\c7e1f710-a758-4c13-81f3-cad5cafe5420.450a2.json
jewel,prefabs/game/JewelGame,cc.Prefab,0e2d11cb-30ce-4ecd-9777-31c32aaceac1,assets\jewel\import\0e\0e2d11cb-30ce-4ecd-9777-31c32aaceac1.e7ddf.json
jewel,prefabs/main/JewelMain,cc.Prefab,59cae9bc-7947-475c-a25d-fca0e3bba093,assets\jewel\import\59\59cae9bc-7947-475c-a25d-fca0e3bba093.98c68.json
jewel,prefabs/topInfo/JewelTopInfo,cc.Prefab,a23b03bb-7626-4377-a75e-ad7235cef84d,assets\jewel\import\a2\a23b03bb-7626-4377-a75e-ad7235cef84d.15820.json
jewel,textures/block/bg_Line,cc.SpriteFrame,f592b172-55a1-463d-a2bb-618213ffcdaa,assets\jewel\import\f5\f592b172-55a1-463d-a2bb-618213ffcdaa.dbcf9.json
jewel,textures/block/bg_Line1,cc.SpriteFrame,ae77769e-9656-4954-97bc-2d144ee718da,assets\jewel\import\ae\ae77769e-9656-4954-97bc-2d144ee718da.eba7d.json
jewel,textures/block/block,cc.SpriteAtlas,c6be5fed-a546-4217-bdf7-77ea31f2e7ec,assets\jewel\import\c6\c6be5fed-a546-4217-bdf7-77ea31f2e7ec.90a60.json
jewel,textures/block/block_blue_1,cc.SpriteFrame,4736a62d-cd2a-4ef6-82cc-797d5709fd5f,assets\jewel\import\47\4736a62d-cd2a-4ef6-82cc-797d5709fd5f.5d763.json
jewel,textures/block/block_cyan_1,cc.SpriteFrame,c96f3521-c572-40a9-bec7-82e7ac295a29,assets\jewel\import\c9\c96f3521-c572-40a9-bec7-82e7ac295a29.54983.json
jewel,textures/block/block_gray_1,cc.SpriteFrame,bfbae6bb-5e9f-4c86-91f0-6e1ba617828e,assets\jewel\import\bf\bfbae6bb-5e9f-4c86-91f0-6e1ba617828e.55c49.json
jewel,textures/block/block_green_1,cc.SpriteFrame,300b9082-67bd-4227-9f99-ee41bd8fcd06,assets\jewel\import\30\300b9082-67bd-4227-9f99-ee41bd8fcd06.24a0e.json
jewel,textures/block/block_orange_1,cc.SpriteFrame,f2497864-6867-4559-91a3-cfcb993639d9,assets\jewel\import\f2\f2497864-6867-4559-91a3-cfcb993639d9.2998e.json
jewel,textures/block/block_purple_1,cc.SpriteFrame,1f7e3d90-ceb9-4a0f-91ca-a9c5e00dfd42,assets\jewel\import\1f\1f7e3d90-ceb9-4a0f-91ca-a9c5e00dfd42.b34b5.json
jewel,textures/block/block_red_1,cc.SpriteFrame,fc9bbeba-297c-47e1-b909-2c411637ca2d,assets\jewel\import\fc\fc9bbeba-297c-47e1-b909-2c411637ca2d.768c5.json
jewel,textures/block/block_yellow_1,cc.SpriteFrame,f5ba0ca8-c5ca-473e-915e-62a5a2d44072,assets\jewel\import\f5\f5ba0ca8-c5ca-473e-915e-62a5a2d44072.c4861.json
jewel,textures/common/bg_kuang,cc.SpriteFrame,40276778-dada-46d3-9006-23734f441fa5,assets\jewel\import\40\40276778-dada-46d3-9006-23734f441fa5.70dea.json
jewel,textures/common/bg_kuang,cc.Texture2D,9e7fc4fa-ee09-4444-b7bb-83a9e852769e,assets\jewel\import\9e\9e7fc4fa-ee09-4444-b7bb-83a9e852769e.7871f.json
jewel,textures/common/btn_Back,cc.SpriteFrame,1acc435f-e137-4e31-a213-f618e8d0db49,assets\jewel\import\1a\1acc435f-e137-4e31-a213-f618e8d0db49.68c19.json
jewel,textures/common/btn_GameBack,cc.SpriteFrame,ae2fb609-2756-4a64-8b56-a50646a530ed,assets\jewel\import\ae\ae2fb609-2756-4a64-8b56-a50646a530ed.8374a.json
jewel,textures/common/btn_GamePlay,cc.SpriteFrame,530b5b02-995b-46e8-a589-ed4c60fac18c,assets\jewel\import\53\530b5b02-995b-46e8-a589-ed4c60fac18c.9587a.json
jewel,textures/common/common,cc.SpriteAtlas,b5e84376-6d1d-4c95-a7a1-c38b443181f4,assets\jewel\import\b5\b5e84376-6d1d-4c95-a7a1-c38b443181f4.33a06.json
jewel,textures/common/icon_trophy,cc.SpriteFrame,fc464055-52a0-4479-a0b5-86134d074a1f,assets\jewel\import\fc\fc464055-52a0-4479-a0b5-86134d074a1f.119ef.json
jewel,textures/iddemo1715/cube_Grey1,cc.SpriteFrame,4766ee8a-6eaf-45c4-8571-49d649fb0079,assets\jewel\import\47\4766ee8a-6eaf-45c4-8571-49d649fb0079.b4eef.json
jewel,textures/iddemo1715/cube_Grey1,cc.Texture2D,88b87fa7-ce53-4ec3-b6e7-a7c3ef5bbe03,assets\jewel\import\88\88b87fa7-ce53-4ec3-b6e7-a7c3ef5bbe03.7871f.json
jewel,textures/iddemo1715/cube_Grey2,cc.SpriteFrame,d67258b3-792d-4bd5-8038-88a1048c89a4,assets\jewel\import\d6\d67258b3-792d-4bd5-8038-88a1048c89a4.8a91c.json
jewel,textures/iddemo1715/cube_Grey2,cc.Texture2D,af1b4d07-70a4-40c6-a738-5c2ce85dba3e,assets\jewel\import\af\af1b4d07-70a4-40c6-a738-5c2ce85dba3e.7871f.json
jewel,textures/iddemo1715/cube_Grey3,cc.SpriteFrame,37487a3f-ef76-4d38-b5bf-9501005cb35f,assets\jewel\import\37\37487a3f-ef76-4d38-b5bf-9501005cb35f.696c9.json
jewel,textures/iddemo1715/cube_Grey3,cc.Texture2D,67e2ac5a-8a05-485d-bc78-4baf5c248774,assets\jewel\import\67\67e2ac5a-8a05-485d-bc78-4baf5c248774.7871f.json
jewel,textures/iddemo1715/cube_Grey4,cc.SpriteFrame,c7f866e4-3d51-445f-950f-2cc7714bacd1,assets\jewel\import\c7\c7f866e4-3d51-445f-950f-2cc7714bacd1.46aa7.json
jewel,textures/iddemo1715/cube_Grey4,cc.Texture2D,bf87d5bf-a44c-451d-88a5-a43c4c20774e,assets\jewel\import\bf\bf87d5bf-a44c-451d-88a5-a43c4c20774e.7871f.json
jewel,textures/iddemo1715/icon_highest,cc.SpriteFrame,fd37a03d-791b-4996-9fd2-ba98e9919abf,assets\jewel\import\fd\fd37a03d-791b-4996-9fd2-ba98e9919abf.78a87.json
jewel,textures/iddemo1715/icon_highest,cc.Texture2D,ad097b7c-9c43-4b58-80fd-8024788be5ef,assets\jewel\import\ad\ad097b7c-9c43-4b58-80fd-8024788be5ef.7871f.json
mainTraits,audios/boardEffect/clearComboAnim/all_clean_djh,cc.AudioClip,9470dced-36ba-48bb-8575-c1261ba55733,assets\mainTraits\import\94\9470dced-36ba-48bb-8575-c1261ba55733.a05df.json
mainTraits,audios/eliminate/comboRainbow/streak_rock1,cc.AudioClip,1e2c703e-40f6-4377-bb26-4cc4f7bf360c,assets\mainTraits\import\1e\1e2c703e-40f6-4377-bb26-4cc4f7bf360c.f2ef0.json
mainTraits,audios/eliminate/comboRainbow/streak_rock2,cc.AudioClip,42ee266b-4999-4d3c-a862-d51115593510,assets\mainTraits\import\42\42ee266b-4999-4d3c-a862-d51115593510.33d5a.json
mainTraits,audios/eliminate/comboRainbow/streak_rock3,cc.AudioClip,4351d6f1-c09b-4446-a9f1-d27fe9bc3c84,assets\mainTraits\import\43\4351d6f1-c09b-4446-a9f1-d27fe9bc3c84.b8080.json
mainTraits,dragonbones/boardEffect/clearComboAnim/gameplay_welldone_ske,dragonBones.DragonBonesAsset,b9eae90d-66a4-4e7d-9efc-c9c8b05c6699,assets\mainTraits\import\b9\b9eae90d-66a4-4e7d-9efc-c9c8b05c6699.cfa2f.json
mainTraits,dragonbones/boardEffect/clearComboAnim/gameplay_welldone_tex,cc.SpriteFrame,0b343923-5369-4370-94a2-d9c22ed8d0d3,assets\mainTraits\import\0b\0b343923-5369-4370-94a2-d9c22ed8d0d3.e68d5.json
mainTraits,dragonbones/boardEffect/clearComboAnim/gameplay_welldone_tex,cc.Texture2D,e237472b-3785-46f8-a535-01b83baeedbf,assets\mainTraits\import\e2\e237472b-3785-46f8-a535-01b83baeedbf.7871f.json
mainTraits,dragonbones/boardEffect/clearComboAnim/gameplay_welldone_tex,dragonBones.DragonBonesAtlasAsset,e03ebeda-3f0f-4cdb-8adc-d8cde677d83b,assets\mainTraits\import\e0\e03ebeda-3f0f-4cdb-8adc-d8cde677d83b.ae3c6.json
mainTraits,dragonbones/boardEffect/gamePlayDianzan/skeleton37_ske,dragonBones.DragonBonesAsset,c938911e-d5cd-4351-9ef5-c3b431aa001a,assets\mainTraits\import\c9\c938911e-d5cd-4351-9ef5-c3b431aa001a.bb5d7.json
mainTraits,dragonbones/boardEffect/gamePlayDianzan/skeleton37_tex,cc.SpriteFrame,a9c13b70-130c-4301-a160-17c828fe7688,assets\mainTraits\import\a9\a9c13b70-130c-4301-a160-17c828fe7688.27abd.json
mainTraits,dragonbones/boardEffect/gamePlayDianzan/skeleton37_tex,cc.Texture2D,a147589f-0708-4c7a-a284-0f3e3827e1ad,assets\mainTraits\import\a1\a147589f-0708-4c7a-a284-0f3e3827e1ad.7871f.json
mainTraits,dragonbones/boardEffect/gamePlayDianzan/skeleton37_tex,dragonBones.DragonBonesAtlasAsset,77841229-8a5b-4d86-bd28-6b432751de0f,assets\mainTraits\import\77\77841229-8a5b-4d86-bd28-6b432751de0f.83be0.json
mainTraits,dragonbones/eliminate/comboRainbow/newArt/playgame_elimination_ske,dragonBones.DragonBonesAsset,9d5aef19-99fa-4359-9d78-53233e9024df,assets\mainTraits\import\9d\9d5aef19-99fa-4359-9d78-53233e9024df.d084d.json
mainTraits,dragonbones/eliminate/comboRainbow/newArt/playgame_elimination_tex,cc.SpriteFrame,6a50a735-afb0-4f85-904d-c4da3fa2c80b,assets\mainTraits\import\6a\6a50a735-afb0-4f85-904d-c4da3fa2c80b.a9fe7.json
mainTraits,dragonbones/eliminate/comboRainbow/newArt/playgame_elimination_tex,cc.Texture2D,dacdb4a2-9125-4356-9244-a5e146665356,assets\mainTraits\import\da\dacdb4a2-9125-4356-9244-a5e146665356.7871f.json
mainTraits,dragonbones/eliminate/comboRainbow/newArt/playgame_elimination_tex,dragonBones.DragonBonesAtlasAsset,1d7e3d81-4014-4fbb-a582-6c62d25bef9d,assets\mainTraits\import\1d\1d7e3d81-4014-4fbb-a582-6c62d25bef9d.cd248.json
mainTraits,dragonbones/eliminate/comboRainbow/playgame_elimination2_ske,dragonBones.DragonBonesAsset,73dfc596-cb92-42b7-81fa-5dc7346e62fa,assets\mainTraits\import\73\73dfc596-cb92-42b7-81fa-5dc7346e62fa.48651.json
mainTraits,dragonbones/eliminate/comboRainbow/playgame_elimination2_tex,cc.SpriteFrame,3e54d4a2-5442-43ff-ad60-18d4273c7d0b,assets\mainTraits\import\3e\3e54d4a2-5442-43ff-ad60-18d4273c7d0b.5ddd2.json
mainTraits,dragonbones/eliminate/comboRainbow/playgame_elimination2_tex,cc.Texture2D,0530ee65-8a9c-4b64-a9b2-84c75dff247b,assets\mainTraits\import\05\0530ee65-8a9c-4b64-a9b2-84c75dff247b.7871f.json
mainTraits,dragonbones/eliminate/comboRainbow/playgame_elimination2_tex,dragonBones.DragonBonesAtlasAsset,72365e27-1119-475a-a160-3ba7d647124b,assets\mainTraits\import\72\72365e27-1119-475a-a160-3ba7d647124b.d4c24.json
mainTraits,dragonbones/eliminate/comboRainbow/playgame_elimination_ske,dragonBones.DragonBonesAsset,9a260174-f49c-44b1-b929-080245d87350,assets\mainTraits\import\9a\9a260174-f49c-44b1-b929-080245d87350.ab5cd.json
mainTraits,dragonbones/eliminate/comboRainbow/playgame_elimination_tex,cc.SpriteFrame,6bde7780-06f9-4e01-9375-ed87be629abf,assets\mainTraits\import\6b\6bde7780-06f9-4e01-9375-ed87be629abf.04d67.json
mainTraits,dragonbones/eliminate/comboRainbow/playgame_elimination_tex,cc.Texture2D,b62ba39a-9785-497b-bd84-266140bc9a1c,assets\mainTraits\import\b6\b62ba39a-9785-497b-bd84-266140bc9a1c.7871f.json
mainTraits,dragonbones/eliminate/comboRainbow/playgame_elimination_tex,dragonBones.DragonBonesAtlasAsset,03720f24-3420-42a5-9074-365754692e86,assets\mainTraits\import\03\03720f24-3420-42a5-9074-365754692e86.d21f2.json
mainTraits,dragonbones/encourage/new_best_score/gameplay_newBest_ske,dragonBones.DragonBonesAsset,d35e0933-ed5b-4d2c-99aa-29c480f7a3c4,assets\mainTraits\import\d3\d35e0933-ed5b-4d2c-99aa-29c480f7a3c4.83993.json
mainTraits,dragonbones/encourage/new_best_score/gameplay_newBest_tex,cc.SpriteFrame,a4b14c13-7673-41a9-b9bf-b02fd54c9837,assets\mainTraits\import\a4\a4b14c13-7673-41a9-b9bf-b02fd54c9837.171ce.json
mainTraits,dragonbones/encourage/new_best_score/gameplay_newBest_tex,cc.Texture2D,e35d201c-acd7-46e1-ac73-4e9e480dbe4f,assets\mainTraits\import\e3\e35d201c-acd7-46e1-ac73-4e9e480dbe4f.7871f.json
mainTraits,dragonbones/encourage/new_best_score/gameplay_newBest_tex,dragonBones.DragonBonesAtlasAsset,3122bfc8-18a3-4516-956b-be8374d3e6eb,assets\mainTraits\import\31\3122bfc8-18a3-4516-956b-be8374d3e6eb.31b47.json
mainTraits,dragonbones/modeChoice/firstHomeGuide/main_word_ske,dragonBones.DragonBonesAsset,2a78df26-c221-4ac9-8bf7-fc8a3220e5b3,assets\mainTraits\import\2a\2a78df26-c221-4ac9-8bf7-fc8a3220e5b3.b5e42.json
mainTraits,dragonbones/modeChoice/firstHomeGuide/main_word_tex,cc.SpriteFrame,8070832d-7c51-4763-a647-d78f4c52a139,assets\mainTraits\import\80\8070832d-7c51-4763-a647-d78f4c52a139.6d720.json
mainTraits,dragonbones/modeChoice/firstHomeGuide/main_word_tex,cc.Texture2D,735015d5-bcfa-48d4-8222-0d2323434eca,assets\mainTraits\import\73\735015d5-bcfa-48d4-8222-0d2323434eca.7871f.json
mainTraits,dragonbones/modeChoice/firstHomeGuide/main_word_tex,dragonBones.DragonBonesAtlasAsset,fb6c82d0-7880-4efa-97b2-1e584fb569da,assets\mainTraits\import\fb\fb6c82d0-7880-4efa-97b2-1e584fb569da.2ea8f.json
mainTraits,dragonbones/modeChoice/newSeasonGuidanceTrait/main_button_adventure_ske,dragonBones.DragonBonesAsset,3469a913-8ce6-4a60-9ef5-e924e2a8bd13,assets\mainTraits\import\34\3469a913-8ce6-4a60-9ef5-e924e2a8bd13.68603.json
mainTraits,dragonbones/modeChoice/newSeasonGuidanceTrait/main_button_adventure_tex,cc.SpriteFrame,65502a0e-f053-433a-9b75-0002ca99bad1,assets\mainTraits\import\65\65502a0e-f053-433a-9b75-0002ca99bad1.e60ca.json
mainTraits,dragonbones/modeChoice/newSeasonGuidanceTrait/main_button_adventure_tex,cc.Texture2D,7fc17834-69e7-4dcb-a755-1535dd89c907,assets\mainTraits\import\7f\7fc17834-69e7-4dcb-a755-1535dd89c907.7871f.json
mainTraits,dragonbones/modeChoice/newSeasonGuidanceTrait/main_button_adventure_tex,dragonBones.DragonBonesAtlasAsset,7e41d195-c848-4104-b1c9-267c9f60ddd4,assets\mainTraits\import\7e\7e41d195-c848-4104-b1c9-267c9f60ddd4.4778a.json
mainTraits,dragonbones/preEliminate/comboRainbow/gameplay_eliminatePrompt_ske,dragonBones.DragonBonesAsset,08202238-f9fc-425c-9ff0-a08a9f3ad083,assets\mainTraits\import\08\08202238-f9fc-425c-9ff0-a08a9f3ad083.6c66c.json
mainTraits,dragonbones/preEliminate/comboRainbow/gameplay_eliminatePrompt_tex,cc.SpriteFrame,471d9b3d-8176-4573-8bd3-98cf3606f4fc,assets\mainTraits\import\47\471d9b3d-8176-4573-8bd3-98cf3606f4fc.d2458.json
mainTraits,dragonbones/preEliminate/comboRainbow/gameplay_eliminatePrompt_tex,cc.Texture2D,34978758-52b7-4bad-8811-672d20cfee8b,assets\mainTraits\import\34\34978758-52b7-4bad-8811-672d20cfee8b.7871f.json
mainTraits,dragonbones/preEliminate/comboRainbow/gameplay_eliminatePrompt_tex,dragonBones.DragonBonesAtlasAsset,bd4f2ab9-f858-4b9c-87bb-bf2a1a1a7f70,assets\mainTraits\import\bd\bd4f2ab9-f858-4b9c-87bb-bf2a1a1a7f70.4bc4a.json
mainTraits,dragonbones/preEliminate/comboRainbow/newArt/gameplay_eliminatePrompt_ske,dragonBones.DragonBonesAsset,a6a872e3-f5b6-426d-ba9f-331d7101a413,assets\mainTraits\import\a6\a6a872e3-f5b6-426d-ba9f-331d7101a413.ff0e4.json
mainTraits,dragonbones/preEliminate/comboRainbow/newArt/gameplay_eliminatePrompt_tex,cc.SpriteFrame,56bb5305-46d0-4b14-9cb1-9b6e36d5f8be,assets\mainTraits\import\56\56bb5305-46d0-4b14-9cb1-9b6e36d5f8be.865bd.json
mainTraits,dragonbones/preEliminate/comboRainbow/newArt/gameplay_eliminatePrompt_tex,cc.Texture2D,0b2b07a7-d990-404f-8a90-7d7ce078e06a,assets\mainTraits\import\0b\0b2b07a7-d990-404f-8a90-7d7ce078e06a.7871f.json
mainTraits,dragonbones/preEliminate/comboRainbow/newArt/gameplay_eliminatePrompt_tex,dragonBones.DragonBonesAtlasAsset,f0915b6e-9592-4bb9-ace6-84734dafc0b7,assets\mainTraits\import\f0\f0915b6e-9592-4bb9-ace6-84734dafc0b7.b2801.json
mainTraits,dragonbones/preEliminate/gameplay_eliminatePrompt_ske,dragonBones.DragonBonesAsset,d8558820-1c3c-45e6-8ac4-679ca4209477,assets\mainTraits\import\d8\d8558820-1c3c-45e6-8ac4-679ca4209477.8cbda.json
mainTraits,dragonbones/preEliminate/gameplay_eliminatePrompt_tex,cc.SpriteFrame,65ad30a8-4043-406c-8199-1d2ef2a5f87d,assets\mainTraits\import\65\65ad30a8-4043-406c-8199-1d2ef2a5f87d.03a6e.json
mainTraits,dragonbones/preEliminate/gameplay_eliminatePrompt_tex,cc.Texture2D,10c5615f-8f74-4001-a3fd-70ab2305daa2,assets\mainTraits\import\10\10c5615f-8f74-4001-a3fd-70ab2305daa2.7871f.json
mainTraits,dragonbones/preEliminate/gameplay_eliminatePrompt_tex,dragonBones.DragonBonesAtlasAsset,002e3465-8021-4967-a4f4-0512648f0903,assets\mainTraits\import\00\002e3465-8021-4967-a4f4-0512648f0903.ff9db.json
mainTraits,fonts/boardEffect/clearComboAnim/gameplay_num_allClear,cc.BitmapFont,b3210143-80e9-4828-817c-c677534e2f7c,assets\mainTraits\import\b3\b3210143-80e9-4828-817c-c677534e2f7c.2e1b9.json
mainTraits,fonts/boardEffect/clearComboAnim/gameplay_num_allClear,cc.SpriteFrame,9778d9eb-26db-4dbd-839b-2f68a138208d,assets\mainTraits\import\97\9778d9eb-26db-4dbd-839b-2f68a138208d.14106.json
mainTraits,fonts/boardEffect/clearComboAnim/gameplay_num_allClear,cc.Texture2D,7cf6480d-3ff3-4612-ba33-5806f8c0a196,assets\mainTraits\import\7c\7cf6480d-3ff3-4612-ba33-5806f8c0a196.7871f.json
mainTraits,fonts/new_best_score/num_newBest,cc.BitmapFont,cec09c5a-c62c-41e2-b446-463e46dee1d2,assets\mainTraits\import\ce\cec09c5a-c62c-41e2-b446-463e46dee1d2.506f4.json
mainTraits,fonts/new_best_score/num_newBest,cc.SpriteFrame,23377483-43e1-4fa8-8639-6193aa339494,assets\mainTraits\import\23\23377483-43e1-4fa8-8639-6193aa339494.6294d.json
mainTraits,fonts/new_best_score/num_newBest,cc.Texture2D,0c169b3a-a8dc-4601-b104-7d1cb340d010,assets\mainTraits\import\0c\0c169b3a-a8dc-4601-b104-7d1cb340d010.7871f.json
mainTraits,materials/new_clear_effect/blue_3_effect,cc.Material,dcb41752-ad70-444f-b42b-1bcf2b31776b,assets\mainTraits\import\dc\dcb41752-ad70-444f-b42b-1bcf2b31776b.d1f81.json
mainTraits,materials/new_clear_effect/blue_4_effect,cc.Material,df35b8d2-8f00-4128-a7c8-365f6b2cf297,assets\mainTraits\import\df\df35b8d2-8f00-4128-a7c8-365f6b2cf297.51df7.json
mainTraits,materials/new_clear_effect/cyan_effect,cc.Material,b0450424-57fc-494b-8a88-dc8783a80e18,assets\mainTraits\import\b0\b0450424-57fc-494b-8a88-dc8783a80e18.f3ae0.json
mainTraits,materials/new_clear_effect/purple_effect,cc.Material,5189ed81-012a-48dc-a6f7-15e17ab91f30,assets\mainTraits\import\51\5189ed81-012a-48dc-a6f7-15e17ab91f30.5cc2d.json
mainTraits,prefabs/MainTraits,cc.Prefab,d5c3b9a7-c144-4809-808a-c65d5e58f5b2,assets\mainTraits\import\d5\d5c3b9a7-c144-4809-808a-c65d5e58f5b2.73f6e.json
mainTraits,prefabs/boardEffect/gamePlayDianzan/GamePlayDianZan,cc.Prefab,40f8ef60-a8a5-4ae0-af22-9abdd24f8bb1,assets\mainTraits\import\40\40f8ef60-a8a5-4ae0-af22-9abdd24f8bb1.6c67a.json
mainTraits,prefabs/boardEffect/new_clear_effect/BGEffect,cc.Prefab,475efdbf-b6a1-4bc0-b1b0-777186d83c7f,assets\mainTraits\import\47\475efdbf-b6a1-4bc0-b1b0-777186d83c7f.eb429.json
mainTraits,prefabs/boardEffect/new_clear_effect/BoardEffect,cc.Prefab,c7196741-9b5f-49f5-9375-e933e795b1b5,assets\mainTraits\import\c7\c7196741-9b5f-49f5-9375-e933e795b1b5.5660d.json
mainTraits,prefabs/encourage/new_best_score/NewBestScoreEffect,cc.Prefab,338ea488-c56e-42b1-bc1f-a19ed609586d,assets\mainTraits\import\33\338ea488-c56e-42b1-bc1f-a19ed609586d.d907a.json
mainTraits,prefabs/game/gameInfoDisplay/gameInfoDisplay,cc.Prefab,cb3ddf5f-cbf3-4b13-a2f2-c6679f00c12e,assets\mainTraits\import\cb\cb3ddf5f-cbf3-4b13-a2f2-c6679f00c12e.1082c.json
mainTraits,prefabs/modeChoice/IsFirstHomeGuideTrait/firstHomeGuidePrefab,cc.Prefab,8d37b4eb-73ac-4794-982f-e209abf2f2e3,assets\mainTraits\import\8d\8d37b4eb-73ac-4794-982f-e209abf2f2e3.c937f.json
mainTraits,prefabs/modeChoice/NewSeasonGuidanceTrait/newSeasonGuidancePrefab,cc.Prefab,105c9e20-f163-47d3-bee3-1ac67014463f,assets\mainTraits\import\10\105c9e20-f163-47d3-bee3-1ac67014463f.85501.json
mainTraits,prefabs/preEliminate/comboRainbow/newArt/preEliComboRainbow,cc.Prefab,b06c4e19-79b5-40c2-82b0-6d803033bc90,assets\mainTraits\import\b0\b06c4e19-79b5-40c2-82b0-6d803033bc90.12980.json
mainTraits,prefabs/preEliminate/comboRainbow/preEliComboRainbow,cc.Prefab,342252c5-2cd7-4067-b67e-45203df13a0c,assets\mainTraits\import\34\342252c5-2cd7-4067-b67e-45203df13a0c.3c20a.json
mainTraits,prefabs/preEliminate/comboRainbow/preEliComboRainbowEffectNode,cc.Prefab,7caa3645-0f97-4a10-b89a-61dbcb38e2d6,assets\mainTraits\import\7c\7caa3645-0f97-4a10-b89a-61dbcb38e2d6.95781.json
mainTraits,prefabs/preEliminate/comboRainbow/preEliminateShowEndSkinRainbow,cc.Prefab,c9e81e9e-7167-4ecb-9e44-b0cf8764e6f5,assets\mainTraits\import\c9\c9e81e9e-7167-4ecb-9e44-b0cf8764e6f5.3fcaa.json
mainTraits,prefabs/preEliminate/preEliminatePrefab,cc.Prefab,58e179a8-6bb3-49b8-921b-5bff66b049e8,assets\mainTraits\import\58\58e179a8-6bb3-49b8-921b-5bff66b049e8.b0243.json
mainTraits,prefabs/preEliminate/preEliminateShowEndSkin2,cc.Prefab,528fe089-d522-4609-ba91-2ef57ea09772,assets\mainTraits\import\52\528fe089-d522-4609-ba91-2ef57ea09772.c8b91.json
mainTraits,textures/SetAddDefultSkinBtnTrait/setting_btn_common_blue_android,cc.SpriteFrame,e88e811b-8a36-40fe-9afd-880e99f114b1,assets\mainTraits\import\e8\e88e811b-8a36-40fe-9afd-880e99f114b1.1d642.json
mainTraits,textures/SetAddDefultSkinBtnTrait/setting_btn_common_blue_android,cc.Texture2D,e150fecd-a324-457b-a073-65af0e589b07,assets\mainTraits\import\e1\e150fecd-a324-457b-a073-65af0e589b07.7871f.json
mainTraits,textures/board/new_clear_effect/tilemap_blue,cc.SpriteFrame,c8cd30b2-f1e6-4d40-ae31-956185688b17,assets\mainTraits\import\c8\c8cd30b2-f1e6-4d40-ae31-956185688b17.39922.json
mainTraits,textures/board/new_clear_effect/tilemap_blue,cc.Texture2D,caf42002-e7a7-4c46-84a3-d6d95730c8a6,assets\mainTraits\import\ca\caf42002-e7a7-4c46-84a3-d6d95730c8a6.7871f.json
mainTraits,textures/board/new_clear_effect/tilemap_cyan,cc.SpriteFrame,51dde98e-57dd-40fe-88d2-5196a6eeaae7,assets\mainTraits\import\51\51dde98e-57dd-40fe-88d2-5196a6eeaae7.d2230.json
mainTraits,textures/board/new_clear_effect/tilemap_cyan,cc.Texture2D,898fecc4-a8b3-4bec-849a-78c764f0a25a,assets\mainTraits\import\89\898fecc4-a8b3-4bec-849a-78c764f0a25a.7871f.json
mainTraits,textures/board/new_clear_effect/tilemap_purple,cc.SpriteFrame,b74af3fd-909d-4d56-b4f6-fe6607dce8cb,assets\mainTraits\import\b7\b74af3fd-909d-4d56-b4f6-fe6607dce8cb.9e2c4.json
mainTraits,textures/board/new_clear_effect/tilemap_purple,cc.Texture2D,e73194df-8979-4aef-ab0d-eb98fa458ec2,assets\mainTraits\import\e7\e73194df-8979-4aef-ab0d-eb98fa458ec2.7871f.json
mainTraits,textures/chatper/fail/result_txt_players,cc.SpriteFrame,3c700f83-a985-4b76-92e8-e69db577f323,assets\mainTraits\import\3c\3c700f83-a985-4b76-92e8-e69db577f323.0b17e.json
mainTraits,textures/chatper/fail/result_txt_players,cc.Texture2D,6dc1c669-f964-46b0-80d9-8fe07105273d,assets\mainTraits\import\6d\6dc1c669-f964-46b0-80d9-8fe07105273d.7871f.json
mainTraits,textures/chatper/fail/rusult_txt_only,cc.SpriteFrame,ff4bd76a-9bde-49a8-b3d1-07a350eeef76,assets\mainTraits\import\ff\ff4bd76a-9bde-49a8-b3d1-07a350eeef76.80509.json
mainTraits,textures/chatper/fail/rusult_txt_only,cc.Texture2D,536d8f96-dae5-489b-8883-eae81c00688c,assets\mainTraits\import\53\536d8f96-dae5-489b-8883-eae81c00688c.7871f.json
mergeBlocks,README,cc.TextAsset,c1d5434a-eabf-4da8-b7f4-fa6d7958bb8c,assets\mergeBlocks\import\c1\c1d5434a-eabf-4da8-b7f4-fa6d7958bb8c.320ab.json
mergeBlocks,prefabs/fail/MergeBlocksFail,cc.Prefab,037b5e3c-44b5-4d94-8536-e419698fc151,assets\mergeBlocks\import\03\037b5e3c-44b5-4d94-8536-e419698fc151.3e462.json
mergeBlocks,prefabs/game/MergeBlocksGame,cc.Prefab,5a77788a-1b02-4fbe-a99e-687c2e4d1174,assets\mergeBlocks\import\5a\5a77788a-1b02-4fbe-a99e-687c2e4d1174.6cbbb.json
mergeBlocks,prefabs/guide/MergeBlocksGuide,cc.Prefab,02ccae31-21eb-459c-946e-dd8f04df802d,assets\mergeBlocks\import\02\02ccae31-21eb-459c-946e-dd8f04df802d.350ff.json
mergeBlocks,prefabs/guide/MergeBlocksGuideEffect,cc.Prefab,152a7ef1-8ee9-407c-b49a-16a97e744a74,assets\mergeBlocks\import\15\152a7ef1-8ee9-407c-b49a-16a97e744a74.673cd.json
mergeBlocks,prefabs/guide/MergeBlocksGuideWithoutComp,cc.Prefab,95997dfb-e182-4207-8941-36bc29b66eb7,assets\mergeBlocks\import\95\95997dfb-e182-4207-8941-36bc29b66eb7.a0131.json
mergeBlocks,prefabs/main/MergeBlocksMain,cc.Prefab,fb97f315-3832-41f6-9b7f-f7938ec69a5c,assets\mergeBlocks\import\fb\fb97f315-3832-41f6-9b7f-f7938ec69a5c.65fc5.json
mergeBlocks,prefabs/overRevive/MergeBlocksOverRevive,cc.Prefab,43133ad9-87eb-437a-86a4-355b2f227ca5,assets\mergeBlocks\import\43\43133ad9-87eb-437a-86a4-355b2f227ca5.32f13.json
mergeBlocks,prefabs/topInfo/MergeBlocksTopInfo,cc.Prefab,566ef15d-5410-488e-8f14-414db32a1e03,assets\mergeBlocks\import\56\566ef15d-5410-488e-8f14-414db32a1e03.82a75.json
mergeBlocks,prefabs/win/MergeBlocksWin,cc.Prefab,a6b35d93-66da-43f0-b87a-b5725c3e5e22,assets\mergeBlocks\import\a6\a6b35d93-66da-43f0-b87a-b5725c3e5e22.6483b.json
resources,audios/Amazing2,cc.AudioClip,ee085d45-da61-43d0-8240-dacb69c7807c,assets\resources\import\ee\ee085d45-da61-43d0-8240-dacb69c7807c.2efcf.json
resources,audios/Excellect2,cc.AudioClip,41701843-6eed-4cb5-93fe-c0d982d6c941,assets\resources\import\41\41701843-6eed-4cb5-93fe-c0d982d6c941.c2421.json
resources,audios/Good2,cc.AudioClip,efbecea2-e22d-4ac1-94df-0ef514d01c20,assets\resources\import\ef\efbecea2-e22d-4ac1-94df-0ef514d01c20.00b6c.json
resources,audios/Great2,cc.AudioClip,bff95fcf-07f4-43da-9b40-3f23a9d32692,assets\resources\import\bf\bff95fcf-07f4-43da-9b40-3f23a9d32692.5c17b.json
resources,audios/Unbelievable2,cc.AudioClip,46cd5d84-3a23-4470-b57b-3bb5b6ebb799,assets\resources\import\46\46cd5d84-3a23-4470-b57b-3bb5b6ebb799.7c7ae.json
resources,audios/bgm/commonBgm,cc.AudioClip,3105bfa1-2c4f-43fb-a0c6-d089ba26c89a,assets\resources\import\31\3105bfa1-2c4f-43fb-a0c6-d089ba26c89a.9828c.json
resources,audios/e_score_streak_1,cc.AudioClip,968fa0a9-a79e-4895-ad2d-3addf5adc173,assets\resources\import\96\968fa0a9-a79e-4895-ad2d-3addf5adc173.8523e.json
resources,audios/e_score_streak_10,cc.AudioClip,e44a494b-cd59-497c-9ec8-0d0870dd2f53,assets\resources\import\e4\e44a494b-cd59-497c-9ec8-0d0870dd2f53.ba5a3.json
resources,audios/e_score_streak_2,cc.AudioClip,626d19d5-ec20-4af1-8396-2889513c9de9,assets\resources\import\62\626d19d5-ec20-4af1-8396-2889513c9de9.66671.json
resources,audios/e_score_streak_3,cc.AudioClip,daf3681c-01cd-4859-94e7-4c72d006178b,assets\resources\import\da\daf3681c-01cd-4859-94e7-4c72d006178b.e784b.json
resources,audios/e_score_streak_4,cc.AudioClip,041b204a-893c-4ac8-bab7-f638c5eb26dd,assets\resources\import\04\041b204a-893c-4ac8-bab7-f638c5eb26dd.5384c.json
resources,audios/e_score_streak_5,cc.AudioClip,c59e2c71-131e-4521-a721-d9c14373a41c,assets\resources\import\c5\c59e2c71-131e-4521-a721-d9c14373a41c.e02ba.json
resources,audios/e_score_streak_6,cc.AudioClip,4f5fb60f-3b65-47e1-b5c8-a68a081bde0d,assets\resources\import\4f\4f5fb60f-3b65-47e1-b5c8-a68a081bde0d.9e47e.json
resources,audios/e_score_streak_7,cc.AudioClip,d712293f-48f6-403b-af36-c99239d38acc,assets\resources\import\d7\d712293f-48f6-403b-af36-c99239d38acc.6100b.json
resources,audios/e_score_streak_8,cc.AudioClip,a3f506ef-6764-48aa-97a6-e4ad965fc45d,assets\resources\import\a3\a3f506ef-6764-48aa-97a6-e4ad965fc45d.9f1c0.json
resources,audios/e_score_streak_9,cc.AudioClip,9eee435d-4948-42bd-a23a-a5af8623435f,assets\resources\import\9e\9eee435d-4948-42bd-a23a-a5af8623435f.021c6.json
resources,audios/number,cc.AudioClip,6ce8f259-c755-4ea8-8890-20af17517251,assets\resources\import\6c\6ce8f259-c755-4ea8-8890-20af17517251.30ff0.json
resources,audios/over/s_fail,cc.AudioClip,0a8e960c-7e21-46ae-b8c8-7afe97a248ef,assets\resources\import\0a\0a8e960c-7e21-46ae-b8c8-7afe97a248ef.25e45.json
resources,audios/over/s_win,cc.AudioClip,cfb47fa7-9ffb-44ae-9f6d-2bad4bd99555,assets\resources\import\cf\cfb47fa7-9ffb-44ae-9f6d-2bad4bd99555.04736.json
resources,audios/over/travel_nowayput,cc.AudioClip,bcbf9f22-56f2-45f6-8d77-6da9ea33abc4,assets\resources\import\bc\bcbf9f22-56f2-45f6-8d77-6da9ea33abc4.f916a.json
resources,audios/s_btnShow,cc.AudioClip,243d8edf-0495-40ec-9a97-5fc4aeca0931,assets\resources\import\24\243d8edf-0495-40ec-9a97-5fc4aeca0931.e81a0.json
resources,audios/s_button,cc.AudioClip,b7501ba6-7a59-421f-98da-a5c045705797,assets\resources\import\b7\b7501ba6-7a59-421f-98da-a5c045705797.a2dcb.json
resources,audios/s_new_record,cc.AudioClip,214d9769-318f-422e-9bf8-c1955a4315c0,assets\resources\import\21\214d9769-318f-422e-9bf8-c1955a4315c0.5b9d6.json
resources,audios/s_put,cc.AudioClip,0ba0fa9e-1fad-40e4-b7d7-01b2d1073067,assets\resources\import\0b\0ba0fa9e-1fad-40e4-b7d7-01b2d1073067.15b16.json
resources,audios/s_restart,cc.AudioClip,67e795d7-0ddb-4e09-88de-febdef0eefcc,assets\resources\import\67\67e795d7-0ddb-4e09-88de-febdef0eefcc.b45cf.json
resources,audios/s_touch,cc.AudioClip,9131ae8f-0d09-402e-9fa5-1fc709e9e64c,assets\resources\import\91\9131ae8f-0d09-402e-9fa5-1fc709e9e64c.0cbb0.json
resources,audios/site_button,cc.AudioClip,931c6d88-86a0-4afa-b03a-faebc0bb45ef,assets\resources\import\93\931c6d88-86a0-4afa-b03a-faebc0bb45ef.5ae3b.json
resources,audios/time,cc.AudioClip,7cf3c039-952d-4374-b179-87678f971986,assets\resources\import\7c\7cf3c039-952d-4374-b179-87678f971986.c88fe.json
resources,audios/trait/brandVisionDesign/audios/man_dichen,cc.AudioClip,4e719854-95ed-4ab4-a1a0-c48bcccb217a,assets\resources\import\4e\4e719854-95ed-4ab4-a1a0-c48bcccb217a.046b2.json
resources,audios/trait/brandVisionDesign/audios/man_gaokang,cc.AudioClip,6165ad39-7845-47d4-ae7b-488c1579ba62,assets\resources\import\61\6165ad39-7845-47d4-ae7b-488c1579ba62.34cc8.json
resources,audios/trait/brandVisionDesign/audios/man_huopo,cc.AudioClip,599f39a5-3933-4be7-9778-6835c967d34e,assets\resources\import\59\599f39a5-3933-4be7-9778-6835c967d34e.01158.json
resources,audios/trait/brandVisionDesign/audios/man_lengjing,cc.AudioClip,ac6e3347-43b8-4caa-9296-396770c0a45d,assets\resources\import\ac\ac6e3347-43b8-4caa-9296-396770c0a45d.d543d.json
resources,audios/trait/brandVisionDesign/audios/woman_huopo,cc.AudioClip,1f37155c-c28b-4d8f-8a18-fa74409387c9,assets\resources\import\1f\1f37155c-c28b-4d8f-8a18-fa74409387c9.70bb9.json
resources,audios/trait/brandVisionDesign/audios/woman_lengjing,cc.AudioClip,0c34a7df-1c71-4447-a799-7134b5cd089c,assets\resources\import\0c\0c34a7df-1c71-4447-a799-7134b5cd089c.56052.json
resources,audios/trait/gamePlayDianzan/put_thumb1,cc.AudioClip,66a4845f-ca49-4e68-a5fc-d15d1d7b639b,assets\resources\import\66\66a4845f-ca49-4e68-a5fc-d15d1d7b639b.dc396.json
resources,audios/trait/gamePlayDianzan/put_thumb2,cc.AudioClip,0338da9a-b092-45ae-8e9c-afbdc001bbf7,assets\resources\import\03\0338da9a-b092-45ae-8e9c-afbdc001bbf7.aa886.json
resources,audios/trait/gamePlayDianzan/put_thumb3,cc.AudioClip,a41a3705-16fe-4ba4-83d4-321ecd97a833,assets\resources\import\a4\a41a3705-16fe-4ba4-83d4-321ecd97a833.671dc.json
resources,audios/trait/gamePlayDianzan/put_thumb4,cc.AudioClip,615d972d-10ff-44f3-a9da-54f5ad3ed2c8,assets\resources\import\61\615d972d-10ff-44f3-a9da-54f5ad3ed2c8.8d0f5.json
resources,audios/trait/isOpenRightPut/feature_click,cc.AudioClip,ddaebabe-d002-42bc-991a-fdb113dcd186,assets\resources\import\dd\ddaebabe-d002-42bc-991a-fdb113dcd186.1074e.json
resources,configs/achievement/achievements,cc.JsonAsset,b9ca149a-c6be-4441-8dae-034ab8563843,assets\resources\import\b9\b9ca149a-c6be-4441-8dae-034ab8563843.7c570.json
resources,configs/achievement/achievements_newCommon_config,cc.JsonAsset,a32b682f-7faa-416e-ba76-1b1e3fa31e29,assets\resources\import\a3\a32b682f-7faa-416e-ba76-1b1e3fa31e29.d096a.json
resources,configs/achievement/achievements_newCommon_config_creator,cc.JsonAsset,cab43e7a-ac8c-4224-8502-b85211433085,assets\resources\import\ca\cab43e7a-ac8c-4224-8502-b85211433085.d60ac.json
resources,configs/bundle-traits-local.gp,cc.JsonAsset,9226976b-99f3-4e25-a756-9d2bde249366,assets\resources\import\92\9226976b-99f3-4e25-a756-9d2bde249366.8bdec.json
resources,configs/bundle-traits-local.ios,cc.JsonAsset,f72fabd4-ec92-43fe-92f3-03ac05f8f973,assets\resources\import\f7\f72fabd4-ec92-43fe-92f3-03ac05f8f973.c4906.json
resources,configs/chapterCfg/LevelConfigGame61,cc.JsonAsset,26b8f503-f087-4ad0-a21a-7771e1727ba5,assets\resources\import\26\26b8f503-f087-4ad0-a21a-7771e1727ba5.922d2.json
resources,configs/chapterCfg/LevelConfigGameL49,cc.JsonAsset,83d8a900-ce5d-4e18-963f-c26eaa5a9e2e,assets\resources\import\83\83d8a900-ce5d-4e18-963f-c26eaa5a9e2e.14ba9.json
resources,configs/chapterCfg/NoTheme96Config,cc.JsonAsset,4445b20c-7b20-422a-abac-0617b5a772b8,assets\resources\import\44\4445b20c-7b20-422a-abac-0617b5a772b8.4cc1c.json
resources,configs/chapterCfg/ios/HardChapterParam,cc.JsonAsset,641c8f4b-679b-439d-a474-06aa53bd732d,assets\resources\import\64\641c8f4b-679b-439d-a474-06aa53bd732d.ac5ae.json
resources,configs/chapterCfg/ios/LevelConfigGame64,cc.JsonAsset,21fb6358-cf39-4541-981a-27c6e26475d9,assets\resources\import\21\21fb6358-cf39-4541-981a-27c6e26475d9.68bac.json
resources,configs/chapterCfg/theme/boardData/animal2Tarvel2,cc.JsonAsset,0870540c-6c80-4ef1-860c-836b78c55e77,assets\resources\import\08\0870540c-6c80-4ef1-860c-836b78c55e77.e9357.json
resources,configs/chapterCfg/theme/boardData/animalTarvel2,cc.JsonAsset,b362698c-32f6-4bfb-80bc-d35daf03d8bf,assets\resources\import\b3\b362698c-32f6-4bfb-80bc-d35daf03d8bf.d0184.json
resources,configs/chapterCfg/theme/boardData/aroundWorldTravel2,cc.JsonAsset,525325ca-fb32-4f4d-9ddc-2bd885deebc5,assets\resources\import\52\525325ca-fb32-4f4d-9ddc-2bd885deebc5.714e1.json
resources,configs/chapterCfg/theme/boardData/bearTarvel2,cc.JsonAsset,22273980-fae1-4420-967d-b7592fc3d7ae,assets\resources\import\22\22273980-fae1-4420-967d-b7592fc3d7ae.e09cf.json
resources,configs/chapterCfg/theme/boardData/bestGiftTravel2,cc.JsonAsset,c67800f6-2410-4d35-b7c4-b4632485a928,assets\resources\import\c6\c67800f6-2410-4d35-b7c4-b4632485a928.ba42a.json
resources,configs/chapterCfg/theme/boardData/butterflyTarvel2,cc.JsonAsset,73d9ad1e-18da-4a63-a901-3f23e438a64d,assets\resources\import\73\73d9ad1e-18da-4a63-a901-3f23e438a64d.694f3.json
resources,configs/chapterCfg/theme/boardData/catNapTravel2,cc.JsonAsset,af368260-3d8e-4d5b-8cf2-582f7059ce6c,assets\resources\import\af\af368260-3d8e-4d5b-8cf2-582f7059ce6c.b83ac.json
resources,configs/chapterCfg/theme/boardData/cityTarvel2,cc.JsonAsset,8569018d-77b1-417b-9ee9-59e6a358fe58,assets\resources\import\85\8569018d-77b1-417b-9ee9-59e6a358fe58.238db.json
resources,configs/chapterCfg/theme/boardData/cookingTarvel2,cc.JsonAsset,0666268d-e9ea-4427-9faa-679b7ac7c4c5,assets\resources\import\06\0666268d-e9ea-4427-9faa-679b7ac7c4c5.738e6.json
resources,configs/chapterCfg/theme/boardData/doWhatTarvel2,cc.JsonAsset,dff2844a-0ef5-4ba8-a6a1-f3f97fc8f2b0,assets\resources\import\df\dff2844a-0ef5-4ba8-a6a1-f3f97fc8f2b0.1d077.json
resources,configs/chapterCfg/theme/boardData/dreamHomeTarvel2,cc.JsonAsset,72524f14-6dd9-499d-930d-771403807fa7,assets\resources\import\72\72524f14-6dd9-499d-930d-771403807fa7.b2376.json
resources,configs/chapterCfg/theme/boardData/dreamTarvel2,cc.JsonAsset,0fbcf4c7-3a27-42d8-82bb-cd75662ec899,assets\resources\import\0f\0fbcf4c7-3a27-42d8-82bb-cd75662ec899.9e20c.json
resources,configs/chapterCfg/theme/boardData/duckTarvel2,cc.JsonAsset,7660d20c-cacd-4a21-a18e-1fe92db527f2,assets\resources\import\76\7660d20c-cacd-4a21-a18e-1fe92db527f2.8ae2a.json
resources,configs/chapterCfg/theme/boardData/earthAllDayTravel2,cc.JsonAsset,66999097-03a4-4f94-9590-ba921a9fa7bb,assets\resources\import\66\66999097-03a4-4f94-9590-ba921a9fa7bb.7e10b.json
resources,configs/chapterCfg/theme/boardData/extremeSportsTravel2,cc.JsonAsset,e48d50e6-7aa2-4ab8-9106-6aa76816098d,assets\resources\import\e4\e48d50e6-7aa2-4ab8-9106-6aa76816098d.ec3b4.json
resources,configs/chapterCfg/theme/boardData/familyLoveTravel2,cc.JsonAsset,2430fa4a-4239-4c58-b28e-761050fbc9ea,assets\resources\import\24\2430fa4a-4239-4c58-b28e-761050fbc9ea.c47ed.json
resources,configs/chapterCfg/theme/boardData/fangaoTarvel2,cc.JsonAsset,eb302cc5-9fda-4040-bc6b-7638a85d1f73,assets\resources\import\eb\eb302cc5-9fda-4040-bc6b-7638a85d1f73.6fc25.json
resources,configs/chapterCfg/theme/boardData/flower2Tarvel2,cc.JsonAsset,e2c60f57-5b26-469d-97f4-bc568a918821,assets\resources\import\e2\e2c60f57-5b26-469d-97f4-bc568a918821.b41e1.json
resources,configs/chapterCfg/theme/boardData/flowerTarvel2,cc.JsonAsset,3fee0f5c-a65f-4c80-b81d-ad1ca6c77a0e,assets\resources\import\3f\3fee0f5c-a65f-4c80-b81d-ad1ca6c77a0e.a3a7d.json
resources,configs/chapterCfg/theme/boardData/foodFeatureTarvel2,cc.JsonAsset,6b5aead3-b3ce-4e75-918d-9f8d7e083c92,assets\resources\import\6b\6b5aead3-b3ce-4e75-918d-9f8d7e083c92.e7cfe.json
resources,configs/chapterCfg/theme/boardData/foodTarvel2,cc.JsonAsset,08ef6c0d-961c-4443-891d-b2dbc3fd82b0,assets\resources\import\08\08ef6c0d-961c-4443-891d-b2dbc3fd82b0.e97b5.json
resources,configs/chapterCfg/theme/boardData/friendsTarvel2,cc.JsonAsset,051cdaa1-69a2-4689-840f-f11066030273,assets\resources\import\05\051cdaa1-69a2-4689-840f-f11066030273.eebb8.json
resources,configs/chapterCfg/theme/boardData/gouTarvel2,cc.JsonAsset,d6555553-515f-43bb-8c5d-742e73a80e0f,assets\resources\import\d6\d6555553-515f-43bb-8c5d-742e73a80e0f.fe6a2.json
resources,configs/chapterCfg/theme/boardData/happyGardenFarmTravel2,cc.JsonAsset,bc5b0ea7-a7ea-4a88-92e9-b5f58a6a4fba,assets\resources\import\bc\bc5b0ea7-a7ea-4a88-92e9-b5f58a6a4fba.d43ab.json
resources,configs/chapterCfg/theme/boardData/highWayTarvel2,cc.JsonAsset,1efed2dd-da2f-4179-b0af-227a84c0f495,assets\resources\import\1e\1efed2dd-da2f-4179-b0af-227a84c0f495.1c14b.json
resources,configs/chapterCfg/theme/boardData/internetKidsTravel2,cc.JsonAsset,bd1cfba3-f199-48bb-aee9-f6fa1fd4466d,assets\resources\import\bd\bd1cfba3-f199-48bb-aee9-f6fa1fd4466d.8f4b7.json
resources,configs/chapterCfg/theme/boardData/isLandAnimal2Travel2,cc.JsonAsset,abbff634-070b-41ee-ad23-ce1023590a15,assets\resources\import\ab\abbff634-070b-41ee-ad23-ce1023590a15.21cda.json
resources,configs/chapterCfg/theme/boardData/jackStoryTravel2,cc.JsonAsset,d5a18d84-1850-4daf-8086-c5f321fdfa2a,assets\resources\import\d5\d5a18d84-1850-4daf-8086-c5f321fdfa2a.3225f.json
resources,configs/chapterCfg/theme/boardData/leisureTravel2,cc.JsonAsset,1b9d84b9-2451-4af8-81cd-6286144765b9,assets\resources\import\1b\1b9d84b9-2451-4af8-81cd-6286144765b9.0c2d8.json
resources,configs/chapterCfg/theme/boardData/lessonTravel2,cc.JsonAsset,ebe0dfaa-8408-4740-8dde-02b16c78fa68,assets\resources\import\eb\ebe0dfaa-8408-4740-8dde-02b16c78fa68.ce959.json
resources,configs/chapterCfg/theme/boardData/lightTarvel2,cc.JsonAsset,dafed727-8bac-4e76-be2b-fe1fa69c7ae0,assets\resources\import\da\dafed727-8bac-4e76-be2b-fe1fa69c7ae0.171a2.json
resources,configs/chapterCfg/theme/boardData/lovePoetryTarvel2,cc.JsonAsset,7b95cb05-e002-4e97-9ce1-b22e8392ac0f,assets\resources\import\7b\7b95cb05-e002-4e97-9ce1-b22e8392ac0f.52e4e.json
resources,configs/chapterCfg/theme/boardData/madameTarvel2,cc.JsonAsset,b1ba5929-5fc2-4cbe-a077-076aa1954e75,assets\resources\import\b1\b1ba5929-5fc2-4cbe-a077-076aa1954e75.abb65.json
resources,configs/chapterCfg/theme/boardData/manAndHorseTravel2,cc.JsonAsset,8e453c84-f422-44e1-804b-e9e9de22081d,assets\resources\import\8e\8e453c84-f422-44e1-804b-e9e9de22081d.37bf6.json
resources,configs/chapterCfg/theme/boardData/maoTarvel2,cc.JsonAsset,3e02a330-db09-4f39-9d91-7154921dea5f,assets\resources\import\3e\3e02a330-db09-4f39-9d91-7154921dea5f.fc90f.json
resources,configs/chapterCfg/theme/boardData/marineLifeTarvel2,cc.JsonAsset,2192d30d-3d70-4061-8e83-9344ab637fa9,assets\resources\import\21\2192d30d-3d70-4061-8e83-9344ab637fa9.542a1.json
resources,configs/chapterCfg/theme/boardData/modernTarvel2,cc.JsonAsset,c0aa5a72-f132-457c-84ef-b72cc019cec1,assets\resources\import\c0\c0aa5a72-f132-457c-84ef-b72cc019cec1.208b6.json
resources,configs/chapterCfg/theme/boardData/mountainTravel2,cc.JsonAsset,be52b631-4977-4d2b-8a2d-3c695c6c5c04,assets\resources\import\be\be52b631-4977-4d2b-8a2d-3c695c6c5c04.1f052.json
resources,configs/chapterCfg/theme/boardData/nationalCostumeTravel2,cc.JsonAsset,a745712c-0743-4617-a972-813b3ec0f00a,assets\resources\import\a7\a745712c-0743-4617-a972-813b3ec0f00a.6c7be.json
resources,configs/chapterCfg/theme/boardData/navigationTravel2,cc.JsonAsset,f7faf37c-1fb0-4eab-a949-b1df30cb36af,assets\resources\import\f7\f7faf37c-1fb0-4eab-a949-b1df30cb36af.e1bbd.json
resources,configs/chapterCfg/theme/boardData/neighboursTarvel2,cc.JsonAsset,80633022-3575-4cd4-bbd5-69b7f5340725,assets\resources\import\80\80633022-3575-4cd4-bbd5-69b7f5340725.3181a.json
resources,configs/chapterCfg/theme/boardData/oldTethysTarvel2,cc.JsonAsset,312bd4ed-39bb-44ec-9594-12dd4be9b541,assets\resources\import\31\312bd4ed-39bb-44ec-9594-12dd4be9b541.5ff9b.json
resources,configs/chapterCfg/theme/boardData/ourTreesTarvel2,cc.JsonAsset,aa2405fe-9a04-47bd-90db-7346989af9a7,assets\resources\import\aa\aa2405fe-9a04-47bd-90db-7346989af9a7.94eca.json
resources,configs/chapterCfg/theme/boardData/penguinDiary22,cc.JsonAsset,32727d60-b2ad-42ab-8d67-b6648575d976,assets\resources\import\32\32727d60-b2ad-42ab-8d67-b6648575d976.f3a3a.json
resources,configs/chapterCfg/theme/boardData/penguinTarvel2,cc.JsonAsset,dac80c19-104b-408a-b9cd-5a1cb1252376,assets\resources\import\da\dac80c19-104b-408a-b9cd-5a1cb1252376.8e09f.json
resources,configs/chapterCfg/theme/boardData/petDogTravel2,cc.JsonAsset,1afbca1a-80bf-4693-99e5-4c1668dab98f,assets\resources\import\1a\1afbca1a-80bf-4693-99e5-4c1668dab98f.0e1fc.json
resources,configs/chapterCfg/theme/boardData/planetMythTarvel2,cc.JsonAsset,33762513-53bb-464f-8bb5-cd2f77c9be74,assets\resources\import\33\33762513-53bb-464f-8bb5-cd2f77c9be74.21210.json
resources,configs/chapterCfg/theme/boardData/riversideTravel2,cc.JsonAsset,89ba8216-4de3-43bb-9334-b663f2114ec8,assets\resources\import\89\89ba8216-4de3-43bb-9334-b663f2114ec8.a1042.json
resources,configs/chapterCfg/theme/boardData/selfPortraitTravel2,cc.JsonAsset,9eba54f4-3c9b-4ca3-81a2-58e93e388685,assets\resources\import\9e\9eba54f4-3c9b-4ca3-81a2-58e93e388685.16f45.json
resources,configs/chapterCfg/theme/boardData/snowMountainTarvel2,cc.JsonAsset,90d84aa9-8ace-4512-b097-fbb927aac9cc,assets\resources\import\90\90d84aa9-8ace-4512-b097-fbb927aac9cc.90c95.json
resources,configs/chapterCfg/theme/boardData/thanksGivingTravel2,cc.JsonAsset,2b5e2161-f49d-47bc-8d4d-2e35279333e3,assets\resources\import\2b\2b5e2161-f49d-47bc-8d4d-2e35279333e3.4e378.json
resources,configs/chapterCfg/theme/chapterListData/animal2TarvelNoTheme,cc.JsonAsset,fb16011e-dcc1-4935-8ffc-b5e78df96896,assets\resources\import\fb\fb16011e-dcc1-4935-8ffc-b5e78df96896.e3dcf.json
resources,configs/chapterCfg/theme/chapterListData/animalTarvelNoTheme,cc.JsonAsset,69bd2fd8-957c-4646-b897-be38b6765a98,assets\resources\import\69\69bd2fd8-957c-4646-b897-be38b6765a98.dbb3c.json
resources,configs/chapterCfg/theme/chapterListData/aroundWorldTravelNoTheme,cc.JsonAsset,50a5b640-c06a-4e24-be25-bff396224a3b,assets\resources\import\50\50a5b640-c06a-4e24-be25-bff396224a3b.920e6.json
resources,configs/chapterCfg/theme/chapterListData/bearTarvelNoTheme,cc.JsonAsset,706f7052-a933-409b-a903-c2c96f1df858,assets\resources\import\70\706f7052-a933-409b-a903-c2c96f1df858.1930c.json
resources,configs/chapterCfg/theme/chapterListData/bestGiftTravelNoTheme,cc.JsonAsset,1871b8da-b3e5-4d98-9d02-a35b23946672,assets\resources\import\18\1871b8da-b3e5-4d98-9d02-a35b23946672.df854.json
resources,configs/chapterCfg/theme/chapterListData/butterflyTarvelNoTheme,cc.JsonAsset,76400e7a-78f4-460f-add0-09fe5c1f4d69,assets\resources\import\76\76400e7a-78f4-460f-add0-09fe5c1f4d69.962a1.json
resources,configs/chapterCfg/theme/chapterListData/catNapTravelNoTheme,cc.JsonAsset,df3716e9-dc41-4431-af31-444eaca203a5,assets\resources\import\df\df3716e9-dc41-4431-af31-444eaca203a5.eec92.json
resources,configs/chapterCfg/theme/chapterListData/cityTarvelNoTheme,cc.JsonAsset,131bc5b5-c968-4e17-8c12-00c9a1a7832f,assets\resources\import\13\131bc5b5-c968-4e17-8c12-00c9a1a7832f.ecdbe.json
resources,configs/chapterCfg/theme/chapterListData/cookingTarvelNoTheme,cc.JsonAsset,5972731f-45e1-4f08-9813-9d75a7735777,assets\resources\import\59\5972731f-45e1-4f08-9813-9d75a7735777.8877c.json
resources,configs/chapterCfg/theme/chapterListData/doWhatTarvelNoTheme,cc.JsonAsset,a64a31e3-c0eb-4524-910f-602b1ab4d6b1,assets\resources\import\a6\a64a31e3-c0eb-4524-910f-602b1ab4d6b1.a48f3.json
resources,configs/chapterCfg/theme/chapterListData/dreamHomeTarvelNoTheme,cc.JsonAsset,303e635d-286a-49b0-8441-7832f9fe3775,assets\resources\import\30\303e635d-286a-49b0-8441-7832f9fe3775.859bf.json
resources,configs/chapterCfg/theme/chapterListData/dreamTarvelNoTheme,cc.JsonAsset,7a917d64-5536-4d7b-bd2f-f78b3204c19a,assets\resources\import\7a\7a917d64-5536-4d7b-bd2f-f78b3204c19a.f2d87.json
resources,configs/chapterCfg/theme/chapterListData/duckTarvelNoTheme,cc.JsonAsset,f0d11486-a9b0-43e5-8d9a-95b3dc31d935,assets\resources\import\f0\f0d11486-a9b0-43e5-8d9a-95b3dc31d935.74e62.json
resources,configs/chapterCfg/theme/chapterListData/earthAllDayTravelNoTheme,cc.JsonAsset,3ddadfcb-0552-442e-a207-4719f13e93b3,assets\resources\import\3d\3ddadfcb-0552-442e-a207-4719f13e93b3.90677.json
resources,configs/chapterCfg/theme/chapterListData/extremeSportsTravelNoTheme,cc.JsonAsset,6aee313e-527d-4edc-8f43-77a6c95f44ce,assets\resources\import\6a\6aee313e-527d-4edc-8f43-77a6c95f44ce.1957b.json
resources,configs/chapterCfg/theme/chapterListData/familyLoveTravelNoTheme,cc.JsonAsset,0669cd7c-bb01-4b06-9f72-7bace4cfd023,assets\resources\import\06\0669cd7c-bb01-4b06-9f72-7bace4cfd023.3e838.json
resources,configs/chapterCfg/theme/chapterListData/fangaoTarvelNoTheme,cc.JsonAsset,dfb53650-8d94-4a82-877c-2903288d8292,assets\resources\import\df\dfb53650-8d94-4a82-877c-2903288d8292.461ff.json
resources,configs/chapterCfg/theme/chapterListData/flower2TarvelNoTheme,cc.JsonAsset,2a9d8a72-0225-47fa-9cd7-f449ca808d39,assets\resources\import\2a\2a9d8a72-0225-47fa-9cd7-f449ca808d39.e16e6.json
resources,configs/chapterCfg/theme/chapterListData/flowerTarvelNoTheme,cc.JsonAsset,e72daf8e-b0be-474a-9f4d-98da917e677a,assets\resources\import\e7\e72daf8e-b0be-474a-9f4d-98da917e677a.bb25e.json
resources,configs/chapterCfg/theme/chapterListData/foodFeatureTarvelNoTheme,cc.JsonAsset,a0be1385-f976-44f6-ab4a-676d69e5314d,assets\resources\import\a0\a0be1385-f976-44f6-ab4a-676d69e5314d.9cdf4.json
resources,configs/chapterCfg/theme/chapterListData/foodTarvelNoTheme,cc.JsonAsset,b2ccd8e9-1688-461f-8be8-7d273aedfb11,assets\resources\import\b2\b2ccd8e9-1688-461f-8be8-7d273aedfb11.9373d.json
resources,configs/chapterCfg/theme/chapterListData/friendsTarvelNoTheme,cc.JsonAsset,c3583fe3-4ee7-4516-acbe-686f74a30ff9,assets\resources\import\c3\c3583fe3-4ee7-4516-acbe-686f74a30ff9.615ed.json
resources,configs/chapterCfg/theme/chapterListData/gardenTravelNoTheme,cc.JsonAsset,6ae67e73-e48b-46f3-8dd0-c968672d3279,assets\resources\import\6a\6ae67e73-e48b-46f3-8dd0-c968672d3279.20a7a.json
resources,configs/chapterCfg/theme/chapterListData/gouTarvelNoTheme,cc.JsonAsset,609e49bb-c0af-498e-b574-5f0d3ca81a69,assets\resources\import\60\609e49bb-c0af-498e-b574-5f0d3ca81a69.c521a.json
resources,configs/chapterCfg/theme/chapterListData/happyGardenFarmTravelNoTheme,cc.JsonAsset,96364cf2-9eaf-40ce-88a4-62758116f7e3,assets\resources\import\96\96364cf2-9eaf-40ce-88a4-62758116f7e3.2f35f.json
resources,configs/chapterCfg/theme/chapterListData/highWayTarvelNoTheme,cc.JsonAsset,e5ef8d18-f13b-4d77-8ad6-4c4b0f33e31b,assets\resources\import\e5\e5ef8d18-f13b-4d77-8ad6-4c4b0f33e31b.e8463.json
resources,configs/chapterCfg/theme/chapterListData/internetKidsTravelNoTheme,cc.JsonAsset,d2945ada-44de-4144-95bf-83a94e952df2,assets\resources\import\d2\d2945ada-44de-4144-95bf-83a94e952df2.3d618.json
resources,configs/chapterCfg/theme/chapterListData/isLandAnimal2TravelNoTheme,cc.JsonAsset,670239bc-6e80-46e1-af76-c3d4554a1524,assets\resources\import\67\670239bc-6e80-46e1-af76-c3d4554a1524.5f850.json
resources,configs/chapterCfg/theme/chapterListData/jackStoryTravelNoTheme,cc.JsonAsset,a5ab460d-f352-4e4d-b15e-b3a7175d0237,assets\resources\import\a5\a5ab460d-f352-4e4d-b15e-b3a7175d0237.81edf.json
resources,configs/chapterCfg/theme/chapterListData/leisureTravelNoTheme,cc.JsonAsset,bd99036f-5ff7-44f6-8303-e97518a711d6,assets\resources\import\bd\bd99036f-5ff7-44f6-8303-e97518a711d6.5ceed.json
resources,configs/chapterCfg/theme/chapterListData/lessonTravelNoTheme,cc.JsonAsset,524fd9fa-06c1-42e2-bcc8-88553017d067,assets\resources\import\52\524fd9fa-06c1-42e2-bcc8-88553017d067.84945.json
resources,configs/chapterCfg/theme/chapterListData/lightTarvelNoTheme,cc.JsonAsset,6f1bc8b9-3c2f-4e80-9fb9-970e5d7de8cf,assets\resources\import\6f\6f1bc8b9-3c2f-4e80-9fb9-970e5d7de8cf.54dd6.json
resources,configs/chapterCfg/theme/chapterListData/lovePoetryTarvelNoTheme,cc.JsonAsset,96b322e0-da08-4b09-a66e-a402f0b79dad,assets\resources\import\96\96b322e0-da08-4b09-a66e-a402f0b79dad.e7f63.json
resources,configs/chapterCfg/theme/chapterListData/madameTarvelNoTheme,cc.JsonAsset,627604de-9dbc-4c9e-884f-5a7edd49b41f,assets\resources\import\62\627604de-9dbc-4c9e-884f-5a7edd49b41f.b67cd.json
resources,configs/chapterCfg/theme/chapterListData/manAndHorseTravelNoTheme,cc.JsonAsset,53b0038d-8a4e-4553-b206-4564ffdc3437,assets\resources\import\53\53b0038d-8a4e-4553-b206-4564ffdc3437.dc9c7.json
resources,configs/chapterCfg/theme/chapterListData/maoTarvelNoTheme,cc.JsonAsset,9be88e9c-ea06-4545-bb3d-116f153c35d1,assets\resources\import\9b\9be88e9c-ea06-4545-bb3d-116f153c35d1.0c4fe.json
resources,configs/chapterCfg/theme/chapterListData/marineLifeTarvelNoTheme,cc.JsonAsset,237c1830-d864-4870-b49e-ed58a6f67ec4,assets\resources\import\23\237c1830-d864-4870-b49e-ed58a6f67ec4.92028.json
resources,configs/chapterCfg/theme/chapterListData/modernTarvelNoTheme,cc.JsonAsset,8f7d2066-fbff-4a75-ba69-cb46d3f6c324,assets\resources\import\8f\8f7d2066-fbff-4a75-ba69-cb46d3f6c324.c5ae4.json
resources,configs/chapterCfg/theme/chapterListData/mountainTravelNoTheme,cc.JsonAsset,33630d23-55df-41ca-af7e-032edad30160,assets\resources\import\33\33630d23-55df-41ca-af7e-032edad30160.601d6.json
resources,configs/chapterCfg/theme/chapterListData/nationalCostumeTravelNoTheme,cc.JsonAsset,04cecea8-0dea-4dc1-b3ce-c7205172ce14,assets\resources\import\04\04cecea8-0dea-4dc1-b3ce-c7205172ce14.69472.json
resources,configs/chapterCfg/theme/chapterListData/navigationTravelNoTheme,cc.JsonAsset,aa6e50c8-1b35-49b3-8cfb-644e535e7c17,assets\resources\import\aa\aa6e50c8-1b35-49b3-8cfb-644e535e7c17.6518d.json
resources,configs/chapterCfg/theme/chapterListData/neighboursTarvelNoTheme,cc.JsonAsset,318de4b8-8a82-43aa-a54c-580ca6b259cd,assets\resources\import\31\318de4b8-8a82-43aa-a54c-580ca6b259cd.34cab.json
resources,configs/chapterCfg/theme/chapterListData/oldTethysTarvelNoTheme,cc.JsonAsset,57d44216-ed26-47f8-9df8-371feac69ce1,assets\resources\import\57\57d44216-ed26-47f8-9df8-371feac69ce1.a58b2.json
resources,configs/chapterCfg/theme/chapterListData/ourTreesTarvelNoTheme,cc.JsonAsset,0751ec56-3df8-404d-aea5-e7c676db192b,assets\resources\import\07\0751ec56-3df8-404d-aea5-e7c676db192b.0a4d4.json
resources,configs/chapterCfg/theme/chapterListData/penguinDiary2NoTheme,cc.JsonAsset,e159558d-85ff-4966-a704-22e08eb064ba,assets\resources\import\e1\e159558d-85ff-4966-a704-22e08eb064ba.95389.json
resources,configs/chapterCfg/theme/chapterListData/penguinTarvelNoTheme,cc.JsonAsset,2743b774-787d-48d5-8341-5adef273c0f8,assets\resources\import\27\2743b774-787d-48d5-8341-5adef273c0f8.9f93f.json
resources,configs/chapterCfg/theme/chapterListData/petDogTravelNoTheme,cc.JsonAsset,73e770e4-4de5-4838-91ba-a8d90d50ecc1,assets\resources\import\73\73e770e4-4de5-4838-91ba-a8d90d50ecc1.bb3d4.json
resources,configs/chapterCfg/theme/chapterListData/planetMythTarvelNoTheme,cc.JsonAsset,639b05ec-4235-42a7-90a5-87a2ef8aa32f,assets\resources\import\63\639b05ec-4235-42a7-90a5-87a2ef8aa32f.fa5f7.json
resources,configs/chapterCfg/theme/chapterListData/riversideTravelNoTheme,cc.JsonAsset,5103003d-fd5f-4714-a46b-5f387625a404,assets\resources\import\51\5103003d-fd5f-4714-a46b-5f387625a404.d993c.json
resources,configs/chapterCfg/theme/chapterListData/selfPortraitTravelNoTheme,cc.JsonAsset,99d00e42-4af3-4a03-93aa-c64f396ed55e,assets\resources\import\99\99d00e42-4af3-4a03-93aa-c64f396ed55e.f1e15.json
resources,configs/chapterCfg/theme/chapterListData/snowMountainTarvelNoTheme,cc.JsonAsset,3c8682d1-7203-4192-9e2b-430168782cf1,assets\resources\import\3c\3c8682d1-7203-4192-9e2b-430168782cf1.e0c1c.json
resources,configs/chapterCfg/theme/chapterListData/thanksGivingTravelNoTheme,cc.JsonAsset,042dedee-dbbe-4e1a-8994-de54d56273b6,assets\resources\import\04\042dedee-dbbe-4e1a-8994-de54d56273b6.87d74.json
resources,configs/chapterCfg/theme/chapterListData/theWestTravelNoTheme,cc.JsonAsset,213c77a4-82d3-474a-b66e-9a1c1020fc5c,assets\resources\import\21\213c77a4-82d3-474a-b66e-9a1c1020fc5c.ea0ab.json
resources,configs/skin/default/skin_1000,cc.JsonAsset,f9624491-ab2f-4ef8-a707-ba3b1cf85c2d,assets\resources\import\f9\f9624491-ab2f-4ef8-a707-ba3b1cf85c2d.9595e.json
resources,configs/skin/default/skin_1000_1,cc.JsonAsset,6fe6349c-0607-4799-b0f9-bad9094d6638,assets\resources\import\6f\6fe6349c-0607-4799-b0f9-bad9094d6638.f88c3.json
resources,configs/skin/default/skin_1001,cc.JsonAsset,d58f9fdc-7afd-4746-87e0-52f057974a2f,assets\resources\import\d5\d58f9fdc-7afd-4746-87e0-52f057974a2f.0c9eb.json
resources,configs/skin/default/skin_1002,cc.JsonAsset,b4df4d7c-6dd3-4c4c-8509-7dec8b945cb2,assets\resources\import\b4\b4df4d7c-6dd3-4c4c-8509-7dec8b945cb2.59c57.json
resources,configs/skin/default/skin_1003,cc.JsonAsset,ae207c81-bba0-4638-8218-1a9328cbe2e8,assets\resources\import\ae\ae207c81-bba0-4638-8218-1a9328cbe2e8.1ec35.json
resources,configs/skin/default/skin_1004,cc.JsonAsset,a37009c8-4601-4c83-8d15-87f9e335620c,assets\resources\import\a3\a37009c8-4601-4c83-8d15-87f9e335620c.7e648.json
resources,configs/skin/default/skin_1005,cc.JsonAsset,0685e820-0dc1-41a9-ac54-6d778b2b0033,assets\resources\import\06\0685e820-0dc1-41a9-ac54-6d778b2b0033.5aca7.json
resources,configs/skin/default/skin_1006,cc.JsonAsset,8d9b1539-5c80-4938-b0fb-bbefc3f7c993,assets\resources\import\8d\8d9b1539-5c80-4938-b0fb-bbefc3f7c993.8ce74.json
resources,configs/skin/default/skin_1007,cc.JsonAsset,4d6949b5-3354-4b1d-808d-40037b6b1ce3,assets\resources\import\4d\4d6949b5-3354-4b1d-808d-40037b6b1ce3.de86e.json
resources,configs/skin/default/skin_1008,cc.JsonAsset,e976cb2e-da43-4622-953e-fa35dd10fd41,assets\resources\import\e9\e976cb2e-da43-4622-953e-fa35dd10fd41.fa9ce.json
resources,configs/skin/default/skin_1009,cc.JsonAsset,e30af80e-76b1-436c-8b8c-59bcc61442a6,assets\resources\import\e3\e30af80e-76b1-436c-8b8c-59bcc61442a6.5aaf0.json
resources,configs/skin/default/skin_1010,cc.JsonAsset,5f4016f2-36a4-4d00-96ea-bb60e760314e,assets\resources\import\5f\5f4016f2-36a4-4d00-96ea-bb60e760314e.39086.json
resources,configs/skin/default/skin_1011,cc.JsonAsset,77c42d74-2af5-42a8-8d7d-3eeeedc821e8,assets\resources\import\77\77c42d74-2af5-42a8-8d7d-3eeeedc821e8.5b4df.json
resources,configs/skin/default/skin_1012,cc.JsonAsset,41dbff0e-c545-4407-84d1-a213fc51f02b,assets\resources\import\41\41dbff0e-c545-4407-84d1-a213fc51f02b.0f200.json
resources,configs/skin/default/skin_1013,cc.JsonAsset,636bbffe-8b45-42f8-a557-ea1f08590bae,assets\resources\import\63\636bbffe-8b45-42f8-a557-ea1f08590bae.30977.json
resources,configs/skin/default/skin_1014,cc.JsonAsset,9bd130d7-d2e1-44e4-a6a6-8530bdd25b81,assets\resources\import\9b\9bd130d7-d2e1-44e4-a6a6-8530bdd25b81.18671.json
resources,configs/skin/default/skin_1015,cc.JsonAsset,5e73cb04-9be4-40ce-a754-db47491b3b70,assets\resources\import\5e\5e73cb04-9be4-40ce-a754-db47491b3b70.00124.json
resources,configs/skin/default/skin_1016,cc.JsonAsset,ffb235d6-7aa1-4f49-8a05-b0e47f3a9091,assets\resources\import\ff\ffb235d6-7aa1-4f49-8a05-b0e47f3a9091.b74d7.json
resources,configs/skin/default/skin_1017,cc.JsonAsset,c7cc3c46-f5d0-4614-8dbc-be297b3babeb,assets\resources\import\c7\c7cc3c46-f5d0-4614-8dbc-be297b3babeb.eb567.json
resources,configs/skin/default/skin_1018,cc.JsonAsset,eccb0cd5-21e9-4db4-9a52-193c4f4863d5,assets\resources\import\ec\eccb0cd5-21e9-4db4-9a52-193c4f4863d5.14214.json
resources,configs/skin/default/skin_1019,cc.JsonAsset,762e271e-9d17-43b6-bcda-e937419db0f9,assets\resources\import\76\762e271e-9d17-43b6-bcda-e937419db0f9.aeec0.json
resources,configs/skin/default/skin_1020,cc.JsonAsset,5d74344c-14c1-4d4e-87b9-16d729a272e9,assets\resources\import\5d\5d74344c-14c1-4d4e-87b9-16d729a272e9.1a035.json
resources,configs/skin/default/skin_1021,cc.JsonAsset,59b113b1-e477-4e71-9a0b-246e6a5221d7,assets\resources\import\59\59b113b1-e477-4e71-9a0b-246e6a5221d7.e002f.json
resources,configs/skin/default/skin_1022,cc.JsonAsset,178aebb3-d03c-4672-a73d-cfb94deb4b07,assets\resources\import\17\178aebb3-d03c-4672-a73d-cfb94deb4b07.36da3.json
resources,configs/skin/default/skin_1023,cc.JsonAsset,e791c21b-b9c3-4812-8313-aeb92596fb1d,assets\resources\import\e7\e791c21b-b9c3-4812-8313-aeb92596fb1d.71e5d.json
resources,configs/skin/default/skin_1024,cc.JsonAsset,0339696f-ae72-42b8-a0a3-ecf039d0b361,assets\resources\import\03\0339696f-ae72-42b8-a0a3-ecf039d0b361.890d2.json
resources,configs/skin/default/skin_1025,cc.JsonAsset,59c35c07-ece2-411c-9791-c8b1f8b66137,assets\resources\import\59\59c35c07-ece2-411c-9791-c8b1f8b66137.dac8a.json
resources,configs/skin/default/skin_1026,cc.JsonAsset,65d9a478-daeb-499a-878d-71f8f4afa600,assets\resources\import\65\65d9a478-daeb-499a-878d-71f8f4afa600.e0919.json
resources,configs/skin/default/skin_1027,cc.JsonAsset,1e1d93f7-3c7e-4881-bc5b-0cae93736562,assets\resources\import\1e\1e1d93f7-3c7e-4881-bc5b-0cae93736562.a02d0.json
resources,configs/skin/default/skin_1028,cc.JsonAsset,d4390fc2-1eec-4f54-84f0-b25a3d741070,assets\resources\import\d4\d4390fc2-1eec-4f54-84f0-b25a3d741070.56659.json
resources,configs/skin/default/skin_1029,cc.JsonAsset,6171a3fb-cdbf-4d9d-8c2d-5076d6bedc23,assets\resources\import\61\6171a3fb-cdbf-4d9d-8c2d-5076d6bedc23.8b519.json
resources,configs/skin/default/skin_1030,cc.JsonAsset,5631a5cd-3675-43e7-a097-93c60b220358,assets\resources\import\56\5631a5cd-3675-43e7-a097-93c60b220358.7382f.json
resources,configs/skin/default/skin_1031,cc.JsonAsset,e8e90bb4-1455-4af9-bdf4-fab8b4faaf34,assets\resources\import\e8\e8e90bb4-1455-4af9-bdf4-fab8b4faaf34.d7549.json
resources,configs/skin/default/skin_1032,cc.JsonAsset,c983c33b-f064-40ae-b3fa-8fd0ac0d2e91,assets\resources\import\c9\c983c33b-f064-40ae-b3fa-8fd0ac0d2e91.3bcaf.json
resources,configs/skin/default/skin_1033,cc.JsonAsset,c5582363-b728-4cef-b8b7-3f110f1118a3,assets\resources\import\c5\c5582363-b728-4cef-b8b7-3f110f1118a3.249e4.json
resources,configs/skin/default/skin_1034,cc.JsonAsset,b785694d-dbd5-4e23-83c9-7a96baaadea4,assets\resources\import\b7\b785694d-dbd5-4e23-83c9-7a96baaadea4.f3182.json
resources,configs/skin/default/skin_1035,cc.JsonAsset,b214506f-fce0-4c2d-a603-6b4d918c7332,assets\resources\import\b2\b214506f-fce0-4c2d-a603-6b4d918c7332.a54c1.json
resources,configs/skin/default/skin_1036,cc.JsonAsset,4624cd2f-89c6-4198-b816-a76e3919c4e8,assets\resources\import\46\4624cd2f-89c6-4198-b816-a76e3919c4e8.6fd80.json
resources,configs/skin/default/skin_1037,cc.JsonAsset,eef3e70a-2141-436c-81f2-a9d432e6c0b3,assets\resources\import\ee\eef3e70a-2141-436c-81f2-a9d432e6c0b3.65033.json
resources,configs/skin/default/skin_1038,cc.JsonAsset,27cf840b-23f9-4895-aaaa-7caaecae7b03,assets\resources\import\27\27cf840b-23f9-4895-aaaa-7caaecae7b03.27b4d.json
resources,configs/skin/default/skin_1039,cc.JsonAsset,e7b2a313-6a24-4c32-b6e2-8e66015f7653,assets\resources\import\e7\e7b2a313-6a24-4c32-b6e2-8e66015f7653.176e2.json
resources,configs/skin/randomPool/RandomSkinColorBigDiff,cc.JsonAsset,21e3c515-7756-4dcb-9ed6-326dec23f487,assets\resources\import\21\21e3c515-7756-4dcb-9ed6-326dec23f487.56d91.json
resources,configs/skin/randomPool/RandomSkinDeleteLessUse,cc.JsonAsset,05926980-03cc-44d8-a990-f5acb408f4df,assets\resources\import\05\05926980-03cc-44d8-a990-f5acb408f4df.f0e41.json
resources,configs/skin/randomPool/RandomSkinPool,cc.JsonAsset,6b6c74fd-a736-4414-815f-9ec317d0b74e,assets\resources\import\6b\6b6c74fd-a736-4414-815f-9ec317d0b74e.81825.json
resources,configs/skin/randomPool/achieveSkinPool,cc.JsonAsset,cfa1871e-b167-41cb-bacc-7186ab0c40fe,assets\resources\import\cf\cfa1871e-b167-41cb-bacc-7186ab0c40fe.e4844.json
resources,configs/skin/randomPool/defultRandomOlayOne,cc.JsonAsset,79564352-d79b-4d80-90be-4cf781f704d4,assets\resources\import\79\79564352-d79b-4d80-90be-4cf781f704d4.61a47.json
resources,configs/skin/randomSequencePool/skinList_three,cc.JsonAsset,73c3768b-ccd7-453f-abe4-0503f522bc48,assets\resources\import\73\73c3768b-ccd7-453f-abe4-0503f522bc48.0962f.json
resources,configs/skin/randomSequencePool/skinList_two,cc.JsonAsset,74b0e820-a1be-433c-9949-9f806c0990cb,assets\resources\import\74\74b0e820-a1be-433c-9949-9f806c0990cb.db474.json
resources,configs/skin/skinSystemPool/SkinPool_achieveUnLock,cc.JsonAsset,5abdaba5-2e26-4b5b-a338-7e88dd2d509a,assets\resources\import\5a\5abdaba5-2e26-4b5b-a338-7e88dd2d509a.9eaef.json
resources,configs/skin/skinSystemPool/SkinPool_chaosUnLock,cc.JsonAsset,b6f49c54-47fc-451a-95f5-cd6cedcef6bb,assets\resources\import\b6\b6f49c54-47fc-451a-95f5-cd6cedcef6bb.5b82d.json
resources,configs/skin/skinSystemPool/SkinPool_loginUnLock,cc.JsonAsset,1e09053f-46d8-4d08-acec-7f1eb26ae557,assets\resources\import\1e\1e09053f-46d8-4d08-acec-7f1eb26ae557.26f36.json
resources,configs/skin/skinSystemPool/SkinPool_roundUnLock,cc.JsonAsset,09eb2d73-1170-4bb9-9bbe-187ce35308d7,assets\resources\import\09\09eb2d73-1170-4bb9-9bbe-187ce35308d7.352ff.json
resources,configs/skin/skinSystemPool/SkinPool_scoreUnLock,cc.JsonAsset,63edb58f-f553-40d0-9d3c-6c369d6a2eeb,assets\resources\import\63\63edb58f-f553-40d0-9d3c-6c369d6a2eeb.4ebed.json
resources,configs/skin/skinSystemPool/SkinPool_selectBeatiful,cc.JsonAsset,b05d341d-1276-4936-ab55-0f00cad041a9,assets\resources\import\b0\b05d341d-1276-4936-ab55-0f00cad041a9.02ea7.json
resources,configs/skin/skinSystemPool/SkinPool_selectDiff,cc.JsonAsset,8fa91d00-bad2-409d-8f1d-cbcceef6e9c4,assets\resources\import\8f\8fa91d00-bad2-409d-8f1d-cbcceef6e9c4.7abd9.json
resources,configs/skin/skinSystemPool/SkinPool_shareUnLock,cc.JsonAsset,35ceeca4-f847-40a0-b55c-61211fc66186,assets\resources\import\35\35ceeca4-f847-40a0-b55c-61211fc66186.31c22.json
resources,configs/skin/skinSystemPool/defultSkinPool,cc.JsonAsset,e4477f64-ce2b-479d-a310-95bdf260110e,assets\resources\import\e4\e4477f64-ce2b-479d-a310-95bdf260110e.1ab1a.json
resources,configs/skin/skinSystemPool/defultSkinPool_allUnLock,cc.JsonAsset,2dac9ebb-df22-44a0-9c07-4878aff1716c,assets\resources\import\2d\2dac9ebb-df22-44a0-9c07-4878aff1716c.761a9.json
resources,dragonbones/achievement/badge_icon_smallPanel_ske,dragonBones.DragonBonesAsset,94d5a89f-47f5-40c5-9a50-2c8fc86ccb72,assets\resources\import\94\94d5a89f-47f5-40c5-9a50-2c8fc86ccb72.c1e6a.json
resources,dragonbones/achievement/badge_icon_smallPanel_tex,cc.SpriteFrame,852528e6-b2d9-4f1d-b9b3-e9e17cddcf3d,assets\resources\import\85\852528e6-b2d9-4f1d-b9b3-e9e17cddcf3d.b7e3c.json
resources,dragonbones/achievement/badge_icon_smallPanel_tex,cc.Texture2D,0d34a55c-03cc-4b0b-8768-fe9a1d47bf66,assets\resources\import\0d\0d34a55c-03cc-4b0b-8768-fe9a1d47bf66.7871f.json
resources,dragonbones/achievement/badge_icon_smallPanel_tex,dragonBones.DragonBonesAtlasAsset,7826f92d-1d78-46c6-b497-35cb1db38881,assets\resources\import\78\7826f92d-1d78-46c6-b497-35cb1db38881.7002f.json
resources,dragonbones/achievement/main_icon_achievement_ske,dragonBones.DragonBonesAsset,119d3b95-7fa9-4e3a-95f7-bc02e78ba6b6,assets\resources\import\11\119d3b95-7fa9-4e3a-95f7-bc02e78ba6b6.bcd47.json
resources,dragonbones/achievement/main_icon_achievement_tex,cc.SpriteFrame,bd502ecd-5273-41ba-b2fd-46f1db70a56e,assets\resources\import\bd\bd502ecd-5273-41ba-b2fd-46f1db70a56e.2e3e3.json
resources,dragonbones/achievement/main_icon_achievement_tex,cc.Texture2D,f39e644f-35ba-4ed8-9a0b-9ab1a4295dcc,assets\resources\import\f3\f39e644f-35ba-4ed8-9a0b-9ab1a4295dcc.7871f.json
resources,dragonbones/achievement/main_icon_achievement_tex,dragonBones.DragonBonesAtlasAsset,3656e785-a765-4102-8e89-06d69524f708,assets\resources\import\36\3656e785-a765-4102-8e89-06d69524f708.c54ff.json
resources,dragonbones/blockProducer/CK_ske,dragonBones.DragonBonesAsset,8a800845-f27b-40ad-802c-c6f4e5c840b9,assets\resources\import\8a\8a800845-f27b-40ad-802c-c6f4e5c840b9.02a6c.json
resources,dragonbones/blockProducer/CK_tex,cc.SpriteFrame,787144f5-899d-4210-add8-77a6bc45e9dd,assets\resources\import\78\787144f5-899d-4210-add8-77a6bc45e9dd.02b39.json
resources,dragonbones/blockProducer/CK_tex,cc.Texture2D,bf28e74b-3fe0-4bd5-b400-cc5d4fda3a4b,assets\resources\import\bf\bf28e74b-3fe0-4bd5-b400-cc5d4fda3a4b.40ec8.json
resources,dragonbones/blockProducer/CK_tex,dragonBones.DragonBonesAtlasAsset,3b670621-17ba-4dbe-8c79-7d3d67133000,assets\resources\import\3b\3b670621-17ba-4dbe-8c79-7d3d67133000.da6fc.json
resources,dragonbones/blockProducer/trait/NewLifeBlockCtrlTrait/gameplay_regroupBlock_ske,dragonBones.DragonBonesAsset,45b691e4-9bd4-46c6-a88a-10c7a957acf6,assets\resources\import\45\45b691e4-9bd4-46c6-a88a-10c7a957acf6.88f92.json
resources,dragonbones/blockProducer/trait/NewLifeBlockCtrlTrait/gameplay_regroupBlock_tex,cc.SpriteFrame,84e26c32-ee88-48e1-a732-eb3dc4deb0f5,assets\resources\import\84\84e26c32-ee88-48e1-a732-eb3dc4deb0f5.5ac59.json
resources,dragonbones/blockProducer/trait/NewLifeBlockCtrlTrait/gameplay_regroupBlock_tex,cc.Texture2D,74feaf54-b32c-4202-83d1-f03a2dacc965,assets\resources\import\74\74feaf54-b32c-4202-83d1-f03a2dacc965.7871f.json
resources,dragonbones/blockProducer/trait/NewLifeBlockCtrlTrait/gameplay_regroupBlock_tex,dragonBones.DragonBonesAtlasAsset,71fa8d98-a428-4c85-a38b-66ade93dc2e3,assets\resources\import\71\71fa8d98-a428-4c85-a38b-66ade93dc2e3.a7346.json
resources,dragonbones/blockProducer/trait/addOutEff/gameplay_bg_chukuailizi_ske,dragonBones.DragonBonesAsset,ae33b068-3537-4a61-bba9-d4b1e413f413,assets\resources\import\ae\ae33b068-3537-4a61-bba9-d4b1e413f413.e97c1.json
resources,dragonbones/blockProducer/trait/addOutEff/gameplay_bg_chukuailizi_tex,cc.SpriteFrame,9998b439-504c-4811-8cf5-55580308666a,assets\resources\import\99\9998b439-504c-4811-8cf5-55580308666a.f15b6.json
resources,dragonbones/blockProducer/trait/addOutEff/gameplay_bg_chukuailizi_tex,cc.Texture2D,83f8ca51-5c89-412a-b9db-3c6ca54a291e,assets\resources\import\83\83f8ca51-5c89-412a-b9db-3c6ca54a291e.7871f.json
resources,dragonbones/blockProducer/trait/addOutEff/gameplay_bg_chukuailizi_tex,dragonBones.DragonBonesAtlasAsset,acedb75f-5228-47c7-8ee9-7b4987dfaec4,assets\resources\import\ac\acedb75f-5228-47c7-8ee9-7b4987dfaec4.f0520.json
resources,dragonbones/blockPutDownEffect/gameplay_spine_blocklight_plan1,cc.Asset,8d3686bf-925e-447f-802d-451f1ac5d5d1,assets\resources\import\8d\8d3686bf-925e-447f-802d-451f1ac5d5d1.813a2.json
resources,dragonbones/blockPutDownEffect/gameplay_spine_blocklight_plan1,cc.SpriteFrame,46d41b6a-6779-4694-a976-a1768b619048,assets\resources\import\46\46d41b6a-6779-4694-a976-a1768b619048.6caa7.json
resources,dragonbones/blockPutDownEffect/gameplay_spine_blocklight_plan1,cc.Texture2D,cd901b8f-e0a4-49bb-ba29-35b9e95b382b,assets\resources\import\cd\cd901b8f-e0a4-49bb-ba29-35b9e95b382b.6a67a.json
resources,dragonbones/blockPutDownEffect/gameplay_spine_blocklight_plan1,sp.SkeletonData,922fab89-c82b-4563-84c5-533ca6a71ec0,assets\resources\import\92\922fab89-c82b-4563-84c5-533ca6a71ec0.12fc9.json
resources,dragonbones/boardEffect/trait/isOpenRightPut/playgame_word_ske,dragonBones.DragonBonesAsset,543ca8c1-cef8-4e3a-909f-458547c64788,assets\resources\import\54\543ca8c1-cef8-4e3a-909f-458547c64788.2cb41.json
resources,dragonbones/boardEffect/trait/isOpenRightPut/playgame_word_tex,cc.SpriteFrame,bdfca43b-6d68-49f9-a7f4-eef79def1d79,assets\resources\import\bd\bdfca43b-6d68-49f9-a7f4-eef79def1d79.0a93d.json
resources,dragonbones/boardEffect/trait/isOpenRightPut/playgame_word_tex,cc.Texture2D,bff1ee57-a4df-486e-9039-f492e1917d08,assets\resources\import\bf\bff1ee57-a4df-486e-9039-f492e1917d08.7871f.json
resources,dragonbones/boardEffect/trait/isOpenRightPut/playgame_word_tex,dragonBones.DragonBonesAtlasAsset,1945f708-a278-40c8-a0be-296a72e6b166,assets\resources\import\19\1945f708-a278-40c8-a0be-296a72e6b166.4e94d.json
resources,dragonbones/boardEffect/trait/new_clear_effect/gameplay_moreEliminate_bgPar_ske,dragonBones.DragonBonesAsset,69c50bda-8695-459c-84ab-88fe40458fb0,assets\resources\import\69\69c50bda-8695-459c-84ab-88fe40458fb0.20ebb.json
resources,dragonbones/boardEffect/trait/new_clear_effect/gameplay_moreEliminate_bgPar_tex,cc.SpriteFrame,59f862f0-528c-44a3-ad56-53dff85ae8f8,assets\resources\import\59\59f862f0-528c-44a3-ad56-53dff85ae8f8.670ba.json
resources,dragonbones/boardEffect/trait/new_clear_effect/gameplay_moreEliminate_bgPar_tex,cc.Texture2D,b7e054b9-d71b-4630-8e20-eef72795a13c,assets\resources\import\b7\b7e054b9-d71b-4630-8e20-eef72795a13c.7871f.json
resources,dragonbones/boardEffect/trait/new_clear_effect/gameplay_moreEliminate_bgPar_tex,dragonBones.DragonBonesAtlasAsset,769761e8-a5be-4333-af03-a603665d211f,assets\resources\import\76\769761e8-a5be-4333-af03-a603665d211f.cc417.json
resources,dragonbones/boardEffect/trait/new_clear_effect/gameplay_moreEliminate_tilemapFrame_ske,dragonBones.DragonBonesAsset,317ddfb8-9549-43fe-b8d8-920ac0d64bb9,assets\resources\import\31\317ddfb8-9549-43fe-b8d8-920ac0d64bb9.db56f.json
resources,dragonbones/boardEffect/trait/new_clear_effect/gameplay_moreEliminate_tilemapFrame_tex,cc.SpriteFrame,ce71e073-f1b3-4efc-a514-c235f40c2d2b,assets\resources\import\ce\ce71e073-f1b3-4efc-a514-c235f40c2d2b.42f8b.json
resources,dragonbones/boardEffect/trait/new_clear_effect/gameplay_moreEliminate_tilemapFrame_tex,cc.Texture2D,5e75346d-ba3c-4217-8e01-55153fa79a06,assets\resources\import\5e\5e75346d-ba3c-4217-8e01-55153fa79a06.7871f.json
resources,dragonbones/boardEffect/trait/new_clear_effect/gameplay_moreEliminate_tilemapFrame_tex,dragonBones.DragonBonesAtlasAsset,436e6a18-d57b-4d06-af49-a30a550cdeb5,assets\resources\import\43\436e6a18-d57b-4d06-af49-a30a550cdeb5.ef317.json
resources,dragonbones/commentskin/wuxingBT_ske,dragonBones.DragonBonesAsset,32162ae5-a14f-4694-882d-1e32049988d3,assets\resources\import\32\32162ae5-a14f-4694-882d-1e32049988d3.3bf22.json
resources,dragonbones/commentskin/wuxingBT_tex,cc.SpriteFrame,add63b9a-2e6d-4daa-b86c-626675aa1d65,assets\resources\import\ad\add63b9a-2e6d-4daa-b86c-626675aa1d65.d2df7.json
resources,dragonbones/commentskin/wuxingBT_tex,cc.Texture2D,23908cbe-1471-4199-ba44-847337fd55b1,assets\resources\import\23\23908cbe-1471-4199-ba44-847337fd55b1.40ec8.json
resources,dragonbones/commentskin/wuxingBT_tex,dragonBones.DragonBonesAtlasAsset,2bf44dda-e2b4-43e8-a603-05dc7cd70162,assets\resources\import\2b\2bf44dda-e2b4-43e8-a603-05dc7cd70162.dfc0b.json
resources,dragonbones/dailyWinStreakState/everydaywin_ske,dragonBones.DragonBonesAsset,309c7c0b-e0eb-4c3d-bf52-73782401d763,assets\resources\import\30\309c7c0b-e0eb-4c3d-bf52-73782401d763.f1112.json
resources,dragonbones/dailyWinStreakState/everydaywin_tex,cc.SpriteFrame,222e4c6f-f98d-4423-95b8-75838b16e75f,assets\resources\import\22\222e4c6f-f98d-4423-95b8-75838b16e75f.72c1c.json
resources,dragonbones/dailyWinStreakState/everydaywin_tex,cc.Texture2D,e4ad4017-6fbb-4b54-88c3-fc40874e7cf2,assets\resources\import\e4\e4ad4017-6fbb-4b54-88c3-fc40874e7cf2.7871f.json
resources,dragonbones/dailyWinStreakState/everydaywin_tex,dragonBones.DragonBonesAtlasAsset,c661acfd-f0ca-414b-8815-9cf7d86dc5c7,assets\resources\import\c6\c661acfd-f0ca-414b-8815-9cf7d86dc5c7.1b439.json
resources,dragonbones/eliminate/xc_ske,dragonBones.DragonBonesAsset,855928d5-b6ec-4aae-980d-a681bc6ec1f1,assets\resources\import\85\855928d5-b6ec-4aae-980d-a681bc6ec1f1.279f7.json
resources,dragonbones/eliminate/xc_tex,cc.SpriteFrame,710f06e5-57ba-4a23-8152-9d18a80d8698,assets\resources\import\71\710f06e5-57ba-4a23-8152-9d18a80d8698.db4d1.json
resources,dragonbones/eliminate/xc_tex,cc.Texture2D,0e7006ef-c0f6-41df-b09e-fc67cf9e7166,assets\resources\import\0e\0e7006ef-c0f6-41df-b09e-fc67cf9e7166.7871f.json
resources,dragonbones/eliminate/xc_tex,dragonBones.DragonBonesAtlasAsset,7708f65a-44fd-48d2-a5ce-83e0dcf677e7,assets\resources\import\77\7708f65a-44fd-48d2-a5ce-83e0dcf677e7.1ac5a.json
resources,dragonbones/encourage/encourage_ske,dragonBones.DragonBonesAsset,05b8de7a-635c-4c4a-90d4-fbe5eca24f4c,assets\resources\import\05\05b8de7a-635c-4c4a-90d4-fbe5eca24f4c.3482d.json
resources,dragonbones/encourage/encourage_ske-lite,dragonBones.DragonBonesAsset,a8dfa1e6-eea6-45ad-9875-63efa652a5a2,assets\resources\import\a8\a8dfa1e6-eea6-45ad-9875-63efa652a5a2.41245.json
resources,dragonbones/encourage/encourage_tex,cc.SpriteFrame,4e838007-2aaf-4e67-b67c-297204e8d3fb,assets\resources\import\4e\4e838007-2aaf-4e67-b67c-297204e8d3fb.8147e.json
resources,dragonbones/encourage/encourage_tex,cc.Texture2D,d801c7a0-1b20-4280-b9f0-5b940335c960,assets\resources\import\d8\d801c7a0-1b20-4280-b9f0-5b940335c960.40ec8.json
resources,dragonbones/encourage/encourage_tex,dragonBones.DragonBonesAtlasAsset,03171e95-bd1a-4d04-b229-b05958bc8405,assets\resources\import\03\03171e95-bd1a-4d04-b229-b05958bc8405.7eb10.json
resources,dragonbones/encourage/encourage_tex-lite,cc.SpriteFrame,aebfc788-7118-4878-a186-67b14634964e,assets\resources\import\ae\aebfc788-7118-4878-a186-67b14634964e.a2e75.json
resources,dragonbones/encourage/encourage_tex-lite,cc.Texture2D,b4fe0a40-e3f5-4427-b966-4fd70520dd2b,assets\resources\import\b4\b4fe0a40-e3f5-4427-b966-4fd70520dd2b.7871f.json
resources,dragonbones/encourage/encourage_tex-lite,dragonBones.DragonBonesAtlasAsset,ea15021b-bf37-4108-9916-271e2a0e40a2,assets\resources\import\ea\ea15021b-bf37-4108-9916-271e2a0e40a2.d70fc.json
resources,dragonbones/encourage/trait/gameplay_dragonbone_word_ske,dragonBones.DragonBonesAsset,24e95510-7e35-45a5-9717-bf8d3cb445a2,assets\resources\import\24\24e95510-7e35-45a5-9717-bf8d3cb445a2.f556d.json
resources,dragonbones/encourage/trait/gameplay_dragonbone_word_tex,cc.SpriteFrame,61f31082-3606-4d9a-84ff-f7c5d81a0e88,assets\resources\import\61\61f31082-3606-4d9a-84ff-f7c5d81a0e88.5eb0c.json
resources,dragonbones/encourage/trait/gameplay_dragonbone_word_tex,cc.Texture2D,6d3852aa-84e8-4a30-9392-4d6bad213a61,assets\resources\import\6d\6d3852aa-84e8-4a30-9392-4d6bad213a61.7871f.json
resources,dragonbones/encourage/trait/gameplay_dragonbone_word_tex,dragonBones.DragonBonesAtlasAsset,f2ccf12f-ed7f-4c40-8449-40367989d993,assets\resources\import\f2\f2ccf12f-ed7f-4c40-8449-40367989d993.9bb34.json
resources,dragonbones/gamelobby/check_net_ske,dragonBones.DragonBonesAsset,13503c76-e03d-4fec-b2bb-2be288f3f8b2,assets\resources\import\13\13503c76-e03d-4fec-b2bb-2be288f3f8b2.53622.json
resources,dragonbones/gamelobby/check_net_tex,cc.SpriteFrame,3f49383e-c293-4320-9171-9d0ccbec794f,assets\resources\import\3f\3f49383e-c293-4320-9171-9d0ccbec794f.7891f.json
resources,dragonbones/gamelobby/check_net_tex,cc.Texture2D,45e70dcd-f02d-414d-8524-f2f93f0b9a6d,assets\resources\import\45\45e70dcd-f02d-414d-8524-f2f93f0b9a6d.7871f.json
resources,dragonbones/gamelobby/check_net_tex,dragonBones.DragonBonesAtlasAsset,9fd55076-eb60-40f4-af4f-ffcdb321ee5c,assets\resources\import\9f\9fd55076-eb60-40f4-af4f-ffcdb321ee5c.425b8.json
resources,dragonbones/gamelobby/icon_entrance_export_ske,dragonBones.DragonBonesAsset,2b7a4042-a7b6-48a1-b256-3e7565d22933,assets\resources\import\2b\2b7a4042-a7b6-48a1-b256-3e7565d22933.1b470.json
resources,dragonbones/gamelobby/icon_entrance_export_tex,cc.SpriteFrame,fef210b9-8823-491c-b424-3d838d410e8d,assets\resources\import\fe\fef210b9-8823-491c-b424-3d838d410e8d.a7c98.json
resources,dragonbones/gamelobby/icon_entrance_export_tex,cc.Texture2D,8223386b-239d-4525-9476-12fc51f44492,assets\resources\import\82\8223386b-239d-4525-9476-12fc51f44492.7871f.json
resources,dragonbones/gamelobby/icon_entrance_export_tex,dragonBones.DragonBonesAtlasAsset,967646dd-80e7-48ca-94ed-b8ec2eb4d2a6,assets\resources\import\96\967646dd-80e7-48ca-94ed-b8ec2eb4d2a6.54ae3.json
resources,dragonbones/gamelobby/loading_ske,dragonBones.DragonBonesAsset,292b68ed-775d-4fea-827c-61b2907fe5f5,assets\resources\import\29\292b68ed-775d-4fea-827c-61b2907fe5f5.a396c.json
resources,dragonbones/gamelobby/loading_tex,cc.SpriteFrame,6aa9c0ae-c357-4cf0-b954-27e942942a5c,assets\resources\import\6a\6aa9c0ae-c357-4cf0-b954-27e942942a5c.9329c.json
resources,dragonbones/gamelobby/loading_tex,cc.Texture2D,0000d22a-9524-4e3c-b836-e464f728ca4d,assets\resources\import\00\0000d22a-9524-4e3c-b836-e464f728ca4d.7871f.json
resources,dragonbones/gamelobby/loading_tex,dragonBones.DragonBonesAtlasAsset,850b4c8b-402b-4edf-abb1-f060d8d58169,assets\resources\import\85\850b4c8b-402b-4edf-abb1-f060d8d58169.5622b.json
resources,dragonbones/loading/startload_ske,dragonBones.DragonBonesAsset,a3612c38-d378-4922-8961-43754bd6ea03,assets\resources\import\a3\a3612c38-d378-4922-8961-43754bd6ea03.b9f01.json
resources,dragonbones/loading/startload_tex,cc.SpriteFrame,1121ed3b-8b66-4563-9bc4-8d74e05c43be,assets\resources\import\11\1121ed3b-8b66-4563-9bc4-8d74e05c43be.01ea9.json
resources,dragonbones/loading/startload_tex,cc.Texture2D,d805f9a8-1a52-4906-a288-bd854e3b2000,assets\resources\import\d8\d805f9a8-1a52-4906-a288-bd854e3b2000.40ec8.json
resources,dragonbones/loading/startload_tex,dragonBones.DragonBonesAtlasAsset,265e3f5d-33a5-4db4-86de-6f578dbc53c7,assets\resources\import\26\265e3f5d-33a5-4db4-86de-6f578dbc53c7.87807.json
resources,dragonbones/overRevive/result_Revive_arrow_ske,dragonBones.DragonBonesAsset,dfbd970e-dfc5-44ee-af94-0f717ed36ed3,assets\resources\import\df\dfbd970e-dfc5-44ee-af94-0f717ed36ed3.62152.json
resources,dragonbones/overRevive/result_Revive_arrow_tex,cc.SpriteFrame,89827065-fb28-4408-8a3b-23f57a1314af,assets\resources\import\89\89827065-fb28-4408-8a3b-23f57a1314af.f1053.json
resources,dragonbones/overRevive/result_Revive_arrow_tex,cc.Texture2D,97ea0603-e518-4aef-bd5e-bc5f4a23d835,assets\resources\import\97\97ea0603-e518-4aef-bd5e-bc5f4a23d835.7871f.json
resources,dragonbones/overRevive/result_Revive_arrow_tex,dragonBones.DragonBonesAtlasAsset,d968c51f-a587-4aeb-ba91-088f7cf74ea7,assets\resources\import\d9\d968c51f-a587-4aeb-ba91-088f7cf74ea7.8b22b.json
resources,dragonbones/overRevive/result_Revive_btn_ske,dragonBones.DragonBonesAsset,f5eba4eb-08b9-4188-bd0a-68a52f7edb25,assets\resources\import\f5\f5eba4eb-08b9-4188-bd0a-68a52f7edb25.0b12c.json
resources,dragonbones/overRevive/result_Revive_btn_tex,cc.SpriteFrame,ea13cdfb-ddc5-4a5a-9c5d-5327a6cae440,assets\resources\import\ea\ea13cdfb-ddc5-4a5a-9c5d-5327a6cae440.0b5aa.json
resources,dragonbones/overRevive/result_Revive_btn_tex,cc.Texture2D,6ee25b5f-b5a0-42d6-8913-2b35d8295ac4,assets\resources\import\6e\6ee25b5f-b5a0-42d6-8913-2b35d8295ac4.7871f.json
resources,dragonbones/overRevive/result_Revive_btn_tex,dragonBones.DragonBonesAtlasAsset,13a64d08-06bb-41b8-a9af-dc6ee1850f2d,assets\resources\import\13\13a64d08-06bb-41b8-a9af-dc6ee1850f2d.c30b2.json
resources,dragonbones/overRevive/result_Revive_ske,dragonBones.DragonBonesAsset,fdae7dc0-dbfc-42be-bfba-6c49acf1a8d9,assets\resources\import\fd\fdae7dc0-dbfc-42be-bfba-6c49acf1a8d9.777f0.json
resources,dragonbones/overRevive/result_Revive_tex,cc.SpriteFrame,acf49fa9-c1c5-4c05-acc0-7edc23585443,assets\resources\import\ac\acf49fa9-c1c5-4c05-acc0-7edc23585443.a1fd6.json
resources,dragonbones/overRevive/result_Revive_tex,cc.Texture2D,547ea760-8dcf-43e2-903a-b0d69d140280,assets\resources\import\54\547ea760-8dcf-43e2-903a-b0d69d140280.7871f.json
resources,dragonbones/overRevive/result_Revive_tex,dragonBones.DragonBonesAtlasAsset,71008b31-3bed-4c16-b6f4-4bba311975e8,assets\resources\import\71\71008b31-3bed-4c16-b6f4-4bba311975e8.68048.json
resources,dragonbones/revive/btn/shipinbt_ske,dragonBones.DragonBonesAsset,b18c0f65-2415-4e08-b6a9-ce7baf19ab6f,assets\resources\import\b1\b18c0f65-2415-4e08-b6a9-ce7baf19ab6f.32782.json
resources,dragonbones/revive/btn/shipinbt_tex,cc.SpriteFrame,c3738e71-034d-4dd8-8889-0726f41d090e,assets\resources\import\c3\c3738e71-034d-4dd8-8889-0726f41d090e.53c5c.json
resources,dragonbones/revive/btn/shipinbt_tex,cc.Texture2D,6ff6c940-2229-4b54-83fa-6dc04350e9b0,assets\resources\import\6f\6ff6c940-2229-4b54-83fa-6dc04350e9b0.7871f.json
resources,dragonbones/revive/btn/shipinbt_tex,dragonBones.DragonBonesAtlasAsset,c80aba80-df99-4841-a224-527693712b8a,assets\resources\import\c8\c80aba80-df99-4841-a224-527693712b8a.e5926.json
resources,dragonbones/revive/num/fuhuoshuzi_ske,dragonBones.DragonBonesAsset,fd1b5423-4f7d-4651-a3d5-9538b2722dca,assets\resources\import\fd\fd1b5423-4f7d-4651-a3d5-9538b2722dca.8b2d1.json
resources,dragonbones/revive/num/fuhuoshuzi_tex,cc.SpriteFrame,cc3a08ea-af63-4b31-930f-f61d93b04e74,assets\resources\import\cc\cc3a08ea-af63-4b31-930f-f61d93b04e74.10da8.json
resources,dragonbones/revive/num/fuhuoshuzi_tex,cc.Texture2D,b76a60ae-ba0c-4fab-a8e9-6e1684e3c23c,assets\resources\import\b7\b76a60ae-ba0c-4fab-a8e9-6e1684e3c23c.7871f.json
resources,dragonbones/revive/num/fuhuoshuzi_tex,dragonBones.DragonBonesAtlasAsset,6ba6300d-2cf3-4f81-85d1-9a084eb60206,assets\resources\import\6b\6ba6300d-2cf3-4f81-85d1-9a084eb60206.7d838.json
resources,dragonbones/sand/sandCrush_main_btn_light,cc.Asset,e21ae5e5-8dc6-40fd-a83b-29c1746f0be0,assets\resources\import\e2\e21ae5e5-8dc6-40fd-a83b-29c1746f0be0.fde6d.json
resources,dragonbones/sand/sandCrush_main_btn_light,cc.SpriteFrame,1583685a-5437-499b-b2b3-b00c0b61e309,assets\resources\import\15\1583685a-5437-499b-b2b3-b00c0b61e309.e1be0.json
resources,dragonbones/sand/sandCrush_main_btn_light,cc.Texture2D,56e5a00e-9293-4306-8862-4106df653a6d,assets\resources\import\56\56e5a00e-9293-4306-8862-4106df653a6d.7871f.json
resources,dragonbones/sand/sandCrush_main_btn_light,sp.SkeletonData,1186b80a-726d-4934-b325-c5ddfe9175f8,assets\resources\import\11\1186b80a-726d-4934-b325-c5ddfe9175f8.b2735.json
resources,dragonbones/skin/comboHeart/gameplay_comboTips_model_ske,dragonBones.DragonBonesAsset,bcde4d43-6471-44f2-aaa7-b64a810257d3,assets\resources\import\bc\bcde4d43-6471-44f2-aaa7-b64a810257d3.451f7.json
resources,dragonbones/skin/comboHeart/gameplay_comboTips_model_tex,cc.SpriteFrame,7da64615-c5bf-4892-8417-3b1d71944ec8,assets\resources\import\7d\7da64615-c5bf-4892-8417-3b1d71944ec8.0a89b.json
resources,dragonbones/skin/comboHeart/gameplay_comboTips_model_tex,cc.Texture2D,36e9f62e-a1dc-4f8d-981b-d544341b07c3,assets\resources\import\36\36e9f62e-a1dc-4f8d-981b-d544341b07c3.7871f.json
resources,dragonbones/skin/comboHeart/gameplay_comboTips_model_tex,dragonBones.DragonBonesAtlasAsset,a4ac735b-a90a-4ab5-aec7-7534c54817d5,assets\resources\import\a4\a4ac735b-a90a-4ab5-aec7-7534c54817d5.02ab7.json
resources,dragonbones/skin/eliminate/gameplay_eliminate_model_ske,dragonBones.DragonBonesAsset,f862d5ed-71fb-4b50-a931-4d9262feaadd,assets\resources\import\f8\f862d5ed-71fb-4b50-a931-4d9262feaadd.9d14c.json
resources,dragonbones/skin/eliminate/gameplay_eliminate_model_tex,cc.SpriteFrame,f474621f-c17f-4955-a6c8-55403482f9f9,assets\resources\import\f4\f474621f-c17f-4955-a6c8-55403482f9f9.578a9.json
resources,dragonbones/skin/eliminate/gameplay_eliminate_model_tex,cc.Texture2D,d633bebb-2718-4e6e-99fe-ce590ec425a1,assets\resources\import\d6\d633bebb-2718-4e6e-99fe-ce590ec425a1.7871f.json
resources,dragonbones/skin/eliminate/gameplay_eliminate_model_tex,dragonBones.DragonBonesAtlasAsset,9f5281c3-1123-4bf0-ad0f-2c3097607ca2,assets\resources\import\9f\9f5281c3-1123-4bf0-ad0f-2c3097607ca2.9747d.json
resources,dragonbones/skin/encourage/gameplay_encourage_model_ske,dragonBones.DragonBonesAsset,41505765-58c6-4fa1-9a95-fe9016469998,assets\resources\import\41\41505765-58c6-4fa1-9a95-fe9016469998.e1d17.json
resources,dragonbones/skin/encourage/gameplay_encourage_model_tex,cc.SpriteFrame,e9291034-f9e7-48b1-b4cf-2e2dc52f1c86,assets\resources\import\e9\e9291034-f9e7-48b1-b4cf-2e2dc52f1c86.2d8e4.json
resources,dragonbones/skin/encourage/gameplay_encourage_model_tex,cc.Texture2D,d67fd260-ff54-4c65-a76e-008f48347755,assets\resources\import\d6\d67fd260-ff54-4c65-a76e-008f48347755.7871f.json
resources,dragonbones/skin/encourage/gameplay_encourage_model_tex,dragonBones.DragonBonesAtlasAsset,a146c40d-1b78-41b1-86dd-61c6e8fb9db2,assets\resources\import\a1\a146c40d-1b78-41b1-86dd-61c6e8fb9db2.ad3c0.json
resources,dragonbones/touchEffect/gameclick_ske,dragonBones.DragonBonesAsset,5f176164-02fe-499c-a18b-559074a80a7e,assets\resources\import\5f\5f176164-02fe-499c-a18b-559074a80a7e.53284.json
resources,dragonbones/touchEffect/gameclick_tex,cc.SpriteFrame,4dc19a3f-d2ab-4558-a202-7a8eae542445,assets\resources\import\4d\4dc19a3f-d2ab-4558-a202-7a8eae542445.c0498.json
resources,dragonbones/touchEffect/gameclick_tex,cc.Texture2D,92e83f00-15b8-4e19-9071-8da5f68e1008,assets\resources\import\92\92e83f00-15b8-4e19-9071-8da5f68e1008.7871f.json
resources,dragonbones/touchEffect/gameclick_tex,dragonBones.DragonBonesAtlasAsset,79c910a4-2887-4794-935b-d68afb2b6291,assets\resources\import\79\79c910a4-2887-4794-935b-d68afb2b6291.8a4d2.json
resources,fonts/achievement/Use Font,cc.TTFFont,9f75bf18-4423-49db-98bd-0f963d572bd9,assets\resources\import\9f\9f75bf18-4423-49db-98bd-0f963d572bd9.06d69.json
resources,fonts/comboScoreTip/isOpenMotivatorCombo/num_1,cc.BitmapFont,e08a1ead-db8a-452f-9c02-2479f88dda69,assets\resources\import\e0\e08a1ead-db8a-452f-9c02-2479f88dda69.292f1.json
resources,fonts/comboScoreTip/isOpenMotivatorCombo/num_2,cc.BitmapFont,22c7976a-f7cf-458d-945d-25607e7e6b43,assets\resources\import\22\22c7976a-f7cf-458d-945d-25607e7e6b43.87cda.json
resources,fonts/comboScoreTip/isOpenMotivatorCombo/num_3,cc.BitmapFont,a46f1f52-8378-478a-999a-031af3a95258,assets\resources\import\a4\a46f1f52-8378-478a-999a-031af3a95258.670f7.json
resources,fonts/comboScoreTip/isOpenMotivatorCombo/num_4,cc.BitmapFont,6cf84a9b-d27e-4872-9829-fb2711fbed85,assets\resources\import\6c\6cf84a9b-d27e-4872-9829-fb2711fbed85.6b10b.json
resources,fonts/comboScoreTip/isOpenMotivatorCombo/num_5,cc.BitmapFont,f15df4b7-7e73-42e8-8d8a-39aa7f9b883e,assets\resources\import\f1\f15df4b7-7e73-42e8-8d8a-39aa7f9b883e.088a5.json
resources,fonts/comboScoreTip/isOpenMotivatorCombo/num_6,cc.BitmapFont,56811f63-40cc-4384-9d60-f0d5a818014e,assets\resources\import\56\56811f63-40cc-4384-9d60-f0d5a818014e.29454.json
resources,fonts/comboScoreTip/isOpenMotivatorCombo/num_7,cc.BitmapFont,abed2137-88e7-4019-a089-12d7ba0eb96c,assets\resources\import\ab\abed2137-88e7-4019-a089-12d7ba0eb96c.99b54.json
resources,fonts/comboScoreTip/isOpenMotivatorCombo/num_Yellow,cc.SpriteFrame,78a60bd7-dea2-4cca-9047-3cf86a8803a3,assets\resources\import\78\78a60bd7-dea2-4cca-9047-3cf86a8803a3.6fd8b.json
resources,fonts/comboScoreTip/isOpenMotivatorCombo/num_Yellow,cc.Texture2D,42ec75f5-3c27-4560-9e4a-b502d765a3f9,assets\resources\import\42\42ec75f5-3c27-4560-9e4a-b502d765a3f9.7871f.json
resources,fonts/comboScoreTip/isOpenMotivatorCombo/num_blue,cc.SpriteFrame,22b28a57-e6c9-40cf-aa47-6bc3ffa2cfaa,assets\resources\import\22\22b28a57-e6c9-40cf-aa47-6bc3ffa2cfaa.5df53.json
resources,fonts/comboScoreTip/isOpenMotivatorCombo/num_blue,cc.Texture2D,50d0e58a-cbe1-4d8e-92b3-1d68c15631eb,assets\resources\import\50\50d0e58a-cbe1-4d8e-92b3-1d68c15631eb.7871f.json
resources,fonts/comboScoreTip/isOpenMotivatorCombo/num_cyan,cc.SpriteFrame,c18214b6-0369-48e1-93a6-138c60664e03,assets\resources\import\c1\c18214b6-0369-48e1-93a6-138c60664e03.40d91.json
resources,fonts/comboScoreTip/isOpenMotivatorCombo/num_cyan,cc.Texture2D,f8fe24e8-cae1-4e6a-a11d-104f07ac3ef6,assets\resources\import\f8\f8fe24e8-cae1-4e6a-a11d-104f07ac3ef6.7871f.json
resources,fonts/comboScoreTip/isOpenMotivatorCombo/num_green,cc.SpriteFrame,50bd3457-3c83-4f93-959f-7db985170fa8,assets\resources\import\50\50bd3457-3c83-4f93-959f-7db985170fa8.eeb4b.json
resources,fonts/comboScoreTip/isOpenMotivatorCombo/num_green,cc.Texture2D,ffec0d36-4f74-4b23-a8ed-c7518aed29cc,assets\resources\import\ff\ffec0d36-4f74-4b23-a8ed-c7518aed29cc.7871f.json
resources,fonts/comboScoreTip/isOpenMotivatorCombo/num_orange,cc.SpriteFrame,91da9a66-59ec-4203-90ad-c3041a85c691,assets\resources\import\91\91da9a66-59ec-4203-90ad-c3041a85c691.6a10e.json
resources,fonts/comboScoreTip/isOpenMotivatorCombo/num_orange,cc.Texture2D,a686eeb1-6731-4c81-8cee-4ac930f464c6,assets\resources\import\a6\a686eeb1-6731-4c81-8cee-4ac930f464c6.7871f.json
resources,fonts/comboScoreTip/isOpenMotivatorCombo/num_purple,cc.SpriteFrame,363b875c-8fcf-481c-b3b8-d14c7d6a3fb5,assets\resources\import\36\363b875c-8fcf-481c-b3b8-d14c7d6a3fb5.121b3.json
resources,fonts/comboScoreTip/isOpenMotivatorCombo/num_purple,cc.Texture2D,62fa1350-c51f-41aa-ad7b-acc2c2395b3c,assets\resources\import\62\62fa1350-c51f-41aa-ad7b-acc2c2395b3c.7871f.json
resources,fonts/comboScoreTip/isOpenMotivatorCombo/num_red,cc.SpriteFrame,28867b0d-a397-4767-8e30-d45bd68e7fa1,assets\resources\import\28\28867b0d-a397-4767-8e30-d45bd68e7fa1.5b7b7.json
resources,fonts/comboScoreTip/isOpenMotivatorCombo/num_red,cc.Texture2D,e789bdde-20f7-4458-bd40-fdc8ea3d4824,assets\resources\import\e7\e789bdde-20f7-4458-bd40-fdc8ea3d4824.7871f.json
resources,fonts/comboScoreTip/scoreTip1,cc.BitmapFont,c0638d77-5cb3-44ba-a9bf-51489c1da6c5,assets\resources\import\c0\c0638d77-5cb3-44ba-a9bf-51489c1da6c5.731d1.json
resources,fonts/comboScoreTip/scoreTip1,cc.SpriteFrame,ae96c31f-d5dc-4e52-b574-76d88244d05d,assets\resources\import\ae\ae96c31f-d5dc-4e52-b574-76d88244d05d.c2599.json
resources,fonts/comboScoreTip/scoreTip1,cc.Texture2D,73b2548c-7276-4336-823a-239d37e9d58e,assets\resources\import\73\73b2548c-7276-4336-823a-239d37e9d58e.40ec8.json
resources,fonts/comboScoreTip/scoreTip2,cc.BitmapFont,d8d3b19b-f259-4e84-8633-cfeb38ac5817,assets\resources\import\d8\d8d3b19b-f259-4e84-8633-cfeb38ac5817.55ce1.json
resources,fonts/comboScoreTip/scoreTip2,cc.SpriteFrame,5a8b3a14-75cf-4246-9c09-0abf81a502ab,assets\resources\import\5a\5a8b3a14-75cf-4246-9c09-0abf81a502ab.e6056.json
resources,fonts/comboScoreTip/scoreTip2,cc.Texture2D,78f59207-e4fe-4946-bd8e-060e6017b1ff,assets\resources\import\78\78f59207-e4fe-4946-bd8e-060e6017b1ff.40ec8.json
resources,fonts/commonFont/common_num_normal,cc.BitmapFont,6de793ee-ea81-4e37-abc7-53629153d644,assets\resources\import\6d\6de793ee-ea81-4e37-abc7-53629153d644.e04d1.json
resources,fonts/commonFont/common_num_normal,cc.SpriteFrame,7ddb378c-e098-4ca4-b712-d9225cf16219,assets\resources\import\7d\7ddb378c-e098-4ca4-b712-d9225cf16219.67fd8.json
resources,fonts/commonFont/common_num_normal,cc.Texture2D,4935280a-4c2f-416e-8776-d00a2a94b967,assets\resources\import\49\4935280a-4c2f-416e-8776-d00a2a94b967.7871f.json
resources,fonts/commonFont/common_num_special,cc.BitmapFont,8639a1e3-f274-4d6a-9125-0d452b3116ef,assets\resources\import\86\8639a1e3-f274-4d6a-9125-0d452b3116ef.52ace.json
resources,fonts/commonFont/common_num_special,cc.SpriteFrame,55fda56a-3eaf-43bf-a084-06a246444a59,assets\resources\import\55\55fda56a-3eaf-43bf-a084-06a246444a59.e2c0f.json
resources,fonts/commonFont/common_num_special,cc.Texture2D,ca5b92c0-6cd5-4eda-927d-b0ff202d5f37,assets\resources\import\ca\ca5b92c0-6cd5-4eda-927d-b0ff202d5f37.7871f.json
resources,fonts/dailyWinStreakState/num_DailyVictory,cc.BitmapFont,e44869bd-eb64-46eb-88f4-0f90049e67e3,assets\resources\import\e4\e44869bd-eb64-46eb-88f4-0f90049e67e3.c9cd0.json
resources,fonts/dailyWinStreakState/num_DailyVictory,cc.SpriteFrame,d358d72c-6a59-43c0-ac00-b18af70f1b9d,assets\resources\import\d3\d358d72c-6a59-43c0-ac00-b18af70f1b9d.21abe.json
resources,fonts/dailyWinStreakState/num_DailyVictory,cc.Texture2D,6d3aa142-629c-463a-98e9-5071994f6642,assets\resources\import\6d\6d3aa142-629c-463a-98e9-5071994f6642.7871f.json
resources,fonts/gameOver/typefaceover1,cc.BitmapFont,5af460f1-eed9-4881-b5e7-f9d8d240e8a2,assets\resources\import\5a\5af460f1-eed9-4881-b5e7-f9d8d240e8a2.66a72.json
resources,fonts/gameOver/typefaceover1,cc.SpriteFrame,051f180a-321c-4877-b3f6-f5f3254672e5,assets\resources\import\05\051f180a-321c-4877-b3f6-f5f3254672e5.dec17.json
resources,fonts/gameOver/typefaceover1,cc.Texture2D,cade4efe-df89-4fa2-859c-7f1f0f9d56c8,assets\resources\import\ca\cade4efe-df89-4fa2-859c-7f1f0f9d56c8.7871f.json
resources,fonts/goal/typefacehigh,cc.BitmapFont,a60dfdaf-1655-4911-a37c-425b9552dc35,assets\resources\import\a6\a60dfdaf-1655-4911-a37c-425b9552dc35.a8f8f.json
resources,fonts/goal/typefacehigh,cc.SpriteFrame,7ae74db0-c63d-4df0-ab89-fdfc223d183a,assets\resources\import\7a\7ae74db0-c63d-4df0-ab89-fdfc223d183a.ab394.json
resources,fonts/goal/typefacehigh,cc.Texture2D,6e60314f-c6fe-4bbd-8ef5-0d446b61c400,assets\resources\import\6e\6e60314f-c6fe-4bbd-8ef5-0d446b61c400.7871f.json
resources,fonts/skin/score/gameplay_num_score,cc.BitmapFont,fb11962d-437a-4ec2-b8b5-1b18448fe6f7,assets\resources\import\fb\fb11962d-437a-4ec2-b8b5-1b18448fe6f7.89fde.json
resources,fonts/skin/score/gameplay_num_score,cc.SpriteFrame,9198e573-803a-4d5a-aaf6-9fde87c09014,assets\resources\import\91\9198e573-803a-4d5a-aaf6-9fde87c09014.36bcc.json
resources,fonts/skin/score/gameplay_num_score,cc.Texture2D,95cf089b-6700-4494-9ee2-6a571dd31c95,assets\resources\import\95\95cf089b-6700-4494-9ee2-6a571dd31c95.91de0.json
resources,fonts/skin/score/typefacecurrent,cc.BitmapFont,613b972e-1ea1-4cc2-970e-01026409f09a,assets\resources\import\61\613b972e-1ea1-4cc2-970e-01026409f09a.ac905.json
resources,fonts/skin/score/typefacecurrent,cc.SpriteFrame,e072d6f5-16f1-4827-81c8-10d1ea0b20c7,assets\resources\import\e0\e072d6f5-16f1-4827-81c8-10d1ea0b20c7.9e637.json
resources,fonts/skin/score/typefacecurrent,cc.Texture2D,f7393e19-529b-42c0-b842-a49e0345f845,assets\resources\import\f7\f7393e19-529b-42c0-b842-a49e0345f845.7871f.json
resources,lang/configs/multiLangConfig,cc.JsonAsset,5986e7ac-2f01-44cb-b55c-f0502433aff2,assets\resources\import\59\5986e7ac-2f01-44cb-b55c-f0502433aff2.6a0ec.json
resources,materials/saturation/saturation-bg-effect,cc.EffectAsset,def71832-9b81-4192-9da2-78e9740ff3a3,assets\resources\import\de\def71832-9b81-4192-9da2-78e9740ff3a3.de0ba.json
resources,materials/saturation/saturation-bg-materials,cc.Material,1a535e9f-f3a0-4ea5-b939-0c4ed632f53b,assets\resources\import\1a\1a535e9f-f3a0-4ea5-b939-0c4ed632f53b.66668.json
resources,materials/saturation/saturation-effect,cc.EffectAsset,ad8b9e4d-a6d8-4da6-986c-f9427489dd88,assets\resources\import\ad\ad8b9e4d-a6d8-4da6-986c-f9427489dd88.39390.json
resources,materials/saturation/saturation-effect-materials,cc.Material,5fe96152-7ba3-4a84-a688-d05a6b5b7208,assets\resources\import\5f\5fe96152-7ba3-4a84-a688-d05a6b5b7208.91ae1.json
resources,prefabs/NoSignal/NoSignal,cc.Prefab,3ee73e89-2f49-4e3e-ad42-40593c97ddf3,assets\resources\import\3e\3ee73e89-2f49-4e3e-ad42-40593c97ddf3.0fbfd.json
resources,prefabs/account/GPSetupBtnItem,cc.Prefab,e525926d-f85c-48d2-95f4-04e08dafa229,assets\resources\import\e5\e525926d-f85c-48d2-95f4-04e08dafa229.73a02.json
resources,prefabs/account/IOSSetUpBtnItem,cc.Prefab,683ee705-e005-4a7c-ade5-8df53d74038b,assets\resources\import\68\683ee705-e005-4a7c-ade5-8df53d74038b.d7b0c.json
resources,prefabs/account/LoginResultAlert,cc.Prefab,747c2829-7d42-4e45-aee4-e45581709522,assets\resources\import\74\747c2829-7d42-4e45-aee4-e45581709522.ce67d.json
resources,prefabs/account/MainHeadInfo,cc.Prefab,0f446910-ab81-4558-9368-60c257d89cee,assets\resources\import\0f\0f446910-ab81-4558-9368-60c257d89cee.8df84.json
resources,prefabs/account/PlayerInfo,cc.Prefab,e2b23b9d-4e0d-45f0-8dda-20b4e5c55d0c,assets\resources\import\e2\e2b23b9d-4e0d-45f0-8dda-20b4e5c55d0c.daec6.json
resources,prefabs/account/SelectInfo,cc.Prefab,e64cbf27-7bbd-4a64-903e-5efbe863d938,assets\resources\import\e6\e64cbf27-7bbd-4a64-903e-5efbe863d938.dffe4.json
resources,prefabs/account/SureAlert,cc.Prefab,d86e3d32-3f8b-46f3-add4-f0da4256cfd9,assets\resources\import\d8\d86e3d32-3f8b-46f3-add4-f0da4256cfd9.39476.json
resources,prefabs/account/signinBtnItem,cc.Prefab,7bad0941-e1f4-4913-bac7-b995c77e4018,assets\resources\import\7b\7bad0941-e1f4-4913-bac7-b995c77e4018.7edd2.json
resources,prefabs/account/signoutBtnItem,cc.Prefab,7b266acf-5ba6-4238-a605-a205777372b4,assets\resources\import\7b\7b266acf-5ba6-4238-a605-a205777372b4.04098.json
resources,prefabs/achievement/Achievement_Awards_Item,cc.Prefab,1476b699-78c7-406d-9904-274082152ff2,assets\resources\import\14\1476b699-78c7-406d-9904-274082152ff2.e7c22.json
resources,prefabs/achievement/Achievement_Awards_item_Icon,cc.Prefab,6d49d1b5-f428-4aa3-a15a-9e1d0e276bb6,assets\resources\import\6d\6d49d1b5-f428-4aa3-a15a-9e1d0e276bb6.8eb6e.json
resources,prefabs/achievement/Achievement_Detail,cc.Prefab,914d79e7-c59a-4b18-bd46-96de11714ab4,assets\resources\import\91\914d79e7-c59a-4b18-bd46-96de11714ab4.597f2.json
resources,prefabs/achievement/Achievement_Entrance,cc.Prefab,c859fccf-7b05-4211-b255-c5511e3dead4,assets\resources\import\c8\c859fccf-7b05-4211-b255-c5511e3dead4.f8061.json
resources,prefabs/achievement/Achievement_Main,cc.Prefab,b479f8c1-49ec-4d0d-8154-bf20ace18f98,assets\resources\import\b4\b479f8c1-49ec-4d0d-8154-bf20ace18f98.3a6ae.json
resources,prefabs/achievement/Achievement_Statistics_Item,cc.Prefab,1fbffeb1-e265-49ad-a19d-41bebe4cb6f2,assets\resources\import\1f\1fbffeb1-e265-49ad-a19d-41bebe4cb6f2.9eb31.json
resources,prefabs/achievement/Achievement_Statistics_Item_Bg,cc.Prefab,3c178b28-6442-41cd-821f-d979d3f8095a,assets\resources\import\3c\3c178b28-6442-41cd-821f-d979d3f8095a.e72a2.json
resources,prefabs/alert/Alert,cc.Prefab,5dc64423-670a-4a4d-9fd4-c7cae57440c5,assets\resources\import\5d\5dc64423-670a-4a4d-9fd4-c7cae57440c5.a9afc.json
resources,prefabs/block/Block,cc.Prefab,34883db9-0580-40c1-bc1a-b7273b06fa54,assets\resources\import\34\34883db9-0580-40c1-bc1a-b7273b06fa54.56640.json
resources,prefabs/blockProducer/BlockProducer,cc.Prefab,d7fbb2c3-8ae2-4629-befe-950a8cb29a97,assets\resources\import\d7\d7fbb2c3-8ae2-4629-befe-950a8cb29a97.9a5f1.json
resources,prefabs/blockProducer/BlockProducerItem,cc.Prefab,cc703776-0593-446c-ae13-a7ccb69ed0d2,assets\resources\import\cc\cc703776-0593-446c-ae13-a7ccb69ed0d2.d91b9.json
resources,prefabs/blockProducer/BlockProducerItemShowEffect,cc.Prefab,2812f914-6cda-4fe5-ae9b-c7cada622964,assets\resources\import\28\2812f914-6cda-4fe5-ae9b-c7cada622964.c5bb3.json
resources,prefabs/blockProducer/ShowItem3,cc.Prefab,6b9cd9fb-2260-4549-9157-5574d7e0005c,assets\resources\import\6b\6b9cd9fb-2260-4549-9157-5574d7e0005c.4f289.json
resources,prefabs/board/Board,cc.Prefab,d0da6e40-6a57-48ca-9944-754a30d2ff70,assets\resources\import\d0\d0da6e40-6a57-48ca-9944-754a30d2ff70.f3ddb.json
resources,prefabs/board/RightPutPerfect,cc.Prefab,5b9123f9-9059-43a1-9891-f74209ab1e51,assets\resources\import\5b\5b9123f9-9059-43a1-9891-f74209ab1e51.4a7e4.json
resources,prefabs/combo/ComboBase,cc.Prefab,b68fc280-9b0e-4230-9f7e-fe2bf98e8fd7,assets\resources\import\b6\b68fc280-9b0e-4230-9f7e-fe2bf98e8fd7.b0429.json
resources,prefabs/comboScoreTip/ComboScoreIosTip,cc.Prefab,d3ee8783-664d-4ae7-82aa-1244dc82bce8,assets\resources\import\d3\d3ee8783-664d-4ae7-82aa-1244dc82bce8.92461.json
resources,prefabs/comboScoreTip/ComboScoreTip,cc.Prefab,fa2db7f9-48b7-40b3-963a-7d9b1f0c34a3,assets\resources\import\fa\fa2db7f9-48b7-40b3-963a-7d9b1f0c34a3.1fc16.json
resources,prefabs/commentSkin/commentSkin,cc.Prefab,0d67f4e2-2bd4-413e-9547-6fc3ba8f980b,assets\resources\import\0d\0d67f4e2-2bd4-413e-9547-6fc3ba8f980b.fad79.json
resources,prefabs/dailyWinStreakState/DailyWinStreakState,cc.Prefab,00f40321-9bd8-4538-a40a-2f60d5b818ab,assets\resources\import\00\00f40321-9bd8-4538-a40a-2f60d5b818ab.6cdc3.json
resources,prefabs/encourage/Encourage,cc.Prefab,b2a9aa97-f3ca-4633-95a7-e6e6ea0816aa,assets\resources\import\b2\b2a9aa97-f3ca-4633-95a7-e6e6ea0816aa.bb96b.json
resources,prefabs/encourage/trait/EncourageReplaceGood,cc.Prefab,3898d6c7-4d6a-407e-85cc-d3be801aba8c,assets\resources\import\38\3898d6c7-4d6a-407e-85cc-d3be801aba8c.9d7c8.json
resources,prefabs/game/GoOnGame,cc.Prefab,ec0b1594-7e26-4729-b878-a8323651178d,assets\resources\import\ec\ec0b1594-7e26-4729-b878-a8323651178d.58b5d.json
resources,prefabs/game/NoSpace,cc.Prefab,f837c0bd-565d-4d95-9bab-7776cf685919,assets\resources\import\f8\f837c0bd-565d-4d95-9bab-7776cf685919.80d39.json
resources,prefabs/gamelobby/GLHallMoreGamesPopupItem,cc.Prefab,570a4972-65dc-44a5-b530-0be51437b090,assets\resources\import\57\570a4972-65dc-44a5-b530-0be51437b090.44267.json
resources,prefabs/gamelobby/GLHallMoreGamesPopupView,cc.Prefab,46895d7d-18dc-4c71-87e8-8bf7ac6adf4b,assets\resources\import\46\46895d7d-18dc-4c71-87e8-8bf7ac6adf4b.00b2d.json
resources,prefabs/gamelobby/GameLobbyAddMoreGame,cc.Prefab,14de8c97-415e-45c3-8a1e-2f05c1acba44,assets\resources\import\14\14de8c97-415e-45c3-8a1e-2f05c1acba44.77bfc.json
resources,prefabs/gamelobby/GameLobbyEntry,cc.Prefab,99a361bd-4cd6-4970-b1f9-7027e884c8cb,assets\resources\import\99\99a361bd-4cd6-4970-b1f9-7027e884c8cb.aeb1a.json
resources,prefabs/gamelobby/GameLobbyMainView,cc.Prefab,40231502-a1e0-49ee-acae-6d08f461217d,assets\resources\import\40\40231502-a1e0-49ee-acae-6d08f461217d.fc436.json
resources,prefabs/homePage/homePage,cc.Prefab,c7352794-f399-4540-bf93-52bdcba5cfc7,assets\resources\import\c7\c7352794-f399-4540-bf93-52bdcba5cfc7.60882.json
resources,prefabs/homePage/homePageMoreGameLoading,cc.Prefab,08ecb6e7-1713-4764-adac-57c5c08deded,assets\resources\import\08\08ecb6e7-1713-4764-adac-57c5c08deded.ea3a5.json
resources,prefabs/homePage/modeChoiceJourneyBtnTimer,cc.Prefab,725dd09c-3d73-4b81-a0fa-9fbc2c2981a0,assets\resources\import\72\725dd09c-3d73-4b81-a0fa-9fbc2c2981a0.a3fec.json
resources,prefabs/homePage/tripCountdown,cc.Prefab,0e202061-3309-40c6-a9f2-6f924d2d1d2a,assets\resources\import\0e\0e202061-3309-40c6-a9f2-6f924d2d1d2a.78372.json
resources,prefabs/internalReferral/PromotionMoreGamesInBlockCtrl,cc.Prefab,0d617f57-b23a-4950-87c8-4b33a05550e9,assets\resources\import\0d\0d617f57-b23a-4950-87c8-4b33a05550e9.584ed.json
resources,prefabs/iosSetUp/iosSetUpItem,cc.Prefab,0970d9b5-1447-49ce-a729-83a97b2c3477,assets\resources\import\09\0970d9b5-1447-49ce-a729-83a97b2c3477.43a2f.json
resources,prefabs/iosSetUp/iosSetup,cc.Prefab,954b8cce-bda5-47a4-919e-d81c89f32225,assets\resources\import\95\954b8cce-bda5-47a4-919e-d81c89f32225.86329.json
resources,prefabs/ipa/common/IpaPreCommonLoading,cc.Prefab,16026cc9-ed7d-4829-a48e-953ebcbd00b8,assets\resources\import\16\16026cc9-ed7d-4829-a48e-953ebcbd00b8.bc91f.json
resources,prefabs/ipa/removeAd/IpaAgreeLabel,cc.Prefab,0ba5cd62-5475-476a-adeb-a08cc34b8e65,assets\resources\import\0b\0ba5cd62-5475-476a-adeb-a08cc34b8e65.699b4.json
resources,prefabs/ipa/removeAd/IpaPreRemoveAdExpire,cc.Prefab,5ae36f18-1e43-4fd2-a368-60fb3a2443df,assets\resources\import\5a\5ae36f18-1e43-4fd2-a368-60fb3a2443df.6d7b9.json
resources,prefabs/ipa/removeAd/IpaPreRemoveAdIntroduce,cc.Prefab,403a552d-252c-4863-ad4a-afd34c9c0bea,assets\resources\import\40\403a552d-252c-4863-ad4a-afd34c9c0bea.bebec.json
resources,prefabs/ipa/removeAd/IpaPreRemoveAdLoadingFailed,cc.Prefab,ba722c20-6bbe-4917-bb02-dbd57cc676d9,assets\resources\import\ba\ba722c20-6bbe-4917-bb02-dbd57cc676d9.3f776.json
resources,prefabs/ipa/removeAd/IpaPreRemoveAdMain,cc.Prefab,5a7e2ed9-b281-47e0-8bd8-3d43bcb5a1fa,assets\resources\import\5a\5a7e2ed9-b281-47e0-8bd8-3d43bcb5a1fa.b5df7.json
resources,prefabs/ipa/removeAd/IpaPreRemoveAdNoNet,cc.Prefab,4bacf0cc-9e2c-4f2b-88be-599bb5c6511e,assets\resources\import\4b\4bacf0cc-9e2c-4f2b-88be-599bb5c6511e.f59b6.json
resources,prefabs/ipa/removeAd/IpaPreRemoveAdPaymentFailed,cc.Prefab,b240c373-e952-4ed3-b646-e71079140645,assets\resources\import\b2\b240c373-e952-4ed3-b646-e71079140645.560d2.json
resources,prefabs/ipa/removeAd/IpaPreRemoveAdPaymentSuccess,cc.Prefab,b91bba17-3d77-4ace-81c4-2abc5f65dbfa,assets\resources\import\b9\b91bba17-3d77-4ace-81c4-2abc5f65dbfa.bf5fd.json
resources,prefabs/ipa/removeAd/IpaPreRemoveAdPopTip,cc.Prefab,896d6a58-f285-4189-a2bc-ae3c068e1e06,assets\resources\import\89\896d6a58-f285-4189-a2bc-ae3c068e1e06.3bcee.json
resources,prefabs/ipa/removeAd/IpaPreRemoveAdPriceItem,cc.Prefab,47fc4709-0e15-45a7-8431-84acc474b417,assets\resources\import\47\47fc4709-0e15-45a7-8431-84acc474b417.539f4.json
resources,prefabs/ipa/removeAd/IpaPreRemoveAdRenew,cc.Prefab,c35b22a8-34e7-4198-a2df-8e824afc555d,assets\resources\import\c3\c35b22a8-34e7-4198-a2df-8e824afc555d.84bb3.json
resources,prefabs/ipa/removeAd/IpaSubEntry,cc.Prefab,14ae58d7-d03e-4834-aa29-dfa7a4cc2b6c,assets\resources\import\14\14ae58d7-d03e-4834-aa29-dfa7a4cc2b6c.8be23.json
resources,prefabs/ipa/removeAd/IpaSubEntry2,cc.Prefab,17482dc9-e351-4eb2-9798-adc197d154cc,assets\resources\import\17\17482dc9-e351-4eb2-9798-adc197d154cc.4ebfa.json
resources,prefabs/ipa/sudoku/IapPreHand,cc.Prefab,33918623-b427-4adb-b435-6d285a6e490b,assets\resources\import\33\33918623-b427-4adb-b435-6d285a6e490b.0035c.json
resources,prefabs/launch/Launch,cc.Prefab,4e10de6f-039a-4773-bcb9-297898ae3385,assets\resources\import\4e\4e10de6f-039a-4773-bcb9-297898ae3385.e20f2.json
resources,prefabs/modal/Modal,cc.Prefab,534ba86b-c6a1-48d1-914e-be15c0b1911e,assets\resources\import\53\534ba86b-c6a1-48d1-914e-be15c0b1911e.2d38a.json
resources,prefabs/playback/replayGameBtn,cc.Prefab,048282ac-1ad9-4983-a8d2-471ae28a6d38,assets\resources\import\04\048282ac-1ad9-4983-a8d2-471ae28a6d38.76427.json
resources,prefabs/playback/replayGamePre,cc.Prefab,7d9a4fa5-8f11-4bb3-9a90-e90d2518e9a4,assets\resources\import\7d\7d9a4fa5-8f11-4bb3-9a90-e90d2518e9a4.967b8.json
resources,prefabs/revive/Revive,cc.Prefab,53c9515b-22e7-45ca-a9e5-7265baea241a,assets\resources\import\53\53c9515b-22e7-45ca-a9e5-7265baea241a.1778c.json
resources,prefabs/sand/SandGameEntry,cc.Prefab,43a8eec7-7679-4535-92ec-2068aebff643,assets\resources\import\43\43a8eec7-7679-4535-92ec-2068aebff643.0a088.json
resources,prefabs/setup/Setup,cc.Prefab,953a7133-80c2-4d32-95e6-e28c287b5556,assets\resources\import\95\953a7133-80c2-4d32-95e6-e28c287b5556.5b629.json
resources,prefabs/setup/components/SetupBtnItem,cc.Prefab,34ef85ad-72a7-402b-8d24-06ccfbefdccd,assets\resources\import\34\34ef85ad-72a7-402b-8d24-06ccfbefdccd.be986.json
resources,prefabs/setup/components/SetupIconItem,cc.Prefab,fa0388b0-f4e0-4148-b8b0-f6651214b53e,assets\resources\import\fa\fa0388b0-f4e0-4148-b8b0-f6651214b53e.df9af.json
resources,prefabs/setup/components/SetupVibrateItem,cc.Prefab,dcebe74e-7566-4862-a545-3f34c2733044,assets\resources\import\dc\dcebe74e-7566-4862-a545-3f34c2733044.e1992.json
resources,prefabs/skin/DotTouchLayer/DontTouchLayerPrefab,cc.Prefab,9d653208-c07a-4fe2-840b-2fdeaac83451,assets\resources\import\9d\9d653208-c07a-4fe2-840b-2fdeaac83451.b1e30.json
resources,prefabs/skin/GameBg/SkinGameBgPrefab,cc.Prefab,267ce274-2f91-4b85-a939-f243f15e9d13,assets\resources\import\26\267ce274-2f91-4b85-a939-f243f15e9d13.598c3.json
resources,prefabs/skin/block/SkinBlockPrefab,cc.Prefab,63731578-edc2-4754-85e1-6cbb47ecf41a,assets\resources\import\63\63731578-edc2-4754-85e1-6cbb47ecf41a.28f07.json
resources,prefabs/skin/block/SkinBlockShadowPrefab,cc.Prefab,59704eac-a064-48b5-af3a-5daada905537,assets\resources\import\59\59704eac-a064-48b5-af3a-5daada905537.1f2f4.json
resources,prefabs/skin/board/SkinBoardPrefab,cc.Prefab,add41064-a7a6-4dcb-8883-499871625266,assets\resources\import\ad\add41064-a7a6-4dcb-8883-499871625266.85294.json
resources,prefabs/skin/combo/SkinComboPrefab,cc.Prefab,27942836-8134-4d8a-8f23-53c3be070c7a,assets\resources\import\27\27942836-8134-4d8a-8f23-53c3be070c7a.33efc.json
resources,prefabs/skin/comboHeart/SkinComboHeartPrefab,cc.Prefab,5cd920d7-f57a-4efb-bb10-11f595e5c12c,assets\resources\import\5c\5cd920d7-f57a-4efb-bb10-11f595e5c12c.9a746.json
resources,prefabs/skin/crow/SkinCrownPrefab,cc.Prefab,442d4917-0f83-4dc2-8a2a-fa4cde33292b,assets\resources\import\44\442d4917-0f83-4dc2-8a2a-fa4cde33292b.4fd20.json
resources,prefabs/skin/eliminate/SkinEliminatePrefab,cc.Prefab,d740fb42-0164-44ad-a6a1-58dfa2478e48,assets\resources\import\d7\d740fb42-0164-44ad-a6a1-58dfa2478e48.2c47e.json
resources,prefabs/skin/encourage/SkinEncouragePrefab,cc.Prefab,188cdd5e-6734-4da0-8e19-1d2b36531c41,assets\resources\import\18\188cdd5e-6734-4da0-8e19-1d2b36531c41.638c5.json
resources,prefabs/skin/score/SkinScorePrefab,cc.Prefab,4a7e818c-de8f-4add-8e82-80b0913debd4,assets\resources\import\4a\4a7e818c-de8f-4add-8e82-80b0913debd4.cfd59.json
resources,prefabs/skin/setup/SkinSetupBgInnerFramePrefab,cc.Prefab,2f94f305-0d09-429a-9865-3b471963e108,assets\resources\import\2f\2f94f305-0d09-429a-9865-3b471963e108.61252.json
resources,prefabs/skin/setup/SkinSetupBgOuterFramePrefab,cc.Prefab,5c420e5f-188b-49c9-ae59-e7d322f4a8ae,assets\resources\import\5c\5c420e5f-188b-49c9-ae59-e7d322f4a8ae.c9194.json
resources,prefabs/skin/setup/SkinSetupBgSeparationLinePrefab,cc.Prefab,b3e9f3e2-9617-4785-accd-d7545fa5e9b2,assets\resources\import\b3\b3e9f3e2-9617-4785-accd-d7545fa5e9b2.15a05.json
resources,prefabs/skin/setup/SkinSetupBtnPrefab,cc.Prefab,8eb83a07-a146-4472-bc8b-8b5d270af95e,assets\resources\import\8e\8eb83a07-a146-4472-bc8b-8b5d270af95e.12c53.json
resources,prefabs/skin/setup/SkinSetupCloseBtnPrefab,cc.Prefab,3d40c1e9-7df8-40dc-b455-8618b33988dd,assets\resources\import\3d\3d40c1e9-7df8-40dc-b455-8618b33988dd.091f3.json
resources,prefabs/skin/setup/SkinSetupDescPrefab,cc.Prefab,917eca4a-ed20-4483-ae54-d209e444f2a9,assets\resources\import\91\917eca4a-ed20-4483-ae54-d209e444f2a9.0d08f.json
resources,prefabs/skin/travelGameBackBtn/SkinGameBackBtnPrefab,cc.Prefab,013f1932-3451-4a7f-a53e-2ce007fde2ec,assets\resources\import\01\013f1932-3451-4a7f-a53e-2ce007fde2ec.cc539.json
resources,prefabs/skin/travelTargetRibbon/SkinTravelTargetRibbonPrefab,cc.Prefab,2a7aaeb8-0620-4b88-a818-f09c84b4f1bc,assets\resources\import\2a\2a7aaeb8-0620-4b88-a818-f09c84b4f1bc.69561.json
resources,prefabs/tip/Tip,cc.Prefab,59d718fe-5620-46be-a8f2-c4124b45d7e8,assets\resources\import\59\59d718fe-5620-46be-a8f2-c4124b45d7e8.ef6d2.json
resources,prefabs/touchEffect/TouchEffect,cc.Prefab,2a9db3f7-7c73-421c-8282-5cd315486f12,assets\resources\import\2a\2a9db3f7-7c73-421c-8282-5cd315486f12.f70fd.json
resources,skin/effect/BrightnessToSaturation,cc.EffectAsset,9791e9af-3273-425d-917f-f3bfdc8c99b2,assets\resources\import\97\9791e9af-3273-425d-917f-f3bfdc8c99b2.1cbe5.json
resources,skin/effect/CenterColorControl,cc.EffectAsset,6ab58b4c-9ab6-4396-9797-34e6585586a0,assets\resources\import\6a\6ab58b4c-9ab6-4396-9797-34e6585586a0.b271a.json
resources,skin/effect/FivePartColorControl,cc.EffectAsset,02c616ec-b5ef-4a4b-ab9f-6a8e0d1378bc,assets\resources\import\02\02c616ec-b5ef-4a4b-ab9f-6a8e0d1378bc.789ad.json
resources,skin/effect/traits/CenterColorControlFixed,cc.EffectAsset,349ff068-a09d-4259-bed7-b9582b4d5d1a,assets\resources\import\34\349ff068-a09d-4259-bed7-b9582b4d5d1a.2b889.json
resources,skin/materials/color_select,cc.Material,de6d18c0-d871-4e84-9ab4-58ce9b616108,assets\resources\import\de\de6d18c0-d871-4e84-9ab4-58ce9b616108.d8392.json
resources,skin/materials/five_area,cc.Material,ef9b8e37-3871-4925-90dd-c4d46590465e,assets\resources\import\ef\ef9b8e37-3871-4925-90dd-c4d46590465e.c07e1.json
resources,skin/materials/single_area,cc.Material,fbff0972-39f5-47a2-bcf3-b3963efafa99,assets\resources\import\fb\fbff0972-39f5-47a2-bcf3-b3963efafa99.eb49f.json
resources,textures/account/PlayerInfo_avatar_1,cc.SpriteFrame,c0d49e4b-2aa5-471b-8712-f90be67fbb3d,assets\resources\import\c0\c0d49e4b-2aa5-471b-8712-f90be67fbb3d.5820e.json
resources,textures/account/PlayerInfo_avatar_1,cc.Texture2D,c68b3ee0-67c9-4b36-864d-7d4037e87f1c,assets\resources\import\c6\c68b3ee0-67c9-4b36-864d-7d4037e87f1c.7871f.json
resources,textures/account/PlayerInfo_avatar_2,cc.SpriteFrame,27339a50-dc85-4d6b-93d0-eb609d16c676,assets\resources\import\27\27339a50-dc85-4d6b-93d0-eb609d16c676.78928.json
resources,textures/account/PlayerInfo_avatar_2,cc.Texture2D,e5235c15-bf8b-4f3e-a9d1-2248f783f82f,assets\resources\import\e5\e5235c15-bf8b-4f3e-a9d1-2248f783f82f.7871f.json
resources,textures/account/PlayerInfo_avatar_3,cc.SpriteFrame,a0d76810-8527-411c-87be-8c446ba10653,assets\resources\import\a0\a0d76810-8527-411c-87be-8c446ba10653.73a0d.json
resources,textures/account/PlayerInfo_avatar_3,cc.Texture2D,c652f243-c08c-40a6-9976-54f7f26130f5,assets\resources\import\c6\c652f243-c08c-40a6-9976-54f7f26130f5.7871f.json
resources,textures/account/PlayerInfo_avatar_4,cc.SpriteFrame,ccfd8ab6-57e4-457c-9009-d8a81372bd0e,assets\resources\import\cc\ccfd8ab6-57e4-457c-9009-d8a81372bd0e.07552.json
resources,textures/account/PlayerInfo_avatar_4,cc.Texture2D,5c2cbdab-3510-4499-a470-9925de0a5533,assets\resources\import\5c\5c2cbdab-3510-4499-a470-9925de0a5533.7871f.json
resources,textures/account/PlayerInfo_bg_UnselectL,cc.SpriteFrame,ac26b104-d5a2-4353-834d-f905ad0c32f3,assets\resources\import\ac\ac26b104-d5a2-4353-834d-f905ad0c32f3.fe0f7.json
resources,textures/account/PlayerInfo_bg_UnselectL,cc.Texture2D,330f222c-e2dd-49cf-9bb7-cd8e7475c39e,assets\resources\import\33\330f222c-e2dd-49cf-9bb7-cd8e7475c39e.7871f.json
resources,textures/account/PlayerInfo_bg_UnselectR,cc.SpriteFrame,61193b9a-dc87-406b-b56e-3dff6ea22753,assets\resources\import\61\61193b9a-dc87-406b-b56e-3dff6ea22753.9c569.json
resources,textures/account/PlayerInfo_bg_UnselectR,cc.Texture2D,e737cb74-583a-4794-b9da-f9064bfadbcd,assets\resources\import\e7\e737cb74-583a-4794-b9da-f9064bfadbcd.7871f.json
resources,textures/account/PlayerInfo_bg_avatar1,cc.SpriteFrame,889eeb72-11e4-4861-bc2a-96cfe441aa10,assets\resources\import\88\889eeb72-11e4-4861-bc2a-96cfe441aa10.be51a.json
resources,textures/account/PlayerInfo_bg_avatar1,cc.Texture2D,1c05f344-b3a6-4e7d-82a1-df21c63eb649,assets\resources\import\1c\1c05f344-b3a6-4e7d-82a1-df21c63eb649.7871f.json
resources,textures/account/PlayerInfo_bg_avatar2,cc.SpriteFrame,e01bf152-dd32-4966-9ebf-6cf1d02f9f50,assets\resources\import\e0\e01bf152-dd32-4966-9ebf-6cf1d02f9f50.55140.json
resources,textures/account/PlayerInfo_bg_avatar2,cc.Texture2D,29ba8ca7-ec9a-4243-8425-b9e33671428f,assets\resources\import\29\29ba8ca7-ec9a-4243-8425-b9e33671428f.7871f.json
resources,textures/account/PlayerInfo_bg_name2,cc.SpriteFrame,e2e726ce-a237-45ec-bcba-51c0ca0f59ea,assets\resources\import\e2\e2e726ce-a237-45ec-bcba-51c0ca0f59ea.0f3ac.json
resources,textures/account/PlayerInfo_bg_name2,cc.Texture2D,5c1ff375-6118-479a-88aa-e49bec65c039,assets\resources\import\5c\5c1ff375-6118-479a-88aa-e49bec65c039.7871f.json
resources,textures/account/PlayerInfo_bg_selectL,cc.SpriteFrame,950ed6fd-d55d-4788-8ce0-117462000b08,assets\resources\import\95\950ed6fd-d55d-4788-8ce0-117462000b08.cbb58.json
resources,textures/account/PlayerInfo_bg_selectL,cc.Texture2D,79e42ed0-8245-4755-b275-6f06e8bb862d,assets\resources\import\79\79e42ed0-8245-4755-b275-6f06e8bb862d.7871f.json
resources,textures/account/PlayerInfo_bg_selectR,cc.SpriteFrame,df7e5ce7-bdd1-4fdf-8cf1-ecce74c5e979,assets\resources\import\df\df7e5ce7-bdd1-4fdf-8cf1-ecce74c5e979.849cb.json
resources,textures/account/PlayerInfo_bg_selectR,cc.Texture2D,6a851036-d084-4a26-8118-64ec94c77791,assets\resources\import\6a\6a851036-d084-4a26-8118-64ec94c77791.7871f.json
resources,textures/account/PlayerInfo_bg_tab,cc.SpriteFrame,d0a49985-f33f-4df8-9b59-30fbb932f70c,assets\resources\import\d0\d0a49985-f33f-4df8-9b59-30fbb932f70c.5829e.json
resources,textures/account/PlayerInfo_bg_tab,cc.Texture2D,b3db3b15-0c3b-443b-a48e-e6e8ba7e2f58,assets\resources\import\b3\b3db3b15-0c3b-443b-a48e-e6e8ba7e2f58.7871f.json
resources,textures/account/PlayerInfo_btn_edit,cc.SpriteFrame,f7ac4d34-7814-4bcf-9881-4ebda739738e,assets\resources\import\f7\f7ac4d34-7814-4bcf-9881-4ebda739738e.b5e2b.json
resources,textures/account/PlayerInfo_btn_edit,cc.Texture2D,931a908f-b62d-4570-bbd0-79b8e81b5191,assets\resources\import\93\931a908f-b62d-4570-bbd0-79b8e81b5191.7871f.json
resources,textures/account/PlayerInfo_icon_Unselect,cc.SpriteFrame,2072c056-cf39-4289-8d9f-627daf595ac0,assets\resources\import\20\2072c056-cf39-4289-8d9f-627daf595ac0.28583.json
resources,textures/account/PlayerInfo_icon_Unselect,cc.Texture2D,9d0d39f9-55d1-44cd-baf2-1d9528958f02,assets\resources\import\9d\9d0d39f9-55d1-44cd-baf2-1d9528958f02.7871f.json
resources,textures/account/PlayerInfo_icon_adventure,cc.SpriteFrame,5436487a-47d3-423e-8c64-1db66c2605c3,assets\resources\import\54\5436487a-47d3-423e-8c64-1db66c2605c3.8ddd3.json
resources,textures/account/PlayerInfo_icon_adventure,cc.Texture2D,96b83310-9753-41cf-846a-7e19f002bb2d,assets\resources\import\96\96b83310-9753-41cf-846a-7e19f002bb2d.7871f.json
resources,textures/account/PlayerInfo_icon_adventure2,cc.SpriteFrame,2788275e-bf73-470e-8de9-7c2c39356f15,assets\resources\import\27\2788275e-bf73-470e-8de9-7c2c39356f15.7ca1c.json
resources,textures/account/PlayerInfo_icon_adventure2,cc.Texture2D,fcd2a25c-9b91-4538-9037-338742a2a259,assets\resources\import\fc\fcd2a25c-9b91-4538-9037-338742a2a259.7871f.json
resources,textures/account/PlayerInfo_icon_classic,cc.SpriteFrame,a846c5c5-40f0-4a08-8c4c-863f293d3259,assets\resources\import\a8\a846c5c5-40f0-4a08-8c4c-863f293d3259.cd4c7.json
resources,textures/account/PlayerInfo_icon_classic,cc.Texture2D,e4cf1bdf-1cd3-4ff0-a026-b78058d39d90,assets\resources\import\e4\e4cf1bdf-1cd3-4ff0-a026-b78058d39d90.7871f.json
resources,textures/account/PlayerInfo_icon_classic2,cc.SpriteFrame,f6a73db0-cc7c-4f11-bbda-1b48deeb8175,assets\resources\import\f6\f6a73db0-cc7c-4f11-bbda-1b48deeb8175.7a65c.json
resources,textures/account/PlayerInfo_icon_classic2,cc.Texture2D,40bb9a24-2465-4ca0-9bb1-7a5859c70c3a,assets\resources\import\40\40bb9a24-2465-4ca0-9bb1-7a5859c70c3a.7871f.json
resources,textures/account/PlayerInfo_icon_select,cc.SpriteFrame,b94685d2-6850-4d36-a2c5-dde960370423,assets\resources\import\b9\b94685d2-6850-4d36-a2c5-dde960370423.c972f.json
resources,textures/account/PlayerInfo_icon_select,cc.Texture2D,1d424d78-fcb0-4b0c-8f9c-882185d09dd6,assets\resources\import\1d\1d424d78-fcb0-4b0c-8f9c-882185d09dd6.7871f.json
resources,textures/account/PlayerInfo_rename_btn_random,cc.SpriteFrame,7d93608e-452c-455c-aa48-592fe23a7c63,assets\resources\import\7d\7d93608e-452c-455c-aa48-592fe23a7c63.de6fd.json
resources,textures/account/PlayerInfo_rename_btn_random,cc.Texture2D,0ed7986b-9425-4f46-bc7d-391dccbf6a78,assets\resources\import\0e\0ed7986b-9425-4f46-bc7d-391dccbf6a78.7871f.json
resources,textures/account/PlayerInfo_txt_submit,cc.SpriteFrame,b8a4c25e-6d3e-41b3-b614-86222ad41070,assets\resources\import\b8\b8a4c25e-6d3e-41b3-b614-86222ad41070.260b3.json
resources,textures/account/PlayerInfo_txt_submit,cc.Texture2D,52e25bf3-e86f-4be1-9834-1786dcdb5d0c,assets\resources\import\52\52e25bf3-e86f-4be1-9834-1786dcdb5d0c.7871f.json
resources,textures/account/SignIn_img_TryAgain,cc.SpriteFrame,55d34e70-ff67-47f3-9e3b-d7d2d7952305,assets\resources\import\55\55d34e70-ff67-47f3-9e3b-d7d2d7952305.9f07a.json
resources,textures/account/SignIn_img_TryAgain,cc.Texture2D,6a18a793-7958-4b8f-8cf6-0b71373d7939,assets\resources\import\6a\6a18a793-7958-4b8f-8cf6-0b71373d7939.7871f.json
resources,textures/account/SignIn_img_fail,cc.SpriteFrame,8203252e-f67a-405d-a7c6-67f4b1d2ecc3,assets\resources\import\82\8203252e-f67a-405d-a7c6-67f4b1d2ecc3.5dfa7.json
resources,textures/account/SignIn_img_fail,cc.Texture2D,5da7e103-48e4-4c14-895e-51e23911d693,assets\resources\import\5d\5da7e103-48e4-4c14-895e-51e23911d693.7871f.json
resources,textures/account/SignIn_txt_UseThis,cc.SpriteFrame,ba52406b-c97a-4f2c-a067-b5142cef9254,assets\resources\import\ba\ba52406b-c97a-4f2c-a067-b5142cef9254.804b2.json
resources,textures/account/SignIn_txt_UseThis,cc.Texture2D,c2e82427-72bd-4e6b-8615-c1982d62f606,assets\resources\import\c2\c2e82427-72bd-4e6b-8615-c1982d62f606.7871f.json
resources,textures/account/SignIn_txt_continue,cc.SpriteFrame,63e89b8b-2188-4da4-a92a-8907c1b9581f,assets\resources\import\63\63e89b8b-2188-4da4-a92a-8907c1b9581f.1686f.json
resources,textures/account/SignIn_txt_continue,cc.Texture2D,7c12e830-f426-4a7d-a64f-0383499ef236,assets\resources\import\7c\7c12e830-f426-4a7d-a64f-0383499ef236.7871f.json
resources,textures/account/account_bg_setting_down,cc.SpriteFrame,d2a1fdf4-f081-49ae-b8fb-14b93e8efda2,assets\resources\import\d2\d2a1fdf4-f081-49ae-b8fb-14b93e8efda2.84459.json
resources,textures/account/account_bg_setting_down,cc.Texture2D,96e2fb00-a086-47a9-9733-8ce7a6d63e53,assets\resources\import\96\96e2fb00-a086-47a9-9733-8ce7a6d63e53.7871f.json
resources,textures/account/account_bg_setting_pop1,cc.SpriteFrame,cd3a5a28-df83-4e75-af28-4abfb97206ff,assets\resources\import\cd\cd3a5a28-df83-4e75-af28-4abfb97206ff.361b9.json
resources,textures/account/account_bg_setting_pop1,cc.Texture2D,34c088e4-5f42-4c81-abac-e53a32760e77,assets\resources\import\34\34c088e4-5f42-4c81-abac-e53a32760e77.7871f.json
resources,textures/account/account_bg_setting_pop2,cc.SpriteFrame,18a8ffa0-924a-4ede-b104-8765fcce10ad,assets\resources\import\18\18a8ffa0-924a-4ede-b104-8765fcce10ad.72bf9.json
resources,textures/account/account_bg_setting_pop2,cc.Texture2D,9d268241-1947-40d3-b078-7c89bcbdbcf6,assets\resources\import\9d\9d268241-1947-40d3-b078-7c89bcbdbcf6.7871f.json
resources,textures/account/account_bg_setting_up,cc.SpriteFrame,d1763a75-fe8c-4c42-95c5-2f286dc299a2,assets\resources\import\d1\d1763a75-fe8c-4c42-95c5-2f286dc299a2.dfb01.json
resources,textures/account/account_bg_setting_up,cc.Texture2D,60061f33-411f-4681-a5a8-0a48a1923998,assets\resources\import\60\60061f33-411f-4681-a5a8-0a48a1923998.7871f.json
resources,textures/account/account_icon_tick,cc.SpriteFrame,e8725630-805c-410a-a473-ce92323ba9de,assets\resources\import\e8\e8725630-805c-410a-a473-ce92323ba9de.494fc.json
resources,textures/account/account_icon_tick,cc.Texture2D,4094e440-94c1-4404-9c6d-a74c22d4374c,assets\resources\import\40\4094e440-94c1-4404-9c6d-a74c22d4374c.7871f.json
resources,textures/account/account_setup,cc.SpriteFrame,761abe1d-7d2c-459d-9c15-a98e007ae490,assets\resources\import\76\761abe1d-7d2c-459d-9c15-a98e007ae490.3659c.json
resources,textures/account/account_setup,cc.Texture2D,b044b7c9-4be1-4614-bd07-d15cad60f5a0,assets\resources\import\b0\b044b7c9-4be1-4614-bd07-d15cad60f5a0.7871f.json
resources,textures/account/arrowDown,cc.SpriteFrame,8883e2f3-662f-4f13-a551-3157e51b0ef6,assets\resources\import\88\8883e2f3-662f-4f13-a551-3157e51b0ef6.5a467.json
resources,textures/account/arrowDown,cc.Texture2D,582b1599-6e88-4cba-8730-6f55f9e40c34,assets\resources\import\58\582b1599-6e88-4cba-8730-6f55f9e40c34.7871f.json
resources,textures/account/main_bg_playinfo,cc.SpriteFrame,6544e535-29c3-4985-a584-1fdc1d11144d,assets\resources\import\65\6544e535-29c3-4985-a584-1fdc1d11144d.6186e.json
resources,textures/account/main_bg_playinfo,cc.Texture2D,277b1d88-fe04-4b39-b57a-aa9c1f148a6a,assets\resources\import\27\277b1d88-fe04-4b39-b57a-aa9c1f148a6a.7871f.json
resources,textures/account/remind_Btn_cryan,cc.SpriteFrame,975774b2-0db7-45f3-8a7f-550c3ee85fba,assets\resources\import\97\975774b2-0db7-45f3-8a7f-550c3ee85fba.92426.json
resources,textures/account/remind_Btn_cryan,cc.Texture2D,b4da6534-52f9-42fa-a8a5-93807ffcd00b,assets\resources\import\b4\b4da6534-52f9-42fa-a8a5-93807ffcd00b.7871f.json
resources,textures/account/remind_Btn_green,cc.SpriteFrame,59bebce6-f979-4f79-b193-f64773bbaf89,assets\resources\import\59\59bebce6-f979-4f79-b193-f64773bbaf89.fa7d7.json
resources,textures/account/remind_Btn_green,cc.Texture2D,720e48ab-dfff-4c11-8e24-1fb934a9fc1b,assets\resources\import\72\720e48ab-dfff-4c11-8e24-1fb934a9fc1b.7871f.json
resources,textures/account/remind_img_remind,cc.SpriteFrame,0a8cfc44-bdc5-46d3-99e6-604cd2ec77e3,assets\resources\import\0a\0a8cfc44-bdc5-46d3-99e6-604cd2ec77e3.7be7c.json
resources,textures/account/remind_img_remind,cc.Texture2D,5ff3f3b4-477c-4f17-8fc7-2a0114932413,assets\resources\import\5f\5ff3f3b4-477c-4f17-8fc7-2a0114932413.7871f.json
resources,textures/account/setting_btn_LogOut,cc.SpriteFrame,15b124f2-cb52-4353-b3f9-0ba8adb5d2ea,assets\resources\import\15\15b124f2-cb52-4353-b3f9-0ba8adb5d2ea.2f79c.json
resources,textures/account/setting_btn_LogOut,cc.Texture2D,6b702aa3-6612-4e92-aaa4-bb0805a17466,assets\resources\import\6b\6b702aa3-6612-4e92-aaa4-bb0805a17466.7871f.json
resources,textures/account/setting_btn_LogOut_ios,cc.SpriteFrame,8d772736-8212-4829-ac6e-df888292581e,assets\resources\import\8d\8d772736-8212-4829-ac6e-df888292581e.4df4b.json
resources,textures/account/setting_btn_LogOut_ios,cc.Texture2D,7487b303-a3f2-4adf-b2fb-040db952362d,assets\resources\import\74\7487b303-a3f2-4adf-b2fb-040db952362d.7871f.json
resources,textures/account/setting_btn_SignIn,cc.SpriteFrame,355280d9-9a53-4f5c-b2ae-c83b9a9cda9f,assets\resources\import\35\355280d9-9a53-4f5c-b2ae-c83b9a9cda9f.27e28.json
resources,textures/account/setting_btn_SignIn,cc.Texture2D,2968b748-4e96-4942-a093-0e8b8f6f5f07,assets\resources\import\29\2968b748-4e96-4942-a093-0e8b8f6f5f07.7871f.json
resources,textures/account/setting_btn_account,cc.SpriteFrame,80ffabfd-9d28-4947-84b1-11b892f89694,assets\resources\import\80\80ffabfd-9d28-4947-84b1-11b892f89694.03506.json
resources,textures/account/setting_btn_account,cc.Texture2D,7082b9ea-d8b2-4812-83e0-ee5d27812dfe,assets\resources\import\70\7082b9ea-d8b2-4812-83e0-ee5d27812dfe.7871f.json
resources,textures/account/setting_btn_manage_ios,cc.SpriteFrame,e7808b6c-8c0d-4707-a032-7e05d7b94939,assets\resources\import\e7\e7808b6c-8c0d-4707-a032-7e05d7b94939.6e27c.json
resources,textures/account/setting_btn_manage_ios,cc.Texture2D,048caeaa-7556-41c2-acbf-83b4f1c15445,assets\resources\import\04\048caeaa-7556-41c2-acbf-83b4f1c15445.7871f.json
resources,textures/account/setting_icon_Account,cc.SpriteFrame,c932d300-9474-49ca-9656-05050d500749,assets\resources\import\c9\c932d300-9474-49ca-9656-05050d500749.4c072.json
resources,textures/account/setting_icon_Account,cc.Texture2D,479cd86a-1361-429a-88c6-7a48ea517549,assets\resources\import\47\479cd86a-1361-429a-88c6-7a48ea517549.7871f.json
resources,textures/account/setting_icon_SignIn,cc.SpriteFrame,d6a99960-b677-451e-923c-47005d106bad,assets\resources\import\d6\d6a99960-b677-451e-923c-47005d106bad.18382.json
resources,textures/account/setting_icon_SignIn,cc.Texture2D,e9573e4b-409d-459e-a1c5-159bd1fefb51,assets\resources\import\e9\e9573e4b-409d-459e-a1c5-159bd1fefb51.7871f.json
resources,textures/account/setting_icon_delete,cc.SpriteFrame,3e3e91df-4bc1-4ef9-82e3-15fa3732b059,assets\resources\import\3e\3e3e91df-4bc1-4ef9-82e3-15fa3732b059.e8087.json
resources,textures/account/setting_icon_delete,cc.Texture2D,8db296ba-a09b-49cc-beca-f7423cd57b12,assets\resources\import\8d\8db296ba-a09b-49cc-beca-f7423cd57b12.7871f.json
resources,textures/account/setting_icon_delete_ios,cc.SpriteFrame,5d452832-697d-4cae-98af-343eb934e4f0,assets\resources\import\5d\5d452832-697d-4cae-98af-343eb934e4f0.813b6.json
resources,textures/account/setting_icon_delete_ios,cc.Texture2D,bc532c4d-ce23-41be-a1c8-d1b77cdb9647,assets\resources\import\bc\bc532c4d-ce23-41be-a1c8-d1b77cdb9647.7871f.json
resources,textures/account/setting_img_LogOut,cc.SpriteFrame,7f21d463-1cec-4e85-81aa-235952bb440b,assets\resources\import\7f\7f21d463-1cec-4e85-81aa-235952bb440b.ec8ac.json
resources,textures/account/setting_img_LogOut,cc.Texture2D,c0ac584a-78f7-4d90-954c-668b9ffb746d,assets\resources\import\c0\c0ac584a-78f7-4d90-954c-668b9ffb746d.7871f.json
resources,textures/account/setting_txt_Account,cc.SpriteFrame,5c020bf4-eb66-40c6-8ec5-b7c3e6f2bcd1,assets\resources\import\5c\5c020bf4-eb66-40c6-8ec5-b7c3e6f2bcd1.56b02.json
resources,textures/account/setting_txt_Account,cc.Texture2D,5a60dea0-04ef-44be-8427-95f1ca1fd612,assets\resources\import\5a\5a60dea0-04ef-44be-8427-95f1ca1fd612.7871f.json
resources,textures/account/setting_txt_SignIn,cc.SpriteFrame,f124afc4-cfa4-4359-85db-60e7474f7282,assets\resources\import\f1\f124afc4-cfa4-4359-85db-60e7474f7282.7b0bc.json
resources,textures/account/setting_txt_SignIn,cc.Texture2D,a9de6496-b044-4149-b22e-d1cfa571834c,assets\resources\import\a9\a9de6496-b044-4149-b22e-d1cfa571834c.7871f.json
resources,textures/account/setting_txt_delete,cc.SpriteFrame,0de2a2f5-1cf3-4e4d-a9b9-7fc4b4ef6d88,assets\resources\import\0d\0de2a2f5-1cf3-4e4d-a9b9-7fc4b4ef6d88.47b66.json
resources,textures/account/setting_txt_delete,cc.Texture2D,cbf96061-a3a0-42bd-be3e-fe562bb00309,assets\resources\import\cb\cbf96061-a3a0-42bd-be3e-fe562bb00309.7871f.json
resources,textures/account/setting_txt_delete_ios,cc.SpriteFrame,cb176b86-5314-4af0-9aa9-af601816e4cb,assets\resources\import\cb\cb176b86-5314-4af0-9aa9-af601816e4cb.1a831.json
resources,textures/account/setting_txt_delete_ios,cc.Texture2D,ff87fad3-dffe-43ef-8355-3065ff29ea8f,assets\resources\import\ff\ff87fad3-dffe-43ef-8355-3065ff29ea8f.7871f.json
resources,textures/account/setting_txt_logout,cc.SpriteFrame,269a48ba-3984-468a-ba10-8a92463da580,assets\resources\import\26\269a48ba-3984-468a-ba10-8a92463da580.b2d22.json
resources,textures/account/setting_txt_logout,cc.Texture2D,ad7f8ff1-8085-4706-9c98-5d05955e221c,assets\resources\import\ad\ad7f8ff1-8085-4706-9c98-5d05955e221c.7871f.json
resources,textures/account/setting_txt_logout_ios,cc.SpriteFrame,5d0e241b-9e88-4c63-9dff-09d39fd0f595,assets\resources\import\5d\5d0e241b-9e88-4c63-9dff-09d39fd0f595.b2f27.json
resources,textures/account/setting_txt_logout_ios,cc.Texture2D,54e551b9-2725-41e4-803c-5b4eeb391c41,assets\resources\import\54\54e551b9-2725-41e4-803c-5b4eeb391c41.7871f.json
resources,textures/account/setting_txt_manage,cc.SpriteFrame,8973a766-57c8-438e-b5b5-2eb8f6ad945b,assets\resources\import\89\8973a766-57c8-438e-b5b5-2eb8f6ad945b.db0b6.json
resources,textures/account/setting_txt_manage,cc.Texture2D,94a60940-61be-4fcf-b998-2f6157efcbb3,assets\resources\import\94\94a60940-61be-4fcf-b998-2f6157efcbb3.7871f.json
resources,textures/achievement/achievement_panel_blue,cc.SpriteFrame,58bfb113-0c02-417e-a784-484fb81b7c04,assets\resources\import\58\58bfb113-0c02-417e-a784-484fb81b7c04.4fa50.json
resources,textures/achievement/achievement_panel_blue,cc.Texture2D,c5e7d6f6-84df-470f-9327-40c64e978557,assets\resources\import\c5\c5e7d6f6-84df-470f-9327-40c64e978557.7871f.json
resources,textures/achievement/achievement_panel_information_blue,cc.SpriteFrame,318b2166-ad26-42d4-a777-5ab338a33e1f,assets\resources\import\31\318b2166-ad26-42d4-a777-5ab338a33e1f.4e678.json
resources,textures/achievement/achievement_panel_information_blue,cc.Texture2D,c0651009-6199-4bbf-97f0-f39b7b5e8e0d,assets\resources\import\c0\c0651009-6199-4bbf-97f0-f39b7b5e8e0d.7871f.json
resources,textures/achievement/badge_img_loading,cc.SpriteFrame,1bbd87ca-35a5-42ff-82f2-832d2d56062f,assets\resources\import\1b\1bbd87ca-35a5-42ff-82f2-832d2d56062f.f7f38.json
resources,textures/achievement/badge_img_loading,cc.Texture2D,5f87b155-0814-4477-a659-9985ada0f272,assets\resources\import\5f\5f87b155-0814-4477-a659-9985ada0f272.7871f.json
resources,textures/achievement/ben_BackHome,cc.SpriteFrame,54f48acc-d20a-4217-95da-f22e08b14db0,assets\resources\import\54\54f48acc-d20a-4217-95da-f22e08b14db0.f40e1.json
resources,textures/achievement/ben_BackHome,cc.Texture2D,f19c1def-ccc3-4998-923a-885660aeb389,assets\resources\import\f1\f19c1def-ccc3-4998-923a-885660aeb389.7871f.json
resources,textures/achievement/bg_LevelMap,cc.SpriteFrame,3584a9cd-6c32-4735-9f40-69ebc8bb71e1,assets\resources\import\35\3584a9cd-6c32-4735-9f40-69ebc8bb71e1.5e1b5.json
resources,textures/achievement/bg_LevelMap,cc.Texture2D,4bcab005-4c8d-4df3-a661-68e12bb20801,assets\resources\import\4b\4bcab005-4c8d-4df3-a661-68e12bb20801.7871f.json
resources,textures/achievement/bg_TittleUp,cc.SpriteFrame,09fed180-af20-4e8d-9201-c18d7ac040c3,assets\resources\import\09\09fed180-af20-4e8d-9201-c18d7ac040c3.54595.json
resources,textures/achievement/bg_TittleUp,cc.Texture2D,35192fac-04cc-4293-8883-5ac6aeecbecb,assets\resources\import\35\35192fac-04cc-4293-8883-5ac6aeecbecb.7871f.json
resources,textures/achievement/common_txt_confirm,cc.SpriteFrame,f22a8816-e40e-4571-8ec2-bfa9eef178d4,assets\resources\import\f2\f22a8816-e40e-4571-8ec2-bfa9eef178d4.bc2a2.json
resources,textures/achievement/common_txt_confirm,cc.Texture2D,d9e5c291-1ed6-4a5f-adfb-b058147e7506,assets\resources\import\d9\d9e5c291-1ed6-4a5f-adfb-b058147e7506.91de0.json
resources,textures/achievement/die_mask,cc.SpriteFrame,e8a4d39b-4c82-437f-9f2a-b2d47e3986b3,assets\resources\import\e8\e8a4d39b-4c82-437f-9f2a-b2d47e3986b3.c24ea.json
resources,textures/achievement/die_mask,cc.Texture2D,77042d8d-0470-41bd-aebb-0f2f3b3e28b7,assets\resources\import\77\77042d8d-0470-41bd-aebb-0f2f3b3e28b7.7871f.json
resources,textures/achievement/icon_achievement,cc.SpriteFrame,1f244dc4-aa90-44b5-aff9-2e8d10b49ce4,assets\resources\import\1f\1f244dc4-aa90-44b5-aff9-2e8d10b49ce4.ed9f3.json
resources,textures/achievement/icon_achievement,cc.Texture2D,959d5830-4217-41ff-b9a6-4619da5a3cf5,assets\resources\import\95\959d5830-4217-41ff-b9a6-4619da5a3cf5.7871f.json
resources,textures/achievement/icons/badge_adventurer_color,cc.SpriteFrame,de54b48d-aea2-4841-85b1-247ca1ce5f8a,assets\resources\import\de\de54b48d-aea2-4841-85b1-247ca1ce5f8a.3ec1a.json
resources,textures/achievement/icons/badge_adventurer_color,cc.Texture2D,d544f64c-5a62-4921-9979-64f5005c4617,assets\resources\import\d5\d544f64c-5a62-4921-9979-64f5005c4617.7871f.json
resources,textures/achievement/icons/badge_adventurer_grey,cc.SpriteFrame,c8031a4a-a0a7-449a-9a13-52537fa28127,assets\resources\import\c8\c8031a4a-a0a7-449a-9a13-52537fa28127.52fbc.json
resources,textures/achievement/icons/badge_adventurer_grey,cc.Texture2D,d7babcae-76f5-4829-80e8-4af8677f01bb,assets\resources\import\d7\d7babcae-76f5-4829-80e8-4af8677f01bb.7871f.json
resources,textures/achievement/icons/badge_bigPanel_color,cc.SpriteFrame,52a5603c-dc07-4da9-b889-0901c5775932,assets\resources\import\52\52a5603c-dc07-4da9-b889-0901c5775932.c9ad8.json
resources,textures/achievement/icons/badge_bigPanel_color,cc.Texture2D,67b19f8c-e645-4b43-8adb-7663b8688123,assets\resources\import\67\67b19f8c-e645-4b43-8adb-7663b8688123.7871f.json
resources,textures/achievement/icons/badge_bigPanel_grey,cc.SpriteFrame,7522edbc-ee89-4541-a0f4-184e3c663ea6,assets\resources\import\75\7522edbc-ee89-4541-a0f4-184e3c663ea6.d4476.json
resources,textures/achievement/icons/badge_bigPanel_grey,cc.Texture2D,e112a638-8b70-4357-8883-e16e156a39de,assets\resources\import\e1\e112a638-8b70-4357-8883-e16e156a39de.7871f.json
resources,textures/achievement/icons/badge_blockMaster_color,cc.SpriteFrame,0148bb24-c900-4451-82da-810ee055bf89,assets\resources\import\01\0148bb24-c900-4451-82da-810ee055bf89.2cc8c.json
resources,textures/achievement/icons/badge_blockMaster_color,cc.Texture2D,b11aa1e2-3fdc-4d33-a2e0-c68588179c80,assets\resources\import\b1\b11aa1e2-3fdc-4d33-a2e0-c68588179c80.7871f.json
resources,textures/achievement/icons/badge_blockMaster_grey,cc.SpriteFrame,e7a2096a-c7b6-4824-b4c0-a3f66ab5f039,assets\resources\import\e7\e7a2096a-c7b6-4824-b4c0-a3f66ab5f039.9e387.json
resources,textures/achievement/icons/badge_blockMaster_grey,cc.Texture2D,4dd3d21b-abac-434f-b497-d33e81c05d63,assets\resources\import\4d\4dd3d21b-abac-434f-b497-d33e81c05d63.7871f.json
resources,textures/achievement/icons/badge_buildSnowman_color,cc.SpriteFrame,9020b71a-aab6-4b8c-ba78-6eec53428f6d,assets\resources\import\90\9020b71a-aab6-4b8c-ba78-6eec53428f6d.8da2e.json
resources,textures/achievement/icons/badge_buildSnowman_color,cc.Texture2D,9d3937c0-2b69-4dfd-a0d7-d4350f391350,assets\resources\import\9d\9d3937c0-2b69-4dfd-a0d7-d4350f391350.7871f.json
resources,textures/achievement/icons/badge_buildSnowman_grey,cc.SpriteFrame,5cea41de-5784-4eda-866d-fe7611038fcf,assets\resources\import\5c\5cea41de-5784-4eda-866d-fe7611038fcf.6a457.json
resources,textures/achievement/icons/badge_buildSnowman_grey,cc.Texture2D,984d9eae-9bcd-4ee8-afac-3f9fd7488530,assets\resources\import\98\984d9eae-9bcd-4ee8-afac-3f9fd7488530.7871f.json
resources,textures/achievement/icons/badge_invincibleLegend_color,cc.SpriteFrame,57209e1c-5a94-4ddf-bbb2-121674dffe98,assets\resources\import\57\57209e1c-5a94-4ddf-bbb2-121674dffe98.d37e6.json
resources,textures/achievement/icons/badge_invincibleLegend_color,cc.Texture2D,5e4e1909-8c4d-42b1-9ed6-10b7d436485f,assets\resources\import\5e\5e4e1909-8c4d-42b1-9ed6-10b7d436485f.7871f.json
resources,textures/achievement/icons/badge_invincibleLegend_grey,cc.SpriteFrame,e70d2f2c-5c9c-4d97-9a98-7aa897c2ef2b,assets\resources\import\e7\e70d2f2c-5c9c-4d97-9a98-7aa897c2ef2b.ef510.json
resources,textures/achievement/icons/badge_invincibleLegend_grey,cc.Texture2D,1c6f641e-2dce-45be-98ea-7f66eb0c60a1,assets\resources\import\1c\1c6f641e-2dce-45be-98ea-7f66eb0c60a1.7871f.json
resources,textures/achievement/icons/badge_jewelryTycoon_color,cc.SpriteFrame,c4ffa285-225b-48d5-9502-c5066eeb824a,assets\resources\import\c4\c4ffa285-225b-48d5-9502-c5066eeb824a.15de1.json
resources,textures/achievement/icons/badge_jewelryTycoon_color,cc.Texture2D,03d5e365-4242-4971-b28d-bc33113d879a,assets\resources\import\03\03d5e365-4242-4971-b28d-bc33113d879a.7871f.json
resources,textures/achievement/icons/badge_jewelryTycoon_grey,cc.SpriteFrame,2508ccde-9335-4f15-873a-1239a5adfcb4,assets\resources\import\25\2508ccde-9335-4f15-873a-1239a5adfcb4.c5e1e.json
resources,textures/achievement/icons/badge_jewelryTycoon_grey,cc.Texture2D,95e667d8-2f10-4613-8d03-aa3b5621561d,assets\resources\import\95\95e667d8-2f10-4613-8d03-aa3b5621561d.7871f.json
resources,textures/achievement/icons/badge_jungleExploration_color,cc.SpriteFrame,70d58be6-ac7a-4518-a51f-4854f0ba3031,assets\resources\import\70\70d58be6-ac7a-4518-a51f-4854f0ba3031.99807.json
resources,textures/achievement/icons/badge_jungleExploration_color,cc.Texture2D,6d3b3153-19b3-4d2e-8666-5b537c7ae11b,assets\resources\import\6d\6d3b3153-19b3-4d2e-8666-5b537c7ae11b.7871f.json
resources,textures/achievement/icons/badge_jungleExploration_grey,cc.SpriteFrame,f76efee5-9fa8-4607-96e7-0f82b4bd3bdb,assets\resources\import\f7\f76efee5-9fa8-4607-96e7-0f82b4bd3bdb.f7f18.json
resources,textures/achievement/icons/badge_jungleExploration_grey,cc.Texture2D,228e9a28-3677-4bd2-9307-490c184ba573,assets\resources\import\22\228e9a28-3677-4bd2-9307-490c184ba573.7871f.json
resources,textures/achievement/icons/badge_marathonRace_color,cc.SpriteFrame,ba274d71-fd33-4004-9c45-c916ac4e6583,assets\resources\import\ba\ba274d71-fd33-4004-9c45-c916ac4e6583.37182.json
resources,textures/achievement/icons/badge_marathonRace_color,cc.Texture2D,8d790a8c-159f-48a0-b9f5-24d85f37e8fd,assets\resources\import\8d\8d790a8c-159f-48a0-b9f5-24d85f37e8fd.7871f.json
resources,textures/achievement/icons/badge_marathonRace_grey,cc.SpriteFrame,7bae3014-b81d-4411-a5d3-34d7f0003a5b,assets\resources\import\7b\7bae3014-b81d-4411-a5d3-34d7f0003a5b.d1c8c.json
resources,textures/achievement/icons/badge_marathonRace_grey,cc.Texture2D,58ab6a9b-eb33-49ab-8456-d05167ee8fee,assets\resources\import\58\58ab6a9b-eb33-49ab-8456-d05167ee8fee.7871f.json
resources,textures/achievement/icons/badge_masterCleaner_color,cc.SpriteFrame,e2239331-eb52-4ca9-bf48-15c8a1aaf376,assets\resources\import\e2\e2239331-eb52-4ca9-bf48-15c8a1aaf376.fc40b.json
resources,textures/achievement/icons/badge_masterCleaner_color,cc.Texture2D,9242932f-13d7-430a-b56c-188a849c4e3e,assets\resources\import\92\9242932f-13d7-430a-b56c-188a849c4e3e.7871f.json
resources,textures/achievement/icons/badge_masterCleaner_grey,cc.SpriteFrame,074de4de-1906-4378-ba4e-4569cf7ba093,assets\resources\import\07\074de4de-1906-4378-ba4e-4569cf7ba093.66a61.json
resources,textures/achievement/icons/badge_masterCleaner_grey,cc.Texture2D,14fc64e0-0ee6-4e1e-8ecf-c2250bd8f876,assets\resources\import\14\14fc64e0-0ee6-4e1e-8ecf-c2250bd8f876.7871f.json
resources,textures/achievement/icons/badge_opportunist_color,cc.SpriteFrame,430344c7-c494-4229-b0a5-0f3c052d3f23,assets\resources\import\43\430344c7-c494-4229-b0a5-0f3c052d3f23.242c8.json
resources,textures/achievement/icons/badge_opportunist_color,cc.Texture2D,2c9eedf3-a82b-4084-85d7-13132c6f6a48,assets\resources\import\2c\2c9eedf3-a82b-4084-85d7-13132c6f6a48.7871f.json
resources,textures/achievement/icons/badge_opportunist_grey,cc.SpriteFrame,5098a391-14f7-48ed-b6c1-668dffd0f4f1,assets\resources\import\50\5098a391-14f7-48ed-b6c1-668dffd0f4f1.a6613.json
resources,textures/achievement/icons/badge_opportunist_grey,cc.Texture2D,d368808b-075f-4b31-ac7a-8ff5ef2c9621,assets\resources\import\d3\d368808b-075f-4b31-ac7a-8ff5ef2c9621.7871f.json
resources,textures/achievement/icons/badge_perseverance_color,cc.SpriteFrame,6cc68aa1-d12e-422d-9a7e-35272e973838,assets\resources\import\6c\6cc68aa1-d12e-422d-9a7e-35272e973838.bb649.json
resources,textures/achievement/icons/badge_perseverance_color,cc.Texture2D,c3f7d1f3-83dd-4dca-aa23-75f71ef7bba5,assets\resources\import\c3\c3f7d1f3-83dd-4dca-aa23-75f71ef7bba5.7871f.json
resources,textures/achievement/icons/badge_perseverance_grey,cc.SpriteFrame,cf893542-e5d3-4a80-bd65-ce9d8efc363c,assets\resources\import\cf\cf893542-e5d3-4a80-bd65-ce9d8efc363c.b86fe.json
resources,textures/achievement/icons/badge_perseverance_grey,cc.Texture2D,f6002334-87fe-4a5c-ab22-c75a6714d6a0,assets\resources\import\f6\f6002334-87fe-4a5c-ab22-c75a6714d6a0.7871f.json
resources,textures/achievement/icons/badge_scoreChampion_color,cc.SpriteFrame,6bb93ae7-405c-4009-bbb6-0350c9a2dec8,assets\resources\import\6b\6bb93ae7-405c-4009-bbb6-0350c9a2dec8.c7863.json
resources,textures/achievement/icons/badge_scoreChampion_color,cc.Texture2D,c8a04852-2fcc-4a62-b160-424d36eb92e5,assets\resources\import\c8\c8a04852-2fcc-4a62-b160-424d36eb92e5.7871f.json
resources,textures/achievement/icons/badge_scoreChampion_grey,cc.SpriteFrame,b3d5ae94-5b4d-40c2-8e92-289b8365295c,assets\resources\import\b3\b3d5ae94-5b4d-40c2-8e92-289b8365295c.3936f.json
resources,textures/achievement/icons/badge_scoreChampion_grey,cc.Texture2D,da631bfb-9fdb-4e92-aeed-50bd91f50a29,assets\resources\import\da\da631bfb-9fdb-4e92-aeed-50bd91f50a29.7871f.json
resources,textures/achievement/icons/badge_smallPanel_color,cc.SpriteFrame,b74e5d0c-bb95-428a-a624-ee236863c52e,assets\resources\import\b7\b74e5d0c-bb95-428a-a624-ee236863c52e.5d002.json
resources,textures/achievement/icons/badge_smallPanel_color,cc.Texture2D,5f3c74b9-71ac-4b47-abeb-0c098b625070,assets\resources\import\5f\5f3c74b9-71ac-4b47-abeb-0c098b625070.7871f.json
resources,textures/achievement/icons/badge_smallPanel_grey,cc.SpriteFrame,5267eed0-dd58-4bb5-8c0b-654dbbec89fa,assets\resources\import\52\5267eed0-dd58-4bb5-8c0b-654dbbec89fa.423de.json
resources,textures/achievement/icons/badge_smallPanel_grey,cc.Texture2D,94f27cd8-c986-49c8-901e-08c723dd0fb6,assets\resources\import\94\94f27cd8-c986-49c8-901e-08c723dd0fb6.7871f.json
resources,textures/achievement/icons/badge_underseaTreasure_color,cc.SpriteFrame,1ba3515c-6199-42ba-959a-af1fac3da67d,assets\resources\import\1b\1ba3515c-6199-42ba-959a-af1fac3da67d.2d1c5.json
resources,textures/achievement/icons/badge_underseaTreasure_color,cc.Texture2D,b332420a-a003-4272-890e-ff4d772e13d6,assets\resources\import\b3\b332420a-a003-4272-890e-ff4d772e13d6.7871f.json
resources,textures/achievement/icons/badge_underseaTreasure_grey,cc.SpriteFrame,3f74bb63-c7bc-4692-b881-8fdbc6466b84,assets\resources\import\3f\3f74bb63-c7bc-4692-b881-8fdbc6466b84.5de0d.json
resources,textures/achievement/icons/badge_underseaTreasure_grey,cc.Texture2D,2907eba7-7739-49c6-86d2-c9fcdbca1a41,assets\resources\import\29\2907eba7-7739-49c6-86d2-c9fcdbca1a41.7871f.json
resources,textures/achievement/icons/badge_unwavering_color,cc.SpriteFrame,28bf9ec5-bc04-4be0-b28f-91277830050a,assets\resources\import\28\28bf9ec5-bc04-4be0-b28f-91277830050a.72674.json
resources,textures/achievement/icons/badge_unwavering_color,cc.Texture2D,c6ceb352-a32c-4b64-9ee0-5a4c4c46ca66,assets\resources\import\c6\c6ceb352-a32c-4b64-9ee0-5a4c4c46ca66.7871f.json
resources,textures/achievement/icons/badge_unwavering_grey,cc.SpriteFrame,677525ff-0a00-4f13-a235-c931f2400f42,assets\resources\import\67\677525ff-0a00-4f13-a235-c931f2400f42.51a61.json
resources,textures/achievement/icons/badge_unwavering_grey,cc.Texture2D,f31bfa84-8067-439d-a85b-e9acdf737149,assets\resources\import\f3\f31bfa84-8067-439d-a85b-e9acdf737149.7871f.json
resources,textures/achievement/icons/badge_volcanoInvestigation_color,cc.SpriteFrame,915468c3-3897-4f42-94e8-ad11c339cb1a,assets\resources\import\91\915468c3-3897-4f42-94e8-ad11c339cb1a.cf0f0.json
resources,textures/achievement/icons/badge_volcanoInvestigation_color,cc.Texture2D,211ef477-6339-43fc-9a64-96270472f0f3,assets\resources\import\21\211ef477-6339-43fc-9a64-96270472f0f3.7871f.json
resources,textures/achievement/icons/badge_volcanoInvestigation_grey,cc.SpriteFrame,f33574ec-9b6f-4c17-b2c6-025cd25c4f4d,assets\resources\import\f3\f33574ec-9b6f-4c17-b2c6-025cd25c4f4d.942c8.json
resources,textures/achievement/icons/badge_volcanoInvestigation_grey,cc.Texture2D,3ee228c3-fae8-483d-be71-046d764fe4b9,assets\resources\import\3e\3ee228c3-fae8-483d-be71-046d764fe4b9.7871f.json
resources,textures/achievement/reddot,cc.SpriteFrame,d5cd1d4f-3148-4087-bd94-8ee3c3595a69,assets\resources\import\d5\d5cd1d4f-3148-4087-bd94-8ee3c3595a69.cbd31.json
resources,textures/achievement/reddot,cc.Texture2D,13915aad-5a3f-4146-a9e7-f79e768f3348,assets\resources\import\13\13915aad-5a3f-4146-a9e7-f79e768f3348.7871f.json
resources,textures/achievement/window_blue,cc.SpriteFrame,96e2dbd5-73c1-4d93-949c-c0c8365a3681,assets\resources\import\96\96e2dbd5-73c1-4d93-949c-c0c8365a3681.63b9f.json
resources,textures/achievement/window_blue,cc.Texture2D,39d2ba58-6426-4899-96f2-4bb41dc78f08,assets\resources\import\39\39d2ba58-6426-4899-96f2-4bb41dc78f08.7871f.json
resources,textures/achievement/window_btn_close,cc.SpriteFrame,483bda5e-22f9-4448-b64f-d245048f2843,assets\resources\import\48\483bda5e-22f9-4448-b64f-d245048f2843.ebf0c.json
resources,textures/achievement/window_btn_close,cc.Texture2D,5df9c27d-7614-4913-adf2-fe660934a67d,assets\resources\import\5d\5df9c27d-7614-4913-adf2-fe660934a67d.7871f.json
resources,textures/achievement/window_mask_date,cc.SpriteFrame,ba68cfc1-ea93-4b0a-83b7-175e78ae838f,assets\resources\import\ba\ba68cfc1-ea93-4b0a-83b7-175e78ae838f.0d3a5.json
resources,textures/achievement/window_mask_date,cc.Texture2D,666c7ed4-0e93-4971-9d83-dfb811cf90ba,assets\resources\import\66\666c7ed4-0e93-4971-9d83-dfb811cf90ba.7871f.json
resources,textures/addJourneyBtnTimer/btn_JourneyLoading_Timer,cc.SpriteFrame,7ab2cf21-b7e9-4dcd-92b9-12b0dc34bb22,assets\resources\import\7a\7ab2cf21-b7e9-4dcd-92b9-12b0dc34bb22.a7d45.json
resources,textures/addJourneyBtnTimer/btn_JourneyLoading_Timer,cc.Texture2D,9b746475-b8fb-4023-a842-8d294ee2632b,assets\resources\import\9b\9b746475-b8fb-4023-a842-8d294ee2632b.7871f.json
resources,textures/addJourneyBtnTimer/main_btn_icon_time01,cc.SpriteFrame,cacf4c46-736e-4449-91ee-4f77e0b3cd1e,assets\resources\import\ca\cacf4c46-736e-4449-91ee-4f77e0b3cd1e.38fc1.json
resources,textures/addJourneyBtnTimer/main_btn_icon_time01,cc.Texture2D,16b35373-b232-4003-9bf4-31106a40e85f,assets\resources\import\16\16b35373-b232-4003-9bf4-31106a40e85f.7871f.json
resources,textures/addJourneyBtnTimer/main_time_hour,cc.SpriteFrame,1edff5e5-05ff-4f2e-893d-175e66cbcae2,assets\resources\import\1e\1edff5e5-05ff-4f2e-893d-175e66cbcae2.f066f.json
resources,textures/addJourneyBtnTimer/main_time_hour,cc.Texture2D,b1f06448-a7b5-403c-a597-b64c730a4d82,assets\resources\import\b1\b1f06448-a7b5-403c-a597-b64c730a4d82.7871f.json
resources,textures/addJourneyBtnTimer/main_time_hour_shadow,cc.SpriteFrame,58809557-718c-4dc7-a276-e0961cc5cbfa,assets\resources\import\58\58809557-718c-4dc7-a276-e0961cc5cbfa.a38aa.json
resources,textures/addJourneyBtnTimer/main_time_hour_shadow,cc.Texture2D,ab8dd6f3-a990-48bc-a071-e15537a14309,assets\resources\import\ab\ab8dd6f3-a990-48bc-a071-e15537a14309.7871f.json
resources,textures/addJourneyBtnTimer/main_time_min_left,cc.SpriteFrame,c26a3888-f129-433b-a3d9-22d2e2caafa1,assets\resources\import\c2\c26a3888-f129-433b-a3d9-22d2e2caafa1.bf0d2.json
resources,textures/addJourneyBtnTimer/main_time_min_left,cc.Texture2D,f97ce6ad-bf62-42f2-b8d9-6dac0c90fdc5,assets\resources\import\f9\f97ce6ad-bf62-42f2-b8d9-6dac0c90fdc5.7871f.json
resources,textures/addJourneyBtnTimer/main_time_min_left_shadow,cc.SpriteFrame,0ba404c4-2f81-4d83-a030-da4e29f0b856,assets\resources\import\0b\0ba404c4-2f81-4d83-a030-da4e29f0b856.cd14c.json
resources,textures/addJourneyBtnTimer/main_time_min_left_shadow,cc.Texture2D,0f8903b4-9fa9-4e19-8202-dfe7db90152a,assets\resources\import\0f\0f8903b4-9fa9-4e19-8202-dfe7db90152a.7871f.json
resources,textures/addJourneyBtnTimer/main_time_min_right,cc.SpriteFrame,2d3df78a-8084-4352-a00a-4824d0441614,assets\resources\import\2d\2d3df78a-8084-4352-a00a-4824d0441614.fe256.json
resources,textures/addJourneyBtnTimer/main_time_min_right,cc.Texture2D,88fe529a-71cc-4b5d-bede-734fbc00430f,assets\resources\import\88\88fe529a-71cc-4b5d-bede-734fbc00430f.7871f.json
resources,textures/addJourneyBtnTimer/main_time_min_right_shadow,cc.SpriteFrame,1de90088-fbb5-4800-bdd9-1b411e030ccb,assets\resources\import\1d\1de90088-fbb5-4800-bdd9-1b411e030ccb.fc56f.json
resources,textures/addJourneyBtnTimer/main_time_min_right_shadow,cc.Texture2D,7b2a4b1e-88a5-4378-b0fa-89cfae940de2,assets\resources\import\7b\7b2a4b1e-88a5-4378-b0fa-89cfae940de2.7871f.json
resources,textures/alert/main_btn_green,cc.SpriteFrame,ddb76839-47f0-4cf8-a980-8415b26da4de,assets\resources\import\dd\ddb76839-47f0-4cf8-a980-8415b26da4de.3ac67.json
resources,textures/alert/main_btn_green,cc.Texture2D,047b4138-6b4c-431c-bdea-e371c39af67e,assets\resources\import\04\047b4138-6b4c-431c-bdea-e371c39af67e.7871f.json
resources,textures/alert/main_img_bg,cc.SpriteFrame,10db8d06-c683-44c9-9118-316a54b6a8c4,assets\resources\import\10\10db8d06-c683-44c9-9118-316a54b6a8c4.3d26d.json
resources,textures/alert/main_img_bg,cc.Texture2D,10bc3a5a-ec34-4824-b61b-1933109cc973,assets\resources\import\10\10bc3a5a-ec34-4824-b61b-1933109cc973.7871f.json
resources,textures/alert/main_img_close,cc.SpriteFrame,74ade1af-e360-4fb1-bde0-a318a4dc2d2c,assets\resources\import\74\74ade1af-e360-4fb1-bde0-a318a4dc2d2c.999d4.json
resources,textures/alert/main_img_close,cc.Texture2D,7bb39486-2ecc-48a6-a41e-7ee183e499ad,assets\resources\import\7b\7bb39486-2ecc-48a6-a41e-7ee183e499ad.7871f.json
resources,textures/alert/main_img_text3,cc.SpriteFrame,6d61d558-eaaf-4bfa-8633-9f6ae05a60a2,assets\resources\import\6d\6d61d558-eaaf-4bfa-8633-9f6ae05a60a2.bbd56.json
resources,textures/alert/main_img_text3,cc.Texture2D,4677e862-6fde-4580-8a64-78881949711d,assets\resources\import\46\4677e862-6fde-4580-8a64-78881949711d.7871f.json
resources,textures/alert/main_img_text4,cc.SpriteFrame,6c3fccfa-20bb-4df9-9248-0487f1ee8e95,assets\resources\import\6c\6c3fccfa-20bb-4df9-9248-0487f1ee8e95.6db36.json
resources,textures/alert/main_img_text4,cc.Texture2D,bb05a2a1-28f1-4831-b2af-d788d37c1f9f,assets\resources\import\bb\bb05a2a1-28f1-4831-b2af-d788d37c1f9f.7871f.json
resources,textures/alert/main_img_title,cc.SpriteFrame,f6c04340-d0ac-40a4-be54-a9e97635f457,assets\resources\import\f6\f6c04340-d0ac-40a4-be54-a9e97635f457.b1f59.json
resources,textures/alert/main_img_title,cc.Texture2D,b022b419-612b-49cf-a5b6-1ca0c1c4b28e,assets\resources\import\b0\b022b419-612b-49cf-a5b6-1ca0c1c4b28e.7871f.json
resources,textures/bg/blackBg,cc.SpriteFrame,277fede7-825f-4bfa-8e3c-f5a48062496c,assets\resources\import\27\277fede7-825f-4bfa-8e3c-f5a48062496c.b782d.json
resources,textures/bg/blackBg,cc.Texture2D,e9a64fea-e85c-42d7-b258-17e2325af1b0,assets\resources\import\e9\e9a64fea-e85c-42d7-b258-17e2325af1b0.7871f.json
resources,textures/blocks/Gems,cc.SpriteAtlas,4248403a-b96c-45b5-8b5a-354d9206d8c2,assets\resources\import\42\4248403a-b96c-45b5-8b5a-354d9206d8c2.28560.json
resources,textures/blocks/Gems107,cc.SpriteFrame,699c811d-7b11-4d51-890f-a88fa9fe40dd,assets\resources\import\69\699c811d-7b11-4d51-890f-a88fa9fe40dd.bfc45.json
resources,textures/blocks/Gems107Bg,cc.SpriteFrame,c5f1ac80-212d-43cd-9c14-78050c6afbf6,assets\resources\import\c5\c5f1ac80-212d-43cd-9c14-78050c6afbf6.6d468.json
resources,textures/blocks/Gems107Big,cc.SpriteFrame,2a3fb472-928c-4481-ba46-448acf560fe9,assets\resources\import\2a\2a3fb472-928c-4481-ba46-448acf560fe9.bd56f.json
resources,textures/blocks/Gems107High,cc.SpriteFrame,31a196c3-9af2-4fd8-9801-f769a279b07e,assets\resources\import\31\31a196c3-9af2-4fd8-9801-f769a279b07e.b3ef8.json
resources,textures/blocks/blocks,cc.SpriteAtlas,07022fb7-d26b-46a0-9be8-a35a714151d4,assets\resources\import\07\07022fb7-d26b-46a0-9be8-a35a714151d4.c90af.json
resources,textures/blocks/blocks,cc.SpriteAtlas,4f43c057-a732-4c93-9cbc-e88a973bca25,assets\resources\import\4f\4f43c057-a732-4c93-9cbc-e88a973bca25.01f52.json
resources,textures/blocks/blocks-dark,cc.SpriteAtlas,8b97227a-d27b-44a7-b1a2-c06af0f10cba,assets\resources\import\8b\8b97227a-d27b-44a7-b1a2-c06af0f10cba.76967.json
resources,textures/blocks/blocks-lite,cc.SpriteAtlas,f30a9ffc-5766-4082-b47a-eda3c1fd48cf,assets\resources\import\f3\f30a9ffc-5766-4082-b47a-eda3c1fd48cf.f7bab.json
resources,textures/blocks/shadow,cc.SpriteFrame,131dc102-7234-4f2d-930d-0468d1b0a4ce,assets\resources\import\13\131dc102-7234-4f2d-930d-0468d1b0a4ce.bb555.json
resources,textures/board/trait/surfaceOptimizeState/backgroundkuai2-8x8,cc.SpriteFrame,f07ea2d1-318a-4d74-a1f1-8a35789d527a,assets\resources\import\f0\f07ea2d1-318a-4d74-a1f1-8a35789d527a.8b138.json
resources,textures/board/trait/surfaceOptimizeState/backgroundkuai2-8x8,cc.Texture2D,f7b5f681-e071-4488-99ea-be4f86e7f684,assets\resources\import\f7\f7b5f681-e071-4488-99ea-be4f86e7f684.7871f.json
resources,textures/button/commen_Btn_Blue,cc.SpriteFrame,28adad9e-b953-4594-ac81-0eabef26eccc,assets\resources\import\28\28adad9e-b953-4594-ac81-0eabef26eccc.bc9fc.json
resources,textures/button/commen_Btn_Cyan,cc.SpriteFrame,d74380fc-69b0-4806-9abd-382dc161dc3e,assets\resources\import\d7\d74380fc-69b0-4806-9abd-382dc161dc3e.0f7b9.json
resources,textures/button/commen_Btn_Gray,cc.SpriteFrame,4cc7f80d-f483-4683-813e-64b37e595d13,assets\resources\import\4c\4cc7f80d-f483-4683-813e-64b37e595d13.180f8.json
resources,textures/button/commen_Btn_Green,cc.SpriteFrame,f72d6c69-7f39-4be0-825b-17df112dbf18,assets\resources\import\f7\f72d6c69-7f39-4be0-825b-17df112dbf18.4cd88.json
resources,textures/button/commen_Btn_Purple,cc.SpriteFrame,cf92bafc-944e-4955-95de-7aaac5e4048b,assets\resources\import\cf\cf92bafc-944e-4955-95de-7aaac5e4048b.dcd1f.json
resources,textures/button/commen_Btn_Red,cc.SpriteFrame,b0ca99fa-bbfd-47af-8496-6a349b948d08,assets\resources\import\b0\b0ca99fa-bbfd-47af-8496-6a349b948d08.963fd.json
resources,textures/button/commen_Btn_Yellow,cc.SpriteFrame,2f426ab0-cf74-4697-b2a4-8f25d259290f,assets\resources\import\2f\2f426ab0-cf74-4697-b2a4-8f25d259290f.981aa.json
resources,textures/button/comment,cc.SpriteAtlas,561e6fed-4ad9-4fee-9b84-3b859183a8e2,assets\resources\import\56\561e6fed-4ad9-4fee-9b84-3b859183a8e2.a5a05.json
resources,textures/button/common_Btn_Green_Mid,cc.SpriteFrame,d4a82edc-f472-40c0-adb9-b8cb3e69e419,assets\resources\import\d4\d4a82edc-f472-40c0-adb9-b8cb3e69e419.9d4bd.json
resources,textures/commentskin/bg_rate,cc.SpriteFrame,c4b67c07-329d-4540-b939-e114ee992b80,assets\resources\import\c4\c4b67c07-329d-4540-b939-e114ee992b80.0d0e2.json
resources,textures/commentskin/bg_rate,cc.Texture2D,b21b33c3-8628-4370-87b7-99a836d72f59,assets\resources\import\b2\b21b33c3-8628-4370-87b7-99a836d72f59.40ec8.json
resources,textures/commentskin/btn_rateClose,cc.SpriteFrame,f3d88feb-2ffd-4f3b-ba77-7deea565d43e,assets\resources\import\f3\f3d88feb-2ffd-4f3b-ba77-7deea565d43e.a06d0.json
resources,textures/commentskin/btn_rateClose,cc.Texture2D,3ec6f063-4efe-492a-ad3d-b7f9602fec84,assets\resources\import\3e\3ec6f063-4efe-492a-ad3d-b7f9602fec84.40ec8.json
resources,textures/commentskin/btn_rateGrey,cc.SpriteFrame,fce679ee-ca73-4430-9ee9-a78235382760,assets\resources\import\fc\fce679ee-ca73-4430-9ee9-a78235382760.dc5ba.json
resources,textures/commentskin/btn_rateGrey,cc.Texture2D,e0dea583-7f01-4a2e-bac0-8c1b829b1aad,assets\resources\import\e0\e0dea583-7f01-4a2e-bac0-8c1b829b1aad.40ec8.json
resources,textures/commentskin/common_bg_setting_down,cc.SpriteFrame,de1ef416-a2d9-4403-a65c-0b6ff32c333d,assets\resources\import\de\de1ef416-a2d9-4403-a65c-0b6ff32c333d.93539.json
resources,textures/commentskin/common_bg_setting_down,cc.Texture2D,02b8f457-f71a-4ef1-9989-936c4d4d2263,assets\resources\import\02\02b8f457-f71a-4ef1-9989-936c4d4d2263.7871f.json
resources,textures/commentskin/common_bg_setting_up,cc.SpriteFrame,19d186f9-b7b8-4a20-b75d-5155e82b55d4,assets\resources\import\19\19d186f9-b7b8-4a20-b75d-5155e82b55d4.4177c.json
resources,textures/commentskin/common_bg_setting_up,cc.Texture2D,3bb4a920-38e2-48ae-9153-a39fa4bf1fba,assets\resources\import\3b\3bb4a920-38e2-48ae-9153-a39fa4bf1fba.7871f.json
resources,textures/commentskin/common_btn_close,cc.SpriteFrame,a2b0046e-9bb0-44d3-89e4-d11f7c2d61b2,assets\resources\import\a2\a2b0046e-9bb0-44d3-89e4-d11f7c2d61b2.1cf02.json
resources,textures/commentskin/common_btn_close,cc.Texture2D,06afe97b-2399-4027-a0d1-ba0694984d1d,assets\resources\import\06\06afe97b-2399-4027-a0d1-ba0694984d1d.7871f.json
resources,textures/commentskin/img_star,cc.SpriteFrame,a81c79b8-6898-41d8-8657-e14fd849dd12,assets\resources\import\a8\a81c79b8-6898-41d8-8657-e14fd849dd12.e7106.json
resources,textures/commentskin/img_star,cc.Texture2D,5608c8fa-a3bb-4928-b6ec-f33b8823bbc1,assets\resources\import\56\5608c8fa-a3bb-4928-b6ec-f33b8823bbc1.40ec8.json
resources,textures/commentskin/img_starBg,cc.SpriteFrame,b42dab01-afe8-42bf-a98a-f35724483220,assets\resources\import\b4\b42dab01-afe8-42bf-a98a-f35724483220.6e42d.json
resources,textures/commentskin/img_starBg,cc.Texture2D,0f68e86a-2a9a-4f27-b6e1-1bf494d32204,assets\resources\import\0f\0f68e86a-2a9a-4f27-b6e1-1bf494d32204.40ec8.json
resources,textures/commentskin/rating_btn_rate,cc.SpriteFrame,ca9430a7-7919-47df-8652-c1e4f676ac9c,assets\resources\import\ca\ca9430a7-7919-47df-8652-c1e4f676ac9c.f89f5.json
resources,textures/commentskin/rating_btn_rate,cc.Texture2D,9586f5bd-35f4-4d8f-906e-10c9a47903a2,assets\resources\import\95\9586f5bd-35f4-4d8f-906e-10c9a47903a2.7871f.json
resources,textures/commentskin/txt_doc_rate,cc.SpriteFrame,4d09573c-71ab-4074-ab25-003f8c6b4605,assets\resources\import\4d\4d09573c-71ab-4074-ab25-003f8c6b4605.29e49.json
resources,textures/commentskin/txt_doc_rate,cc.Texture2D,665b2d84-c7c0-4a5b-9227-575039e780af,assets\resources\import\66\665b2d84-c7c0-4a5b-9227-575039e780af.40ec8.json
resources,textures/dailyWinStreakState/bg_DailyVictories,cc.SpriteFrame,4fa7edf5-af77-447f-9eb7-0123d8602d08,assets\resources\import\4f\4fa7edf5-af77-447f-9eb7-0123d8602d08.9f93e.json
resources,textures/dailyWinStreakState/bg_DailyVictories,cc.Texture2D,049fca98-2142-44d0-9abf-e7702e965e7a,assets\resources\import\04\049fca98-2142-44d0-9abf-e7702e965e7a.7871f.json
resources,textures/dailyWinStreakState/btn_Down,cc.SpriteFrame,40e78859-96f7-45bd-88f9-562f0ea55ec7,assets\resources\import\40\40e78859-96f7-45bd-88f9-562f0ea55ec7.af4ed.json
resources,textures/dailyWinStreakState/btn_Down,cc.Texture2D,82adceb1-56de-49f5-940e-d08a1d9012a3,assets\resources\import\82\82adceb1-56de-49f5-940e-d08a1d9012a3.7871f.json
resources,textures/dailyWinStreakState/btn_Up,cc.SpriteFrame,628bf997-e98f-4ade-b078-f507dc0c97d7,assets\resources\import\62\628bf997-e98f-4ade-b078-f507dc0c97d7.c38aa.json
resources,textures/dailyWinStreakState/btn_Up,cc.Texture2D,719aefcf-31be-4fbe-b41c-29ca9313387d,assets\resources\import\71\719aefcf-31be-4fbe-b41c-29ca9313387d.7871f.json
resources,textures/dailyWinStreakState/btn_detail,cc.SpriteFrame,48f999d5-8225-4bd5-ba4c-b9e811e32e31,assets\resources\import\48\48f999d5-8225-4bd5-ba4c-b9e811e32e31.b6a5e.json
resources,textures/dailyWinStreakState/btn_detail,cc.Texture2D,8de90040-4406-4e5b-b2ef-4340c0a31b25,assets\resources\import\8d\8de90040-4406-4e5b-b2ef-4340c0a31b25.7871f.json
resources,textures/dailyWinStreakState/icon_DailyVictory,cc.SpriteFrame,b2ed8fc5-dbe2-442a-87b6-65ed13f6eea2,assets\resources\import\b2\b2ed8fc5-dbe2-442a-87b6-65ed13f6eea2.dde87.json
resources,textures/dailyWinStreakState/icon_DailyVictory,cc.Texture2D,0c0d8046-cfcf-4978-a2f6-59f9ef21b717,assets\resources\import\0c\0c0d8046-cfcf-4978-a2f6-59f9ef21b717.7871f.json
resources,textures/dailyWinStreakState/txt_ConsecutiveDailyVictories,cc.SpriteFrame,92d5d843-fc12-4acc-855e-440b5af2ea8c,assets\resources\import\92\92d5d843-fc12-4acc-855e-440b5af2ea8c.d9a43.json
resources,textures/dailyWinStreakState/txt_ConsecutiveDailyVictories,cc.Texture2D,7a2a245e-050f-4e20-8492-efee2e56f406,assets\resources\import\7a\7a2a245e-050f-4e20-8492-efee2e56f406.7871f.json
resources,textures/dailyWinStreakState/×,cc.SpriteFrame,df2dcca5-fe9e-465b-8d6c-79a19aec0444,assets\resources\import\df\df2dcca5-fe9e-465b-8d6c-79a19aec0444.dcba2.json
resources,textures/dailyWinStreakState/×,cc.Texture2D,9232fe98-0c90-4e55-bbfc-eb673ca17155,assets\resources\import\92\9232fe98-0c90-4e55-bbfc-eb673ca17155.7871f.json
resources,textures/gameOver/overview_name,cc.SpriteFrame,b5540a91-de6e-4a6a-9411-59a447e566b4,assets\resources\import\b5\b5540a91-de6e-4a6a-9411-59a447e566b4.766f9.json
resources,textures/gameOver/overview_name,cc.Texture2D,62e50641-8ed1-4224-b8cc-8225e7de2e04,assets\resources\import\62\62e50641-8ed1-4224-b8cc-8225e7de2e04.7871f.json
resources,textures/gameOver/overview_score,cc.SpriteFrame,fd30cf80-965d-4c42-bf26-d0f3ed8fab87,assets\resources\import\fd\fd30cf80-965d-4c42-bf26-d0f3ed8fab87.9e931.json
resources,textures/gameOver/overview_score,cc.Texture2D,613f8cef-59d9-4166-be14-ad290de0afd5,assets\resources\import\61\613f8cef-59d9-4166-be14-ad290de0afd5.7871f.json
resources,textures/gamelobby/glHallMoreGamesPopup/bg_setting,cc.SpriteFrame,89aca708-0e36-49d5-9f03-d60d9f7147f0,assets\resources\import\89\89aca708-0e36-49d5-9f03-d60d9f7147f0.9f59b.json
resources,textures/gamelobby/glHallMoreGamesPopup/bg_setting,cc.Texture2D,d1a38b0b-40b1-4eba-852b-d4f39d704fb4,assets\resources\import\d1\d1a38b0b-40b1-4eba-852b-d4f39d704fb4.7871f.json
resources,textures/gamelobby/glHallMoreGamesPopup/btn_Close,cc.SpriteFrame,98b5f4dd-eaf6-4404-bf85-4098f0041b5a,assets\resources\import\98\98b5f4dd-eaf6-4404-bf85-4098f0041b5a.93d1a.json
resources,textures/gamelobby/glHallMoreGamesPopup/btn_Close,cc.Texture2D,4c6cbd84-a04d-4470-bb6d-87302f295044,assets\resources\import\4c\4c6cbd84-a04d-4470-bb6d-87302f295044.7871f.json
resources,textures/gamelobby/glHallMoreGamesPopup/btn_green,cc.SpriteFrame,4dfd2b24-ad42-48df-9a34-772c91638f1d,assets\resources\import\4d\4dfd2b24-ad42-48df-9a34-772c91638f1d.25d28.json
resources,textures/gamelobby/glHallMoreGamesPopup/btn_green,cc.Texture2D,6caf099d-0ec4-48c6-9b98-1d34fbe62f5b,assets\resources\import\6c\6caf099d-0ec4-48c6-9b98-1d34fbe62f5b.7871f.json
resources,textures/gamelobby/glHallMoreGamesPopup/icon_2248,cc.SpriteFrame,7daaed25-8dfb-4da7-9350-51c9348981c2,assets\resources\import\7d\7daaed25-8dfb-4da7-9350-51c9348981c2.eb6b3.json
resources,textures/gamelobby/glHallMoreGamesPopup/icon_2248,cc.Texture2D,2465a1c9-6814-4e48-a757-47e886b484f5,assets\resources\import\24\2465a1c9-6814-4e48-a757-47e886b484f5.7871f.json
resources,textures/gamelobby/glHallMoreGamesPopup/icon_blockSlide,cc.SpriteFrame,4bf8047c-a53c-434b-acb8-a991c089c0e0,assets\resources\import\4b\4bf8047c-a53c-434b-acb8-a991c089c0e0.74397.json
resources,textures/gamelobby/glHallMoreGamesPopup/icon_blockSlide,cc.Texture2D,b579a3f3-6a89-4720-8507-da4e0f7a9c87,assets\resources\import\b5\b579a3f3-6a89-4720-8507-da4e0f7a9c87.7871f.json
resources,textures/gamelobby/glHallMoreGamesPopup/icon_fruitMerge,cc.SpriteFrame,e347cbcf-4f6f-471c-b231-543bbd81d059,assets\resources\import\e3\e347cbcf-4f6f-471c-b231-543bbd81d059.552e1.json
resources,textures/gamelobby/glHallMoreGamesPopup/icon_fruitMerge,cc.Texture2D,b4390cb3-72f4-4581-8bc2-2104be406df6,assets\resources\import\b4\b4390cb3-72f4-4581-8bc2-2104be406df6.7871f.json
resources,textures/gamelobby/glHallMoreGamesPopup/icon_mahjong,cc.SpriteFrame,5f329872-b04a-4971-bdeb-9d121f9988a3,assets\resources\import\5f\5f329872-b04a-4971-bdeb-9d121f9988a3.5eb56.json
resources,textures/gamelobby/glHallMoreGamesPopup/icon_mahjong,cc.Texture2D,46f24d06-063b-4e90-9d7c-91bdd73a1545,assets\resources\import\46\46f24d06-063b-4e90-9d7c-91bdd73a1545.7871f.json
resources,textures/gamelobby/glHallMoreGamesPopup/icon_oneLine,cc.SpriteFrame,c640caf2-c396-40f2-9080-e9d503bf249e,assets\resources\import\c6\c640caf2-c396-40f2-9080-e9d503bf249e.621c3.json
resources,textures/gamelobby/glHallMoreGamesPopup/icon_oneLine,cc.Texture2D,3a559602-8b80-4d9f-b40c-c0eea6eeb6c3,assets\resources\import\3a\3a559602-8b80-4d9f-b40c-c0eea6eeb6c3.7871f.json
resources,textures/gamelobby/glHallMoreGamesPopup/icon_onet,cc.SpriteFrame,7fb1a7a8-102c-4cda-aaf3-9645d3dedb1e,assets\resources\import\7f\7fb1a7a8-102c-4cda-aaf3-9645d3dedb1e.112bc.json
resources,textures/gamelobby/glHallMoreGamesPopup/icon_onet,cc.Texture2D,9d8ad2af-c297-4775-aca8-37185727f180,assets\resources\import\9d\9d8ad2af-c297-4775-aca8-37185727f180.7871f.json
resources,textures/gamelobby/glHallMoreGamesPopup/icon_sand,cc.SpriteFrame,c5acc01d-5ef4-4715-ba44-b1c597f4ff33,assets\resources\import\c5\c5acc01d-5ef4-4715-ba44-b1c597f4ff33.66e52.json
resources,textures/gamelobby/glHallMoreGamesPopup/icon_sand,cc.Texture2D,7e0decfc-02fc-4d10-85fb-301f68f840ce,assets\resources\import\7e\7e0decfc-02fc-4d10-85fb-301f68f840ce.7871f.json
resources,textures/gamelobby/glHallMoreGamesPopup/icon_sudoku,cc.SpriteFrame,7f2fae6d-6379-4773-8d11-50fc1df96b6c,assets\resources\import\7f\7f2fae6d-6379-4773-8d11-50fc1df96b6c.4e34b.json
resources,textures/gamelobby/glHallMoreGamesPopup/icon_sudoku,cc.Texture2D,baf85a74-5678-43aa-85ec-36187d849664,assets\resources\import\ba\baf85a74-5678-43aa-85ec-36187d849664.7871f.json
resources,textures/gamelobby/glHallMoreGamesPopup/icon_ticTacToe,cc.SpriteFrame,cfaad81d-0069-485c-b552-ce82549c4d3e,assets\resources\import\cf\cfaad81d-0069-485c-b552-ce82549c4d3e.cb0c7.json
resources,textures/gamelobby/glHallMoreGamesPopup/icon_ticTacToe,cc.Texture2D,b3501b6c-210e-483d-932e-ea1470bfb528,assets\resources\import\b3\b3501b6c-210e-483d-932e-ea1470bfb528.7871f.json
resources,textures/gamelobby/glHallMoreGamesPopup/icon_waterSort,cc.SpriteFrame,e1c13cdb-b17c-4ddc-a549-395b991e94ab,assets\resources\import\e1\e1c13cdb-b17c-4ddc-a549-395b991e94ab.e31aa.json
resources,textures/gamelobby/glHallMoreGamesPopup/icon_waterSort,cc.Texture2D,32efb4bf-c428-4719-bae8-d158bc9fbf3a,assets\resources\import\32\32efb4bf-c428-4719-bae8-d158bc9fbf3a.7871f.json
resources,textures/gamelobby/glHallMoreGamesPopup/txt_2248,cc.SpriteFrame,bdea97ab-879d-4786-8f9e-9d87bcb8a0b5,assets\resources\import\bd\bdea97ab-879d-4786-8f9e-9d87bcb8a0b5.23f80.json
resources,textures/gamelobby/glHallMoreGamesPopup/txt_2248,cc.Texture2D,77951c30-0f49-4708-98b2-8f176be52809,assets\resources\import\77\77951c30-0f49-4708-98b2-8f176be52809.7871f.json
resources,textures/gamelobby/glHallMoreGamesPopup/txt_blockSlide,cc.SpriteFrame,a1f4a04a-ba4b-4b7c-95f0-d17c41064247,assets\resources\import\a1\a1f4a04a-ba4b-4b7c-95f0-d17c41064247.ec67e.json
resources,textures/gamelobby/glHallMoreGamesPopup/txt_blockSlide,cc.Texture2D,ee871087-decd-4120-b552-3a8d2178ffc8,assets\resources\import\ee\ee871087-decd-4120-b552-3a8d2178ffc8.7871f.json
resources,textures/gamelobby/glHallMoreGamesPopup/txt_fruitMerge,cc.SpriteFrame,c34af686-34ae-482e-a3ef-f6e5d5a820a1,assets\resources\import\c3\c34af686-34ae-482e-a3ef-f6e5d5a820a1.ade08.json
resources,textures/gamelobby/glHallMoreGamesPopup/txt_fruitMerge,cc.Texture2D,bf56bbea-4afc-4f7a-93b0-49b326abff8c,assets\resources\import\bf\bf56bbea-4afc-4f7a-93b0-49b326abff8c.7871f.json
resources,textures/gamelobby/glHallMoreGamesPopup/txt_mahjong,cc.SpriteFrame,229f53e2-a868-4f7a-91a3-578699a4446d,assets\resources\import\22\229f53e2-a868-4f7a-91a3-578699a4446d.8e6c8.json
resources,textures/gamelobby/glHallMoreGamesPopup/txt_mahjong,cc.Texture2D,2e58342b-fd1f-4edc-b05c-8d77a7d8b1e4,assets\resources\import\2e\2e58342b-fd1f-4edc-b05c-8d77a7d8b1e4.7871f.json
resources,textures/gamelobby/glHallMoreGamesPopup/txt_moreGames,cc.SpriteFrame,f9081ca8-c348-4234-83f1-33b065a37ecf,assets\resources\import\f9\f9081ca8-c348-4234-83f1-33b065a37ecf.603fe.json
resources,textures/gamelobby/glHallMoreGamesPopup/txt_moreGames,cc.Texture2D,9d50381c-361b-45df-a67f-ab7904123460,assets\resources\import\9d\9d50381c-361b-45df-a67f-ab7904123460.7871f.json
resources,textures/gamelobby/glHallMoreGamesPopup/txt_oneLine,cc.SpriteFrame,ceab2e0e-b53e-4647-b2d9-c5b0f9ff2563,assets\resources\import\ce\ceab2e0e-b53e-4647-b2d9-c5b0f9ff2563.3547d.json
resources,textures/gamelobby/glHallMoreGamesPopup/txt_oneLine,cc.Texture2D,6bf9a9cd-c465-467f-af83-f8c45fa15339,assets\resources\import\6b\6bf9a9cd-c465-467f-af83-f8c45fa15339.7871f.json
resources,textures/gamelobby/glHallMoreGamesPopup/txt_onet,cc.SpriteFrame,fd016724-51b3-47ab-9822-e794d716e41a,assets\resources\import\fd\fd016724-51b3-47ab-9822-e794d716e41a.80622.json
resources,textures/gamelobby/glHallMoreGamesPopup/txt_onet,cc.Texture2D,4c2e83ed-872e-421d-8737-b70b754a79df,assets\resources\import\4c\4c2e83ed-872e-421d-8737-b70b754a79df.7871f.json
resources,textures/gamelobby/glHallMoreGamesPopup/txt_sand,cc.SpriteFrame,512948cd-cdc7-405a-b236-f127bdd7c34d,assets\resources\import\51\512948cd-cdc7-405a-b236-f127bdd7c34d.0e711.json
resources,textures/gamelobby/glHallMoreGamesPopup/txt_sand,cc.Texture2D,93a701b0-62f8-4689-80dc-e8348613cd8e,assets\resources\import\93\93a701b0-62f8-4689-80dc-e8348613cd8e.7871f.json
resources,textures/gamelobby/glHallMoreGamesPopup/txt_sudoku,cc.SpriteFrame,726b9675-c4db-4a66-b73d-8f874e18aed4,assets\resources\import\72\726b9675-c4db-4a66-b73d-8f874e18aed4.03653.json
resources,textures/gamelobby/glHallMoreGamesPopup/txt_sudoku,cc.Texture2D,70b522f1-d07e-46c1-9408-ddfcdc3f55f3,assets\resources\import\70\70b522f1-d07e-46c1-9408-ddfcdc3f55f3.7871f.json
resources,textures/gamelobby/glHallMoreGamesPopup/txt_ticTacToe,cc.SpriteFrame,c166dca5-cc17-436e-bb36-c6f26ce3a095,assets\resources\import\c1\c166dca5-cc17-436e-bb36-c6f26ce3a095.53af8.json
resources,textures/gamelobby/glHallMoreGamesPopup/txt_ticTacToe,cc.Texture2D,9f7ca663-6146-4e57-b493-a6ec87155869,assets\resources\import\9f\9f7ca663-6146-4e57-b493-a6ec87155869.7871f.json
resources,textures/gamelobby/glHallMoreGamesPopup/txt_waterSort,cc.SpriteFrame,20db527a-d5d3-4b94-824d-d897f8ab576f,assets\resources\import\20\20db527a-d5d3-4b94-824d-d897f8ab576f.8d92d.json
resources,textures/gamelobby/glHallMoreGamesPopup/txt_waterSort,cc.Texture2D,6057b7f4-6e07-472c-8227-c123c617ce9c,assets\resources\import\60\6057b7f4-6e07-472c-8227-c123c617ce9c.7871f.json
resources,textures/gamelobby/main_btn_moreGames,cc.SpriteFrame,56c0dc5e-b37a-4117-9101-5bde683d6b18,assets\resources\import\56\56c0dc5e-b37a-4117-9101-5bde683d6b18.d9a86.json
resources,textures/gamelobby/main_btn_moreGames,cc.Texture2D,902828b5-c552-4c03-bf39-a6250c02152f,assets\resources\import\90\902828b5-c552-4c03-bf39-a6250c02152f.7871f.json
resources,textures/internalReferral/main_img_mahjong,cc.SpriteFrame,2b4072c0-0413-416d-a226-862260e90864,assets\resources\import\2b\2b4072c0-0413-416d-a226-862260e90864.e48e5.json
resources,textures/internalReferral/main_img_mahjong,cc.Texture2D,f74b280f-f0eb-423c-b1cb-224d7c0fb78a,assets\resources\import\f7\f74b280f-f0eb-423c-b1cb-224d7c0fb78a.7871f.json
resources,textures/internalReferral/main_img_sudoku_blue_1,cc.SpriteFrame,bb0e2f78-c5de-43f4-8eb8-6423c764bb33,assets\resources\import\bb\bb0e2f78-c5de-43f4-8eb8-6423c764bb33.000a1.json
resources,textures/internalReferral/main_img_sudoku_blue_1,cc.Texture2D,f874da49-d4f8-4eb2-b722-c5d98d61b57a,assets\resources\import\f8\f874da49-d4f8-4eb2-b722-c5d98d61b57a.7871f.json
resources,textures/iosSetUp/bestTip_icon_Guidance,cc.SpriteFrame,ffc601f2-de37-49b8-8e3c-faa8da22a976,assets\resources\import\ff\ffc601f2-de37-49b8-8e3c-faa8da22a976.b55a8.json
resources,textures/iosSetUp/bestTip_icon_Guidance,cc.Texture2D,e7eb8de6-0581-4e50-894b-3740a3a2d3c5,assets\resources\import\e7\e7eb8de6-0581-4e50-894b-3740a3a2d3c5.7871f.json
resources,textures/iosSetUp/bestTip_txt_guidance_EN,cc.SpriteFrame,bebfb39b-f6b8-4af9-bd1e-8dfd4d2ac5b9,assets\resources\import\be\bebfb39b-f6b8-4af9-bd1e-8dfd4d2ac5b9.bae2b.json
resources,textures/iosSetUp/bestTip_txt_guidance_EN,cc.Texture2D,16077b7d-dbf1-4a04-bf56-866f023bf61a,assets\resources\import\16\16077b7d-dbf1-4a04-bf56-866f023bf61a.7871f.json
resources,textures/iosSetUp/bg_setting,cc.SpriteFrame,45c0a079-a130-479f-9943-1d19acd464c2,assets\resources\import\45\45c0a079-a130-479f-9943-1d19acd464c2.02c23.json
resources,textures/iosSetUp/bg_setting,cc.Texture2D,bcf589c9-db78-422d-9c5e-85c83f720bfc,assets\resources\import\bc\bcf589c9-db78-422d-9c5e-85c83f720bfc.7871f.json
resources,textures/iosSetUp/bg_settingLine,cc.SpriteFrame,ba38a656-a3c2-480c-a6cf-40c5a24baf15,assets\resources\import\ba\ba38a656-a3c2-480c-a6cf-40c5a24baf15.fd4b1.json
resources,textures/iosSetUp/bg_settingLine,cc.Texture2D,43eb85c7-68d8-4f0a-acf0-346bb1ff3f08,assets\resources\import\43\43eb85c7-68d8-4f0a-acf0-346bb1ff3f08.7871f.json
resources,textures/iosSetUp/btn_LanguagePoint,cc.SpriteFrame,ad699fdf-dee3-44c0-87a8-92736d7eb2d7,assets\resources\import\ad\ad699fdf-dee3-44c0-87a8-92736d7eb2d7.0a0e7.json
resources,textures/iosSetUp/btn_LanguagePoint,cc.Texture2D,66a0ccbc-1276-4227-8004-19b366f96cb1,assets\resources\import\66\66a0ccbc-1276-4227-8004-19b366f96cb1.7871f.json
resources,textures/iosSetUp/btn_MoreSet_EN,cc.SpriteFrame,32a0ea49-0429-43ec-86e4-fc84130e3bf5,assets\resources\import\32\32a0ea49-0429-43ec-86e4-fc84130e3bf5.88078.json
resources,textures/iosSetUp/btn_MoreSet_EN,cc.Texture2D,b83cc76c-2861-4e92-9830-93069737700b,assets\resources\import\b8\b83cc76c-2861-4e92-9830-93069737700b.7871f.json
resources,textures/iosSetUp/btn_SetCommon,cc.SpriteFrame,632a1949-ba91-4d79-beee-4b14a9797165,assets\resources\import\63\632a1949-ba91-4d79-beee-4b14a9797165.18a68.json
resources,textures/iosSetUp/btn_SetCommon,cc.Texture2D,8d5d42d0-c535-4090-8e83-17d99061b841,assets\resources\import\8d\8d5d42d0-c535-4090-8e83-17d99061b841.7871f.json
resources,textures/iosSetUp/btn_SetSkin_ios,cc.SpriteFrame,94bc31c0-2a37-45e7-9eed-51ed7c68612d,assets\resources\import\94\94bc31c0-2a37-45e7-9eed-51ed7c68612d.fcf39.json
resources,textures/iosSetUp/btn_SetSkin_ios,cc.Texture2D,1e21a3e8-21a5-44e4-bb17-840fde1fb76c,assets\resources\import\1e\1e21a3e8-21a5-44e4-bb17-840fde1fb76c.7871f.json
resources,textures/iosSetUp/btn_Share,cc.SpriteFrame,292a7e35-4698-46ee-a16c-47b7f316b636,assets\resources\import\29\292a7e35-4698-46ee-a16c-47b7f316b636.1a850.json
resources,textures/iosSetUp/btn_Share,cc.Texture2D,5d93d039-f4f6-449f-abeb-d2b6d5a8d982,assets\resources\import\5d\5d93d039-f4f6-449f-abeb-d2b6d5a8d982.7871f.json
resources,textures/iosSetUp/btn_Share_EN,cc.SpriteFrame,392543de-0a7c-4a89-8337-a4ae6b27ebb8,assets\resources\import\39\392543de-0a7c-4a89-8337-a4ae6b27ebb8.64aee.json
resources,textures/iosSetUp/btn_Share_EN,cc.Texture2D,82a7bf16-fc79-46b3-bd25-d55b103dfb8e,assets\resources\import\82\82a7bf16-fc79-46b3-bd25-d55b103dfb8e.7871f.json
resources,textures/iosSetUp/btn_SoundBg_Close,cc.SpriteFrame,7426ba31-d6ce-4ee9-87a1-b490e8a6af9c,assets\resources\import\74\7426ba31-d6ce-4ee9-87a1-b490e8a6af9c.9f9c7.json
resources,textures/iosSetUp/btn_SoundBg_Close,cc.Texture2D,7b7f1e32-93ca-434c-8915-1768b936cb15,assets\resources\import\7b\7b7f1e32-93ca-434c-8915-1768b936cb15.7871f.json
resources,textures/iosSetUp/btn_SoundBg_Open,cc.SpriteFrame,7712b58c-4a40-4c1a-a4fb-c0dadbf75954,assets\resources\import\77\7712b58c-4a40-4c1a-a4fb-c0dadbf75954.444e1.json
resources,textures/iosSetUp/btn_SoundBg_Open,cc.Texture2D,d53e75ed-338b-473f-83b3-ad2c83bafb42,assets\resources\import\d5\d53e75ed-338b-473f-83b3-ad2c83bafb42.7871f.json
resources,textures/iosSetUp/btn_TxtExit_EN,cc.SpriteFrame,4e92f180-9914-48e0-ad3d-4ebcf97600b7,assets\resources\import\4e\4e92f180-9914-48e0-ad3d-4ebcf97600b7.a7ce6.json
resources,textures/iosSetUp/btn_TxtExit_EN,cc.Texture2D,881eebf6-96dd-4d30-afd3-a7bc3e791226,assets\resources\import\88\881eebf6-96dd-4d30-afd3-a7bc3e791226.7871f.json
resources,textures/iosSetUp/btn_TxtHome_EN,cc.SpriteFrame,90dd8928-93f5-4aaf-a4d6-c939b2ce721a,assets\resources\import\90\90dd8928-93f5-4aaf-a4d6-c939b2ce721a.a1a7e.json
resources,textures/iosSetUp/btn_TxtHome_EN,cc.Texture2D,07e51edb-689a-4916-a414-46df35f6fba3,assets\resources\import\07\07e51edb-689a-4916-a414-46df35f6fba3.7871f.json
resources,textures/iosSetUp/btn_TxtPlay_EN,cc.SpriteFrame,537ab743-fb1a-4cda-9eec-c96e263d1445,assets\resources\import\53\537ab743-fb1a-4cda-9eec-c96e263d1445.4a73e.json
resources,textures/iosSetUp/btn_TxtPlay_EN,cc.Texture2D,5c1ffb8a-5a9e-4efa-8170-5ffe72067902,assets\resources\import\5c\5c1ffb8a-5a9e-4efa-8170-5ffe72067902.7871f.json
resources,textures/iosSetUp/btn_TxtSkin_EN_ios,cc.SpriteFrame,243d74d2-924e-4a77-a907-14233bad87f7,assets\resources\import\24\243d74d2-924e-4a77-a907-14233bad87f7.f1945.json
resources,textures/iosSetUp/btn_TxtSkin_EN_ios,cc.Texture2D,e81de560-c2e4-4643-8db6-f6e814a71b56,assets\resources\import\e8\e81de560-c2e4-4643-8db6-f6e814a71b56.7871f.json
resources,textures/iosSetUp/btn_TxtStart_EN,cc.SpriteFrame,4551589d-bff0-415f-bb71-2f37fbdd0829,assets\resources\import\45\4551589d-bff0-415f-bb71-2f37fbdd0829.a9ea3.json
resources,textures/iosSetUp/btn_TxtStart_EN,cc.Texture2D,3e009f92-055f-42eb-80b2-b6f2c257fe0b,assets\resources\import\3e\3e009f92-055f-42eb-80b2-b6f2c257fe0b.7871f.json
resources,textures/iosSetUp/btn_setBack,cc.SpriteFrame,054b9843-a1e3-4922-9785-afc8f0c115dd,assets\resources\import\05\054b9843-a1e3-4922-9785-afc8f0c115dd.ba603.json
resources,textures/iosSetUp/btn_setBack,cc.Texture2D,002f8372-db4a-4a67-a5e7-43d430b4f4d6,assets\resources\import\00\002f8372-db4a-4a67-a5e7-43d430b4f4d6.7871f.json
resources,textures/iosSetUp/btn_set_dark,cc.SpriteFrame,0a867acd-cbf8-4793-bf16-04ca49c9e967,assets\resources\import\0a\0a867acd-cbf8-4793-bf16-04ca49c9e967.d2354.json
resources,textures/iosSetUp/btn_set_dark,cc.Texture2D,c40cdfe8-bc8c-4596-8460-0e034e770cfb,assets\resources\import\c4\c40cdfe8-bc8c-4596-8460-0e034e770cfb.7871f.json
resources,textures/iosSetUp/btn_txt_Share,cc.SpriteFrame,7d581120-8406-409b-b76d-2f3da98d1126,assets\resources\import\7d\7d581120-8406-409b-b76d-2f3da98d1126.12dcf.json
resources,textures/iosSetUp/btn_txt_Share,cc.Texture2D,3ebb6164-2d1a-467b-a397-f07423162b16,assets\resources\import\3e\3ebb6164-2d1a-467b-a397-f07423162b16.7871f.json
resources,textures/iosSetUp/icon_Ads,cc.SpriteFrame,5450ba67-91bd-411c-ad4c-79bc145a34e2,assets\resources\import\54\5450ba67-91bd-411c-ad4c-79bc145a34e2.83c05.json
resources,textures/iosSetUp/icon_Ads,cc.Texture2D,2a24aae3-5a51-4a79-b6c0-02626f2c2a4d,assets\resources\import\2a\2a24aae3-5a51-4a79-b6c0-02626f2c2a4d.7871f.json
resources,textures/iosSetUp/icon_BGM,cc.SpriteFrame,a18192e7-4aba-4858-bc2b-86cfd3bb65ad,assets\resources\import\a1\a18192e7-4aba-4858-bc2b-86cfd3bb65ad.6e3b3.json
resources,textures/iosSetUp/icon_BGM,cc.Texture2D,2577697f-99cb-4ba4-8938-089cc34640cd,assets\resources\import\25\2577697f-99cb-4ba4-8938-089cc34640cd.7871f.json
resources,textures/iosSetUp/icon_Exit,cc.SpriteFrame,5db3d768-4dff-4936-a32d-19e5721a141b,assets\resources\import\5d\5db3d768-4dff-4936-a32d-19e5721a141b.4a7a1.json
resources,textures/iosSetUp/icon_Exit,cc.Texture2D,e28473ce-541c-4bce-ba17-cb9a55bea72f,assets\resources\import\e2\e28473ce-541c-4bce-ba17-cb9a55bea72f.7871f.json
resources,textures/iosSetUp/icon_Home,cc.SpriteFrame,9ea341c0-ffbb-400a-a8d2-f43a0b10c20d,assets\resources\import\9e\9ea341c0-ffbb-400a-a8d2-f43a0b10c20d.9e6e8.json
resources,textures/iosSetUp/icon_Home,cc.Texture2D,2dd19525-2ea9-4482-bbf1-334de1a90fc2,assets\resources\import\2d\2dd19525-2ea9-4482-bbf1-334de1a90fc2.7871f.json
resources,textures/iosSetUp/icon_MoreSet,cc.SpriteFrame,4d8f10f3-b0d5-4c52-904d-49b3bd1970b0,assets\resources\import\4d\4d8f10f3-b0d5-4c52-904d-49b3bd1970b0.09a8e.json
resources,textures/iosSetUp/icon_MoreSet,cc.Texture2D,c6fe1f3e-6fb8-4087-b8fc-484a88c902ea,assets\resources\import\c6\c6fe1f3e-6fb8-4087-b8fc-484a88c902ea.7871f.json
resources,textures/iosSetUp/icon_Replay,cc.SpriteFrame,ed83ebfb-7074-41a7-8f3b-ef4a62174113,assets\resources\import\ed\ed83ebfb-7074-41a7-8f3b-ef4a62174113.d400e.json
resources,textures/iosSetUp/icon_Replay,cc.Texture2D,e66ffac4-5062-4edc-bae3-24ff7f4d4b2c,assets\resources\import\e6\e66ffac4-5062-4edc-bae3-24ff7f4d4b2c.7871f.json
resources,textures/iosSetUp/icon_Share,cc.SpriteFrame,a3b2d3dd-b4ce-497d-988f-4c51b703a597,assets\resources\import\a3\a3b2d3dd-b4ce-497d-988f-4c51b703a597.8a2d4.json
resources,textures/iosSetUp/icon_Share,cc.Texture2D,abccc4a6-d9e8-4651-ac26-bef615e43f36,assets\resources\import\ab\abccc4a6-d9e8-4651-ac26-bef615e43f36.7871f.json
resources,textures/iosSetUp/icon_Sound,cc.SpriteFrame,f52c99d7-e87f-4db0-983e-7e33fdf78486,assets\resources\import\f5\f52c99d7-e87f-4db0-983e-7e33fdf78486.ff2fe.json
resources,textures/iosSetUp/icon_Sound,cc.Texture2D,4da9a7cc-ae13-406f-89b0-7bd007cef7fe,assets\resources\import\4d\4da9a7cc-ae13-406f-89b0-7bd007cef7fe.7871f.json
resources,textures/iosSetUp/icon_Tetris,cc.SpriteFrame,aadca310-ffb5-4959-8fdf-d859210339f0,assets\resources\import\aa\aadca310-ffb5-4959-8fdf-d859210339f0.6e3f5.json
resources,textures/iosSetUp/icon_Tetris,cc.Texture2D,d8faa931-e1ef-4ffa-849a-6126329017d8,assets\resources\import\d8\d8faa931-e1ef-4ffa-849a-6126329017d8.7871f.json
resources,textures/iosSetUp/icon_Vibration,cc.SpriteFrame,95bbb8e9-2f71-4e5c-af7d-43dae9aa073b,assets\resources\import\95\95bbb8e9-2f71-4e5c-af7d-43dae9aa073b.db1c3.json
resources,textures/iosSetUp/icon_Vibration,cc.Texture2D,d7ec244b-1f3a-497d-abb2-8b4c713de6a0,assets\resources\import\d7\d7ec244b-1f3a-497d-abb2-8b4c713de6a0.7871f.json
resources,textures/iosSetUp/icon_achievement,cc.SpriteFrame,7ee591aa-6bad-441c-a017-e29449aeb021,assets\resources\import\7e\7ee591aa-6bad-441c-a017-e29449aeb021.2d81d.json
resources,textures/iosSetUp/icon_achievement,cc.Texture2D,bf974d3e-6f83-4ddc-a599-4cf21c84867c,assets\resources\import\bf\bf974d3e-6f83-4ddc-a599-4cf21c84867c.7871f.json
resources,textures/iosSetUp/icon_skin_ios,cc.SpriteFrame,ef473529-4811-464d-a91c-ad9645951c00,assets\resources\import\ef\ef473529-4811-464d-a91c-ad9645951c00.d1b64.json
resources,textures/iosSetUp/icon_skin_ios,cc.Texture2D,c798a162-f318-4730-ad53-971c9572dcd2,assets\resources\import\c7\c798a162-f318-4730-ad53-971c9572dcd2.7871f.json
resources,textures/iosSetUp/txt_BGM,cc.SpriteFrame,73e0d66c-1888-45c1-b2de-4e05dd358899,assets\resources\import\73\73e0d66c-1888-45c1-b2de-4e05dd358899.7eadc.json
resources,textures/iosSetUp/txt_BGM,cc.Texture2D,7ba2c03f-de50-463a-8f10-2d60ac1519bc,assets\resources\import\7b\7ba2c03f-de50-463a-8f10-2d60ac1519bc.7871f.json
resources,textures/iosSetUp/txt_Exit_EN,cc.SpriteFrame,3652e7c1-dce0-4689-9bf5-9fba2327b7ca,assets\resources\import\36\3652e7c1-dce0-4689-9bf5-9fba2327b7ca.cab7c.json
resources,textures/iosSetUp/txt_Exit_EN,cc.Texture2D,017891d0-e1c7-46af-b83a-fcbe2da9a88f,assets\resources\import\01\017891d0-e1c7-46af-b83a-fcbe2da9a88f.7871f.json
resources,textures/iosSetUp/txt_Home_EN,cc.SpriteFrame,c9334c8f-d80e-449e-ba17-90537bd2126e,assets\resources\import\c9\c9334c8f-d80e-449e-ba17-90537bd2126e.80f9e.json
resources,textures/iosSetUp/txt_Home_EN,cc.Texture2D,0bcad60e-ca76-43a0-82f9-78382e8c16eb,assets\resources\import\0b\0bcad60e-ca76-43a0-82f9-78382e8c16eb.7871f.json
resources,textures/iosSetUp/txt_MoreSet_EN,cc.SpriteFrame,286bf195-b153-4335-b135-cc57a4767a50,assets\resources\import\28\286bf195-b153-4335-b135-cc57a4767a50.0fe09.json
resources,textures/iosSetUp/txt_MoreSet_EN,cc.Texture2D,efc31c74-53e3-44d4-990b-9cf9cf569671,assets\resources\import\ef\efc31c74-53e3-44d4-990b-9cf9cf569671.7871f.json
resources,textures/iosSetUp/txt_Remove_Ads,cc.SpriteFrame,f064d2c7-2e4a-472a-836f-abf4dbe7699f,assets\resources\import\f0\f064d2c7-2e4a-472a-836f-abf4dbe7699f.891e4.json
resources,textures/iosSetUp/txt_Remove_Ads,cc.Texture2D,785d6199-aadf-4cdd-b24e-4ad7e827b22c,assets\resources\import\78\785d6199-aadf-4cdd-b24e-4ad7e827b22c.7871f.json
resources,textures/iosSetUp/txt_Replay_EN,cc.SpriteFrame,57028ac0-017a-4b93-b126-faf73de773b7,assets\resources\import\57\57028ac0-017a-4b93-b126-faf73de773b7.38e3a.json
resources,textures/iosSetUp/txt_Replay_EN,cc.Texture2D,3211fe23-2580-405c-a92a-c2788fa473d9,assets\resources\import\32\3211fe23-2580-405c-a92a-c2788fa473d9.7871f.json
resources,textures/iosSetUp/txt_ShareGame_EN,cc.SpriteFrame,3a10c6c3-e1d1-4e02-bb37-7fae1a577183,assets\resources\import\3a\3a10c6c3-e1d1-4e02-bb37-7fae1a577183.569d7.json
resources,textures/iosSetUp/txt_ShareGame_EN,cc.Texture2D,68f4e60e-40b4-4477-b888-4713214455c3,assets\resources\import\68\68f4e60e-40b4-4477-b888-4713214455c3.7871f.json
resources,textures/iosSetUp/txt_Skin_EN_ios,cc.SpriteFrame,49347dff-5aed-484c-9e49-26f973ee4484,assets\resources\import\49\49347dff-5aed-484c-9e49-26f973ee4484.4ec98.json
resources,textures/iosSetUp/txt_Skin_EN_ios,cc.Texture2D,c577c001-8971-459a-8905-4aeff77718c1,assets\resources\import\c5\c577c001-8971-459a-8905-4aeff77718c1.7871f.json
resources,textures/iosSetUp/txt_Sound_EN,cc.SpriteFrame,ed5937f3-5805-44a3-9d60-2d1690ac94e7,assets\resources\import\ed\ed5937f3-5805-44a3-9d60-2d1690ac94e7.d2c4a.json
resources,textures/iosSetUp/txt_Sound_EN,cc.Texture2D,441d852c-a574-41c5-80f2-ee943d3991c6,assets\resources\import\44\441d852c-a574-41c5-80f2-ee943d3991c6.7871f.json
resources,textures/iosSetUp/txt_Subscribe,cc.SpriteFrame,fa2498b2-990a-477a-aa06-0a89792fde08,assets\resources\import\fa\fa2498b2-990a-477a-aa06-0a89792fde08.b7414.json
resources,textures/iosSetUp/txt_Subscribe,cc.Texture2D,b1ab4340-9176-4b67-814d-e7f01207b821,assets\resources\import\b1\b1ab4340-9176-4b67-814d-e7f01207b821.7871f.json
resources,textures/iosSetUp/txt_Subscription_2,cc.SpriteFrame,fc751a09-eb33-47c2-be29-799bfdb84c45,assets\resources\import\fc\fc751a09-eb33-47c2-be29-799bfdb84c45.169b1.json
resources,textures/iosSetUp/txt_Subscription_2,cc.Texture2D,0d1688cd-4557-470f-99d0-1e0d2c06fe57,assets\resources\import\0d\0d1688cd-4557-470f-99d0-1e0d2c06fe57.7871f.json
resources,textures/iosSetUp/txt_Tetris_EN,cc.SpriteFrame,871c565a-2782-453c-984c-cb06e79b14b4,assets\resources\import\87\871c565a-2782-453c-984c-cb06e79b14b4.098c2.json
resources,textures/iosSetUp/txt_Tetris_EN,cc.Texture2D,83a35851-4c6b-4fb8-9531-f7bba1ebb786,assets\resources\import\83\83a35851-4c6b-4fb8-9531-f7bba1ebb786.7871f.json
resources,textures/iosSetUp/txt_TitleSettings_EN,cc.SpriteFrame,9e04ac23-3a6f-4959-bded-f62c722ff647,assets\resources\import\9e\9e04ac23-3a6f-4959-bded-f62c722ff647.5afdc.json
resources,textures/iosSetUp/txt_TitleSettings_EN,cc.Texture2D,b0152297-3116-45d5-84bf-d536a87a9670,assets\resources\import\b0\b0152297-3116-45d5-84bf-d536a87a9670.7871f.json
resources,textures/iosSetUp/txt_Vibration_EN,cc.SpriteFrame,3b629a4a-d287-4035-b0f7-345289e54818,assets\resources\import\3b\3b629a4a-d287-4035-b0f7-345289e54818.4597f.json
resources,textures/iosSetUp/txt_Vibration_EN,cc.Texture2D,bd6d3330-209d-402d-b437-4d165e95647b,assets\resources\import\bd\bd6d3330-209d-402d-b437-4d165e95647b.7871f.json
resources,textures/iosSetUp/txt_achievement_EN,cc.SpriteFrame,b49622ec-0a00-46fa-959f-a1f773e80969,assets\resources\import\b4\b49622ec-0a00-46fa-959f-a1f773e80969.42fec.json
resources,textures/iosSetUp/txt_achievement_EN,cc.Texture2D,9a184f70-cfde-4ab6-bd57-a426cb4ddc91,assets\resources\import\9a\9a184f70-cfde-4ab6-bd57-a426cb4ddc91.7871f.json
resources,textures/iosSetUp/txt_achievement_enter_EN,cc.SpriteFrame,c4286741-dc39-4620-8460-546542829068,assets\resources\import\c4\c4286741-dc39-4620-8460-546542829068.8f192.json
resources,textures/iosSetUp/txt_achievement_enter_EN,cc.Texture2D,4ef2bdb2-2c2a-477a-8951-1af4d55e0e49,assets\resources\import\4e\4ef2bdb2-2c2a-477a-8951-1af4d55e0e49.7871f.json
resources,textures/iosSetUp/txt_setBack,cc.SpriteFrame,1967eea8-597c-40a2-b14a-71df1c612d2d,assets\resources\import\19\1967eea8-597c-40a2-b14a-71df1c612d2d.2001f.json
resources,textures/iosSetUp/txt_setBack,cc.Texture2D,3bed7bd4-3ca8-462f-8208-0797a8f0aa8b,assets\resources\import\3b\3bed7bd4-3ca8-462f-8208-0797a8f0aa8b.7871f.json
resources,textures/ipa/dailyChallenge/common/ic_nav_left,cc.SpriteFrame,6d63c6a5-4f43-40a1-b34d-339cdae63a2e,assets\resources\import\6d\6d63c6a5-4f43-40a1-b34d-339cdae63a2e.0f5c6.json
resources,textures/ipa/dailyChallenge/common/ic_nav_left,cc.Texture2D,b8cccc3a-e850-454f-9b72-57f240296ca4,assets\resources\import\b8\b8cccc3a-e850-454f-9b72-57f240296ca4.40ec8.json
resources,textures/ipa/entry/noads_main_panel,cc.SpriteFrame,42023ed2-c06c-426f-8f6f-8905128d6b1b,assets\resources\import\42\42023ed2-c06c-426f-8f6f-8905128d6b1b.cc3ef.json
resources,textures/ipa/entry/noads_main_panel,cc.Texture2D,5c9368aa-3414-416e-a2ac-b18d65b01df0,assets\resources\import\5c\5c9368aa-3414-416e-a2ac-b18d65b01df0.7871f.json
resources,textures/ipa/entry/noads_main_txt_subscribe,cc.SpriteFrame,f42acef9-3896-4b9b-9976-d8f8b34a90ad,assets\resources\import\f4\f42acef9-3896-4b9b-9976-d8f8b34a90ad.28575.json
resources,textures/ipa/entry/noads_main_txt_subscribe,cc.Texture2D,76456011-c2bc-4b09-abd7-4d212a0f38f4,assets\resources\import\76\76456011-c2bc-4b09-abd7-4d212a0f38f4.7871f.json
resources,textures/ipa/entry/noads_overview_panel_purple,cc.SpriteFrame,47d0bbed-30b2-4025-b10e-716dc123cecb,assets\resources\import\47\47d0bbed-30b2-4025-b10e-716dc123cecb.eb0fd.json
resources,textures/ipa/entry/noads_overview_panel_purple,cc.Texture2D,1739fd27-c84e-4d82-8de4-cf720c275ab2,assets\resources\import\17\1739fd27-c84e-4d82-8de4-cf720c275ab2.7871f.json
resources,textures/ipa/entry/noads_overview_txt_subscribe_purple,cc.SpriteFrame,2b6ba1ee-c2f1-4bad-ad62-b9d1e6721400,assets\resources\import\2b\2b6ba1ee-c2f1-4bad-ad62-b9d1e6721400.d6735.json
resources,textures/ipa/entry/noads_overview_txt_subscribe_purple,cc.Texture2D,47aadf7a-5316-48ec-8664-6e140970aace,assets\resources\import\47\47aadf7a-5316-48ec-8664-6e140970aace.7871f.json
resources,textures/ipa/entry/revive_btn_blue,cc.SpriteFrame,1278a252-f408-422e-ac91-e06c3275c5a3,assets\resources\import\12\1278a252-f408-422e-ac91-e06c3275c5a3.5e803.json
resources,textures/ipa/entry/revive_btn_blue,cc.Texture2D,582990d0-49d4-4e60-a5da-5d158e6e3f70,assets\resources\import\58\582990d0-49d4-4e60-a5da-5d158e6e3f70.7871f.json
resources,textures/ipa/entry/revive_btn_green,cc.SpriteFrame,3daa2c08-529d-4147-b920-d8b6a863be8a,assets\resources\import\3d\3daa2c08-529d-4147-b920-d8b6a863be8a.e562b.json
resources,textures/ipa/entry/revive_btn_green,cc.Texture2D,66bdf553-fc51-4d2b-9def-64ec761e93c2,assets\resources\import\66\66bdf553-fc51-4d2b-9def-64ec761e93c2.7871f.json
resources,textures/ipa/entry/revive_icon_play,cc.SpriteFrame,dc261abb-ea25-4674-8952-093c223f3b2a,assets\resources\import\dc\dc261abb-ea25-4674-8952-093c223f3b2a.ea5b1.json
resources,textures/ipa/entry/revive_icon_play,cc.Texture2D,f1f32a53-0f1c-4741-af02-7411b7cc991f,assets\resources\import\f1\f1f32a53-0f1c-4741-af02-7411b7cc991f.7871f.json
resources,textures/ipa/entry/revive_icon_subscribe,cc.SpriteFrame,362cf501-b15b-42e8-84be-5506da97ef7b,assets\resources\import\36\362cf501-b15b-42e8-84be-5506da97ef7b.56f8a.json
resources,textures/ipa/entry/revive_icon_subscribe,cc.Texture2D,58d03d09-6034-4e74-90a0-f3fac61fd512,assets\resources\import\58\58d03d09-6034-4e74-90a0-f3fac61fd512.7871f.json
resources,textures/ipa/entry/revive_txt_revive,cc.SpriteFrame,d7d73f9d-f1c0-4c79-b5b5-1c68f74d0265,assets\resources\import\d7\d7d73f9d-f1c0-4c79-b5b5-1c68f74d0265.240b1.json
resources,textures/ipa/entry/revive_txt_revive,cc.Texture2D,dbc4b40d-b0c6-43ca-a06b-09270fa78136,assets\resources\import\db\dbc4b40d-b0c6-43ca-a06b-09270fa78136.7871f.json
resources,textures/ipa/entry/revive_txt_subscribe,cc.SpriteFrame,e2128ed7-3903-4058-9137-09c78d69b4a7,assets\resources\import\e2\e2128ed7-3903-4058-9137-09c78d69b4a7.61d2e.json
resources,textures/ipa/entry/revive_txt_subscribe,cc.Texture2D,a30666db-05a1-4d4d-b5dd-2f5f7569d62f,assets\resources\import\a3\a30666db-05a1-4d4d-b5dd-2f5f7569d62f.7871f.json
resources,textures/ipa/imgSkin/funcBtn/ic_locked_tip_white,cc.SpriteFrame,72aee2fe-d3f6-466b-9874-fb079f01ad04,assets\resources\import\72\72aee2fe-d3f6-466b-9874-fb079f01ad04.6b2c6.json
resources,textures/ipa/imgSkin/funcBtn/ic_locked_tip_white,cc.Texture2D,00cf52b3-eca3-4352-ab71-a280c12085bb,assets\resources\import\00\00cf52b3-eca3-4352-ab71-a280c12085bb.7871f.json
resources,textures/ipa/imgSkin/removeAd/ic_loading_white,cc.SpriteFrame,e5cade6f-f419-46ea-ac93-9622344bc764,assets\resources\import\e5\e5cade6f-f419-46ea-ac93-9622344bc764.f8bb6.json
resources,textures/ipa/imgSkin/removeAd/ic_loading_white,cc.Texture2D,2e86b639-3b6f-4cd1-806d-80b389047b9b,assets\resources\import\2e\2e86b639-3b6f-4cd1-806d-80b389047b9b.8a4d0.json
resources,textures/ipa/new/and/setting_btn_blue,cc.SpriteFrame,00726bf3-2824-4595-ad4e-cc28c8c21a05,assets\resources\import\00\00726bf3-2824-4595-ad4e-cc28c8c21a05.2a826.json
resources,textures/ipa/new/and/setting_btn_blue,cc.Texture2D,a181de27-9da6-44e5-8945-8ca99296b037,assets\resources\import\a1\a181de27-9da6-44e5-8945-8ca99296b037.7871f.json
resources,textures/ipa/new/and/setting_txt_activate,cc.SpriteFrame,fb8666e4-1d24-46e0-914b-81bfd7e77ce2,assets\resources\import\fb\fb8666e4-1d24-46e0-914b-81bfd7e77ce2.94907.json
resources,textures/ipa/new/and/setting_txt_activate,cc.Texture2D,267033d9-989b-41dc-ae76-01617f510a02,assets\resources\import\26\267033d9-989b-41dc-ae76-01617f510a02.7871f.json
resources,textures/ipa/new/ios/btn_SetBlue,cc.SpriteFrame,acbb0e19-5aa9-4029-894b-990c93de921e,assets\resources\import\ac\acbb0e19-5aa9-4029-894b-990c93de921e.1efa8.json
resources,textures/ipa/new/ios/btn_SetBlue,cc.Texture2D,87c02e16-7830-4304-8418-8602c6d87110,assets\resources\import\87\87c02e16-7830-4304-8418-8602c6d87110.7871f.json
resources,textures/ipa/new/ios/btn_TxtActivate_EN,cc.SpriteFrame,be479a02-2c15-44e1-9db4-f7a720392f76,assets\resources\import\be\be479a02-2c15-44e1-9db4-f7a720392f76.ca6aa.json
resources,textures/ipa/new/ios/btn_TxtActivate_EN,cc.Texture2D,733c6f44-d577-46ac-8c79-e461977dc605,assets\resources\import\73\733c6f44-d577-46ac-8c79-e461977dc605.7871f.json
resources,textures/ipa/new/ios/btn_TxtSubscribe_EN,cc.SpriteFrame,d28ffe5d-6148-48bf-815f-ee34b20ea573,assets\resources\import\d2\d28ffe5d-6148-48bf-815f-ee34b20ea573.6c91e.json
resources,textures/ipa/new/ios/btn_TxtSubscribe_EN,cc.Texture2D,27a26d6f-4063-4f4d-aec3-6ebfe7b75b15,assets\resources\import\27\27a26d6f-4063-4f4d-aec3-6ebfe7b75b15.7871f.json
resources,textures/ipa/new/ios/icon_NoAds,cc.SpriteFrame,607fe56a-c648-4ff8-b200-acb472a6c223,assets\resources\import\60\607fe56a-c648-4ff8-b200-acb472a6c223.d2f5b.json
resources,textures/ipa/new/ios/icon_NoAds,cc.Texture2D,42b269b2-fec5-40ec-885f-a83d55c661c6,assets\resources\import\42\42b269b2-fec5-40ec-885f-a83d55c661c6.7871f.json
resources,textures/ipa/new/noads_bg_languageSelection,cc.SpriteFrame,558f6bac-55e2-45f0-bef4-67bfc79e1749,assets\resources\import\55\558f6bac-55e2-45f0-bef4-67bfc79e1749.4bb94.json
resources,textures/ipa/new/noads_bg_languageSelection,cc.Texture2D,c3adf059-b12b-4bea-b037-40f75a07990e,assets\resources\import\c3\c3adf059-b12b-4bea-b037-40f75a07990e.7871f.json
resources,textures/ipa/new/noads_bg_main,cc.SpriteFrame,1c86f402-4f72-4293-a6ca-44cd67c7e824,assets\resources\import\1c\1c86f402-4f72-4293-a6ca-44cd67c7e824.3ecac.json
resources,textures/ipa/new/noads_bg_main,cc.Texture2D,d8247503-df8c-444f-9ce5-98c52e758ea3,assets\resources\import\d8\d8247503-df8c-444f-9ce5-98c52e758ea3.7871f.json
resources,textures/ipa/new/noads_bg_main_2,cc.SpriteFrame,be298f3b-5fd0-47f3-8e98-fcabee8b6909,assets\resources\import\be\be298f3b-5fd0-47f3-8e98-fcabee8b6909.6a6ee.json
resources,textures/ipa/new/noads_bg_main_2,cc.Texture2D,01eaed72-69f2-420a-bbb8-7ca8e3dcaebb,assets\resources\import\01\01eaed72-69f2-420a-bbb8-7ca8e3dcaebb.7871f.json
resources,textures/ipa/new/noads_bg_restoreTips,cc.SpriteFrame,28c5b56e-a4f2-4158-930a-51df6795e9ba,assets\resources\import\28\28c5b56e-a4f2-4158-930a-51df6795e9ba.32b1a.json
resources,textures/ipa/new/noads_bg_restoreTips,cc.Texture2D,cab922c0-5500-482f-b10b-1deefc09fcd4,assets\resources\import\ca\cab922c0-5500-482f-b10b-1deefc09fcd4.7871f.json
resources,textures/ipa/new/noads_bg_sale_common,cc.SpriteFrame,65150501-9159-4386-949d-aa2a5a11a9bd,assets\resources\import\65\65150501-9159-4386-949d-aa2a5a11a9bd.e35e3.json
resources,textures/ipa/new/noads_bg_sale_common,cc.Texture2D,da3ab327-7974-4a24-b7c1-f78af5598ef6,assets\resources\import\da\da3ab327-7974-4a24-b7c1-f78af5598ef6.7871f.json
resources,textures/ipa/new/noads_bg_sale_select,cc.SpriteFrame,3fb98489-3569-4f1b-8922-6f8eb789784b,assets\resources\import\3f\3fb98489-3569-4f1b-8922-6f8eb789784b.07884.json
resources,textures/ipa/new/noads_bg_sale_select,cc.Texture2D,767d020f-2c20-4b4b-8709-af4b142f5587,assets\resources\import\76\767d020f-2c20-4b4b-8709-af4b142f5587.7871f.json
resources,textures/ipa/new/noads_bg_unavailableTips,cc.SpriteFrame,ebd2fdb0-563e-41ba-b41a-98c7a60815dc,assets\resources\import\eb\ebd2fdb0-563e-41ba-b41a-98c7a60815dc.d9dac.json
resources,textures/ipa/new/noads_bg_unavailableTips,cc.Texture2D,7752a6de-9cf9-491b-94b3-4ee1d32020f5,assets\resources\import\77\7752a6de-9cf9-491b-94b3-4ee1d32020f5.7871f.json
resources,textures/ipa/new/noads_btn_big_1,cc.SpriteFrame,814337a6-d24d-4e25-9750-73ecc2ccc3b7,assets\resources\import\81\814337a6-d24d-4e25-9750-73ecc2ccc3b7.2ef7b.json
resources,textures/ipa/new/noads_btn_big_1,cc.Texture2D,6f5b7e74-74d7-4f50-b800-17ddeabeaa55,assets\resources\import\6f\6f5b7e74-74d7-4f50-b800-17ddeabeaa55.7871f.json
resources,textures/ipa/new/noads_btn_big_2,cc.SpriteFrame,0a69a01c-129e-4158-9bc8-debeeb5f6e88,assets\resources\import\0a\0a69a01c-129e-4158-9bc8-debeeb5f6e88.00d6a.json
resources,textures/ipa/new/noads_btn_big_2,cc.Texture2D,86089bfa-37c0-4db8-90fa-9bcba797f7c5,assets\resources\import\86\86089bfa-37c0-4db8-90fa-9bcba797f7c5.7871f.json
resources,textures/ipa/new/noads_btn_close,cc.SpriteFrame,ff942dcb-81e2-4986-95b7-e8862ea52028,assets\resources\import\ff\ff942dcb-81e2-4986-95b7-e8862ea52028.369c5.json
resources,textures/ipa/new/noads_btn_close,cc.Texture2D,2385eab8-427a-47f0-9653-c614b665e538,assets\resources\import\23\2385eab8-427a-47f0-9653-c614b665e538.7871f.json
resources,textures/ipa/new/noads_btn_languageSelection,cc.SpriteFrame,b53bd7f2-9396-448a-b19e-83103dcb58cd,assets\resources\import\b5\b53bd7f2-9396-448a-b19e-83103dcb58cd.f1dab.json
resources,textures/ipa/new/noads_btn_languageSelection,cc.Texture2D,c8def4a0-23d1-42b8-af30-984f2df5a054,assets\resources\import\c8\c8def4a0-23d1-42b8-af30-984f2df5a054.7871f.json
resources,textures/ipa/new/noads_btn_tips,cc.SpriteFrame,9ebe56c1-cdd0-4d85-93b2-b43f99f33693,assets\resources\import\9e\9ebe56c1-cdd0-4d85-93b2-b43f99f33693.2a991.json
resources,textures/ipa/new/noads_btn_tips,cc.Texture2D,093fa5bf-6ff5-4b8a-8dd5-a5e0187f25ed,assets\resources\import\09\093fa5bf-6ff5-4b8a-8dd5-a5e0187f25ed.7871f.json
resources,textures/ipa/new/noads_icon_appStore,cc.SpriteFrame,a5ae30e1-5fe3-4d42-abb9-93abc5006f21,assets\resources\import\a5\a5ae30e1-5fe3-4d42-abb9-93abc5006f21.d3f89.json
resources,textures/ipa/new/noads_icon_appStore,cc.Texture2D,1a309c2e-f0d1-4039-97fe-d4fc18f9f213,assets\resources\import\1a\1a309c2e-f0d1-4039-97fe-d4fc18f9f213.7871f.json
resources,textures/ipa/new/noads_icon_dataFail,cc.SpriteFrame,d8679832-386e-4e85-a8ef-204208aa61a1,assets\resources\import\d8\d8679832-386e-4e85-a8ef-204208aa61a1.6a031.json
resources,textures/ipa/new/noads_icon_dataFail,cc.Texture2D,1e5bea88-23f7-4f77-8229-2d6dbd77c37e,assets\resources\import\1e\1e5bea88-23f7-4f77-8229-2d6dbd77c37e.7871f.json
resources,textures/ipa/new/noads_icon_googlePlay,cc.SpriteFrame,9d35f5f9-b6c8-48f3-8bfb-bb9e028bbf45,assets\resources\import\9d\9d35f5f9-b6c8-48f3-8bfb-bb9e028bbf45.74032.json
resources,textures/ipa/new/noads_icon_googlePlay,cc.Texture2D,3d738704-9b3d-48ed-bfae-804acacc6c76,assets\resources\import\3d\3d738704-9b3d-48ed-bfae-804acacc6c76.7871f.json
resources,textures/ipa/new/noads_icon_noNetwork,cc.SpriteFrame,47b05d39-c0b5-4112-b7d9-c47e70563979,assets\resources\import\47\47b05d39-c0b5-4112-b7d9-c47e70563979.ad5a6.json
resources,textures/ipa/new/noads_icon_noNetwork,cc.Texture2D,0836865b-0a69-490b-9d52-afa52d11bc39,assets\resources\import\08\0836865b-0a69-490b-9d52-afa52d11bc39.7871f.json
resources,textures/ipa/new/noads_icon_payCancel,cc.SpriteFrame,6df6c924-2ff0-45d5-9a80-d79e68a8120e,assets\resources\import\6d\6df6c924-2ff0-45d5-9a80-d79e68a8120e.26cc6.json
resources,textures/ipa/new/noads_icon_payCancel,cc.Texture2D,28302075-f5fe-4b0f-9f21-85b12ff3cedd,assets\resources\import\28\28302075-f5fe-4b0f-9f21-85b12ff3cedd.7871f.json
resources,textures/ipa/new/noads_img_cutLine,cc.SpriteFrame,7aae47ac-0903-4ad5-80f1-6bbcb2fafc07,assets\resources\import\7a\7aae47ac-0903-4ad5-80f1-6bbcb2fafc07.75643.json
resources,textures/ipa/new/noads_img_cutLine,cc.Texture2D,32f49067-cfc4-4054-9d2e-8a6d334218b4,assets\resources\import\32\32f49067-cfc4-4054-9d2e-8a6d334218b4.7871f.json
resources,textures/ipa/new/noads_img_jumpLine,cc.SpriteFrame,ebe45ae7-30cd-445f-b884-4801e878f2af,assets\resources\import\eb\ebe45ae7-30cd-445f-b884-4801e878f2af.89b88.json
resources,textures/ipa/new/noads_img_jumpLine,cc.Texture2D,5b56df81-0812-40be-9482-76b7d1726ca1,assets\resources\import\5b\5b56df81-0812-40be-9482-76b7d1726ca1.7871f.json
resources,textures/ipa/new/noads_img_littleMan,cc.SpriteFrame,7a44165d-95a4-403d-97b4-973462f30325,assets\resources\import\7a\7a44165d-95a4-403d-97b4-973462f30325.c1c41.json
resources,textures/ipa/new/noads_img_littleMan,cc.Texture2D,46c5672d-7a82-4109-9af2-de2ddde1f543,assets\resources\import\46\46c5672d-7a82-4109-9af2-de2ddde1f543.7871f.json
resources,textures/ipa/new/noads_img_loadingCircle,cc.SpriteFrame,6633c823-43e8-4a5e-bbdb-0215211634d3,assets\resources\import\66\6633c823-43e8-4a5e-bbdb-0215211634d3.5adbb.json
resources,textures/ipa/new/noads_img_loadingCircle,cc.Texture2D,39192573-3d88-47c4-8643-822f3d306f37,assets\resources\import\39\39192573-3d88-47c4-8643-822f3d306f37.7871f.json
resources,textures/ipa/new/noads_img_priceLine,cc.SpriteFrame,11e82ae6-38a0-4452-9337-ae6968e1e637,assets\resources\import\11\11e82ae6-38a0-4452-9337-ae6968e1e637.7a662.json
resources,textures/ipa/new/noads_img_priceLine,cc.Texture2D,6991f750-b35d-463e-b85f-8ca2b0c967fe,assets\resources\import\69\6991f750-b35d-463e-b85f-8ca2b0c967fe.7871f.json
resources,textures/ipa/new/noads_img_saleLabel_1,cc.SpriteFrame,5837e143-9924-4601-ac36-62c7c5510604,assets\resources\import\58\5837e143-9924-4601-ac36-62c7c5510604.01582.json
resources,textures/ipa/new/noads_img_saleLabel_1,cc.Texture2D,0e974aa4-ce2a-4178-a04e-22c06b9686ab,assets\resources\import\0e\0e974aa4-ce2a-4178-a04e-22c06b9686ab.7871f.json
resources,textures/ipa/new/noads_img_saleLabel_2,cc.SpriteFrame,3a0ac4d5-00b4-4737-9a9e-5424e9bb0788,assets\resources\import\3a\3a0ac4d5-00b4-4737-9a9e-5424e9bb0788.beece.json
resources,textures/ipa/new/noads_img_saleLabel_2,cc.Texture2D,9069ab85-f047-4d56-842f-4facf5a1aa9a,assets\resources\import\90\9069ab85-f047-4d56-842f-4facf5a1aa9a.7871f.json
resources,textures/ipa/option/ic_ad,cc.SpriteFrame,7f9c2751-b799-4558-9854-2cdce470e673,assets\resources\import\7f\7f9c2751-b799-4558-9854-2cdce470e673.f62b8.json
resources,textures/ipa/option/ic_ad,cc.Texture2D,9194c538-c6e1-4761-b306-260096f52257,assets\resources\import\91\9194c538-c6e1-4761-b306-260096f52257.8a4d0.json
resources,textures/ipa/option/ic_ad_di,cc.SpriteFrame,630b2987-fba8-49cb-a1a4-98048acc1eb9,assets\resources\import\63\630b2987-fba8-49cb-a1a4-98048acc1eb9.ec98c.json
resources,textures/ipa/option/ic_ad_di,cc.Texture2D,6085bccd-cc4b-4305-8d0f-d0c5babf7633,assets\resources\import\60\6085bccd-cc4b-4305-8d0f-d0c5babf7633.8a4d0.json
resources,textures/ipa/option/ic_ad_weixuanzhong,cc.SpriteFrame,b9505934-5e3f-4b26-910a-983ee03002d6,assets\resources\import\b9\b9505934-5e3f-4b26-910a-983ee03002d6.4a7ab.json
resources,textures/ipa/option/ic_ad_weixuanzhong,cc.Texture2D,05eec491-f286-4148-9efa-147f18840b05,assets\resources\import\05\05eec491-f286-4148-9efa-147f18840b05.8a4d0.json
resources,textures/ipa/option/ic_ad_weixuanzhong2,cc.SpriteFrame,b85451d2-5609-4fc0-a9b6-a23030641463,assets\resources\import\b8\b85451d2-5609-4fc0-a9b6-a23030641463.13e64.json
resources,textures/ipa/option/ic_ad_weixuanzhong2,cc.Texture2D,586efb0e-cda3-4e07-b360-53827086e89f,assets\resources\import\58\586efb0e-cda3-4e07-b360-53827086e89f.8a4d0.json
resources,textures/ipa/option/ic_ad_wenhao,cc.SpriteFrame,941cd49f-8099-407f-a711-e187795867df,assets\resources\import\94\941cd49f-8099-407f-a711-e187795867df.8a0a9.json
resources,textures/ipa/option/ic_ad_wenhao,cc.Texture2D,fc4b4a03-8af2-491a-a0aa-c31d0db1a1b6,assets\resources\import\fc\fc4b4a03-8af2-491a-a0aa-c31d0db1a1b6.8a4d0.json
resources,textures/ipa/option/ic_ad_xuanzhong,cc.SpriteFrame,ec08e61e-420c-4c02-befc-7437bccc05c9,assets\resources\import\ec\ec08e61e-420c-4c02-befc-7437bccc05c9.11bbd.json
resources,textures/ipa/option/ic_ad_xuanzhong,cc.Texture2D,4e0c5a97-193d-43fb-a749-c4af381890be,assets\resources\import\4e\4e0c5a97-193d-43fb-a749-c4af381890be.8a4d0.json
resources,textures/ipa/option/ic_ad_xuanzhong2,cc.SpriteFrame,61eec87f-21b2-474a-98a0-55a9bab68e5a,assets\resources\import\61\61eec87f-21b2-474a-98a0-55a9bab68e5a.ab03a.json
resources,textures/ipa/option/ic_ad_xuanzhong2,cc.Texture2D,e3bb96e7-edf9-4d89-a074-d6f6dfbd08b8,assets\resources\import\e3\e3bb96e7-edf9-4d89-a074-d6f6dfbd08b8.8a4d0.json
resources,textures/ipa/option/ic_close,cc.SpriteFrame,248c5c89-05c5-43ed-aca1-6ef5daad01ca,assets\resources\import\24\248c5c89-05c5-43ed-aca1-6ef5daad01ca.ae112.json
resources,textures/ipa/option/ic_close,cc.Texture2D,7b501f5f-0c2e-4d88-8166-ce2651426599,assets\resources\import\7b\7b501f5f-0c2e-4d88-8166-ce2651426599.f8227.json
resources,textures/ipa/option/ic_ra_no_ad,cc.SpriteFrame,f22660f5-5acb-414d-945d-320fdfb836e7,assets\resources\import\f2\f22660f5-5acb-414d-945d-320fdfb836e7.80648.json
resources,textures/ipa/option/ic_ra_no_ad,cc.Texture2D,4e492a28-f56e-49c4-83cd-8a3b0c085f9a,assets\resources\import\4e\4e492a28-f56e-49c4-83cd-8a3b0c085f9a.8a4d0.json
resources,textures/ipa/option/ic_ra_no_shop,cc.SpriteFrame,407c89f0-ef03-446f-b357-a287de019389,assets\resources\import\40\407c89f0-ef03-446f-b357-a287de019389.b6712.json
resources,textures/ipa/option/ic_ra_no_shop,cc.Texture2D,1ac4e48f-c360-4c64-a6d9-2d0408e7653e,assets\resources\import\1a\1ac4e48f-c360-4c64-a6d9-2d0408e7653e.8a4d0.json
resources,textures/ipa/option/ic_ra_no_wifi,cc.SpriteFrame,057c7b86-33a8-48e7-acc6-00919a1f9d5a,assets\resources\import\05\057c7b86-33a8-48e7-acc6-00919a1f9d5a.f041a.json
resources,textures/ipa/option/ic_ra_no_wifi,cc.Texture2D,9384b12e-c54c-42f8-97bd-107da6e535b4,assets\resources\import\93\9384b12e-c54c-42f8-97bd-107da6e535b4.8a4d0.json
resources,textures/ipa/option/ic_ra_retry,cc.SpriteFrame,8e2dd408-689d-45fa-8f34-7d80c3e0e3f5,assets\resources\import\8e\8e2dd408-689d-45fa-8f34-7d80c3e0e3f5.646bf.json
resources,textures/ipa/option/ic_ra_retry,cc.Texture2D,705534eb-007f-4440-8609-3f862f94dda8,assets\resources\import\70\705534eb-007f-4440-8609-3f862f94dda8.8a4d0.json
resources,textures/ipa/option/ic_ra_shadow,cc.SpriteFrame,2031f896-4511-4cd1-94d0-6027261a4615,assets\resources\import\20\2031f896-4511-4cd1-94d0-6027261a4615.1d5b3.json
resources,textures/ipa/option/ic_ra_shadow,cc.Texture2D,48eb1c9c-4762-45a2-a66d-c1f58ab8569b,assets\resources\import\48\48eb1c9c-4762-45a2-a66d-c1f58ab8569b.8a4d0.json
resources,textures/ipa/option/ic_ra_white,cc.SpriteFrame,d42ec244-4208-4ded-a0ba-8f80788c06d0,assets\resources\import\d4\d42ec244-4208-4ded-a0ba-8f80788c06d0.5dfd3.json
resources,textures/ipa/option/ic_ra_white,cc.Texture2D,e7e74ef6-1953-448c-988a-2ed556ce1826,assets\resources\import\e7\e7e74ef6-1953-448c-988a-2ed556ce1826.8a4d0.json
resources,textures/ipa/single/ic_big_buttom,cc.SpriteFrame,82132ce7-db55-4179-a784-adf745d6c8d0,assets\resources\import\82\82132ce7-db55-4179-a784-adf745d6c8d0.12bd7.json
resources,textures/ipa/single/ic_big_buttom,cc.Texture2D,cb3e0eb5-c8d3-47c5-b7c4-8475a5d324d1,assets\resources\import\cb\cb3e0eb5-c8d3-47c5-b7c4-8475a5d324d1.f727d.json
resources,textures/ipa/single/ic_guide_hand,cc.SpriteFrame,fcbe760f-e816-4d0e-9522-e5407267bc90,assets\resources\import\fc\fcbe760f-e816-4d0e-9522-e5407267bc90.42d58.json
resources,textures/ipa/single/ic_guide_hand,cc.Texture2D,091e36f7-6ee5-4a92-884a-c9e1b2648d5e,assets\resources\import\09\091e36f7-6ee5-4a92-884a-c9e1b2648d5e.40ec8.json
resources,textures/ipa/single/ic_guide_tips,cc.SpriteFrame,b138d9aa-ccad-40ae-86da-0e7bc3cba5d8,assets\resources\import\b1\b138d9aa-ccad-40ae-86da-0e7bc3cba5d8.2baed.json
resources,textures/ipa/single/ic_guide_tips,cc.Texture2D,830475eb-8592-419d-8583-edce3f5e0cfa,assets\resources\import\83\830475eb-8592-419d-8583-edce3f5e0cfa.7871f.json
resources,textures/ipa/single/ic_label,cc.SpriteFrame,c2053496-6f99-4986-bd43-3ba5ae3b24d7,assets\resources\import\c2\c2053496-6f99-4986-bd43-3ba5ae3b24d7.d7300.json
resources,textures/ipa/single/ic_label,cc.Texture2D,f4063a06-8dde-4f91-9f7e-8504cb83d143,assets\resources\import\f4\f4063a06-8dde-4f91-9f7e-8504cb83d143.7871f.json
resources,textures/ipa/single/ic_single_list,cc.SpriteFrame,469f04dd-c4b4-4b12-afda-12317776ce9f,assets\resources\import\46\469f04dd-c4b4-4b12-afda-12317776ce9f.54965.json
resources,textures/ipa/single/ic_single_list,cc.Texture2D,c1aca251-a4fe-4eb4-aaf9-10687123b828,assets\resources\import\c1\c1aca251-a4fe-4eb4-aaf9-10687123b828.f727d.json
resources,textures/main_icon_loading,cc.SpriteFrame,bcd9d54f-c66f-4931-bd1f-ea2b301a8835,assets\resources\import\bc\bcd9d54f-c66f-4931-bd1f-ea2b301a8835.181ca.json
resources,textures/main_icon_loading,cc.Texture2D,a4bfdadc-5ad7-4846-a50b-381a3c03f684,assets\resources\import\a4\a4bfdadc-5ad7-4846-a50b-381a3c03f684.7871f.json
resources,textures/overRevive/revive_txt_revive,cc.SpriteFrame,391e002d-f2d6-46ac-85fb-f7195935fd47,assets\resources\import\39\391e002d-f2d6-46ac-85fb-f7195935fd47.c0e23.json
resources,textures/overRevive/revive_txt_revive,cc.Texture2D,0c49db52-e10e-4b2c-b480-89adf7181ab0,assets\resources\import\0c\0c49db52-e10e-4b2c-b480-89adf7181ab0.7871f.json
resources,textures/playback/gameplay_icon_replay_1,cc.SpriteFrame,c741042f-95a3-4e5c-bf69-6f4f6ab18a4b,assets\resources\import\c7\c741042f-95a3-4e5c-bf69-6f4f6ab18a4b.ebddf.json
resources,textures/playback/gameplay_icon_replay_1,cc.Texture2D,256531db-5c58-4df7-812a-8e47c98b7801,assets\resources\import\25\256531db-5c58-4df7-812a-8e47c98b7801.7871f.json
resources,textures/playback/gameplay_img_boFang,cc.SpriteFrame,8dbb9067-3df6-40a3-a279-f108995ea113,assets\resources\import\8d\8dbb9067-3df6-40a3-a279-f108995ea113.158d6.json
resources,textures/playback/gameplay_img_boFang,cc.Texture2D,691e7574-06f7-4cc8-8598-9f2e60e8b2db,assets\resources\import\69\691e7574-06f7-4cc8-8598-9f2e60e8b2db.7871f.json
resources,textures/playback/gameplay_img_boFang_bg,cc.SpriteFrame,55a452df-f9b2-446e-9544-98db3e147a47,assets\resources\import\55\55a452df-f9b2-446e-9544-98db3e147a47.5f45f.json
resources,textures/playback/gameplay_img_boFang_bg,cc.Texture2D,73f67a12-e67a-4423-b015-6ca55e5a6001,assets\resources\import\73\73f67a12-e67a-4423-b015-6ca55e5a6001.7871f.json
resources,textures/playback/gameplay_img_boFang_bg_2,cc.SpriteFrame,edace0f0-6e70-4a84-b0bf-6a19356d3f4f,assets\resources\import\ed\edace0f0-6e70-4a84-b0bf-6a19356d3f4f.a0c7d.json
resources,textures/playback/gameplay_img_boFang_bg_2,cc.Texture2D,b28afb94-fcb7-44a5-a555-1cc1254c537d,assets\resources\import\b2\b28afb94-fcb7-44a5-a555-1cc1254c537d.7871f.json
resources,textures/playback/gameplay_img_jinDu,cc.SpriteFrame,4392d4c8-7a4f-4027-b346-022fb0e34d7b,assets\resources\import\43\4392d4c8-7a4f-4027-b346-022fb0e34d7b.0fd30.json
resources,textures/playback/gameplay_img_jinDu,cc.Texture2D,2cac88b9-fbfe-4fca-8fbb-c346173c8600,assets\resources\import\2c\2cac88b9-fbfe-4fca-8fbb-c346173c8600.7871f.json
resources,textures/playback/gameplay_img_jinDu_bg_1,cc.SpriteFrame,ca808b6d-3f2a-4cd6-846e-f32052c11dcd,assets\resources\import\ca\ca808b6d-3f2a-4cd6-846e-f32052c11dcd.178ed.json
resources,textures/playback/gameplay_img_jinDu_bg_1,cc.Texture2D,f89ac95a-200a-4fdb-a541-4c889bee9b43,assets\resources\import\f8\f89ac95a-200a-4fdb-a541-4c889bee9b43.7871f.json
resources,textures/playback/gameplay_img_jinDu_bg_2,cc.SpriteFrame,4bc63501-dc69-4846-9d89-53c2cdec1f7b,assets\resources\import\4b\4bc63501-dc69-4846-9d89-53c2cdec1f7b.7843d.json
resources,textures/playback/gameplay_img_jinDu_bg_2,cc.Texture2D,839df353-be69-4f1d-a0a6-0678263d1699,assets\resources\import\83\839df353-be69-4f1d-a0a6-0678263d1699.7871f.json
resources,textures/playback/gameplay_img_zanTing,cc.SpriteFrame,0263f45f-1a25-46ec-940e-19b44094be36,assets\resources\import\02\0263f45f-1a25-46ec-940e-19b44094be36.832fd.json
resources,textures/playback/gameplay_img_zanTing,cc.Texture2D,62d551ee-62e7-4c91-99a6-f42dbccd09e3,assets\resources\import\62\62d551ee-62e7-4c91-99a6-f42dbccd09e3.7871f.json
resources,textures/playback/result_btn_replay,cc.SpriteFrame,058f97c7-e69e-4f55-900e-4aefa42f2d85,assets\resources\import\05\058f97c7-e69e-4f55-900e-4aefa42f2d85.87361.json
resources,textures/playback/result_btn_replay,cc.Texture2D,91b948ed-edb7-4eeb-a6a3-85a7cd9790aa,assets\resources\import\91\91b948ed-edb7-4eeb-a6a3-85a7cd9790aa.7871f.json
resources,textures/playback/result_replay_tanBan_bg,cc.SpriteFrame,c3df9c07-8ec3-4c89-8b08-a702e935a058,assets\resources\import\c3\c3df9c07-8ec3-4c89-8b08-a702e935a058.85ada.json
resources,textures/playback/result_replay_tanBan_bg,cc.Texture2D,e5e4660d-88a1-4726-8b98-2c478ff488b4,assets\resources\import\e5\e5e4660d-88a1-4726-8b98-2c478ff488b4.7871f.json
resources,textures/revive/die_quan,cc.SpriteFrame,05290716-9d0f-45d0-aafd-b82331e0e13c,assets\resources\import\05\05290716-9d0f-45d0-aafd-b82331e0e13c.f9ae6.json
resources,textures/revive/die_quan,cc.Texture2D,fb4c3869-2b6d-41a3-b932-e4ac6b897de9,assets\resources\import\fb\fb4c3869-2b6d-41a3-b932-e4ac6b897de9.7871f.json
resources,textures/revive/die_quan_bg,cc.SpriteFrame,448d9f43-e8bc-4894-9464-453ee4ad518d,assets\resources\import\44\448d9f43-e8bc-4894-9464-453ee4ad518d.507c5.json
resources,textures/revive/die_quan_bg,cc.Texture2D,eab7cc67-2e51-4825-9c9f-588a8194e43a,assets\resources\import\ea\eab7cc67-2e51-4825-9c9f-588a8194e43a.7871f.json
resources,textures/sand/btn_sandBlocks,cc.SpriteFrame,baa7ad5a-9ec4-4ae6-a625-6d7d9f082930,assets\resources\import\ba\baa7ad5a-9ec4-4ae6-a625-6d7d9f082930.b5fe2.json
resources,textures/sand/btn_sandBlocks,cc.Texture2D,3ec10420-c1fa-4d79-89bb-1ca4c0b84c9f,assets\resources\import\3e\3ec10420-c1fa-4d79-89bb-1ca4c0b84c9f.7871f.json
resources,textures/sand/main_mask_downloading,cc.SpriteFrame,a450f2f6-d4d8-4e71-8d64-597b62cfcba4,assets\resources\import\a4\a450f2f6-d4d8-4e71-8d64-597b62cfcba4.1761a.json
resources,textures/sand/main_mask_downloading,cc.Texture2D,5e6dce3e-030f-41b9-bee4-ce5bb674dca7,assets\resources\import\5e\5e6dce3e-030f-41b9-bee4-ce5bb674dca7.7871f.json
resources,textures/setup/gameplay_img_vibrate,cc.SpriteFrame,0fe2c30d-924e-45bd-925f-0e4594a098cb,assets\resources\import\0f\0fe2c30d-924e-45bd-925f-0e4594a098cb.f4183.json
resources,textures/setup/gameplay_img_vibrate,cc.Texture2D,85cec4d3-5c6e-4303-8073-806851f7b5eb,assets\resources\import\85\85cec4d3-5c6e-4303-8073-806851f7b5eb.7871f.json
resources,textures/setup/set_btn_vibrationDown,cc.SpriteFrame,8c7da3b0-0660-4ec4-ba26-efc893cae939,assets\resources\import\8c\8c7da3b0-0660-4ec4-ba26-efc893cae939.410b5.json
resources,textures/setup/set_btn_vibrationDown,cc.Texture2D,6ac16858-f58f-4b14-ac9f-5255d7443525,assets\resources\import\6a\6ac16858-f58f-4b14-ac9f-5255d7443525.7871f.json
resources,textures/setup/set_btn_vibrationUp,cc.SpriteFrame,2511a6b4-6f77-4aef-8848-72392c33f40d,assets\resources\import\25\2511a6b4-6f77-4aef-8848-72392c33f40d.a6151.json
resources,textures/setup/set_btn_vibrationUp,cc.Texture2D,37406aa7-4b72-446f-9381-bde72cadbdf1,assets\resources\import\37\37406aa7-4b72-446f-9381-bde72cadbdf1.7871f.json
resources,textures/setup/set_img_vibrationPoint,cc.SpriteFrame,d5556371-5410-47ef-8a81-a8ba2d3ee34b,assets\resources\import\d5\d5556371-5410-47ef-8a81-a8ba2d3ee34b.0ee37.json
resources,textures/setup/set_img_vibrationPoint,cc.Texture2D,01cac2fa-7af8-4bba-a59f-a1c8bf710eba,assets\resources\import\01\01cac2fa-7af8-4bba-a59f-a1c8bf710eba.7871f.json
resources,textures/setup/set_img_vibrationProgress,cc.SpriteFrame,947b2f12-7904-4ded-a96f-09085da70478,assets\resources\import\94\947b2f12-7904-4ded-a96f-09085da70478.1d946.json
resources,textures/setup/set_img_vibrationProgress,cc.Texture2D,8c153e4e-5939-4f1d-be9c-c498d2200881,assets\resources\import\8c\8c153e4e-5939-4f1d-be9c-c498d2200881.7871f.json
resources,textures/setup/setting_btn_BGM,cc.SpriteFrame,d3cee2fe-9bf7-4ff6-b9f3-2e91e0f55a37,assets\resources\import\d3\d3cee2fe-9bf7-4ff6-b9f3-2e91e0f55a37.dfea9.json
resources,textures/setup/setting_btn_BGM,cc.Texture2D,0e50f30f-e151-4c55-8dab-c60b0df6ea75,assets\resources\import\0e\0e50f30f-e151-4c55-8dab-c60b0df6ea75.7871f.json
resources,textures/setup/setting_btn_QuickDrag,cc.SpriteFrame,cca552c0-0565-49d0-9bc5-14dde381c287,assets\resources\import\cc\cca552c0-0565-49d0-9bc5-14dde381c287.686c7.json
resources,textures/setup/setting_btn_QuickDrag,cc.Texture2D,6980e2ce-8af4-4c1e-a813-024ceefc2489,assets\resources\import\69\6980e2ce-8af4-4c1e-a813-024ceefc2489.7871f.json
resources,textures/setup/setting_btn_SetAddRandomSwitch,cc.SpriteFrame,d1b3e75c-4423-4729-b9c1-510f54d70ee9,assets\resources\import\d1\d1b3e75c-4423-4729-b9c1-510f54d70ee9.7c9aa.json
resources,textures/setup/setting_btn_SetAddRandomSwitch,cc.Texture2D,9bfeae0c-2b98-4c73-b261-a201d40ae21c,assets\resources\import\9b\9bfeae0c-2b98-4c73-b261-a201d40ae21c.7871f.json
resources,textures/setup/setting_btn_common,cc.SpriteFrame,8c912d81-686f-41da-b352-6f78d6cb5ea3,assets\resources\import\8c\8c912d81-686f-41da-b352-6f78d6cb5ea3.fc07f.json
resources,textures/setup/setting_btn_common,cc.Texture2D,d7c9f898-3db7-4f6a-9a59-6049d84fc86f,assets\resources\import\d7\d7c9f898-3db7-4f6a-9a59-6049d84fc86f.7871f.json
resources,textures/setup/setting_btn_initialPattern,cc.SpriteFrame,dcd036bb-e18c-4593-889c-41c5d7d0ccda,assets\resources\import\dc\dcd036bb-e18c-4593-889c-41c5d7d0ccda.b8cdf.json
resources,textures/setup/setting_btn_initialPattern,cc.Texture2D,48286535-8be3-415b-ae55-080a2cc960d2,assets\resources\import\48\48286535-8be3-415b-ae55-080a2cc960d2.7871f.json
resources,textures/setup/setting_btn_nightMode,cc.SpriteFrame,03f95fa4-655f-452e-9fd5-b797c634a51d,assets\resources\import\03\03f95fa4-655f-452e-9fd5-b797c634a51d.e75a3.json
resources,textures/setup/setting_btn_nightMode,cc.Texture2D,718ac5a5-8853-4201-bfcb-af2726fa247c,assets\resources\import\71\718ac5a5-8853-4201-bfcb-af2726fa247c.7871f.json
resources,textures/setup/setting_btn_sound,cc.SpriteFrame,ce9b0665-8375-4576-9c3f-edb44b760a4e,assets\resources\import\ce\ce9b0665-8375-4576-9c3f-edb44b760a4e.be7ee.json
resources,textures/setup/setting_btn_sound,cc.Texture2D,bd85ed14-35f0-4728-84b1-32db0953bf57,assets\resources\import\bd\bd85ed14-35f0-4728-84b1-32db0953bf57.7871f.json
resources,textures/setup/setting_btn_vibration,cc.SpriteFrame,ae3d738d-565f-4bc1-a193-8ea8b744937e,assets\resources\import\ae\ae3d738d-565f-4bc1-a193-8ea8b744937e.972d1.json
resources,textures/setup/setting_btn_vibration,cc.Texture2D,bd581582-605e-4f42-9cf0-214c8f334da2,assets\resources\import\bd\bd581582-605e-4f42-9cf0-214c8f334da2.7871f.json
resources,textures/setup/setting_btn_vocals,cc.SpriteFrame,f416148e-fb74-414d-a086-53e8f11a021a,assets\resources\import\f4\f416148e-fb74-414d-a086-53e8f11a021a.1c323.json
resources,textures/setup/setting_btn_vocals,cc.Texture2D,09dd2fca-d7b9-4feb-ba0f-10b6346c939c,assets\resources\import\09\09dd2fca-d7b9-4feb-ba0f-10b6346c939c.7871f.json
resources,textures/setup/setting_icon_SetAddDefultSkinBtn,cc.SpriteFrame,7d68fb44-8bba-4ae0-ada4-220b49a91639,assets\resources\import\7d\7d68fb44-8bba-4ae0-ada4-220b49a91639.23a67.json
resources,textures/setup/setting_icon_SetAddDefultSkinBtn,cc.Texture2D,261c6217-8c4a-4eb2-b428-e4d45e433a11,assets\resources\import\26\261c6217-8c4a-4eb2-b428-e4d45e433a11.7871f.json
resources,textures/setup/setting_icon_exit,cc.SpriteFrame,222143a9-a9ec-4437-8505-8bac9475d881,assets\resources\import\22\222143a9-a9ec-4437-8505-8bac9475d881.d396b.json
resources,textures/setup/setting_icon_exit,cc.Texture2D,dc0764ac-94ca-48f1-b1c2-cf2e5da196ef,assets\resources\import\dc\dc0764ac-94ca-48f1-b1c2-cf2e5da196ef.7871f.json
resources,textures/setup/setting_icon_home,cc.SpriteFrame,ab616bde-11ac-4c18-b4d1-6c3e991e4e24,assets\resources\import\ab\ab616bde-11ac-4c18-b4d1-6c3e991e4e24.ba1af.json
resources,textures/setup/setting_icon_home,cc.Texture2D,b94219f9-7ccf-4ff5-b4cb-611537aa6bee,assets\resources\import\b9\b94219f9-7ccf-4ff5-b4cb-611537aa6bee.7871f.json
resources,textures/setup/setting_icon_languageSwitch,cc.SpriteFrame,dd1fcd5b-a476-47c4-901b-9ebc503f23b6,assets\resources\import\dd\dd1fcd5b-a476-47c4-901b-9ebc503f23b6.97b2a.json
resources,textures/setup/setting_icon_languageSwitch,cc.Texture2D,04154672-b8ab-4c88-a9e4-2cbea2415f46,assets\resources\import\04\04154672-b8ab-4c88-a9e4-2cbea2415f46.7871f.json
resources,textures/setup/setting_icon_moreGames,cc.SpriteFrame,7d09229c-bf5e-4d24-9197-eae4d7bf3fbe,assets\resources\import\7d\7d09229c-bf5e-4d24-9197-eae4d7bf3fbe.b5dcb.json
resources,textures/setup/setting_icon_moreGames,cc.Texture2D,6c36418e-354c-45a9-b259-e84a3f0c8e61,assets\resources\import\6c\6c36418e-354c-45a9-b259-e84a3f0c8e61.7871f.json
resources,textures/setup/setting_icon_moreGames2,cc.SpriteFrame,5d6c7ae4-f807-40d2-a3cd-86843e3c2c64,assets\resources\import\5d\5d6c7ae4-f807-40d2-a3cd-86843e3c2c64.d318d.json
resources,textures/setup/setting_icon_moreGames2,cc.Texture2D,1792d4d0-bef9-4931-81b9-8f1d7e0315cf,assets\resources\import\17\1792d4d0-bef9-4931-81b9-8f1d7e0315cf.7871f.json
resources,textures/setup/setting_icon_moreSettings,cc.SpriteFrame,d736de5f-999f-48e1-9b7c-690b34dab130,assets\resources\import\d7\d736de5f-999f-48e1-9b7c-690b34dab130.b27fe.json
resources,textures/setup/setting_icon_moreSettings,cc.Texture2D,f2abf3f0-8980-456a-8811-28ac02148d96,assets\resources\import\f2\f2abf3f0-8980-456a-8811-28ac02148d96.7871f.json
resources,textures/setup/setting_icon_noAds,cc.SpriteFrame,d1dcf1f7-a3b7-423b-bb46-74011c1d39f2,assets\resources\import\d1\d1dcf1f7-a3b7-423b-bb46-74011c1d39f2.33d19.json
resources,textures/setup/setting_icon_noAds,cc.Texture2D,5e3dfc0c-4150-46cf-b401-f743a3881305,assets\resources\import\5e\5e3dfc0c-4150-46cf-b401-f743a3881305.7871f.json
resources,textures/setup/setting_icon_replay,cc.SpriteFrame,74425698-9c15-4321-9804-fab39876e23b,assets\resources\import\74\74425698-9c15-4321-9804-fab39876e23b.aa596.json
resources,textures/setup/setting_icon_replay,cc.Texture2D,35079250-7d2a-4cd7-8a15-3276f4f907cb,assets\resources\import\35\35079250-7d2a-4cd7-8a15-3276f4f907cb.7871f.json
resources,textures/setup/setting_txt_BGM,cc.SpriteFrame,d4953c90-bd9c-41b8-b7be-a349211ed64e,assets\resources\import\d4\d4953c90-bd9c-41b8-b7be-a349211ed64e.e8083.json
resources,textures/setup/setting_txt_BGM,cc.Texture2D,f15d9311-a409-42fe-b1b2-6d99ac618b68,assets\resources\import\f1\f15d9311-a409-42fe-b1b2-6d99ac618b68.7871f.json
resources,textures/setup/setting_txt_QuickDrag,cc.SpriteFrame,a687fff3-f463-49fe-b6ea-86c6d8dc72cb,assets\resources\import\a6\a687fff3-f463-49fe-b6ea-86c6d8dc72cb.19a42.json
resources,textures/setup/setting_txt_QuickDrag,cc.Texture2D,e1e487f9-bb5a-4280-a522-8a5c62e97ded,assets\resources\import\e1\e1e487f9-bb5a-4280-a522-8a5c62e97ded.7871f.json
resources,textures/setup/setting_txt_SetAddDefultSkinBtn,cc.SpriteFrame,6b518223-ab85-4c60-ab9c-42d02db84a44,assets\resources\import\6b\6b518223-ab85-4c60-ab9c-42d02db84a44.fbbca.json
resources,textures/setup/setting_txt_SetAddDefultSkinBtn,cc.Texture2D,608aa516-9ab6-44c2-a024-feeabe69480b,assets\resources\import\60\608aa516-9ab6-44c2-a024-feeabe69480b.7871f.json
resources,textures/setup/setting_txt_SetAddRandomSwitch,cc.SpriteFrame,d909917f-367b-4580-bbfe-45fe069d35e5,assets\resources\import\d9\d909917f-367b-4580-bbfe-45fe069d35e5.3d8b6.json
resources,textures/setup/setting_txt_SetAddRandomSwitch,cc.Texture2D,43d5edf7-b31d-4a55-9d51-fcef66e38fa1,assets\resources\import\43\43d5edf7-b31d-4a55-9d51-fcef66e38fa1.7871f.json
resources,textures/setup/setting_txt_exit,cc.SpriteFrame,6a4e3b21-b433-4783-9f71-5941f57cec3e,assets\resources\import\6a\6a4e3b21-b433-4783-9f71-5941f57cec3e.3e265.json
resources,textures/setup/setting_txt_exit,cc.Texture2D,0f515273-bf2c-4a06-9c42-1ee0d3e90e90,assets\resources\import\0f\0f515273-bf2c-4a06-9c42-1ee0d3e90e90.7871f.json
resources,textures/setup/setting_txt_home,cc.SpriteFrame,8e3bce35-5a21-41f9-8b8a-acaa33342d86,assets\resources\import\8e\8e3bce35-5a21-41f9-8b8a-acaa33342d86.9a995.json
resources,textures/setup/setting_txt_home,cc.Texture2D,cbdd5d1d-6410-4fc4-8e8c-28ee33ec1509,assets\resources\import\cb\cbdd5d1d-6410-4fc4-8e8c-28ee33ec1509.7871f.json
resources,textures/setup/setting_txt_initialPattern,cc.SpriteFrame,9a7e5e4f-89ac-4609-80cf-c50d8c08b609,assets\resources\import\9a\9a7e5e4f-89ac-4609-80cf-c50d8c08b609.dd806.json
resources,textures/setup/setting_txt_initialPattern,cc.Texture2D,0357034b-a84c-46e8-bd49-0eb91cdcbe33,assets\resources\import\03\0357034b-a84c-46e8-bd49-0eb91cdcbe33.7871f.json
resources,textures/setup/setting_txt_languageSwitch,cc.SpriteFrame,f56c3497-f11f-400f-adc0-36a47d38e9d1,assets\resources\import\f5\f56c3497-f11f-400f-adc0-36a47d38e9d1.27b5c.json
resources,textures/setup/setting_txt_languageSwitch,cc.Texture2D,20a7d3d6-e04f-44f4-a465-7e07ba28f5c4,assets\resources\import\20\20a7d3d6-e04f-44f4-a465-7e07ba28f5c4.7871f.json
resources,textures/setup/setting_txt_moreGames,cc.SpriteFrame,ff3a8199-cefd-4ad9-a35b-e5438767c34a,assets\resources\import\ff\ff3a8199-cefd-4ad9-a35b-e5438767c34a.db25c.json
resources,textures/setup/setting_txt_moreGames,cc.Texture2D,a5f4286e-db49-4c7d-9dc5-9e1d530900ce,assets\resources\import\a5\a5f4286e-db49-4c7d-9dc5-9e1d530900ce.7871f.json
resources,textures/setup/setting_txt_moreSettings,cc.SpriteFrame,fcc1313d-220a-41d0-81a6-779bf98a64b1,assets\resources\import\fc\fcc1313d-220a-41d0-81a6-779bf98a64b1.079ac.json
resources,textures/setup/setting_txt_moreSettings,cc.Texture2D,2cbdf6cb-4b02-4d48-9784-13108a28a582,assets\resources\import\2c\2cbdf6cb-4b02-4d48-9784-13108a28a582.7871f.json
resources,textures/setup/setting_txt_nightMode,cc.SpriteFrame,2a807350-57d7-492d-8cc8-2a71fb5186b4,assets\resources\import\2a\2a807350-57d7-492d-8cc8-2a71fb5186b4.4a08d.json
resources,textures/setup/setting_txt_nightMode,cc.Texture2D,839dd7e6-1230-451a-9a90-bb87906ae34b,assets\resources\import\83\839dd7e6-1230-451a-9a90-bb87906ae34b.7871f.json
resources,textures/setup/setting_txt_replay,cc.SpriteFrame,9a78b076-aaef-4591-aeda-d3ab43f80b81,assets\resources\import\9a\9a78b076-aaef-4591-aeda-d3ab43f80b81.b0922.json
resources,textures/setup/setting_txt_replay,cc.Texture2D,399653d7-bbfb-4ed4-8c26-cafc7b87b850,assets\resources\import\39\399653d7-bbfb-4ed4-8c26-cafc7b87b850.7871f.json
resources,textures/setup/setting_txt_sound,cc.SpriteFrame,bb52cb3c-521c-4683-9d8b-51484c050b4f,assets\resources\import\bb\bb52cb3c-521c-4683-9d8b-51484c050b4f.826c0.json
resources,textures/setup/setting_txt_sound,cc.Texture2D,e89726db-ffb7-4848-86ef-88e4331c9e0b,assets\resources\import\e8\e89726db-ffb7-4848-86ef-88e4331c9e0b.7871f.json
resources,textures/setup/setting_txt_subscribe,cc.SpriteFrame,50c59b9d-436d-49ed-a530-6fc348ab9eab,assets\resources\import\50\50c59b9d-436d-49ed-a530-6fc348ab9eab.791f8.json
resources,textures/setup/setting_txt_subscribe,cc.Texture2D,fbd8e2d0-af05-43c3-aa25-574a936e2de5,assets\resources\import\fb\fbd8e2d0-af05-43c3-aa25-574a936e2de5.7871f.json
resources,textures/setup/setting_txt_vibration,cc.SpriteFrame,8136e745-31e4-4d81-86ca-74484571fe4f,assets\resources\import\81\8136e745-31e4-4d81-86ca-74484571fe4f.534e2.json
resources,textures/setup/setting_txt_vibration,cc.Texture2D,7d3abef8-4158-43f9-ad69-b5b3d4a770e3,assets\resources\import\7d\7d3abef8-4158-43f9-ad69-b5b3d4a770e3.7871f.json
resources,textures/setup/setting_txt_vocals,cc.SpriteFrame,6a0eba07-8c5a-433a-8d7b-9b95dee377d7,assets\resources\import\6a\6a0eba07-8c5a-433a-8d7b-9b95dee377d7.90385.json
resources,textures/setup/setting_txt_vocals,cc.Texture2D,d0d83d14-199a-4f46-bc87-f816efcc0168,assets\resources\import\d0\d0d83d14-199a-4f46-bc87-f816efcc0168.7871f.json
resources,textures/skin/block/blocks,cc.SpriteFrame,1b5aaa28-ace1-4fb8-be01-d2f9d749717e,assets\resources\import\1b\1b5aaa28-ace1-4fb8-be01-d2f9d749717e.1a802.json
resources,textures/skin/block/blocks,cc.Texture2D,2f5f7b18-3405-47e5-9ab5-4a82e6f26067,assets\resources\import\2f\2f5f7b18-3405-47e5-9ab5-4a82e6f26067.91de0.json
resources,textures/skin/block/skinGems101,cc.SpriteFrame,0c008246-bf76-493d-9cd9-13cabcf3ef2a,assets\resources\import\0c\0c008246-bf76-493d-9cd9-13cabcf3ef2a.d1380.json
resources,textures/skin/block/skinGems101,cc.Texture2D,31d4e5aa-c2da-4f24-bc3b-17635de67be5,assets\resources\import\31\31d4e5aa-c2da-4f24-bc3b-17635de67be5.7871f.json
resources,textures/skin/block/skinGems101Bg,cc.SpriteFrame,4ae10121-f417-497a-8d1b-380c6251d2b7,assets\resources\import\4a\4ae10121-f417-497a-8d1b-380c6251d2b7.cb2e9.json
resources,textures/skin/block/skinGems101Bg,cc.Texture2D,9e8113f9-14ec-4906-a6af-51528daada61,assets\resources\import\9e\9e8113f9-14ec-4906-a6af-51528daada61.7871f.json
resources,textures/skin/block/skinGems102,cc.SpriteFrame,1b404f59-b5c3-4321-bf58-9361787dbeb5,assets\resources\import\1b\1b404f59-b5c3-4321-bf58-9361787dbeb5.76888.json
resources,textures/skin/block/skinGems102,cc.Texture2D,ee7c6a95-ef39-440f-8705-9e82f035d1df,assets\resources\import\ee\ee7c6a95-ef39-440f-8705-9e82f035d1df.7871f.json
resources,textures/skin/block/skinGems102Bg,cc.SpriteFrame,ee474886-9dbc-4f35-8c1d-37a2f93961f4,assets\resources\import\ee\ee474886-9dbc-4f35-8c1d-37a2f93961f4.686a1.json
resources,textures/skin/block/skinGems102Bg,cc.Texture2D,4adcc5bc-c2fe-4be3-af4d-933cb27914a3,assets\resources\import\4a\4adcc5bc-c2fe-4be3-af4d-933cb27914a3.7871f.json
resources,textures/skin/block/skinGems103,cc.SpriteFrame,364bb150-09a4-47bf-ba29-14b4375d192e,assets\resources\import\36\364bb150-09a4-47bf-ba29-14b4375d192e.c13f9.json
resources,textures/skin/block/skinGems103,cc.Texture2D,3e1623d4-7764-494f-b46c-731bd1f08f02,assets\resources\import\3e\3e1623d4-7764-494f-b46c-731bd1f08f02.7871f.json
resources,textures/skin/block/skinGems103Bg,cc.SpriteFrame,03c374bb-b973-40b8-90b5-036d94282108,assets\resources\import\03\03c374bb-b973-40b8-90b5-036d94282108.9b545.json
resources,textures/skin/block/skinGems103Bg,cc.Texture2D,5d764790-ca9a-4ab9-8ab9-13f694a1f2cc,assets\resources\import\5d\5d764790-ca9a-4ab9-8ab9-13f694a1f2cc.7871f.json
resources,textures/skin/block/skinGems104,cc.SpriteFrame,f68ed525-70e4-40cd-84d1-db5ddf140d0e,assets\resources\import\f6\f68ed525-70e4-40cd-84d1-db5ddf140d0e.ac0f9.json
resources,textures/skin/block/skinGems104,cc.Texture2D,0e48f7b0-5063-49cd-bf88-acd991228163,assets\resources\import\0e\0e48f7b0-5063-49cd-bf88-acd991228163.7871f.json
resources,textures/skin/block/skinGems104Bg,cc.SpriteFrame,64d9e113-9b22-4095-84fe-cb2754b45229,assets\resources\import\64\64d9e113-9b22-4095-84fe-cb2754b45229.0a668.json
resources,textures/skin/block/skinGems104Bg,cc.Texture2D,d25896ae-e636-4b00-b065-f1c255445e72,assets\resources\import\d2\d25896ae-e636-4b00-b065-f1c255445e72.7871f.json
resources,textures/skin/block/skinGems105,cc.SpriteFrame,db732279-3576-4c33-ace6-519f71d3a06e,assets\resources\import\db\db732279-3576-4c33-ace6-519f71d3a06e.912c0.json
resources,textures/skin/block/skinGems105,cc.Texture2D,d1edb83e-2fb0-4755-be14-d923b76237e7,assets\resources\import\d1\d1edb83e-2fb0-4755-be14-d923b76237e7.7871f.json
resources,textures/skin/block/skinGems105Bg,cc.SpriteFrame,105b92ed-8d4b-4991-a83c-19d5d813e184,assets\resources\import\10\105b92ed-8d4b-4991-a83c-19d5d813e184.030aa.json
resources,textures/skin/block/skinGems105Bg,cc.Texture2D,aee1739f-7339-47fc-b498-2ce3b1c74e4c,assets\resources\import\ae\aee1739f-7339-47fc-b498-2ce3b1c74e4c.7871f.json
resources,textures/skin/block/skinGems106,cc.SpriteFrame,b33181d8-73ec-4de1-a02d-95dae07ea5b9,assets\resources\import\b3\b33181d8-73ec-4de1-a02d-95dae07ea5b9.699ad.json
resources,textures/skin/block/skinGems106,cc.Texture2D,2fbd870e-c51d-43e6-bccc-19345c902fc3,assets\resources\import\2f\2fbd870e-c51d-43e6-bccc-19345c902fc3.7871f.json
resources,textures/skin/block/skinGems106Bg,cc.SpriteFrame,40c13647-f67c-4089-99a4-609992954bb5,assets\resources\import\40\40c13647-f67c-4089-99a4-609992954bb5.c07f5.json
resources,textures/skin/block/skinGems106Bg,cc.Texture2D,c7c1f80b-a8bf-4b73-be19-8a679d83111e,assets\resources\import\c7\c7c1f80b-a8bf-4b73-be19-8a679d83111e.7871f.json
resources,textures/skin/board/chessboardBg,cc.SpriteFrame,ddf92d59-74be-479d-be91-3a4840efa6ea,assets\resources\import\dd\ddf92d59-74be-479d-be91-3a4840efa6ea.eed79.json
resources,textures/skin/board/chessboardBg,cc.Texture2D,de17e891-c550-437e-8ede-4a6a99995a5d,assets\resources\import\de\de17e891-c550-437e-8ede-4a6a99995a5d.91de0.json
resources,textures/skin/board/chessboardLine,cc.SpriteFrame,e42d9f2d-355d-48dd-b375-c58d80bd0332,assets\resources\import\e4\e42d9f2d-355d-48dd-b375-c58d80bd0332.7002f.json
resources,textures/skin/board/chessboardLine,cc.Texture2D,c24393af-45cf-49d9-9a71-22f0a617d407,assets\resources\import\c2\c24393af-45cf-49d9-9a71-22f0a617d407.91de0.json
resources,textures/skin/board/chessboardOutline,cc.SpriteFrame,916046fb-e338-483d-acd5-486dcb8c8196,assets\resources\import\91\916046fb-e338-483d-acd5-486dcb8c8196.1467a.json
resources,textures/skin/board/chessboardOutline,cc.Texture2D,1cbfb18b-7382-4b2c-b0ba-df0506c93981,assets\resources\import\1c\1cbfb18b-7382-4b2c-b0ba-df0506c93981.91de0.json
resources,textures/skin/combo/combo_num_white,cc.BitmapFont,e9baee26-faed-42d9-b96e-26c097bf19fc,assets\resources\import\e9\e9baee26-faed-42d9-b96e-26c097bf19fc.21d82.json
resources,textures/skin/combo/combo_num_white,cc.SpriteFrame,8e574bec-6cd1-4690-8e69-88676eb2e7c2,assets\resources\import\8e\8e574bec-6cd1-4690-8e69-88676eb2e7c2.2f1a3.json
resources,textures/skin/combo/combo_num_white,cc.Texture2D,f33c57ed-738f-467a-9cfe-2bc8f4af072d,assets\resources\import\f3\f33c57ed-738f-467a-9cfe-2bc8f4af072d.7871f.json
resources,textures/skin/combo/combo_num_whiteBg,cc.BitmapFont,892d6886-d0f9-42f0-9995-c1d260a03205,assets\resources\import\89\892d6886-d0f9-42f0-9995-c1d260a03205.d6c58.json
resources,textures/skin/combo/combo_num_whiteBg,cc.SpriteFrame,5b02cbcc-461b-454c-8983-7c403ad6e3f3,assets\resources\import\5b\5b02cbcc-461b-454c-8983-7c403ad6e3f3.6e080.json
resources,textures/skin/combo/combo_num_whiteBg,cc.Texture2D,44698a54-8cf6-4182-b7f0-5b94b56c61c0,assets\resources\import\44\44698a54-8cf6-4182-b7f0-5b94b56c61c0.7871f.json
resources,textures/skin/combo/gameplay_img_combo,cc.SpriteFrame,46370498-08de-4de5-9571-e0f2bdf0a392,assets\resources\import\46\46370498-08de-4de5-9571-e0f2bdf0a392.b8172.json
resources,textures/skin/combo/gameplay_img_combo,cc.Texture2D,c8ed10b6-5cdc-45bb-95bd-d5dad4eb9643,assets\resources\import\c8\c8ed10b6-5cdc-45bb-95bd-d5dad4eb9643.7871f.json
resources,textures/skin/combo/gameplay_img_comboBg,cc.SpriteFrame,219e3e3f-decf-4776-9f9b-dbccec9184fd,assets\resources\import\21\219e3e3f-decf-4776-9f9b-dbccec9184fd.146f4.json
resources,textures/skin/combo/gameplay_img_comboBg,cc.Texture2D,f6b374e4-f33c-4db6-a664-b798c48b3fd4,assets\resources\import\f6\f6b374e4-f33c-4db6-a664-b798c48b3fd4.7871f.json
resources,textures/skin/crow/crown,cc.SpriteFrame,f60ca2ec-806d-4d83-b0b6-b8aa4930cce6,assets\resources\import\f6\f60ca2ec-806d-4d83-b0b6-b8aa4930cce6.e8f62.json
resources,textures/skin/crow/crown,cc.Texture2D,08282113-bf3c-40d8-a99b-1c83105c870d,assets\resources\import\08\08282113-bf3c-40d8-a99b-1c83105c870d.91de0.json
resources,textures/skin/crow/gameplay_num_bestscore,cc.BitmapFont,555896ce-0e87-4403-a016-1f55a7e11b1e,assets\resources\import\55\555896ce-0e87-4403-a016-1f55a7e11b1e.5f37f.json
resources,textures/skin/crow/gameplay_num_bestscore,cc.SpriteFrame,bab9ace7-1de2-47aa-95fa-e0285ef0b42a,assets\resources\import\ba\bab9ace7-1de2-47aa-95fa-e0285ef0b42a.c8ea0.json
resources,textures/skin/crow/gameplay_num_bestscore,cc.Texture2D,426ca8fc-6ab3-47e9-a130-e85add8289e4,assets\resources\import\42\426ca8fc-6ab3-47e9-a130-e85add8289e4.91de0.json
resources,textures/skin/gameBg/background,cc.SpriteFrame,481f6245-59be-4244-83b2-9dcb2fd000e7,assets\resources\import\48\481f6245-59be-4244-83b2-9dcb2fd000e7.66320.json
resources,textures/skin/gameBg/background,cc.Texture2D,dcaee653-32b0-4857-82d8-d175c4764631,assets\resources\import\dc\dcaee653-32b0-4857-82d8-d175c4764631.91de0.json
resources,textures/skin/setup/bg_setting9999999,cc.SpriteFrame,f1744673-1358-46fd-907b-c9374dd03d53,assets\resources\import\f1\f1744673-1358-46fd-907b-c9374dd03d53.fc044.json
resources,textures/skin/setup/bg_setting9999999,cc.Texture2D,3ed6089a-ad3f-4b27-8742-41603ad4e822,assets\resources\import\3e\3ed6089a-ad3f-4b27-8742-41603ad4e822.7871f.json
resources,textures/skin/setup/bg_settingLine999999999,cc.SpriteFrame,1cd32c99-948d-4e22-a6ce-c3d7a8b5f3d0,assets\resources\import\1c\1cd32c99-948d-4e22-a6ce-c3d7a8b5f3d0.f4194.json
resources,textures/skin/setup/bg_settingLine999999999,cc.Texture2D,21c3cc64-ec75-49bd-aadc-1e4fd5510dfc,assets\resources\import\21\21c3cc64-ec75-49bd-aadc-1e4fd5510dfc.7871f.json
resources,textures/skin/setup/btn_SoundBg_Close,cc.SpriteFrame,bd808ddd-1aad-4477-9adf-1ae9874bbb7a,assets\resources\import\bd\bd808ddd-1aad-4477-9adf-1ae9874bbb7a.abf89.json
resources,textures/skin/setup/btn_SoundBg_Close,cc.Texture2D,7f4e1624-1533-4e40-bad0-fc6f601426ab,assets\resources\import\7f\7f4e1624-1533-4e40-bad0-fc6f601426ab.7871f.json
resources,textures/skin/setup/common_bg_setDn,cc.SpriteFrame,be064e6f-2441-47f5-9697-71d63bef4438,assets\resources\import\be\be064e6f-2441-47f5-9697-71d63bef4438.388bb.json
resources,textures/skin/setup/common_bg_setDn,cc.Texture2D,958f4d69-152a-4fa7-8b4e-5191d3f98964,assets\resources\import\95\958f4d69-152a-4fa7-8b4e-5191d3f98964.91de0.json
resources,textures/skin/setup/common_bg_setLine,cc.SpriteFrame,6cb354b4-0013-411e-9ed0-78655d5ce194,assets\resources\import\6c\6cb354b4-0013-411e-9ed0-78655d5ce194.af7cb.json
resources,textures/skin/setup/common_bg_setLine,cc.Texture2D,7d9426af-736b-4810-8cd0-5ce9111e2d03,assets\resources\import\7d\7d9426af-736b-4810-8cd0-5ce9111e2d03.91de0.json
resources,textures/skin/setup/common_bg_steUp,cc.SpriteFrame,3bb75c77-cd43-494e-94b8-07efe6f4b722,assets\resources\import\3b\3bb75c77-cd43-494e-94b8-07efe6f4b722.ae5d7.json
resources,textures/skin/setup/common_bg_steUp,cc.Texture2D,f067fd7f-1006-4ca2-bfb5-15b04bc9c530,assets\resources\import\f0\f067fd7f-1006-4ca2-bfb5-15b04bc9c530.91de0.json
resources,textures/skin/setup/common_btn_close999999,cc.SpriteFrame,7b5dde5c-f54c-48e5-8eb9-8673c00a3e62,assets\resources\import\7b\7b5dde5c-f54c-48e5-8eb9-8673c00a3e62.60a78.json
resources,textures/skin/setup/common_btn_close999999,cc.Texture2D,bdb56a2a-a434-46a7-ad2b-4673440bf32c,assets\resources\import\bd\bdb56a2a-a434-46a7-ad2b-4673440bf32c.7871f.json
resources,textures/skin/setup/common_btn_greenBg,cc.SpriteFrame,1f0c8698-58b3-4fc0-a365-97e5da312cf0,assets\resources\import\1f\1f0c8698-58b3-4fc0-a365-97e5da312cf0.2b4e6.json
resources,textures/skin/setup/common_btn_greenBg,cc.Texture2D,1d4cf282-4c40-4d5b-86d8-de4906560b9f,assets\resources\import\1d\1d4cf282-4c40-4d5b-86d8-de4906560b9f.7871f.json
resources,textures/skin/setup/common_btn_setClose,cc.SpriteFrame,b814c51f-a8fd-4b54-b413-a8a6ae763a84,assets\resources\import\b8\b814c51f-a8fd-4b54-b413-a8a6ae763a84.b2879.json
resources,textures/skin/setup/common_btn_setClose,cc.Texture2D,9f7b5734-55ce-47ed-afd6-d6509451883a,assets\resources\import\9f\9f7b5734-55ce-47ed-afd6-d6509451883a.91de0.json
resources,textures/skin/setup/gameplay_Skin_icon,cc.SpriteFrame,4bf7c04f-40e7-451c-884d-d2c495a0de74,assets\resources\import\4b\4bf7c04f-40e7-451c-884d-d2c495a0de74.1eedf.json
resources,textures/skin/setup/gameplay_Skin_icon,cc.Texture2D,27bcb93c-0f2d-40f7-91bb-8eaf59682360,assets\resources\import\27\27bcb93c-0f2d-40f7-91bb-8eaf59682360.91de0.json
resources,textures/skin/setup/gameplay_Skin_icon29999999,cc.SpriteFrame,aa4f4d49-f1e7-4692-bb6e-a3ea19dc7b8f,assets\resources\import\aa\aa4f4d49-f1e7-4692-bb6e-a3ea19dc7b8f.d7e8b.json
resources,textures/skin/setup/gameplay_Skin_icon29999999,cc.Texture2D,65aa47af-6e29-4b0b-824e-7088d3666e0b,assets\resources\import\65\65aa47af-6e29-4b0b-824e-7088d3666e0b.7871f.json
resources,textures/skin/setup/set,cc.SpriteFrame,3964ca52-3aab-4dd6-af86-e573c9e85150,assets\resources\import\39\3964ca52-3aab-4dd6-af86-e573c9e85150.50e46.json
resources,textures/skin/setup/set,cc.Texture2D,488a434e-65a9-4abc-9501-5a3b96ea39f8,assets\resources\import\48\488a434e-65a9-4abc-9501-5a3b96ea39f8.91de0.json
resources,textures/skin/setup/set_bt_skin,cc.SpriteFrame,83e14a12-ea83-41ba-9319-242fe2c0ce4d,assets\resources\import\83\83e14a12-ea83-41ba-9319-242fe2c0ce4d.17e84.json
resources,textures/skin/setup/set_bt_skin,cc.Texture2D,afff9767-736b-4b65-8b8f-8827e118a140,assets\resources\import\af\afff9767-736b-4b65-8b8f-8827e118a140.7871f.json
resources,textures/skin/setup/set_bt_skin_iocn1,cc.SpriteFrame,0f2f80d3-035f-43f5-815d-506f5a28f3f9,assets\resources\import\0f\0f2f80d3-035f-43f5-815d-506f5a28f3f9.87930.json
resources,textures/skin/setup/set_bt_skin_iocn1,cc.Texture2D,e36184e6-c3ba-4774-b7e5-a2aabc529c1c,assets\resources\import\e3\e36184e6-c3ba-4774-b7e5-a2aabc529c1c.91de0.json
resources,textures/skin/setup/set_bt_skin_iocn2,cc.SpriteFrame,2260687f-24ba-4bf9-ac22-7e21a983a383,assets\resources\import\22\2260687f-24ba-4bf9-ac22-7e21a983a383.df0f9.json
resources,textures/skin/setup/set_bt_skin_iocn2,cc.Texture2D,fdb79c43-a588-4616-ba67-046b1ef42ee5,assets\resources\import\fd\fdb79c43-a588-4616-ba67-046b1ef42ee5.91de0.json
resources,textures/skin/setup/txt_TitleSettings_EN999,cc.SpriteFrame,b64ba0c7-97e2-4608-b1cd-38a870a32c81,assets\resources\import\b6\b64ba0c7-97e2-4608-b1cd-38a870a32c81.d6ff3.json
resources,textures/skin/setup/txt_TitleSettings_EN999,cc.Texture2D,ab0de358-0daa-489a-9799-84834f104a86,assets\resources\import\ab\ab0de358-0daa-489a-9799-84834f104a86.7871f.json
resources,textures/skin/travelGameBackBtn/common_btn_backWhite,cc.SpriteFrame,017d38d5-fb9f-4d5b-8856-294101d84712,assets\resources\import\01\017d38d5-fb9f-4d5b-8856-294101d84712.9a600.json
resources,textures/skin/travelGameBackBtn/common_btn_backWhite,cc.Texture2D,c78d873d-4196-42a0-ba19-5d55a7725942,assets\resources\import\c7\c78d873d-4196-42a0-ba19-5d55a7725942.91de0.json
resources,textures/skin/travelTargetRibbon/common_bg_targetDn,cc.SpriteFrame,f59168e1-eba3-4c02-b676-4e3cb098f313,assets\resources\import\f5\f59168e1-eba3-4c02-b676-4e3cb098f313.2abf0.json
resources,textures/skin/travelTargetRibbon/common_bg_targetDn,cc.Texture2D,62ba0a98-b6fd-4a13-8617-a8f93418a182,assets\resources\import\62\62ba0a98-b6fd-4a13-8617-a8f93418a182.91de0.json
resources,textures/skin/travelTargetRibbon/common_bg_targetUp,cc.SpriteFrame,1699ea96-54da-420d-ab50-45835f04672f,assets\resources\import\16\1699ea96-54da-420d-ab50-45835f04672f.cf56f.json
resources,textures/skin/travelTargetRibbon/common_bg_targetUp,cc.Texture2D,b96f7858-02c1-4c13-8dde-b9e05d720bfd,assets\resources\import\b9\b96f7858-02c1-4c13-8dde-b9e05d720bfd.91de0.json
resources,textures/tip/die_txt,cc.SpriteFrame,4b05400f-a695-4929-93d6-802ef4818c77,assets\resources\import\4b\4b05400f-a695-4929-93d6-802ef4818c77.9b346.json
resources,textures/tip/die_txt,cc.Texture2D,7fef8078-8e68-4b86-831d-bd237ba9ded6,assets\resources\import\7f\7fef8078-8e68-4b86-831d-bd237ba9ded6.7871f.json
resources,textures/tip/tipBg,cc.SpriteFrame,b50286fd-d1d4-4c1e-bd68-e9451859a28c,assets\resources\import\b5\b50286fd-d1d4-4c1e-bd68-e9451859a28c.5aa4b.json
resources,textures/tip/tipBg,cc.Texture2D,fdaed050-6de5-4698-9c0f-0246161ae012,assets\resources\import\fd\fdaed050-6de5-4698-9c0f-0246161ae012.7871f.json
resources,textures/tripcountdown/bnt_Adventure,cc.SpriteFrame,57b3b8e3-76fb-4ca4-95d9-fc16b1433718,assets\resources\import\57\57b3b8e3-76fb-4ca4-95d9-fc16b1433718.c217f.json
resources,textures/tripcountdown/bnt_Adventure,cc.Texture2D,eca8d2a7-7db2-4f60-ad15-30078afa7b3c,assets\resources\import\ec\eca8d2a7-7db2-4f60-ad15-30078afa7b3c.7871f.json
resources,textures/tripcountdown/pic_CornerMarkers,cc.SpriteFrame,1dbfeba8-fb0f-43ec-a520-6c1940675f48,assets\resources\import\1d\1dbfeba8-fb0f-43ec-a520-6c1940675f48.f5275.json
resources,textures/tripcountdown/pic_CornerMarkers,cc.Texture2D,84827fb5-339c-421a-a810-ed0bea517248,assets\resources\import\84\84827fb5-339c-421a-a810-ed0bea517248.7871f.json
sand_audio,bb/sand_pour,cc.AudioClip,eeadf028-0131-4f54-9bf3-e76790419277,assets\sand_audio\import\ee\eeadf028-0131-4f54-9bf3-e76790419277.718fb.json
sand_audio,bb/sand_put,cc.AudioClip,646cfbaf-905b-4ae4-ba07-c9e14f10eb24,assets\sand_audio\import\64\646cfbaf-905b-4ae4-ba07-c9e14f10eb24.cb071.json
sand_audio,clock_pop,cc.AudioClip,e77769cd-45ca-4d87-a9c4-4ad12328a130,assets\sand_audio\import\e7\e77769cd-45ca-4d87-a9c4-4ad12328a130.2a369.json
sand_audio,count,cc.AudioClip,5b5f54fc-80e8-4d77-af32-632cbe39c8b1,assets\sand_audio\import\5b\5b5f54fc-80e8-4d77-af32-632cbe39c8b1.ab93c.json
sand_audio,number2,cc.AudioClip,a90e6690-2a09-4a2b-8e3a-8258edea883a,assets\sand_audio\import\a9\a90e6690-2a09-4a2b-8e3a-8258edea883a.b5986.json
sand_audio,revive,cc.AudioClip,ac64d3ff-d27b-4c44-ba53-1d951c4f7080,assets\sand_audio\import\ac\ac64d3ff-d27b-4c44-ba53-1d951c4f7080.70d01.json
sand_audio,s_touch,cc.AudioClip,2ebb2764-6652-406e-8357-42326a1ff803,assets\sand_audio\import\2e\2ebb2764-6652-406e-8357-42326a1ff803.e878b.json
sand_mini,new/json/sandalgo,cc.JsonAsset,73811ec2-d7b2-4002-b882-b0332b385841,assets\sand_mini\import\73\73811ec2-d7b2-4002-b882-b0332b385841.04f2b.json
sand_mini,new/json/scorerate,cc.JsonAsset,6ae5c745-70df-4fb8-98fe-7f62dd748a0a,assets\sand_mini\import\6a\6ae5c745-70df-4fb8-98fe-7f62dd748a0a.eb22d.json
sand_mini,new/json/triggeralgo,cc.JsonAsset,5f463608-d6d7-432e-8cdd-551846df786e,assets\sand_mini\import\5f\5f463608-d6d7-432e-8cdd-551846df786e.d3b61.json
sand_mini,new/prefabs/ComboAddScore,cc.Prefab,28c27b61-05cc-4dc6-b9de-eebaf3276e3f,assets\sand_mini\import\28\28c27b61-05cc-4dc6-b9de-eebaf3276e3f.3b99c.json
sand_mini,new/prefabs/ComboAddScoreTotal,cc.Prefab,1b7f1067-43c0-4846-8506-a0c48414f321,assets\sand_mini\import\1b\1b7f1067-43c0-4846-8506-a0c48414f321.632d0.json
sand_mini,new/prefabs/GameOverLose,cc.Prefab,3eee3f66-edd2-4fc2-ba12-44b2cd5a5b5d,assets\sand_mini\import\3e\3eee3f66-edd2-4fc2-ba12-44b2cd5a5b5d.06df6.json
sand_mini,new/prefabs/GameOverWin,cc.Prefab,5cdbfa5c-bdac-45cb-a9e3-75181eb4ca5f,assets\sand_mini\import\5c\5cdbfa5c-bdac-45cb-a9e3-75181eb4ca5f.48ae9.json
sand_mini,new/prefabs/MiniEncourage,cc.Prefab,d00fe84f-d600-4e29-a94e-c24cf05f66c2,assets\sand_mini\import\d0\d00fe84f-d600-4e29-a94e-c24cf05f66c2.ff5fb.json
sand_mini,new/prefabs/MiniTutorialUI,cc.Prefab,593103f6-a5be-4f88-9a19-7a1f47ab0070,assets\sand_mini\import\59\593103f6-a5be-4f88-9a19-7a1f47ab0070.9ed7a.json
sand_mini,new/prefabs/Revive,cc.Prefab,78b16e88-c9c0-4fd3-9e3a-e97bd818d668,assets\sand_mini\import\78\78b16e88-c9c0-4fd3-9e3a-e97bd818d668.db246.json
sand_mini,new/prefabs/SandCrushBlkCombo,cc.Prefab,fa40469d-bb91-49e7-9113-312685347b2c,assets\sand_mini\import\fa\fa40469d-bb91-49e7-9113-312685347b2c.e2c9c.json
sand_mini,new/prefabs/SandDegree,cc.Prefab,360616da-6346-4e7e-ac65-386d894133f7,assets\sand_mini\import\36\360616da-6346-4e7e-ac65-386d894133f7.567ff.json
sand_mini,new/prefabs/SandLevelUp,cc.Prefab,d885177e-d89a-427a-9a3a-786d65b9722e,assets\sand_mini\import\d8\d885177e-d89a-427a-9a3a-786d65b9722e.33c3e.json
sand_mini,new/prefabs/ScoreTip,cc.Prefab,8d9bf459-928b-45bf-97b5-870c46fdd917,assets\sand_mini\import\8d\8d9bf459-928b-45bf-97b5-870c46fdd917.216fc.json
sand_mini,new/prefabs/Setting,cc.Prefab,977304ff-cfdf-4ffb-ab41-d0b9d39a3377,assets\sand_mini\import\97\977304ff-cfdf-4ffb-ab41-d0b9d39a3377.94fb8.json
sand_mini,new/prefabs/TopLayer,cc.Prefab,cec1962d-82a9-4c9b-a562-270d8f8e82a0,assets\sand_mini\import\ce\cec1962d-82a9-4c9b-a562-270d8f8e82a0.ed76a.json
sand_mini,new/spine/minimalist_sandCrush_gameplay_arrow,cc.Asset,46f7350d-197c-4c64-9bd5-eec94b2466fa,assets\sand_mini\import\46\46f7350d-197c-4c64-9bd5-eec94b2466fa.057c9.json
sand_mini,new/spine/minimalist_sandCrush_gameplay_arrow,cc.SpriteFrame,0213bd47-6d22-4673-8f02-069dfcd5a602,assets\sand_mini\import\02\0213bd47-6d22-4673-8f02-069dfcd5a602.19f1e.json
sand_mini,new/spine/minimalist_sandCrush_gameplay_arrow,cc.Texture2D,f7f350e1-3faf-4d38-8a67-e2c5302e9898,
sand_mini,new/spine/minimalist_sandCrush_gameplay_arrow,sp.SkeletonData,d44ef5ee-e969-4a5b-a13f-3bd8bbcfab47,assets\sand_mini\import\d4\d44ef5ee-e969-4a5b-a13f-3bd8bbcfab47.69d4c.json
sand_mini,new/spine/minimalist_sandCrush_gameplay_progressBar_efx,cc.Asset,f8b09221-9e59-4f55-8a66-c1d5878e7733,assets\sand_mini\import\f8\f8b09221-9e59-4f55-8a66-c1d5878e7733.8224f.json
sand_mini,new/spine/minimalist_sandCrush_gameplay_progressBar_efx,cc.SpriteFrame,eaf11f1d-5004-4433-9a2c-d25db9fbe1f4,assets\sand_mini\import\ea\eaf11f1d-5004-4433-9a2c-d25db9fbe1f4.c27b0.json
sand_mini,new/spine/minimalist_sandCrush_gameplay_progressBar_efx,cc.Texture2D,5fab20bc-cc14-4094-956f-a999b421229e,
sand_mini,new/spine/minimalist_sandCrush_gameplay_progressBar_efx,sp.SkeletonData,d3aa0e8d-ae30-4904-be55-c67137c42421,assets\sand_mini\import\d3\d3aa0e8d-ae30-4904-be55-c67137c42421.04611.json
sand_mini,new/texture/backgroundstop,cc.SpriteFrame,f6b4d15b-7778-453e-9290-20da8d18da38,assets\sand_mini\import\f6\f6b4d15b-7778-453e-9290-20da8d18da38.aae7a.json
sand_mini,new/texture/backgroundstop,cc.Texture2D,46dc1b00-69cd-4b4b-bb4a-2779209277a3,
sand_mini,new/texture/guide/btn_continueDn_block,cc.SpriteFrame,66b1f17b-a844-4706-9c26-911769e3d45d,assets\sand_mini\import\66\66b1f17b-a844-4706-9c26-911769e3d45d.cdb3b.json
sand_mini,new/texture/guide/btn_continueDn_block,cc.Texture2D,76448fb8-b89c-48fe-a699-acf20ec9bd46,
sand_mini,new/texture/guide/btn_continueUp_block,cc.SpriteFrame,f078c980-9989-4e66-8148-e21a1167f45f,assets\sand_mini\import\f0\f078c980-9989-4e66-8148-e21a1167f45f.d764e.json
sand_mini,new/texture/guide/btn_continueUp_block,cc.Texture2D,7e9eb4f4-66d0-40c2-82f7-5c9f67e75b3d,
sand_mini,new/texture/guide/gameplay_icon_chaHao_block,cc.SpriteFrame,478809d5-b784-41d7-a8e7-07d8599827ff,assets\sand_mini\import\47\478809d5-b784-41d7-a8e7-07d8599827ff.dc831.json
sand_mini,new/texture/guide/gameplay_icon_chaHao_block,cc.Texture2D,f759e857-826b-47fb-b110-24633b5e4b9a,
sand_mini,new/texture/guide/gameplay_teaching_arrow,cc.Asset,145bbd74-9bbe-46de-86d9-fa6418e99afd,assets\sand_mini\import\14\145bbd74-9bbe-46de-86d9-fa6418e99afd.db2ed.json
sand_mini,new/texture/guide/gameplay_teaching_arrow,cc.SpriteFrame,df181bb8-4dde-41cb-b42e-44f6a38a8b9c,assets\sand_mini\import\df\df181bb8-4dde-41cb-b42e-44f6a38a8b9c.b69b3.json
sand_mini,new/texture/guide/gameplay_teaching_arrow,cc.Texture2D,6886d841-3333-4f2a-8f3c-fa798def8aed,
sand_mini,new/texture/guide/gameplay_teaching_arrow,sp.SkeletonData,e7a485c9-dc19-47eb-935f-fe08605a3dbf,assets\sand_mini\import\e7\e7a485c9-dc19-47eb-935f-fe08605a3dbf.f150b.json
sand_mini,new/texture/guide/guide_text_1_fxs,cc.SpriteFrame,c0a92267-c39c-4597-aaa5-8611c9817bcb,assets\sand_mini\import\c0\c0a92267-c39c-4597-aaa5-8611c9817bcb.9380c.json
sand_mini,new/texture/guide/guide_text_1_fxs,cc.Texture2D,c36b419e-2eaf-4fed-8710-30b85746588f,
sand_mini,new/texture/guide/guide_text_2_fxs,cc.SpriteFrame,8750cfa4-cc0d-4564-83fe-8ae6098a20a0,assets\sand_mini\import\87\8750cfa4-cc0d-4564-83fe-8ae6098a20a0.5bb34.json
sand_mini,new/texture/guide/guide_text_2_fxs,cc.Texture2D,e6b32e98-9883-4c7d-8794-163268466d01,
sand_mini,new/texture/guide/guide_text_3_block,cc.SpriteFrame,dfe55bc1-3ab3-48b3-ba08-2769195e01e8,assets\sand_mini\import\df\dfe55bc1-3ab3-48b3-ba08-2769195e01e8.2e005.json
sand_mini,new/texture/guide/guide_text_3_block,cc.Texture2D,bce8f688-7a5b-43e9-9d6b-81715c4dbd58,
sand_mini,new/texture/guide/guide_text_4_block,cc.SpriteFrame,1571a71c-0898-44d0-a56d-64c97c5c4d30,assets\sand_mini\import\15\1571a71c-0898-44d0-a56d-64c97c5c4d30.946a6.json
sand_mini,new/texture/guide/guide_text_4_block,cc.Texture2D,6ec02baf-271c-408e-a5fc-2e797436e8a3,
sand_mini,new/texture/guide/guide_text_5_block,cc.SpriteFrame,ced5220c-2b4f-4b30-99aa-864ff9bdd9e7,assets\sand_mini\import\ce\ced5220c-2b4f-4b30-99aa-864ff9bdd9e7.893d3.json
sand_mini,new/texture/guide/guide_text_5_block,cc.Texture2D,484c1602-b1d9-4591-9d56-a2a20388e603,
sand_mini,new/texture/guide/guide_text_6_block,cc.SpriteFrame,49a42c37-0dfe-4942-afa6-1734f880a388,assets\sand_mini\import\49\49a42c37-0dfe-4942-afa6-1734f880a388.8c36f.json
sand_mini,new/texture/guide/guide_text_6_block,cc.Texture2D,f1f445f3-bb7b-4624-9912-7ea55a94e186,
sand_mini,new/texture/guide/guide_text_tutorial_fxs,cc.SpriteFrame,b2ef62cb-a852-4f8a-868a-a3cb496e999e,assets\sand_mini\import\b2\b2ef62cb-a852-4f8a-868a-a3cb496e999e.5886c.json
sand_mini,new/texture/guide/guide_text_tutorial_fxs,cc.Texture2D,2e282918-2008-4354-810b-6831926f223e,
sand_mini,new/texture/setting_bg_line,cc.SpriteFrame,40a5bee4-3a2f-41dc-b39b-7670fe74ad00,assets\sand_mini\import\40\40a5bee4-3a2f-41dc-b39b-7670fe74ad00.33924.json
sand_mini,new/texture/setting_bg_line,cc.Texture2D,5823e09b-876f-4802-bd76-6121ecc8f2b1,
sand_mini,new/texture/setting_btn_off,cc.SpriteFrame,0cd82477-d966-498c-962e-6d3fe3a3cef1,assets\sand_mini\import\0c\0cd82477-d966-498c-962e-6d3fe3a3cef1.b037a.json
sand_mini,new/texture/setting_btn_off,cc.Texture2D,b045e2be-3314-498f-ae57-6d2b5c686408,
sand_mini,new/texture/setting_txt_title,cc.SpriteFrame,54c4f298-2a4f-4af8-960f-cb5c0bb2fea0,assets\sand_mini\import\54\54c4f298-2a4f-4af8-960f-cb5c0bb2fea0.37b47.json
sand_mini,new/texture/setting_txt_title,cc.Texture2D,325dad10-fbeb-4b81-b38b-45ea38412471,
sand_prefab,pixel/Tutorial/TutorialHand,cc.Prefab,7e5c9061-0e64-49f2-850d-29eb0710c067,assets\sand_prefab\import\7e\7e5c9061-0e64-49f2-850d-29eb0710c067.68cbf.json
sand_prefab,pixel/loading/sandCrush_loading,cc.SpriteFrame,fc758641-8c81-4d49-9d3f-9fb4e69a1758,assets\sand_prefab\import\fc\fc758641-8c81-4d49-9d3f-9fb4e69a1758.134c4.json
sand_prefab,pixel/loading/sandCrush_loading,cc.Texture2D,88d3f47d-3f0a-471d-8d48-ff6e06e53485,assets\sand_prefab\import\88\88d3f47d-3f0a-471d-8d48-ff6e06e53485.7871f.json
sand_prefab,res/ideas/allClear/texture/imgRainbow,cc.SpriteFrame,9ee91074-10eb-4ff1-b0b5-107e224310d0,assets\sand_prefab\import\9e\9ee91074-10eb-4ff1-b0b5-107e224310d0.f952e.json
sand_prefab,res/ideas/allClear/texture/imgRainbow,cc.Texture2D,a6c10ebb-75fa-48c9-b4bf-6ceba1f27b42,
sand_prefab,res/prefabs/MainUI,cc.Prefab,028dd9da-d113-4107-9a62-5456397e60de,assets\sand_prefab\import\02\028dd9da-d113-4107-9a62-5456397e60de.4a1ca.json
sand_prefab,res/prefabs/UI/loading,cc.Prefab,4d94b9ce-fd36-4ee6-b293-71a854344386,assets\sand_prefab\import\4d\4d94b9ce-fd36-4ee6-b293-71a854344386.59ddf.json
sand_prefab,res/prefabs/UI/redlight,cc.Prefab,41f117c2-3974-40b7-923d-091daab324bc,assets\sand_prefab\import\41\41f117c2-3974-40b7-923d-091daab324bc.d391e.json
sand_prefab,res/prefabs/mainItems/boxLayer,cc.Prefab,2d17b238-4ebf-422a-b51b-9d17d1694290,assets\sand_prefab\import\2d\2d17b238-4ebf-422a-b51b-9d17d1694290.ffe9c.json
sand_prefab,res/prefabs/woodskin/waitAd,cc.Prefab,e6c00999-db9a-430e-b49f-a7514892261a,assets\sand_prefab\import\e6\e6c00999-db9a-430e-b49f-a7514892261a.11cad.json
sandcrush,ad/AdMask,cc.Prefab,3f4ae552-9d95-4b20-b39c-1e1d378c1047,assets\sandcrush\import\3f\3f4ae552-9d95-4b20-b39c-1e1d378c1047.7dc6a.json
sandcrush,ad/Txt_Conitnue_EN,cc.SpriteFrame,1a6717ef-8460-4c4d-9d79-9d774876da26,assets\sandcrush\import\1a\1a6717ef-8460-4c4d-9d79-9d774876da26.5bc94.json
sandcrush,ad/Txt_Conitnue_EN,cc.Texture2D,bebc33f6-e681-441b-85aa-b758de7c33d4,
sandcrush,ad/txt_Loading_EN,cc.SpriteFrame,8a87d358-b909-45b8-a02b-d0ebb84942a0,assets\sandcrush\import\8a\8a87d358-b909-45b8-a02b-d0ebb84942a0.3c6aa.json
sandcrush,ad/txt_Loading_EN,cc.Texture2D,b9f6ac1e-f5fa-4745-929e-eb5db097ec0e,
sandcrush,res/font/SPARTAN-BOLD,cc.TTFFont,150702f7-61ad-4451-8244-8b8f32fbf52d,assets\sandcrush\import\15\150702f7-61ad-4451-8244-8b8f32fbf52d.269b0.json
sandcrush,res/font/num_bonusPoints_xs,cc.BitmapFont,6447c285-64be-4c76-a669-f2aac07c6f2f,assets\sandcrush\import\64\6447c285-64be-4c76-a669-f2aac07c6f2f.3f3ec.json
sandcrush,res/font/num_bonusPoints_xs,cc.SpriteFrame,d03ded85-1091-4ea8-91c0-9172c28230b6,assets\sandcrush\import\d0\d03ded85-1091-4ea8-91c0-9172c28230b6.41cb4.json
sandcrush,res/font/num_bonusPoints_xs,cc.Texture2D,a8c4d6fe-98ae-4a98-af31-3f909a35de2e,
sandcrush,res/json/algotype,cc.JsonAsset,9222e78c-5559-438e-9f10-7f9f7ac9f62c,assets\sandcrush\import\92\9222e78c-5559-438e-9f10-7f9f7ac9f62c.fb540.json
sandcrush,res/json/blockattr,cc.JsonAsset,d4a5c7c4-a11f-4660-a4a4-66360040f2c7,assets\sandcrush\import\d4\d4a5c7c4-a11f-4660-a4a4-66360040f2c7.4c366.json
sandcrush,res/json/constant,cc.JsonAsset,b58af945-969a-4874-a3d7-7138c11571c1,assets\sandcrush\import\b5\b58af945-969a-4874-a3d7-7138c11571c1.0d1aa.json
sandcrush,res/mtls/gradient,cc.EffectAsset,5fd8082a-0eef-4e88-9659-1e6e2a96f451,assets\sandcrush\import\5f\5fd8082a-0eef-4e88-9659-1e6e2a96f451.5d6df.json
sandcrush,res/mtls/gradient_blue,cc.Material,467ffa47-4516-43dd-9f3d-f833f62c2ac2,assets\sandcrush\import\46\467ffa47-4516-43dd-9f3d-f833f62c2ac2.38e0a.json
sandcrush,res/mtls/gradient_blue_mid,cc.Material,bc1b0129-e22a-40ca-babd-640373c97ad9,assets\sandcrush\import\bc\bc1b0129-e22a-40ca-babd-640373c97ad9.b1883.json
sandcrush,res/mtls/gradient_purple,cc.Material,dc836842-11dc-4ca1-b65e-a17f9f796239,assets\sandcrush\import\dc\dc836842-11dc-4ca1-b65e-a17f9f796239.72a58.json
sandcrush,res/mtls/white,cc.SpriteFrame,8b76b482-4a1f-4df2-932a-a10fd9d9c832,assets\sandcrush\import\8b\8b76b482-4a1f-4df2-932a-a10fd9d9c832.82a7a.json
sandcrush,res/mtls/white,cc.Texture2D,4ecfee5f-2a13-4bf9-b28f-3e31168d2092,
sandcrush,res/spine/scoreLevelUp/pixel_sandCrush_gameplay_progressBar_efx,cc.Asset,8aaa0e75-bd92-488d-a989-71951eafa7d3,assets\sandcrush\import\8a\8aaa0e75-bd92-488d-a989-71951eafa7d3.d4f6a.json
sandcrush,res/spine/scoreLevelUp/pixel_sandCrush_gameplay_progressBar_efx,cc.SpriteFrame,94044bc2-d566-4e14-b3c4-1fa946626e9c,assets\sandcrush\import\94\94044bc2-d566-4e14-b3c4-1fa946626e9c.a9b5b.json
sandcrush,res/spine/scoreLevelUp/pixel_sandCrush_gameplay_progressBar_efx,cc.Texture2D,0e1aa1fc-6a1f-4871-867d-64e43fb71f14,
sandcrush,res/spine/scoreLevelUp/pixel_sandCrush_gameplay_progressBar_efx,sp.SkeletonData,928617d8-9bdf-4e50-8b49-2e3213a06761,assets\sandcrush\import\92\928617d8-9bdf-4e50-8b49-2e3213a06761.422d1.json
sandcrush,res/spine/scoreLevelUp/pixel_sandCrush_gameplay_progressBar_goal_efx,cc.Asset,c103184f-1ac8-4b1b-89bd-4e9e35f19071,assets\sandcrush\import\c1\c103184f-1ac8-4b1b-89bd-4e9e35f19071.34a6b.json
sandcrush,res/spine/scoreLevelUp/pixel_sandCrush_gameplay_progressBar_goal_efx,cc.SpriteFrame,c39b1f1f-f04b-429d-955c-004ce4ee4d1f,assets\sandcrush\import\c3\c39b1f1f-f04b-429d-955c-004ce4ee4d1f.ae10e.json
sandcrush,res/spine/scoreLevelUp/pixel_sandCrush_gameplay_progressBar_goal_efx,cc.Texture2D,c91ce8b5-f336-476b-bec7-622c6b944fd5,
sandcrush,res/spine/scoreLevelUp/pixel_sandCrush_gameplay_progressBar_goal_efx,sp.SkeletonData,4b8485e5-e125-41f8-bbec-6dd0d3814428,assets\sandcrush\import\4b\4b8485e5-e125-41f8-bbec-6dd0d3814428.d0ee5.json
sandcrush,res/textures/loading/Loading,cc.SpriteFrame,7a177e0c-8541-40f2-b18e-0d32e3284eb1,assets\sandcrush\import\7a\7a177e0c-8541-40f2-b18e-0d32e3284eb1.8a751.json
sandcrush,res/textures/loading/Loading,cc.Texture2D,603eca36-74e0-4de2-a253-446b0b8025b6,
sandcrush,res/textures/mianui/gameplay_img_chessboard,cc.SpriteFrame,fa4a130e-69a1-45a9-8b59-c61e80e34909,assets\sandcrush\import\fa\fa4a130e-69a1-45a9-8b59-c61e80e34909.1dc00.json
sandcrush,res/textures/mianui/gameplay_img_chessboard,cc.Texture2D,fcc77fbf-c4ba-4358-9282-015971e0a6af,
sandcrush,res/textures/mianui/gameplay_img_chessboardDown,cc.SpriteFrame,38c171d5-b100-46bd-9bba-c3383a959ad8,assets\sandcrush\import\38\38c171d5-b100-46bd-9bba-c3383a959ad8.71d98.json
sandcrush,res/textures/mianui/gameplay_img_chessboardDown,cc.Texture2D,0f7b7de5-3ed0-4de0-973e-3c144466836e,
sandcrush,res/textures/mianui/gameplay_img_cordon_xs,cc.SpriteFrame,89c77d13-ecc5-4515-9ede-13589d583e68,assets\sandcrush\import\89\89c77d13-ecc5-4515-9ede-13589d583e68.a11f4.json
sandcrush,res/textures/mianui/gameplay_img_cordon_xs,cc.Texture2D,bad0fe60-6675-4f3d-8b8c-7ef05bf24c1f,
sandcrush,res/textures/redlight/redlight,cc.SpriteFrame,c268c782-2b15-485c-8c62-631daca2dbaf,assets\sandcrush\import\c2\c268c782-2b15-485c-8c62-631daca2dbaf.ca16b.json
sandcrush,res/textures/redlight/redlight,cc.Texture2D,23165c27-ae0a-4977-b0d6-0d040d413d06,
sandcrush,res/textures/scoreLevelup/gameplay_img_progressDown_xs,cc.SpriteFrame,e030f826-6c44-49f9-9ddb-a23cfb2ec5a9,assets\sandcrush\import\e0\e030f826-6c44-49f9-9ddb-a23cfb2ec5a9.67c88.json
sandcrush,res/textures/scoreLevelup/gameplay_img_progressDown_xs,cc.Texture2D,8754ad49-2d09-4b26-8dcb-8685155a0f74,
sandcrush,res/textures/scoreLevelup/gameplay_img_progressLeft_xs,cc.SpriteFrame,676fc6df-fb2a-4e31-90b9-a4fcd20bc80a,assets\sandcrush\import\67\676fc6df-fb2a-4e31-90b9-a4fcd20bc80a.2eb94.json
sandcrush,res/textures/scoreLevelup/gameplay_img_progressLeft_xs,cc.Texture2D,e16fad88-6249-438a-b63c-937dfd7b60c8,
sandcrush,res/textures/scoreLevelup/gameplay_img_progressUp_xs,cc.SpriteFrame,f265ef6e-3041-44ff-aa81-1f0577440f5b,assets\sandcrush\import\f2\f265ef6e-3041-44ff-aa81-1f0577440f5b.3fc1d.json
sandcrush,res/textures/scoreLevelup/gameplay_img_progressUp_xs,cc.Texture2D,dbb0af31-0fbd-4d56-928d-22098d49eb72,
sandcrush,res/textures/scoreLevelup/tips_cube_blue_xs,cc.SpriteFrame,f1995745-e5e0-4ffa-bbe1-d64b32a27257,assets\sandcrush\import\f1\f1995745-e5e0-4ffa-bbe1-d64b32a27257.e0eb6.json
sandcrush,res/textures/scoreLevelup/tips_cube_blue_xs,cc.Texture2D,05391d66-a43a-460f-9102-27838eece4a3,
sandcrush,res/textures/scoreLevelup/tips_cube_green_xs,cc.SpriteFrame,deac1405-5d8a-4b31-8ee1-9e08edffe739,assets\sandcrush\import\de\deac1405-5d8a-4b31-8ee1-9e08edffe739.231d2.json
sandcrush,res/textures/scoreLevelup/tips_cube_green_xs,cc.Texture2D,322ee835-6c93-40b9-a26c-2794907fee93,
sandcrush,res/textures/scoreLevelup/tips_cube_indigo_xs,cc.SpriteFrame,97b0d6b6-c4db-4993-8b78-b151a3c361f0,assets\sandcrush\import\97\97b0d6b6-c4db-4993-8b78-b151a3c361f0.bef0f.json
sandcrush,res/textures/scoreLevelup/tips_cube_indigo_xs,cc.Texture2D,4726b180-534e-453f-b154-b052bbe33477,
sandcrush,res/textures/scoreLevelup/tips_cube_orange_xs,cc.SpriteFrame,aa8231c0-6316-40f2-ac30-25b743b725a0,assets\sandcrush\import\aa\aa8231c0-6316-40f2-ac30-25b743b725a0.ec1b9.json
sandcrush,res/textures/scoreLevelup/tips_cube_orange_xs,cc.Texture2D,fab17209-8fb9-423c-a637-c025788b0373,
sandcrush,res/textures/scoreLevelup/tips_cube_pink_xs,cc.SpriteFrame,cd369041-5bd6-40ce-8a79-46d07efbb329,assets\sandcrush\import\cd\cd369041-5bd6-40ce-8a79-46d07efbb329.95a71.json
sandcrush,res/textures/scoreLevelup/tips_cube_pink_xs,cc.Texture2D,08256573-535d-454e-a30e-1d1f85ad8776,
sandcrush,res/textures/scoreLevelup/tips_cube_red_xs,cc.SpriteFrame,22a04dd9-65f9-49c7-99ef-8e30f48b73d2,assets\sandcrush\import\22\22a04dd9-65f9-49c7-99ef-8e30f48b73d2.3322f.json
sandcrush,res/textures/scoreLevelup/tips_cube_red_xs,cc.Texture2D,dfce6d9f-801d-4bbc-9fba-1dee63e81d33,
sandcrush,res/textures/scoreLevelup/tips_cube_violet_xs,cc.SpriteFrame,8a66e513-12bc-4ec5-9794-d9827938cd99,assets\sandcrush\import\8a\8a66e513-12bc-4ec5-9794-d9827938cd99.9c805.json
sandcrush,res/textures/scoreLevelup/tips_cube_violet_xs,cc.Texture2D,8546bb26-91ea-4ed7-a62d-b4e85e98d4fe,
sandcrush,res/textures/scoreLevelup/tips_cube_white_xs,cc.SpriteFrame,bfe622b1-4a5d-489f-8e97-561984c8af74,assets\sandcrush\import\bf\bfe622b1-4a5d-489f-8e97-561984c8af74.01953.json
sandcrush,res/textures/scoreLevelup/tips_cube_white_xs,cc.Texture2D,1c6b27f6-4138-4e50-82b9-c3616e81ab88,
sandcrush,res/textures/scoreLevelup/tips_cube_yellow_xs,cc.SpriteFrame,1de1389c-6b4c-40d0-b13b-8d15850784d3,assets\sandcrush\import\1d\1de1389c-6b4c-40d0-b13b-8d15850784d3.9253d.json
sandcrush,res/textures/scoreLevelup/tips_cube_yellow_xs,cc.Texture2D,26c20e9f-f874-48f3-af1d-1098c7a8572b,
sandcrush,res/textures/scoreLevelup/tips_img_arrowBG_xs,cc.SpriteFrame,0af496d0-4dcf-40b5-a9af-ee14632643ad,assets\sandcrush\import\0a\0af496d0-4dcf-40b5-a9af-ee14632643ad.46984.json
sandcrush,res/textures/scoreLevelup/tips_img_arrowBG_xs,cc.Texture2D,6c88aff4-9142-47bd-8948-2814bbe31650,
sandcrush,res/textures/tutorial/gameplay_img_hand,cc.SpriteFrame,bffd683b-10fe-43d2-8a26-60f66538d11a,assets\sandcrush\import\bf\bffd683b-10fe-43d2-8a26-60f66538d11a.11c7e.json
sandcrush,res/textures/tutorial/gameplay_img_hand,cc.Texture2D,fda28672-a9eb-45e5-9cf3-e3846e1a23c4,
sandcrush,res/textures/woodskin/common/Take_a_break,cc.SpriteFrame,f0797c84-db7e-4235-a763-c9560690f8c7,assets\sandcrush\import\f0\f0797c84-db7e-4235-a763-c9560690f8c7.bafa4.json
sandcrush,res/textures/woodskin/common/Take_a_break,cc.Texture2D,303c6eb0-a94f-4f9a-9c96-3e5a8364c720,
sandcrush,res/textures/woodskin/common/ads_icon,cc.SpriteFrame,2535bb88-9caa-4108-8c16-3dc893415ba2,assets\sandcrush\import\25\2535bb88-9caa-4108-8c16-3dc893415ba2.3eaa9.json
sandcrush,res/textures/woodskin/common/ads_icon,cc.Texture2D,40dfacd7-fcb1-41ed-abf2-94133793b76e,
sandcrush,res/tile/colorTexturePixel,cc.SpriteFrame,ff749287-0a9d-4853-9b65-c7a4bf9fae0b,assets\sandcrush\import\ff\ff749287-0a9d-4853-9b65-c7a4bf9fae0b.865c8.json
sandcrush,res/tile/colorTexturePixel,cc.Texture2D,8d728142-9773-46d4-9e1c-9c5050d00175,
sandcrush,res/tile/colorTexturePixel1opt,cc.SpriteFrame,cea54299-f52a-4b75-9afa-398d5a3bf0e3,assets\sandcrush\import\ce\cea54299-f52a-4b75-9afa-398d5a3bf0e3.7b55a.json
sandcrush,res/tile/colorTexturePixel1opt,cc.Texture2D,d9ffec1a-c5a0-4c82-9c3b-a2070a4a1200,
sandcrush,res/tile/sandtile,cc.EffectAsset,8f112d99-3366-4e20-99c1-a208c67e5992,assets\sandcrush\import\8f\8f112d99-3366-4e20-99c1-a208c67e5992.1ea2e.json
sandcrush,res/tile/sandtile,cc.Material,e6f2adbe-23bc-4402-8f0e-2c7757409828,assets\sandcrush\import\e6\e6f2adbe-23bc-4402-8f0e-2c7757409828.1bd77.json
sandcrush,res/tile/sandtileDeath,cc.EffectAsset,61c68782-24e2-4489-bee5-6812e093ff7d,assets\sandcrush\import\61\61c68782-24e2-4489-bee5-6812e093ff7d.ff87b.json
sandcrush,res/tile/sandtileDeath,cc.Material,f05a3456-6121-47be-a9b0-a4f126dd1b8c,assets\sandcrush\import\f0\f05a3456-6121-47be-a9b0-a4f126dd1b8c.d9d9c.json
sandcrush,res/tile/sandtileEffect,cc.EffectAsset,fbe36ed3-deea-4dd5-819a-cb87cfd562a2,assets\sandcrush\import\fb\fbe36ed3-deea-4dd5-819a-cb87cfd562a2.806b8.json
sandcrush,res/tile/sandtileEffect,cc.Material,531b17e4-34e0-408a-8e13-7ac25ccaf7f0,assets\sandcrush\import\53\531b17e4-34e0-408a-8e13-7ac25ccaf7f0.8c6a7.json
sandcrush,res/tile/sandtileEffectRainbow,cc.EffectAsset,b03267dc-0c1d-4a29-a2d5-b644f88424de,assets\sandcrush\import\b0\b03267dc-0c1d-4a29-a2d5-b644f88424de.6f01c.json
sandcrush,res/tile/sandtileEffectRainbow,cc.Material,0e7a7e54-5f11-4ec6-8cbd-84f634203ef5,assets\sandcrush\import\0e\0e7a7e54-5f11-4ec6-8cbd-84f634203ef5.45a4c.json
sandcrush,res/tile/sandtileSimple,cc.EffectAsset,ae44b129-4462-40c6-83ba-17d2c618ed83,assets\sandcrush\import\ae\ae44b129-4462-40c6-83ba-17d2c618ed83.17d0b.json
sandcrush,res/tile/sandtileSimple,cc.Material,8b273727-49e5-40a4-9c19-cfed423131da,assets\sandcrush\import\8b\8b273727-49e5-40a4-9c19-cfed423131da.40c7d.json
sandcrush,scripts/idea/ChristmasTree,cc.JsonAsset,ee13d7c5-a65c-4ec4-a3df-c5235414d5fd,assets\sandcrush\import\ee\ee13d7c5-a65c-4ec4-a3df-c5235414d5fd.8fe4e.json
sandcrush,scripts/idea/ChristmasTree2,cc.JsonAsset,7d7809d0-d65f-4c8e-83d7-5e5648d78afa,assets\sandcrush\import\7d\7d7809d0-d65f-4c8e-83d7-5e5648d78afa.a91bf.json
sandcrush,scripts/idea/ChristmasTree3,cc.JsonAsset,88aa5610-08c4-4f7a-94be-c232b34b2171,assets\sandcrush\import\88\88aa5610-08c4-4f7a-94be-c232b34b2171.ded60.json
sandcrush,scripts/idea/SantaClaus,cc.JsonAsset,a24291c0-9c70-465c-b93f-d740e5d335bc,assets\sandcrush\import\a2\a24291c0-9c70-465c-b93f-d740e5d335bc.bb84e.json
sandcrush,scripts/idea/apple,cc.JsonAsset,785160f6-edec-4c8e-8954-753430818cb5,assets\sandcrush\import\78\785160f6-edec-4c8e-8954-753430818cb5.7007e.json
sandcrush,scripts/idea/candle,cc.JsonAsset,d6ec6695-249e-4e79-948f-02349bf08ae9,assets\sandcrush\import\d6\d6ec6695-249e-4e79-948f-02349bf08ae9.6964d.json
sandcrush,scripts/idea/car,cc.JsonAsset,84097cf4-181d-4b88-97d3-4ef31418dfa2,assets\sandcrush\import\84\84097cf4-181d-4b88-97d3-4ef31418dfa2.a0875.json
sandcrush,scripts/idea/gift,cc.JsonAsset,891b177a-ffc4-455a-ac56-f9a7436abd55,assets\sandcrush\import\89\891b177a-ffc4-455a-ac56-f9a7436abd55.5d7b4.json
sandcrush,scripts/idea/glove,cc.JsonAsset,b6791e7e-5294-4c42-929f-40157ee32467,assets\sandcrush\import\b6\b6791e7e-5294-4c42-929f-40157ee32467.ad95a.json
sandcrush,scripts/idea/hohoho,cc.JsonAsset,19798ed8-b94a-4541-8e54-4ff9b910eec5,assets\sandcrush\import\19\19798ed8-b94a-4541-8e54-4ff9b910eec5.7fae9.json
sandcrush,scripts/idea/lollipop,cc.JsonAsset,17fcaafc-632b-4e8c-af06-eedeb1cbc433,assets\sandcrush\import\17\17fcaafc-632b-4e8c-af06-eedeb1cbc433.a3ed5.json
sandcrush,scripts/idea/oven,cc.JsonAsset,2020ccf9-fea7-4c19-8c3e-de9009e01036,assets\sandcrush\import\20\2020ccf9-fea7-4c19-8c3e-de9009e01036.f4369.json
sandcrush,scripts/idea/pattern1,cc.JsonAsset,ac8e5394-a724-4e7c-b941-84e02a67244e,assets\sandcrush\import\ac\ac8e5394-a724-4e7c-b941-84e02a67244e.01d4d.json
sandcrush,scripts/idea/sled,cc.JsonAsset,8ff83c31-e715-4852-bf2c-52bd9b3b278f,assets\sandcrush\import\8f\8ff83c31-e715-4852-bf2c-52bd9b3b278f.08f28.json
sandcrush,scripts/idea/snowman,cc.JsonAsset,1116be46-8a6b-4946-a264-e092d6f4bdfd,assets\sandcrush\import\11\1116be46-8a6b-4946-a264-e092d6f4bdfd.99b69.json
sandcrush,scripts/idea/snowman2,cc.JsonAsset,2b910b2f-7494-435c-a0d7-c4c96eab5e0f,assets\sandcrush\import\2b\2b910b2f-7494-435c-a0d7-c4c96eab5e0f.e903f.json
sandcrush,scripts/idea/stocking2,cc.JsonAsset,84f0d5f7-efaa-4160-b1eb-f38beeda65c6,assets\sandcrush\import\84\84f0d5f7-efaa-4160-b1eb-f38beeda65c6.167f5.json
sandcrush,scripts/idea/year2025,cc.JsonAsset,ef42015b-6b25-4288-8c28-032b61bab3eb,assets\sandcrush\import\ef\ef42015b-6b25-4288-8c28-032b61bab3eb.628df.json
