落盘路径,扩展名,字节,来源
图片资源/brotato_icon.png,.png,10928,stex.webp 256x256
图片资源/entities/birth/entity_birth.png,.png,18480,stex.webp 256x256
图片资源/entities/structures/landmine/landmine.png,.png,2308,stex.webp 70x70
图片资源/entities/structures/landmine/landmine_pressed.png,.png,1718,stex.webp 70x70
图片资源/entities/structures/turret/flame/flame_turret.png,.png,3922,stex.webp 80x100
图片资源/entities/structures/turret/healing/healing_turret.png,.png,3432,stex.webp 80x100
图片资源/entities/structures/turret/laser/laser_turret.png,.png,3262,stex.webp 80x100
图片资源/entities/structures/turret/rocket/rocket_turret.png,.png,4250,stex.webp 80x100
图片资源/entities/structures/turret/turret.png,.png,4070,stex.webp 80x100
图片资源/entities/structures/turret/tyler/tyler.png,.png,5528,stex.webp 120x150
图片资源/entities/structures/turret/wandering_bot/wandering_bot.png,.png,4902,stex.webp 80x80
图片资源/entities/units/enemies/001/1.png,.png,6076,stex.webp 100x100
图片资源/entities/units/enemies/002/2.png,.png,6202,stex.webp 100x100
图片资源/entities/units/enemies/003/3.png,.png,8096,stex.webp 100x100
图片资源/entities/units/enemies/004/4.png,.png,8678,stex.webp 100x100
图片资源/entities/units/enemies/005/5.png,.png,10744,stex.webp 120x120
图片资源/entities/units/enemies/006/6.png,.png,11272,stex.webp 225x225
图片资源/entities/units/enemies/007/7.png,.png,8994,stex.webp 100x100
图片资源/entities/units/enemies/008/8.png,.png,8426,stex.webp 100x150
图片资源/entities/units/enemies/009/9.png,.png,7152,stex.webp 120x120
图片资源/entities/units/enemies/010/10.png,.png,22122,stex.webp 250x260
图片资源/entities/units/enemies/011/11.png,.png,27382,stex.webp 250x260
图片资源/entities/units/enemies/012/12.png,.png,7052,stex.webp 100x100
图片资源/entities/units/enemies/013/13.png,.png,8644,stex.webp 120x120
图片资源/entities/units/enemies/014/14.png,.png,8276,stex.webp 120x120
图片资源/entities/units/enemies/015/15.png,.png,7662,stex.webp 150x150
图片资源/entities/units/enemies/016/16.png,.png,15746,stex.webp 150x150
图片资源/entities/units/enemies/017/17.png,.png,6452,stex.webp 120x120
图片资源/entities/units/enemies/018/18.png,.png,16518,stex.webp 225x225
图片资源/entities/units/enemies/019/19.png,.png,9248,stex.webp 150x150
图片资源/entities/units/enemies/020/20.png,.png,18334,stex.webp 230x240
图片资源/entities/units/enemies/021/21.png,.png,20496,stex.webp 250x260
图片资源/entities/units/enemies/022/22.png,.png,20376,stex.webp 250x260
图片资源/entities/units/enemies/023/23.png,.png,6168,stex.webp 100x100
图片资源/entities/units/enemies/024/24.png,.png,20958,stex.webp 225x225
图片资源/entities/units/enemies/025/25.png,.png,8738,stex.webp 140x140
图片资源/entities/units/enemies/026/26.png,.png,8436,stex.webp 130x130
图片资源/entities/units/neutral/rock.png,.png,14424,stex.webp 150x150
图片资源/entities/units/neutral/tree.png,.png,22694,stex.webp 225x225
图片资源/entities/units/player/highlight.png,.png,784,stex.webp 100x100
图片资源/entities/units/player/legs.png,.png,682,stex.webp 100x50
图片资源/entities/units/player/potato.png,.png,1442,stex.webp 150x150
图片资源/icon.png,.png,1464,stex.webp 64x64
图片资源/items/all/acid/acid.png,.png,654,stex.webp 150x150
图片资源/items/all/acid/acid_icon.png,.png,5176,stex.webp 96x96
图片资源/items/all/adrenaline/adrenaline.png,.png,590,stex.webp 150x150
图片资源/items/all/adrenaline/adrenaline_icon.png,.png,5866,stex.webp 96x96
图片资源/items/all/alien_baby/alien_baby.png,.png,1654,stex.webp 150x150
图片资源/items/all/alien_baby/alien_baby_icon.png,.png,3332,stex.webp 96x96
图片资源/items/all/alien_eyes/alien_eye_projectile.png,.png,560,stex.webp 42x42
图片资源/items/all/alien_eyes/alien_eyes.png,.png,544,stex.webp 150x150
图片资源/items/all/alien_eyes/alien_eyes_icon.png,.png,3208,stex.webp 96x96
图片资源/items/all/alien_magic/alien_magic.png,.png,472,stex.webp 150x150
图片资源/items/all/alien_magic/alien_magic_icon.png,.png,5292,stex.webp 96x96
图片资源/items/all/alien_tongue/alien_tongue.png,.png,1462,stex.webp 150x150
图片资源/items/all/alien_tongue/alien_tongue_icon.png,.png,4732,stex.webp 96x96
图片资源/items/all/alien_worm/alien_worm.png,.png,734,stex.webp 150x150
图片资源/items/all/alien_worm/alien_worm_icon.png,.png,3356,stex.webp 96x96
图片资源/items/all/alloy/alloy.png,.png,1340,stex.webp 150x150
图片资源/items/all/alloy/alloy_icon.png,.png,2956,stex.webp 96x96
图片资源/items/all/anvil/anvil.png,.png,1410,stex.webp 150x150
图片资源/items/all/anvil/anvil_icon.png,.png,2704,stex.webp 96x96
图片资源/items/all/baby_elephant/baby_elephant.png,.png,472,stex.webp 150x150
图片资源/items/all/baby_elephant/baby_elephant_icon.png,.png,3812,stex.webp 96x96
图片资源/items/all/baby_gecko/baby_gecko.png,.png,856,stex.webp 150x150
图片资源/items/all/baby_gecko/baby_gecko_icon.png,.png,3310,stex.webp 96x96
图片资源/items/all/baby_with_a_beard/baby_with_a_beard.png,.png,2140,stex.webp 150x150
图片资源/items/all/baby_with_a_beard/baby_with_a_beard_icon.png,.png,4068,stex.webp 96x96
图片资源/items/all/bag/bag.png,.png,1344,stex.webp 150x150
图片资源/items/all/bag/bag_icon.png,.png,4708,stex.webp 96x96
图片资源/items/all/bait/bait_0.png,.png,682,stex.webp 150x150
图片资源/items/all/bait/bait_1.png,.png,644,stex.webp 150x150
图片资源/items/all/bait/bait_icon.png,.png,4178,stex.webp 96x96
图片资源/items/all/bandana/bandana.png,.png,1704,stex.webp 150x150
图片资源/items/all/bandana/bandana_icon.png,.png,4262,stex.webp 96x96
图片资源/items/all/banner/banner.png,.png,4536,stex.webp 150x150
图片资源/items/all/banner/banner_icon.png,.png,5494,stex.webp 96x96
图片资源/items/all/barricade/barricade.png,.png,1602,stex.webp 150x150
图片资源/items/all/barricade/barricade_icon.png,.png,3466,stex.webp 96x96
图片资源/items/all/bat/bat.png,.png,3526,stex.webp 150x150
图片资源/items/all/bat/bat_icon.png,.png,2974,stex.webp 96x96
图片资源/items/all/bean_teacher/bean_teacher.png,.png,1204,stex.webp 150x150
图片资源/items/all/bean_teacher/bean_teacher_icon.png,.png,5270,stex.webp 96x96
图片资源/items/all/beanie/beanie.png,.png,2006,stex.webp 150x150
图片资源/items/all/beanie/beanie_icon.png,.png,3504,stex.webp 96x96
图片资源/items/all/big_arms/big_arms.png,.png,964,stex.webp 150x150
图片资源/items/all/big_arms/big_arms_icon.png,.png,3646,stex.webp 96x96
图片资源/items/all/black_belt/black_belt.png,.png,876,stex.webp 150x150
图片资源/items/all/black_belt/black_belt_icon.png,.png,2506,stex.webp 96x96
图片资源/items/all/blindfold/blindfold.png,.png,944,stex.webp 150x150
图片资源/items/all/blindfold/blindfold_icon.png,.png,1692,stex.webp 96x96
图片资源/items/all/blood_donation/blood_donation.png,.png,958,stex.webp 150x150
图片资源/items/all/blood_donation/blood_donation_icon.png,.png,4604,stex.webp 96x96
图片资源/items/all/blood_leech/blood_leech.png,.png,740,stex.webp 150x150
图片资源/items/all/blood_leech/blood_leech_icon.png,.png,5040,stex.webp 96x96
图片资源/items/all/bloody_hand/bloody_hand.png,.png,2204,stex.webp 150x150
图片资源/items/all/bloody_hand/bloody_hand_icon.png,.png,4862,stex.webp 96x96
图片资源/items/all/boiling_water/boiling_water.png,.png,810,stex.webp 150x150
图片资源/items/all/boiling_water/boiling_water_icon.png,.png,5742,stex.webp 96x96
图片资源/items/all/book/book.png,.png,1024,stex.webp 150x150
图片资源/items/all/book/book_icon.png,.png,4260,stex.webp 96x96
图片资源/items/all/bowler_hat/bowler_hat.png,.png,1458,stex.webp 150x150
图片资源/items/all/bowler_hat/bowler_hat_icon.png,.png,2616,stex.webp 96x96
图片资源/items/all/boxing_glove/boxing_glove.png,.png,906,stex.webp 150x150
图片资源/items/all/boxing_glove/boxing_glove_icon.png,.png,2952,stex.webp 96x96
图片资源/items/all/broken_mouth/broken_mouth.png,.png,1014,stex.webp 150x150
图片资源/items/all/broken_mouth/broken_mouth_icon.png,.png,3082,stex.webp 96x96
图片资源/items/all/butterfly/butterfly.png,.png,4266,stex.webp 150x150
图片资源/items/all/butterfly/butterfly_icon.png,.png,5962,stex.webp 96x96
图片资源/items/all/cake/cake.png,.png,856,stex.webp 150x150
图片资源/items/all/cake/cake_icon.png,.png,4256,stex.webp 96x96
图片资源/items/all/campfire/campfire.png,.png,4582,stex.webp 150x150
图片资源/items/all/campfire/campfire_icon.png,.png,4628,stex.webp 96x96
图片资源/items/all/candle/candle.png,.png,854,stex.webp 150x150
图片资源/items/all/candle/candle_icon.png,.png,3298,stex.webp 96x96
图片资源/items/all/cape/cape.png,.png,2934,stex.webp 150x150
图片资源/items/all/cape/cape_icon.png,.png,5348,stex.webp 96x96
图片资源/items/all/chameleon/chameleon.png,.png,1148,stex.webp 150x150
图片资源/items/all/chameleon/chameleon_icon.png,.png,4602,stex.webp 96x96
图片资源/items/all/charcoal/charcoal.png,.png,692,stex.webp 150x150
图片资源/items/all/charcoal/charcoal_icon.png,.png,2202,stex.webp 96x96
图片资源/items/all/claw_tree/claw_tree.png,.png,848,stex.webp 150x150
图片资源/items/all/claw_tree/claw_tree_icon.png,.png,5024,stex.webp 96x96
图片资源/items/all/clover/clover.png,.png,1312,stex.webp 150x150
图片资源/items/all/clover/clover_icon.png,.png,5992,stex.webp 96x96
图片资源/items/all/coffee/coffee.png,.png,1112,stex.webp 150x150
图片资源/items/all/coffee/coffee_icon.png,.png,4142,stex.webp 96x96
图片资源/items/all/cog/cog.png,.png,790,stex.webp 150x150
图片资源/items/all/cog/cog_icon.png,.png,3750,stex.webp 96x96
图片资源/items/all/community_support/community_support.png,.png,2002,stex.webp 150x150
图片资源/items/all/community_support/community_support_icon.png,.png,3456,stex.webp 96x96
图片资源/items/all/compass/compass.png,.png,496,stex.webp 150x150
图片资源/items/all/compass/compass_icon.png,.png,5128,stex.webp 96x96
图片资源/items/all/coupon/coupon.png,.png,704,stex.webp 150x150
图片资源/items/all/coupon/coupon_icon.png,.png,5824,stex.webp 96x96
图片资源/items/all/crown/crown.png,.png,3658,stex.webp 150x150
图片资源/items/all/crown/crown_icon.png,.png,7378,stex.webp 96x96
图片资源/items/all/cute_monkey/cute_monkey.png,.png,902,stex.webp 150x150
图片资源/items/all/cute_monkey/cute_monkey_2.png,.png,856,stex.webp 150x150
图片资源/items/all/cute_monkey/cute_monkey_icon.png,.png,6024,stex.webp 96x96
图片资源/items/all/cyberball/cyberball.png,.png,2144,stex.webp 150x150
图片资源/items/all/cyberball/cyberball_icon.png,.png,6938,stex.webp 96x96
图片资源/items/all/cyclops_worm/cyclops_worm.png,.png,248,stex.webp 150x150
图片资源/items/all/cyclops_worm/cyclops_worm_icon.png,.png,4010,stex.webp 96x96
图片资源/items/all/dangerous_bunny/dangerous_bunny.png,.png,1410,stex.webp 150x150
图片资源/items/all/dangerous_bunny/dangerous_bunny_icon.png,.png,4306,stex.webp 96x96
图片资源/items/all/defective_steroids/defective_steroids.png,.png,1210,stex.webp 150x150
图片资源/items/all/defective_steroids/defective_steroids_icon.png,.png,5204,stex.webp 96x96
图片资源/items/all/diploma/diploma.png,.png,1318,stex.webp 150x150
图片资源/items/all/diploma/diploma_icon.png,.png,4246,stex.webp 96x96
图片资源/items/all/duct_tape/duct_tape.png,.png,274,stex.webp 150x150
图片资源/items/all/duct_tape/duct_tape_icon.png,.png,2390,stex.webp 96x96
图片资源/items/all/dynamite/dynamite.png,.png,1226,stex.webp 150x150
图片资源/items/all/dynamite/dynamite_icon.png,.png,4918,stex.webp 96x96
图片资源/items/all/energy_bracelet/energy_bracelet.png,.png,1036,stex.webp 150x150
图片资源/items/all/energy_bracelet/energy_bracelet_icon.png,.png,4688,stex.webp 96x96
图片资源/items/all/estys_couch/estys_couch.png,.png,5238,stex.webp 150x150
图片资源/items/all/estys_couch/estys_couch_icon.png,.png,6476,stex.webp 96x96
图片资源/items/all/exoskeleton/exoskeleton_1.png,.png,1098,stex.webp 150x150
图片资源/items/all/exoskeleton/exoskeleton_2.png,.png,892,stex.webp 150x150
图片资源/items/all/exoskeleton/exoskeleton_icon.png,.png,5616,stex.webp 96x96
图片资源/items/all/explosive_shells/explosive_shells_icon.png,.png,5706,stex.webp 96x96
图片资源/items/all/extra_stomach/extra_stomach.png,.png,824,stex.webp 150x150
图片资源/items/all/extra_stomach/extra_stomach_icon.png,.png,3566,stex.webp 96x96
图片资源/items/all/eyes_surgery/eye_surgery.png,.png,836,stex.webp 150x150
图片资源/items/all/eyes_surgery/eye_surgery_icon.png,.png,4372,stex.webp 96x96
图片资源/items/all/fertilizer/fertilizer.png,.png,806,stex.webp 150x150
图片资源/items/all/fertilizer/fertilizer_icon.png,.png,6456,stex.webp 96x96
图片资源/items/all/fin/fin.png,.png,1448,stex.webp 150x150
图片资源/items/all/fin/fin_icon.png,.png,3206,stex.webp 96x96
图片资源/items/all/focus/focus.png,.png,356,stex.webp 150x150
图片资源/items/all/focus/focus_icon.png,.png,7222,stex.webp 96x96
图片资源/items/all/fuel_tank/fuel_tank.png,.png,2546,stex.webp 150x150
图片资源/items/all/fuel_tank/fuel_tank_icon.png,.png,2836,stex.webp 96x96
图片资源/items/all/gambling_token/gambling_token.png,.png,628,stex.webp 150x150
图片资源/items/all/gambling_token/gambling_token_icon.png,.png,4094,stex.webp 96x96
图片资源/items/all/garden/garden_icon.png,.png,5592,stex.webp 96x96
图片资源/items/all/garden/garden_ingame.png,.png,5936,stex.webp 100x100
图片资源/items/all/gentle_alien/gentle_alien.png,.png,1920,stex.webp 150x150
图片资源/items/all/gentle_alien/gentle_alien_icon.png,.png,4990,stex.webp 96x96
图片资源/items/all/giant_belt/giant_belt.png,.png,2064,stex.webp 150x150
图片资源/items/all/giant_belt/giant_belt_icon.png,.png,6832,stex.webp 96x96
图片资源/items/all/glass_cannon/glass_cannon.png,.png,1018,stex.webp 150x150
图片资源/items/all/glass_cannon/glass_cannon_icon.png,.png,4300,stex.webp 96x96
图片资源/items/all/glasses/glasses.png,.png,716,stex.webp 150x150
图片资源/items/all/glasses/glasses_icon.png,.png,1656,stex.webp 96x96
图片资源/items/all/gnome/gnome.png,.png,2666,stex.webp 150x150
图片资源/items/all/gnome/gnome_icon.png,.png,5354,stex.webp 96x96
图片资源/items/all/goat_skull/goat_skull_a.png,.png,826,stex.webp 150x150
图片资源/items/all/goat_skull/goat_skull_b.png,.png,762,stex.webp 150x150
图片资源/items/all/goat_skull/goat_skull_icon.png,.png,3530,stex.webp 96x96
图片资源/items/all/grinds_magical_leaf/grinds_magical_leaf.png,.png,930,stex.webp 150x150
图片资源/items/all/grinds_magical_leaf/grinds_magical_leaf_icon.png,.png,7582,stex.webp 96x96
图片资源/items/all/gummy_berserker/gummy_berserker.png,.png,724,stex.webp 150x150
图片资源/items/all/gummy_berserker/gummy_berserker_icon.png,.png,6118,stex.webp 96x96
图片资源/items/all/handcuffs/handcuffs.png,.png,792,stex.webp 150x150
图片资源/items/all/handcuffs/handcuffs_icon.png,.png,3224,stex.webp 96x96
图片资源/items/all/head_injury/head_injury.png,.png,1528,stex.webp 150x150
图片资源/items/all/head_injury/head_injury_icon.png,.png,3622,stex.webp 96x96
图片资源/items/all/heavy_bullets/heavy_bullets_icon.png,.png,3638,stex.webp 96x96
图片资源/items/all/hedgehog/hedgehog.png,.png,3546,stex.webp 150x150
图片资源/items/all/hedgehog/hedgehog_icon.png,.png,6590,stex.webp 96x96
图片资源/items/all/helmet/helmet.png,.png,1816,stex.webp 150x150
图片资源/items/all/helmet/helmet_icon.png,.png,2944,stex.webp 96x96
图片资源/items/all/hunting_trophy/hunting_trophy_1.png,.png,1600,stex.webp 150x150
图片资源/items/all/hunting_trophy/hunting_trophy_2.png,.png,1612,stex.webp 150x150
图片资源/items/all/hunting_trophy/hunting_trophy_icon.png,.png,4988,stex.webp 96x96
图片资源/items/all/improved_tools/improved_tools.png,.png,1198,stex.webp 150x150
图片资源/items/all/improved_tools/improved_tools_icon.png,.png,4932,stex.webp 96x96
图片资源/items/all/injection/injection.png,.png,684,stex.webp 150x150
图片资源/items/all/injection/injection_icon.png,.png,3004,stex.webp 96x96
图片资源/items/all/insanity/insanity.png,.png,576,stex.webp 150x150
图片资源/items/all/insanity/insanity_icon.png,.png,2538,stex.webp 96x96
图片资源/items/all/jetpack/jetpack.png,.png,3936,stex.webp 150x150
图片资源/items/all/jetpack/jetpack_icon.png,.png,5628,stex.webp 96x96
图片资源/items/all/landmines/landmines_icon.png,.png,3238,stex.webp 96x96
图片资源/items/all/leather_vest/leather_vest.png,.png,1152,stex.webp 150x150
图片资源/items/all/leather_vest/leather_vest_icon.png,.png,4284,stex.webp 96x96
图片资源/items/all/lemonade/lemonade.png,.png,648,stex.webp 150x150
图片资源/items/all/lemonade/lemonade_icon.png,.png,4228,stex.webp 96x96
图片资源/items/all/lens/lens.png,.png,802,stex.webp 150x150
图片资源/items/all/lens/lens_icon.png,.png,2064,stex.webp 96x96
图片资源/items/all/little_frog/little_frog.png,.png,1020,stex.webp 150x150
图片资源/items/all/little_frog/little_frog_icon.png,.png,5224,stex.webp 96x96
图片资源/items/all/little_muscley_dude/little_muscley_dude.png,.png,1044,stex.webp 150x150
图片资源/items/all/little_muscley_dude/little_muscley_dude_icon.png,.png,4660,stex.webp 96x96
图片资源/items/all/lost_duck/lost_duck.png,.png,366,stex.webp 150x150
图片资源/items/all/lost_duck/lost_duck_icon.png,.png,4024,stex.webp 96x96
图片资源/items/all/lucky_charm/lucky_charm.png,.png,604,stex.webp 150x150
图片资源/items/all/lucky_charm/lucky_charm_icon.png,.png,2848,stex.webp 96x96
图片资源/items/all/lucky_coin/lucky_coin_icon.png,.png,7466,stex.webp 96x96
图片资源/items/all/lumberjack_shirt/lumberjack_shirt.png,.png,1524,stex.webp 150x150
图片资源/items/all/lumberjack_shirt/lumberjack_shirt_icon.png,.png,7300,stex.webp 96x96
图片资源/items/all/mammoth/mammoth.png,.png,1786,stex.webp 150x150
图片资源/items/all/mammoth/mammoth_icon.png,.png,4834,stex.webp 96x96
图片资源/items/all/mastery/mastery.png,.png,756,stex.webp 150x150
图片资源/items/all/mastery/mastery_icon.png,.png,4148,stex.webp 96x96
图片资源/items/all/medal/medal.png,.png,1282,stex.webp 150x150
图片资源/items/all/medal/medal_icon.png,.png,4432,stex.webp 96x96
图片资源/items/all/medikit/medikit.png,.png,980,stex.webp 150x150
图片资源/items/all/medikit/medikit_icon.png,.png,3826,stex.webp 96x96
图片资源/items/all/metal_detector/metal_detector.png,.png,1132,stex.webp 150x150
图片资源/items/all/metal_detector/metal_detector_icon.png,.png,2440,stex.webp 96x96
图片资源/items/all/metal_plate/metal_plate.png,.png,1578,stex.webp 150x150
图片资源/items/all/metal_plate/metal_plate_icon.png,.png,3550,stex.webp 96x96
图片资源/items/all/missile/missile.png,.png,1478,stex.webp 150x150
图片资源/items/all/missile/missile_icon.png,.png,2748,stex.webp 96x96
图片资源/items/all/mouse/mouse.png,.png,340,stex.webp 150x150
图片资源/items/all/mouse/mouse_icon.png,.png,3296,stex.webp 96x96
图片资源/items/all/mushroom/mushroom.png,.png,1144,stex.webp 150x150
图片资源/items/all/mushroom/mushroom_icon.png,.png,3410,stex.webp 96x96
图片资源/items/all/mutation/mutation.png,.png,498,stex.webp 150x150
图片资源/items/all/mutation/mutation_icon.png,.png,2398,stex.webp 96x96
图片资源/items/all/night_goggles/night_goggles.png,.png,876,stex.webp 150x150
图片资源/items/all/night_goggles/night_goggles_icon.png,.png,4066,stex.webp 96x96
图片资源/items/all/octopus/octopus.png,.png,880,stex.webp 150x150
图片资源/items/all/octopus/octopus_icon.png,.png,6216,stex.webp 96x96
图片资源/items/all/padding/padding.png,.png,2238,stex.webp 150x150
图片资源/items/all/padding/padding_icon.png,.png,10400,stex.webp 96x96
图片资源/items/all/panda/panda.png,.png,388,stex.webp 150x150
图片资源/items/all/panda/panda_icon.png,.png,2850,stex.webp 96x96
图片资源/items/all/peaceful_bee/peaceful_bee.png,.png,1742,stex.webp 150x150
图片资源/items/all/peaceful_bee/peaceful_bee_icon.png,.png,5144,stex.webp 96x96
图片资源/items/all/peacock/peacock.png,.png,8018,stex.webp 150x150
图片资源/items/all/peacock/peacock_icon.png,.png,9002,stex.webp 96x96
图片资源/items/all/pencil/pencil.png,.png,648,stex.webp 150x150
图片资源/items/all/pencil/pencil_icon.png,.png,4716,stex.webp 96x96
图片资源/items/all/piggy_bank/piggy_bank.png,.png,574,stex.webp 150x150
图片资源/items/all/piggy_bank/piggy_bank_icon.png,.png,6360,stex.webp 96x96
图片资源/items/all/plant/plant.png,.png,1738,stex.webp 150x150
图片资源/items/all/plant/plant_icon.png,.png,3072,stex.webp 96x96
图片资源/items/all/plastic_explosive/plastic_explosive.png,.png,3922,stex.webp 150x150
图片资源/items/all/plastic_explosive/plastic_explosive_icon.png,.png,4804,stex.webp 96x96
图片资源/items/all/poisonous_tonic/poisonous_tonic.png,.png,626,stex.webp 150x150
图片资源/items/all/poisonous_tonic/poisonous_tonic_icon.png,.png,4682,stex.webp 96x96
图片资源/items/all/potato/potato.png,.png,3674,stex.webp 150x150
图片资源/items/all/potato/potato_icon.png,.png,3200,stex.webp 96x96
图片资源/items/all/potion/potion.png,.png,698,stex.webp 150x150
图片资源/items/all/potion/potion_icon.png,.png,4756,stex.webp 96x96
图片资源/items/all/power_generator/power_generator.png,.png,2100,stex.webp 150x150
图片资源/items/all/power_generator/power_generator_icon.png,.png,7264,stex.webp 96x96
图片资源/items/all/propeller_hat/propeller_hat.png,.png,3618,stex.webp 150x150
图片资源/items/all/propeller_hat/propeller_hat_icon.png,.png,4700,stex.webp 96x96
图片资源/items/all/pumpkin/pumpkin.png,.png,304,stex.webp 150x150
图片资源/items/all/pumpkin/pumpkin_icon.png,.png,4886,stex.webp 96x96
图片资源/items/all/recycling_machine/recycling_machine.png,.png,786,stex.webp 150x150
图片资源/items/all/recycling_machine/recycling_machine_icon.png,.png,5658,stex.webp 96x96
图片资源/items/all/retromations_hoodie/retromations_hoodie.png,.png,2038,stex.webp 150x150
图片资源/items/all/retromations_hoodie/retromations_hoodie_icon.png,.png,5288,stex.webp 96x96
图片资源/items/all/ricochet/ricochet_icon.png,.png,3754,stex.webp 96x96
图片资源/items/all/rip_and_tear/rip_and_tear.png,.png,1176,stex.webp 150x150
图片资源/items/all/rip_and_tear/rip_and_tear_icon.png,.png,4160,stex.webp 96x96
图片资源/items/all/riposte/riposte_icon.png,.png,3516,stex.webp 96x96
图片资源/items/all/ritual/ritual.png,.png,630,stex.webp 150x150
图片资源/items/all/ritual/ritual_icon.png,.png,4220,stex.webp 96x96
图片资源/items/all/robot_arm/robot_arm.png,.png,1046,stex.webp 150x150
图片资源/items/all/robot_arm/robot_arm_icon.png,.png,2924,stex.webp 96x96
图片资源/items/all/sad_tomato/sad_tomato.png,.png,342,stex.webp 150x150
图片资源/items/all/sad_tomato/sad_tomato_icon.png,.png,5372,stex.webp 96x96
图片资源/items/all/scar/scar.png,.png,206,stex.webp 150x150
图片资源/items/all/scar/scar_icon.png,.png,3116,stex.webp 96x96
图片资源/items/all/scared_sausage/scared_sausage.png,.png,628,stex.webp 150x150
图片资源/items/all/scared_sausage/scared_sausage_icon.png,.png,6798,stex.webp 96x96
图片资源/items/all/scope/scope.png,.png,1850,stex.webp 150x150
图片资源/items/all/scope/scope_icon.png,.png,3452,stex.webp 96x96
图片资源/items/all/shady_potion/shady_potion.png,.png,496,stex.webp 150x150
图片资源/items/all/shady_potion/shady_potion_icon.png,.png,5096,stex.webp 96x96
图片资源/items/all/shmoop/shmoop.png,.png,1960,stex.webp 150x150
图片资源/items/all/shmoop/shmoop_icon.png,.png,3342,stex.webp 96x96
图片资源/items/all/sifds_relic/sifds_relic.png,.png,1342,stex.webp 150x150
图片资源/items/all/sifds_relic/sifds_relic_icon.png,.png,6828,stex.webp 96x96
图片资源/items/all/silver_bullet/silver_bullet_icon.png,.png,2628,stex.webp 96x96
图片资源/items/all/small_magazine/small_magazine_icon.png,.png,3264,stex.webp 96x96
图片资源/items/all/snail/snail.png,.png,3256,stex.webp 150x150
图片资源/items/all/snail/snail_icon.png,.png,7320,stex.webp 96x96
图片资源/items/all/snake/snake.png,.png,700,stex.webp 150x150
图片资源/items/all/snake/snake_icon.png,.png,5314,stex.webp 96x96
图片资源/items/all/spicy_sauce/spicy_sauce.png,.png,1852,stex.webp 150x150
图片资源/items/all/spicy_sauce/spicy_sauce_icon.png,.png,4510,stex.webp 96x96
图片资源/items/all/spider/spider.png,.png,468,stex.webp 150x150
图片资源/items/all/spider/spider_icon.png,.png,4816,stex.webp 96x96
图片资源/items/all/statue/statue.png,.png,560,stex.webp 150x150
图片资源/items/all/statue/statue_icon.png,.png,3180,stex.webp 96x96
图片资源/items/all/strange_book/strange_book.png,.png,692,stex.webp 150x150
图片资源/items/all/strange_book/strange_book_icon.png,.png,5408,stex.webp 96x96
图片资源/items/all/sunglasses/sunglasses.png,.png,460,stex.webp 150x150
图片资源/items/all/sunglasses/sunglasses_icon.png,.png,790,stex.webp 96x96
图片资源/items/all/tardigrade/tardigrade.png,.png,772,stex.webp 150x150
图片资源/items/all/tardigrade/tardigrade_icon.png,.png,5074,stex.webp 96x96
图片资源/items/all/tentacle/tentacle.png,.png,1242,stex.webp 150x150
图片资源/items/all/tentacle/tentacle_icon.png,.png,5578,stex.webp 96x96
图片资源/items/all/terrified_onion/terrified_onion.png,.png,704,stex.webp 150x150
图片资源/items/all/terrified_onion/terrified_onion_icon.png,.png,7976,stex.webp 96x96
图片资源/items/all/toolbox/toolbox.png,.png,1992,stex.webp 150x150
图片资源/items/all/toolbox/toolbox_icon.png,.png,3830,stex.webp 96x96
图片资源/items/all/torture/torture_a.png,.png,688,stex.webp 150x150
图片资源/items/all/torture/torture_b.png,.png,308,stex.webp 150x150
图片资源/items/all/torture/torture_icon.png,.png,4782,stex.webp 96x96
图片资源/items/all/toxic_sludge/toxic_sludge.png,.png,1150,stex.webp 150x150
图片资源/items/all/toxic_sludge/toxic_sludge_icon.png,.png,3238,stex.webp 96x96
图片资源/items/all/tractor/tractor.png,.png,1126,stex.webp 150x150
图片资源/items/all/tractor/tractor_icon.png,.png,6210,stex.webp 96x96
图片资源/items/all/tree/tree.png,.png,3058,stex.webp 150x150
图片资源/items/all/tree/tree_icon.png,.png,4342,stex.webp 96x96
图片资源/items/all/triangle_of_power/triangle_of_power.png,.png,644,stex.webp 150x150
图片资源/items/all/triangle_of_power/triangle_of_power_icon.png,.png,4740,stex.webp 96x96
图片资源/items/all/turret/turret_icon.png,.png,3976,stex.webp 96x96
图片资源/items/all/turret_flame/turret_flame_icon.png,.png,3886,stex.webp 96x96
图片资源/items/all/turret_healing/turret_healing_icon.png,.png,3296,stex.webp 96x96
图片资源/items/all/turret_laser/turret_laser_icon.png,.png,3088,stex.webp 96x96
图片资源/items/all/turret_rocket/turret_rocket_icon.png,.png,4220,stex.webp 96x96
图片资源/items/all/tyler/tyler_icon.png,.png,4250,stex.webp 96x96
图片资源/items/all/ugly_tooth/ugly_tooth.png,.png,292,stex.webp 150x150
图片资源/items/all/ugly_tooth/ugly_tooth_icon.png,.png,5168,stex.webp 96x96
图片资源/items/all/vigilante_ring/vigilante_ring.png,.png,1092,stex.webp 150x150
图片资源/items/all/vigilante_ring/vigilante_ring_icon.png,.png,4956,stex.webp 96x96
图片资源/items/all/wandering_bot/wandering_bot_icon.png,.png,6068,stex.webp 96x96
图片资源/items/all/warrior_helmet/warrior_helmet.png,.png,1626,stex.webp 150x150
图片资源/items/all/warrior_helmet/warrior_helmet_icon.png,.png,3120,stex.webp 96x96
图片资源/items/all/weird_food/weird_food.png,.png,358,stex.webp 150x150
图片资源/items/all/weird_food/weird_food_icon.png,.png,3620,stex.webp 96x96
图片资源/items/all/weird_ghost/weird_ghost.png,.png,662,stex.webp 150x150
图片资源/items/all/weird_ghost/weird_ghost_icon.png,.png,4846,stex.webp 96x96
图片资源/items/all/wheat/wheat_icon.png,.png,5952,stex.webp 96x96
图片资源/items/all/wheelbarrow/wheelbarrow.png,.png,3720,stex.webp 150x150
图片资源/items/all/wheelbarrow/wheelbarrow_icon.png,.png,4936,stex.webp 96x96
图片资源/items/all/whetstone/whetstone_icon.png,.png,3440,stex.webp 96x96
图片资源/items/all/white_flag/white_flag.png,.png,1294,stex.webp 150x150
图片资源/items/all/white_flag/white_flag_icon.png,.png,2932,stex.webp 96x96
图片资源/items/all/wings/wings.png,.png,2948,stex.webp 150x150
图片资源/items/all/wings/wings_1.png,.png,1528,stex.webp 150x150
图片资源/items/all/wings/wings_2.png,.png,1536,stex.webp 150x150
图片资源/items/all/wings/wings_icon.png,.png,3354,stex.webp 96x96
图片资源/items/all/wisdom/wisdom.png,.png,1226,stex.webp 150x150
图片资源/items/all/wisdom/wisdom_icon.png,.png,2870,stex.webp 96x96
图片资源/items/all/wolf_helmet/wolf_helmet.png,.png,3508,stex.webp 150x150
图片资源/items/all/wolf_helmet/wolf_helmet_icon.png,.png,4768,stex.webp 96x96
图片资源/items/characters/arms_dealer/arms_dealer_eyes.png,.png,836,stex.webp 150x150
图片资源/items/characters/arms_dealer/arms_dealer_icon.png,.png,3396,stex.webp 96x96
图片资源/items/characters/arms_dealer/arms_dealer_mouth.png,.png,608,stex.webp 150x150
图片资源/items/characters/artificer/artificer_eyes.png,.png,674,stex.webp 150x150
图片资源/items/characters/artificer/artificer_icon.png,.png,3830,stex.webp 96x96
图片资源/items/characters/artificer/artificer_mouth.png,.png,938,stex.webp 150x150
图片资源/items/characters/brawler/brawler_eyes.png,.png,1008,stex.webp 150x150
图片资源/items/characters/brawler/brawler_icon.png,.png,3424,stex.webp 96x96
图片资源/items/characters/brawler/brawler_mouth.png,.png,218,stex.webp 150x150
图片资源/items/characters/bull/bull_eyes.png,.png,2140,stex.webp 150x150
图片资源/items/characters/bull/bull_icon.png,.png,5048,stex.webp 96x96
图片资源/items/characters/bull/bull_mouth.png,.png,538,stex.webp 150x150
图片资源/items/characters/chunky/chunky_eyes.png,.png,458,stex.webp 150x150
图片资源/items/characters/chunky/chunky_icon.png,.png,2282,stex.webp 96x96
图片资源/items/characters/chunky/chunky_mouth.png,.png,218,stex.webp 150x150
图片资源/items/characters/crazy/crazy_eyes.png,.png,520,stex.webp 150x150
图片资源/items/characters/crazy/crazy_icon.png,.png,2300,stex.webp 96x96
图片资源/items/characters/crazy/crazy_mouth.png,.png,110,stex.webp 150x150
图片资源/items/characters/cyborg/cyborg_eyes.png,.png,2484,stex.webp 150x150
图片资源/items/characters/cyborg/cyborg_icon.png,.png,5304,stex.webp 96x96
图片资源/items/characters/cyborg/cyborg_mouth.png,.png,1174,stex.webp 150x150
图片资源/items/characters/cyborg/cyborg_skin.png,.png,1394,stex.webp 150x150
图片资源/items/characters/demon/demon_ear_back.png,.png,356,stex.webp 150x150
图片资源/items/characters/demon/demon_ear_front.png,.png,330,stex.webp 150x150
图片资源/items/characters/demon/demon_eyes.png,.png,1900,stex.webp 150x150
图片资源/items/characters/demon/demon_icon.png,.png,5114,stex.webp 96x96
图片资源/items/characters/demon/demon_mouth.png,.png,488,stex.webp 150x150
图片资源/items/characters/demon/demon_tail.png,.png,550,stex.webp 150x150
图片资源/items/characters/doctor/doctor_eyes.png,.png,848,stex.webp 150x150
图片资源/items/characters/doctor/doctor_icon.png,.png,4414,stex.webp 96x96
图片资源/items/characters/doctor/doctor_mouth.png,.png,2284,stex.webp 150x150
图片资源/items/characters/engineer/engineer_eyes.png,.png,196,stex.webp 150x150
图片资源/items/characters/engineer/engineer_icon.png,.png,2972,stex.webp 96x96
图片资源/items/characters/engineer/engineer_mouth.png,.png,1508,stex.webp 150x150
图片资源/items/characters/entrepreneur/entrepreneur_eyes.png,.png,302,stex.webp 150x150
图片资源/items/characters/entrepreneur/entrepreneur_icon.png,.png,3744,stex.webp 96x96
图片资源/items/characters/entrepreneur/entrepreneur_mouth.png,.png,118,stex.webp 150x150
图片资源/items/characters/entrepreneur/entrepreneur_suit.png,.png,1810,stex.webp 150x150
图片资源/items/characters/explorer/explorer_eyes.png,.png,590,stex.webp 150x150
图片资源/items/characters/explorer/explorer_hair.png,.png,3358,stex.webp 150x150
图片资源/items/characters/explorer/explorer_icon.png,.png,7194,stex.webp 96x96
图片资源/items/characters/explorer/explorer_mouth.png,.png,1846,stex.webp 150x150
图片资源/items/characters/farmer/farmer_eyes.png,.png,500,stex.webp 150x150
图片资源/items/characters/farmer/farmer_icon.png,.png,3418,stex.webp 96x96
图片资源/items/characters/farmer/farmer_mouth.png,.png,858,stex.webp 150x150
图片资源/items/characters/farmer/farmer_nose.png,.png,228,stex.webp 150x150
图片资源/items/characters/generalist/generalist_eyes.png,.png,1006,stex.webp 150x150
图片资源/items/characters/generalist/generalist_icon.png,.png,3834,stex.webp 96x96
图片资源/items/characters/generalist/generalist_mouth.png,.png,722,stex.webp 150x150
图片资源/items/characters/ghost/ghost_eyes.png,.png,548,stex.webp 150x150
图片资源/items/characters/ghost/ghost_icon.png,.png,2796,stex.webp 96x96
图片资源/items/characters/ghost/ghost_mouth.png,.png,392,stex.webp 150x150
图片资源/items/characters/gladiator/gladiator_eyes.png,.png,824,stex.webp 150x150
图片资源/items/characters/gladiator/gladiator_helmet.png,.png,4118,stex.webp 150x150
图片资源/items/characters/gladiator/gladiator_icon.png,.png,3234,stex.webp 96x96
图片资源/items/characters/gladiator/gladiator_mouth.png,.png,430,stex.webp 150x150
图片资源/items/characters/glutton/glutton_eyes.png,.png,384,stex.webp 150x150
图片资源/items/characters/glutton/glutton_icon.png,.png,3142,stex.webp 96x96
图片资源/items/characters/glutton/glutton_mouth.png,.png,802,stex.webp 150x150
图片资源/items/characters/hunter/hunter_eyes.png,.png,896,stex.webp 150x150
图片资源/items/characters/hunter/hunter_hat.png,.png,1544,stex.webp 150x150
图片资源/items/characters/hunter/hunter_icon.png,.png,5488,stex.webp 96x96
图片资源/items/characters/hunter/hunter_mouth.png,.png,1542,stex.webp 150x150
图片资源/items/characters/jack/jack_eyes.png,.png,364,stex.webp 150x150
图片资源/items/characters/jack/jack_icon.png,.png,2398,stex.webp 96x96
图片资源/items/characters/jack/jack_mouth.png,.png,212,stex.webp 150x150
图片资源/items/characters/jack/jack_nose.png,.png,200,stex.webp 150x150
图片资源/items/characters/knight/knight_eyes.png,.png,378,stex.webp 150x150
图片资源/items/characters/knight/knight_helmet.png,.png,2376,stex.webp 150x150
图片资源/items/characters/knight/knight_icon.png,.png,3210,stex.webp 96x96
图片资源/items/characters/knight/knight_mouth.png,.png,706,stex.webp 150x150
图片资源/items/characters/lich/lich_diadem.png,.png,1248,stex.webp 150x150
图片资源/items/characters/lich/lich_eyes.png,.png,542,stex.webp 150x150
图片资源/items/characters/lich/lich_icon.png,.png,4966,stex.webp 96x96
图片资源/items/characters/lich/lich_mouth.png,.png,1078,stex.webp 150x150
图片资源/items/characters/loud/loud_eyes.png,.png,266,stex.webp 150x150
图片资源/items/characters/loud/loud_icon.png,.png,3734,stex.webp 96x96
图片资源/items/characters/loud/loud_mouth.png,.png,1410,stex.webp 150x150
图片资源/items/characters/lucky/lucky_eyes.png,.png,372,stex.webp 150x150
图片资源/items/characters/lucky/lucky_icon.png,.png,2386,stex.webp 96x96
图片资源/items/characters/lucky/lucky_mouth.png,.png,410,stex.webp 150x150
图片资源/items/characters/mage/mage_eyes.png,.png,662,stex.webp 150x150
图片资源/items/characters/mage/mage_icon.png,.png,3430,stex.webp 96x96
图片资源/items/characters/mage/mage_mouth.png,.png,1364,stex.webp 150x150
图片资源/items/characters/masochist/masochist_eyes.png,.png,502,stex.webp 150x150
图片资源/items/characters/masochist/masochist_icon.png,.png,2866,stex.webp 96x96
图片资源/items/characters/masochist/masochist_mouth.png,.png,428,stex.webp 150x150
图片资源/items/characters/multitasker/multitasker_eyes.png,.png,438,stex.webp 150x150
图片资源/items/characters/multitasker/multitasker_icon.png,.png,2498,stex.webp 96x96
图片资源/items/characters/multitasker/multitasker_mouth.png,.png,404,stex.webp 150x150
图片资源/items/characters/mutant/mutant_eyes.png,.png,826,stex.webp 150x150
图片资源/items/characters/mutant/mutant_icon.png,.png,3830,stex.webp 96x96
图片资源/items/characters/mutant/mutant_mouth.png,.png,1036,stex.webp 150x150
图片资源/items/characters/old/old_eyes.png,.png,466,stex.webp 150x150
图片资源/items/characters/old/old_icon.png,.png,2526,stex.webp 96x96
图片资源/items/characters/old/old_mouth.png,.png,262,stex.webp 150x150
图片资源/items/characters/one_arm/one_arm_eyes.png,.png,326,stex.webp 150x150
图片资源/items/characters/one_arm/one_arm_icon.png,.png,2124,stex.webp 96x96
图片资源/items/characters/one_arm/one_arm_mouth.png,.png,248,stex.webp 150x150
图片资源/items/characters/pacifist/pacifist_eyes.png,.png,796,stex.webp 150x150
图片资源/items/characters/pacifist/pacifist_icon.png,.png,3208,stex.webp 96x96
图片资源/items/characters/pacifist/pacifist_mouth.png,.png,238,stex.webp 150x150
图片资源/items/characters/ranger/ranger_eyes.png,.png,1328,stex.webp 150x150
图片资源/items/characters/ranger/ranger_icon.png,.png,3584,stex.webp 96x96
图片资源/items/characters/ranger/ranger_mouth.png,.png,364,stex.webp 150x150
图片资源/items/characters/saver/saver_eyes.png,.png,412,stex.webp 150x150
图片资源/items/characters/saver/saver_icon.png,.png,2202,stex.webp 96x96
图片资源/items/characters/saver/saver_mouth.png,.png,208,stex.webp 150x150
图片资源/items/characters/sick/sick_eyes.png,.png,628,stex.webp 150x150
图片资源/items/characters/sick/sick_icon.png,.png,3408,stex.webp 96x96
图片资源/items/characters/sick/sick_mouth.png,.png,844,stex.webp 150x150
图片资源/items/characters/soldier/soldier_eyes.png,.png,736,stex.webp 150x150
图片资源/items/characters/soldier/soldier_icon.png,.png,2380,stex.webp 96x96
图片资源/items/characters/soldier/soldier_mouth.png,.png,144,stex.webp 150x150
图片资源/items/characters/speedy/speedy_eyes.png,.png,1246,stex.webp 150x150
图片资源/items/characters/speedy/speedy_icon.png,.png,3356,stex.webp 96x96
图片资源/items/characters/speedy/speedy_mouth.png,.png,176,stex.webp 150x150
图片资源/items/characters/streamer/streamer_eyes.png,.png,1072,stex.webp 150x150
图片资源/items/characters/streamer/streamer_gamepad.png,.png,1644,stex.webp 150x150
图片资源/items/characters/streamer/streamer_icon.png,.png,4812,stex.webp 96x96
图片资源/items/characters/well_rounded/well_rounded_eyes.png,.png,392,stex.webp 150x150
图片资源/items/characters/well_rounded/well_rounded_icon.png,.png,2252,stex.webp 96x96
图片资源/items/characters/well_rounded/well_rounded_mouth.png,.png,212,stex.webp 150x150
图片资源/items/characters/wildling/wildling_eyes.png,.png,416,stex.webp 150x150
图片资源/items/characters/wildling/wildling_icon.png,.png,2250,stex.webp 96x96
图片资源/items/characters/wildling/wildling_mouth.png,.png,180,stex.webp 150x150
图片资源/items/consumables/fruit/fruit.png,.png,5618,stex.webp 80x80
图片资源/items/consumables/item_box/item_box.png,.png,7006,stex.webp 100x100
图片资源/items/consumables/legendary_item_box/legendary_item_box.png,.png,5482,stex.webp 96x96
图片资源/items/global/info.png,.png,3858,stex.webp 96x96
图片资源/items/global/locked_icon.png,.png,2444,stex.webp 96x96
图片资源/items/global/random_icon.png,.png,3094,stex.webp 96x96
图片资源/items/materials/harvesting_icon.png,.png,3456,stex.webp 96x96
图片资源/items/materials/material_0000.png,.png,2708,stex.webp 72x72
图片资源/items/materials/material_0001.png,.png,2378,stex.webp 72x72
图片资源/items/materials/material_0002.png,.png,2438,stex.webp 72x72
图片资源/items/materials/material_0003.png,.png,2480,stex.webp 72x72
图片资源/items/materials/material_0004.png,.png,2380,stex.webp 72x72
图片资源/items/materials/material_0005.png,.png,2546,stex.webp 72x72
图片资源/items/materials/material_0006.png,.png,2510,stex.webp 72x72
图片资源/items/materials/material_0007.png,.png,2470,stex.webp 72x72
图片资源/items/materials/material_0008.png,.png,2492,stex.webp 72x72
图片资源/items/materials/material_0009.png,.png,2382,stex.webp 72x72
图片资源/items/materials/material_0010.png,.png,2724,stex.webp 72x72
图片资源/items/materials/material_bag.png,.png,3904,stex.webp 64x64
图片资源/items/materials/material_bag_icon.png,.png,6496,stex.webp 96x96
图片资源/items/materials/material_ui.png,.png,1444,stex.webp 64x64
图片资源/items/stats/armor.png,.png,5666,stex.webp 96x96
图片资源/items/stats/attack_speed.png,.png,3060,stex.webp 96x96
图片资源/items/stats/crit_chance.png,.png,6438,stex.webp 96x96
图片资源/items/stats/dodge.png,.png,6594,stex.webp 96x96
图片资源/items/stats/elemental_damage.png,.png,5404,stex.webp 96x96
图片资源/items/stats/engineering.png,.png,6518,stex.webp 96x96
图片资源/items/stats/harvesting.png,.png,6360,stex.webp 96x96
图片资源/items/stats/hp_regeneration.png,.png,4138,stex.webp 96x96
图片资源/items/stats/lifesteal.png,.png,6842,stex.webp 96x96
图片资源/items/stats/luck.png,.png,2832,stex.webp 96x96
图片资源/items/stats/max_hp.png,.png,5678,stex.webp 96x96
图片资源/items/stats/melee_damage.png,.png,4244,stex.webp 96x96
图片资源/items/stats/percent_damage.png,.png,7132,stex.webp 96x96
图片资源/items/stats/range.png,.png,5500,stex.webp 96x96
图片资源/items/stats/ranged_damage.png,.png,6958,stex.webp 96x96
图片资源/items/stats/speed.png,.png,3100,stex.webp 96x96
图片资源/items/upgrades/accuracy/accuracy.png,.png,3014,stex.webp 96x96
图片资源/items/upgrades/armor/flat_dmg_reduction.png,.png,4292,stex.webp 96x96
图片资源/items/upgrades/attack_speed/attack_speed.png,.png,3406,stex.webp 96x96
图片资源/items/upgrades/crit_chance/crit_chance.png,.png,3968,stex.webp 96x96
图片资源/items/upgrades/crit_damage/crit_dmg.png,.png,3084,stex.webp 96x96
图片资源/items/upgrades/damage/flat_dmg.png,.png,3002,stex.webp 96x96
图片资源/items/upgrades/dodge/dodge.png,.png,4616,stex.webp 96x96
图片资源/items/upgrades/elemental_damage/elemental_dmg.png,.png,2466,stex.webp 96x96
图片资源/items/upgrades/engineering/engineering.png,.png,3810,stex.webp 96x96
图片资源/items/upgrades/harvesting/harvesting.png,.png,4680,stex.webp 96x96
图片资源/items/upgrades/health/health.png,.png,4814,stex.webp 96x96
图片资源/items/upgrades/health_regeneration/health_regen.png,.png,5380,stex.webp 96x96
图片资源/items/upgrades/lifesteal/lifesteal.png,.png,5526,stex.webp 96x96
图片资源/items/upgrades/luck/consumable_drop_chance.png,.png,3130,stex.webp 96x96
图片资源/items/upgrades/melee_damage/melee_dmg.png,.png,3336,stex.webp 96x96
图片资源/items/upgrades/percent_damage/percent_dmg.png,.png,3382,stex.webp 96x96
图片资源/items/upgrades/range/range.png,.png,3462,stex.webp 96x96
图片资源/items/upgrades/ranged_damage/ranged_dmg.png,.png,3532,stex.webp 96x96
图片资源/items/upgrades/speed/speed.png,.png,3812,stex.webp 96x96
图片资源/items/upgrades/upgrade_icon.png,.png,3414,stex.webp 80x80
图片资源/items/upgrades/weapon_slot/weapon_slot.png,.png,4180,stex.webp 96x96
图片资源/joystick/textures/joystick_base_outline.png,.png,2576,stex.webp 200x200
图片资源/joystick/textures/joystick_tip.png,.png,718,stex.webp 100x100
图片资源/joystick/textures/joystick_tip_arrows.png,.png,1084,stex.webp 100x100
图片资源/particles/sprites/particle_1.png,.png,1444,stex.webp 64x64
图片资源/particles/sprites/particle_10.png,.png,1424,stex.webp 64x64
图片资源/particles/sprites/particle_11.png,.png,1630,stex.webp 64x64
图片资源/particles/sprites/particle_12.png,.png,1090,stex.webp 64x64
图片资源/particles/sprites/particle_13.png,.png,1148,stex.webp 64x64
图片资源/particles/sprites/particle_14.png,.png,890,stex.webp 64x64
图片资源/particles/sprites/particle_15.png,.png,1322,stex.webp 64x64
图片资源/particles/sprites/particle_16.png,.png,1784,stex.webp 64x64
图片资源/particles/sprites/particle_17.png,.png,1632,stex.webp 64x64
图片资源/particles/sprites/particle_18.png,.png,1700,stex.webp 64x64
图片资源/particles/sprites/particle_19.png,.png,1710,stex.webp 64x64
图片资源/particles/sprites/particle_2.png,.png,1474,stex.webp 64x64
图片资源/particles/sprites/particle_20.png,.png,1558,stex.webp 64x64
图片资源/particles/sprites/particle_21.png,.png,1652,stex.webp 64x64
图片资源/particles/sprites/particle_22.png,.png,1476,stex.webp 64x64
图片资源/particles/sprites/particle_23.png,.png,1350,stex.webp 64x64
图片资源/particles/sprites/particle_24.png,.png,1166,stex.webp 64x64
图片资源/particles/sprites/particle_25.png,.png,1262,stex.webp 64x64
图片资源/particles/sprites/particle_26.png,.png,1144,stex.webp 64x64
图片资源/particles/sprites/particle_27.png,.png,1366,stex.webp 64x64
图片资源/particles/sprites/particle_3.png,.png,1552,stex.webp 64x64
图片资源/particles/sprites/particle_4.png,.png,1462,stex.webp 64x64
图片资源/particles/sprites/particle_5.png,.png,1338,stex.webp 64x64
图片资源/particles/sprites/particle_6.png,.png,1514,stex.webp 64x64
图片资源/particles/sprites/particle_7.png,.png,1576,stex.webp 64x64
图片资源/particles/sprites/particle_8.png,.png,1512,stex.webp 64x64
图片资源/particles/sprites/particle_9.png,.png,1526,stex.webp 64x64
图片资源/previews/gitpreview.png,.png,27584,stex.webp 1280x640
图片资源/previews/icon.png,.png,15924,stex.webp 340x340
图片资源/previews/preview1.png,.png,21614,stex.webp 1281x791
图片资源/previews/preview2.png,.png,14938,stex.webp 315x450
图片资源/previews/preview3.png,.png,52660,stex.webp 917x505
图片资源/projectiles/blue_flames/sprites/bullet_flame_0000.png,.png,1966,stex.webp 150x150
图片资源/projectiles/blue_flames/sprites/bullet_flame_0001.png,.png,3358,stex.webp 150x150
图片资源/projectiles/blue_flames/sprites/bullet_flame_0002.png,.png,5162,stex.webp 150x150
图片资源/projectiles/blue_flames/sprites/bullet_flame_0003.png,.png,5868,stex.webp 150x150
图片资源/projectiles/blue_flames/sprites/bullet_flame_0004.png,.png,7040,stex.webp 150x150
图片资源/projectiles/blue_flames/sprites/bullet_flame_0005.png,.png,8822,stex.webp 150x150
图片资源/projectiles/blue_flames/sprites/bullet_flame_0006.png,.png,8628,stex.webp 150x150
图片资源/projectiles/blue_flames/sprites/bullet_flame_0007.png,.png,6248,stex.webp 150x150
图片资源/projectiles/bullet/frame0000.png,.png,7274,stex.webp 120x120
图片资源/projectiles/bullet/frame0001.png,.png,3636,stex.webp 120x120
图片资源/projectiles/bullet_enemy/bullet_enemy.png,.png,2374,stex.webp 80x80
图片资源/projectiles/bullet_enemy/bullet_enemy_long.png,.png,3608,stex.webp 120x120
图片资源/projectiles/bullet_ghost_scepter/bullet_scepter_0000.png,.png,7084,stex.webp 120x120
图片资源/projectiles/bullet_ghost_scepter/bullet_scepter_0001.png,.png,3548,stex.webp 120x120
图片资源/projectiles/bullet_laser/bullet_laser_0000.png,.png,7118,stex.webp 120x120
图片资源/projectiles/bullet_laser/bullet_laser_0001.png,.png,3552,stex.webp 120x120
图片资源/projectiles/bullet_lightning/sprites/bullet_lightning_0000.png,.png,7124,stex.webp 120x120
图片资源/projectiles/bullet_lightning/sprites/bullet_lightning_0001.png,.png,4344,stex.webp 120x120
图片资源/projectiles/bullet_lightning/sprites/bullet_lightning_0002.png,.png,4334,stex.webp 120x120
图片资源/projectiles/bullet_lightning/sprites/bullet_lightning_0003.png,.png,5930,stex.webp 120x120
图片资源/projectiles/bullet_lightning/sprites/bullet_lightning_0004.png,.png,3094,stex.webp 120x120
图片资源/projectiles/bullet_lightning/sprites/bullet_lightning_0005.png,.png,2302,stex.webp 120x120
图片资源/projectiles/bullet_lightning/sprites/bullet_lightning_0006.png,.png,1534,stex.webp 120x120
图片资源/projectiles/bullet_medical/bullet_medical_0000.png,.png,8034,stex.webp 120x120
图片资源/projectiles/bullet_medical/bullet_medical_0001.png,.png,3772,stex.webp 120x120
图片资源/projectiles/bullet_shredder/bullet_shredder_0000.png,.png,7168,stex.webp 120x120
图片资源/projectiles/bullet_shredder/bullet_shredder_0001.png,.png,5520,stex.webp 120x120
图片资源/projectiles/bullet_slingshot/slingshot_projectile.png,.png,1082,stex.webp 120x120
图片资源/projectiles/bullet_taser/sprites/bullet_taser_0000.png,.png,7016,stex.webp 120x120
图片资源/projectiles/bullet_taser/sprites/bullet_taser_0001.png,.png,4284,stex.webp 120x120
图片资源/projectiles/bullet_taser/sprites/bullet_taser_0002.png,.png,4298,stex.webp 120x120
图片资源/projectiles/bullet_taser/sprites/bullet_taser_0003.png,.png,5820,stex.webp 120x120
图片资源/projectiles/bullet_taser/sprites/bullet_taser_0004.png,.png,3138,stex.webp 120x120
图片资源/projectiles/bullet_taser/sprites/bullet_taser_0005.png,.png,2326,stex.webp 120x120
图片资源/projectiles/bullet_taser/sprites/bullet_taser_0006.png,.png,1500,stex.webp 120x120
图片资源/projectiles/bullet_wand/bullet_wand.png,.png,2860,stex.webp 60x60
图片资源/projectiles/flames/sprites/bullet_flame_0000.png,.png,2240,stex.webp 150x150
图片资源/projectiles/flames/sprites/bullet_flame_0001.png,.png,3788,stex.webp 150x150
图片资源/projectiles/flames/sprites/bullet_flame_0002.png,.png,5714,stex.webp 150x150
图片资源/projectiles/flames/sprites/bullet_flame_0003.png,.png,6048,stex.webp 150x150
图片资源/projectiles/flames/sprites/bullet_flame_0004.png,.png,6154,stex.webp 150x150
图片资源/projectiles/flames/sprites/bullet_flame_0005.png,.png,7822,stex.webp 150x150
图片资源/projectiles/flames/sprites/bullet_flame_0006.png,.png,7376,stex.webp 150x150
图片资源/projectiles/flames/sprites/bullet_flame_0007.png,.png,6008,stex.webp 150x150
图片资源/projectiles/leaky_gas/leaky_gas_0000.png,.png,296,stex.webp 100x100
图片资源/projectiles/leaky_gas/leaky_gas_0001.png,.png,784,stex.webp 100x100
图片资源/projectiles/leaky_gas/leaky_gas_0002.png,.png,2242,stex.webp 100x100
图片资源/projectiles/leaky_gas/leaky_gas_0003.png,.png,3592,stex.webp 100x100
图片资源/projectiles/leaky_gas/leaky_gas_0004.png,.png,3618,stex.webp 100x100
图片资源/projectiles/leaky_gas/leaky_gas_0005.png,.png,3630,stex.webp 100x100
图片资源/projectiles/leaky_gas/leaky_gas_0006.png,.png,3616,stex.webp 100x100
图片资源/projectiles/nuclear_launcher/nuclear_rocket.png,.png,5446,stex.webp 120x120
图片资源/projectiles/obliterator/obliterator_bullet.png,.png,11354,stex.webp 150x150
图片资源/projectiles/pillar_enemy/pillar_enemy.png,.png,1014,stex.webp 90x90
图片资源/projectiles/pillar_enemy/sprites/bullet_pillar_0000.png,.png,1018,stex.webp 90x120
图片资源/projectiles/pillar_enemy/sprites/bullet_pillar_0001.png,.png,1760,stex.webp 90x120
图片资源/projectiles/pillar_enemy/sprites/bullet_pillar_0002.png,.png,2010,stex.webp 90x120
图片资源/projectiles/pillar_enemy/sprites/bullet_pillar_0003.png,.png,2852,stex.webp 90x120
图片资源/projectiles/potato/potato.png,.png,2116,stex.webp 120x120
图片资源/projectiles/rocket/explosion.png,.png,2028,stex.webp 256x256
图片资源/projectiles/rocket/rocket.png,.png,1610,stex.webp 120x120
图片资源/projectiles/shuriken/shuriken.png,.png,1522,stex.webp 100x100
图片资源/projectiles/slash/sprites/slash_0000.png,.png,616,stex.webp 360x90
图片资源/projectiles/slash/sprites/slash_0001.png,.png,5486,stex.webp 360x90
图片资源/projectiles/slash/sprites/slash_0002.png,.png,7990,stex.webp 360x90
图片资源/projectiles/slash/sprites/slash_0003.png,.png,8844,stex.webp 360x90
图片资源/projectiles/slash/sprites/slash_0004.png,.png,7712,stex.webp 360x90
图片资源/projectiles/slash/sprites/slash_0005.png,.png,4802,stex.webp 360x90
图片资源/projectiles/slash/sprites/slash_0006.png,.png,2566,stex.webp 360x90
图片资源/projectiles/spike/spike.png,.png,740,stex.webp 65x65
图片资源/resources/tiles/icon_1.png,.png,1596,stex.webp 75x48
图片资源/resources/tiles/icon_2.png,.png,978,stex.webp 75x48
图片资源/resources/tiles/icon_3.png,.png,1080,stex.webp 75x48
图片资源/resources/tiles/icon_4.png,.png,1876,stex.webp 75x48
图片资源/resources/tiles/icon_5.png,.png,1110,stex.webp 75x48
图片资源/resources/tiles/icon_6.png,.png,1084,stex.webp 75x48
图片资源/resources/tiles/square.png,.png,38,stex.webp 64x64
图片资源/resources/tiles/tiles_1.png,.png,12686,stex.webp 192x256
图片资源/resources/tiles/tiles_2.png,.png,10484,stex.webp 192x256
图片资源/resources/tiles/tiles_3.png,.png,7456,stex.webp 192x256
图片资源/resources/tiles/tiles_4.png,.png,14696,stex.webp 192x256
图片资源/resources/tiles/tiles_5.png,.png,11770,stex.webp 192x256
图片资源/resources/tiles/tiles_6.png,.png,10952,stex.webp 192x256
图片资源/resources/tiles/tiles_outline.png,.png,19144,stex.webp 512x512
图片资源/ui/custom_cursor.png,.png,524,stex.webp 32x32
图片资源/ui/hud/ui_lifebar_bg.png,.png,64,stex.webp 320x48
图片资源/ui/hud/ui_lifebar_fill.png,.png,64,stex.webp 320x48
图片资源/ui/hud/ui_lifebar_frame.png,.png,312,stex.webp 320x48
图片资源/ui/hud/ui_xp_bg.png,.png,54,stex.webp 1920x128
图片资源/ui/hud/ui_xp_fill.png,.png,54,stex.webp 1920x128
图片资源/ui/icons/elite_icon.png,.png,5088,stex.webp 96x96
图片资源/ui/icons/horde_icon.png,.png,5000,stex.webp 96x96
图片资源/ui/manual_cursor.png,.png,1892,stex.webp 70x70
图片资源/ui/menus/global/check_button_off.png,.png,480,stex.webp 100x50
图片资源/ui/menus/global/check_button_on.png,.png,540,stex.webp 100x50
图片资源/ui/menus/global/option_button_arrow.png,.png,272,stex.webp 40x33
图片资源/ui/menus/run/difficulty_selection/difficulty_icons/0.png,.png,3530,stex.webp 96x96
图片资源/ui/menus/run/difficulty_selection/difficulty_icons/1.png,.png,2298,stex.webp 96x96
图片资源/ui/menus/run/difficulty_selection/difficulty_icons/10.png,.png,4898,stex.webp 96x96
图片资源/ui/menus/run/difficulty_selection/difficulty_icons/2.png,.png,2854,stex.webp 96x96
图片资源/ui/menus/run/difficulty_selection/difficulty_icons/3.png,.png,3530,stex.webp 96x96
图片资源/ui/menus/run/difficulty_selection/difficulty_icons/4.png,.png,2792,stex.webp 96x96
图片资源/ui/menus/run/difficulty_selection/difficulty_icons/5.png,.png,3282,stex.webp 96x96
图片资源/ui/menus/run/difficulty_selection/difficulty_icons/6.png,.png,3718,stex.webp 96x96
图片资源/ui/menus/run/difficulty_selection/difficulty_icons/7.png,.png,2532,stex.webp 96x96
图片资源/ui/menus/run/difficulty_selection/difficulty_icons/8.png,.png,3182,stex.webp 96x96
图片资源/ui/menus/run/difficulty_selection/difficulty_icons/9.png,.png,2562,stex.webp 96x96
图片资源/ui/menus/run/difficulty_selection/difficulty_icons/endless.png,.png,4556,stex.webp 96x96
图片资源/ui/menus/shop/shop_background.png,.png,241970,stex.webp 1920x1080
图片资源/ui/menus/title_screen/splash_art_bg.png,.png,565816,stex.webp 2070x1080
图片资源/ui/menus/title_screen/splash_art_brotato.png,.png,38180,stex.webp 2070x1080
图片资源/ui/menus/title_screen/splash_art_mist_back.png,.png,903888,stex.webp 2070x1080
图片资源/ui/menus/title_screen/splash_art_mist_front.png,.png,365820,stex.webp 2070x1080
图片资源/ui/menus/title_screen/splash_art_mist_mid.png,.png,281146,stex.webp 2070x1080
图片资源/ui/menus/title_screen/splash_art_post_processing.png,.png,297822,stex.webp 2070x1080
图片资源/ui/menus/title_screen/ui_logo.png,.png,40812,stex.webp 1122x330
图片资源/ui/small_option_button_arrow.png,.png,168,stex.webp 20x17
图片资源/visual_effects/hit_effect/sprites/frame0000.png,.png,4264,stex.webp 256x256
图片资源/visual_effects/hit_effect/sprites/frame0001.png,.png,3012,stex.webp 256x256
图片资源/visual_effects/hit_effect/sprites/frame0002.png,.png,1556,stex.webp 256x256
图片资源/weapons/melee/cactus_mace/cactus_mace.png,.png,3650,stex.webp 120x77
图片资源/weapons/melee/cactus_mace/cactus_mace_icon.png,.png,3832,stex.webp 96x96
图片资源/weapons/melee/chopper/chopper.png,.png,1596,stex.webp 100x64
图片资源/weapons/melee/chopper/chopper_icon.png,.png,2376,stex.webp 96x96
图片资源/weapons/melee/circular_saw/circular_saw.png,.png,2954,stex.webp 80x80
图片资源/weapons/melee/circular_saw/circular_saw_icon.png,.png,5350,stex.webp 96x96
图片资源/weapons/melee/dagger/dagger.png,.png,1526,stex.webp 110x70
图片资源/weapons/melee/dagger/dagger_icon.png,.png,2474,stex.webp 96x96
图片资源/weapons/melee/fist/fist_icon.png,.png,2784,stex.webp 96x96
图片资源/weapons/melee/fist/fist_short.png,.png,1188,stex.webp 100x50
图片资源/weapons/melee/flaming_knuckles/flaming_knuckles_icon.png,.png,12002,stex.webp 96x96
图片资源/weapons/melee/ghost_axe/ghost_axe.png,.png,3528,stex.webp 150x75
图片资源/weapons/melee/ghost_axe/ghost_axe_icon.png,.png,6828,stex.webp 96x96
图片资源/weapons/melee/ghost_flint/ghost_flint.png,.png,2110,stex.webp 100x64
图片资源/weapons/melee/ghost_flint/ghost_flint_icon.png,.png,7382,stex.webp 96x96
图片资源/weapons/melee/hammer/hammer.png,.png,3370,stex.webp 150x75
图片资源/weapons/melee/hammer/hammer_icon.png,.png,4014,stex.webp 96x96
图片资源/weapons/melee/hand/hand.png,.png,950,stex.webp 100x50
图片资源/weapons/melee/hand/hand_icon.png,.png,2808,stex.webp 96x96
图片资源/weapons/melee/hatchet/hatchet.png,.png,1662,stex.webp 110x70
图片资源/weapons/melee/hatchet/hatchet_icon.png,.png,2672,stex.webp 96x96
图片资源/weapons/melee/jousting_lance/jousting_lance.png,.png,3104,stex.webp 225x75
图片资源/weapons/melee/jousting_lance/jousting_lance_icon.png,.png,2684,stex.webp 96x96
图片资源/weapons/melee/knife/knife.png,.png,1710,stex.webp 100x64
图片资源/weapons/melee/knife/knife_icon.png,.png,3312,stex.webp 96x96
图片资源/weapons/melee/knuckles/knuckles.png,.png,2044,stex.webp 100x50
图片资源/weapons/melee/knuckles/knuckles_icon.png,.png,4988,stex.webp 96x96
图片资源/weapons/melee/lightning_shiv/lightning_shiv.png,.png,1480,stex.webp 100x64
图片资源/weapons/melee/lightning_shiv/lightning_shiv_icon.png,.png,4730,stex.webp 96x96
图片资源/weapons/melee/plank/plank.png,.png,3074,stex.webp 100x64
图片资源/weapons/melee/plank/plank_icon.png,.png,5096,stex.webp 96x96
图片资源/weapons/melee/plasma_sledgehammer/plasma_sledgehammer.png,.png,3438,stex.webp 150x75
图片资源/weapons/melee/plasma_sledgehammer/plasma_sledgehammer_icon.png,.png,3880,stex.webp 96x96
图片资源/weapons/melee/power_fist/power_fist.png,.png,1646,stex.webp 100x50
图片资源/weapons/melee/power_fist/power_fist_icon.png,.png,3978,stex.webp 96x96
图片资源/weapons/melee/pruner/pruner.png,.png,2546,stex.webp 100x100
图片资源/weapons/melee/pruner/pruner_icon.png,.png,3842,stex.webp 96x96
图片资源/weapons/melee/rock/rock.png,.png,1936,stex.webp 80x80
图片资源/weapons/melee/rock/rock_icon.png,.png,3154,stex.webp 96x96
图片资源/weapons/melee/scissors/scissors.png,.png,2888,stex.webp 100x100
图片资源/weapons/melee/scissors/scissors_icon.png,.png,4440,stex.webp 96x96
图片资源/weapons/melee/screwdriver/screwdriver.png,.png,1466,stex.webp 100x100
图片资源/weapons/melee/screwdriver/screwdriver_icon.png,.png,2040,stex.webp 96x96
图片资源/weapons/melee/spear/spear.png,.png,2786,stex.webp 225x75
图片资源/weapons/melee/spear/spear_icon.png,.png,2434,stex.webp 96x96
图片资源/weapons/melee/spiky_shield/spiky_shield.png,.png,2314,stex.webp 85x85
图片资源/weapons/melee/spiky_shield/spiky_shield_icon.png,.png,5604,stex.webp 96x96
图片资源/weapons/melee/stick/stick.png,.png,2298,stex.webp 120x60
图片资源/weapons/melee/stick/stick_icon.png,.png,2800,stex.webp 96x96
图片资源/weapons/melee/sword/sword.png,.png,2758,stex.webp 150x75
图片资源/weapons/melee/sword/sword_icon.png,.png,3302,stex.webp 96x96
图片资源/weapons/melee/thunder_sword/thunder_sword.png,.png,2200,stex.webp 150x75
图片资源/weapons/melee/thunder_sword/thunder_sword_icon.png,.png,5668,stex.webp 96x96
图片资源/weapons/melee/torch/torch.png,.png,2908,stex.webp 120x60
图片资源/weapons/melee/torch/torch_icon.png,.png,6968,stex.webp 96x96
图片资源/weapons/melee/wrench/wrench.png,.png,2224,stex.webp 150x75
图片资源/weapons/melee/wrench/wrench_icon.png,.png,3890,stex.webp 96x96
图片资源/weapons/ranged/crossbow/crossbow.png,.png,2134,stex.webp 135x90
图片资源/weapons/ranged/crossbow/crossbow_empty.png,.png,1936,stex.webp 135x90
图片资源/weapons/ranged/crossbow/crossbow_icon.png,.png,5402,stex.webp 96x96
图片资源/weapons/ranged/crossbow/crossbow_projectile.png,.png,1528,stex.webp 120x120
图片资源/weapons/ranged/double_barrel_shotgun/double_barrel_shotgun.png,.png,2378,stex.webp 120x80
图片资源/weapons/ranged/double_barrel_shotgun/double_barrel_shotgun_icon.png,.png,4292,stex.webp 96x96
图片资源/weapons/ranged/flamethrower/flamethrower.png,.png,2550,stex.webp 80x80
图片资源/weapons/ranged/flamethrower/flamethrower_icon.png,.png,6154,stex.webp 96x96
图片资源/weapons/ranged/ghost_scepter/ghost_scepter.png,.png,3016,stex.webp 120x77
图片资源/weapons/ranged/ghost_scepter/ghost_scepter_icon.png,.png,6642,stex.webp 96x96
图片资源/weapons/ranged/laser_gun/laser_gun.png,.png,2480,stex.webp 80x80
图片资源/weapons/ranged/laser_gun/laser_gun_icon.png,.png,4980,stex.webp 96x96
图片资源/weapons/ranged/medical_gun/medical_gun.png,.png,1984,stex.webp 80x80
图片资源/weapons/ranged/medical_gun/medical_gun_icon.png,.png,3990,stex.webp 96x96
图片资源/weapons/ranged/minigun/minigun.png,.png,4286,stex.webp 150x75
图片资源/weapons/ranged/minigun/minigun_icon.png,.png,7402,stex.webp 96x96
图片资源/weapons/ranged/nuclear_launcher/nuclear_launcher.png,.png,2922,stex.webp 150x75
图片资源/weapons/ranged/nuclear_launcher/nuclear_launcher_icon.png,.png,5322,stex.webp 96x96
图片资源/weapons/ranged/obliterator/obliterator.png,.png,6030,stex.webp 175x88
图片资源/weapons/ranged/obliterator/obliterator_icon.png,.png,6256,stex.webp 96x96
图片资源/weapons/ranged/pistol/pistol.png,.png,1982,stex.webp 80x80
图片资源/weapons/ranged/pistol/pistol_icon.png,.png,4454,stex.webp 96x96
图片资源/weapons/ranged/potato_thrower/potato_thrower.png,.png,3808,stex.webp 175x88
图片资源/weapons/ranged/potato_thrower/potato_thrower_icon.png,.png,5668,stex.webp 96x96
图片资源/weapons/ranged/revolver/revolver.png,.png,2048,stex.webp 80x80
图片资源/weapons/ranged/revolver/revolver_icon.png,.png,5478,stex.webp 96x96
图片资源/weapons/ranged/revolver/revolver_reloading.png,.png,1524,stex.webp 80x80
图片资源/weapons/ranged/rocket_launcher/rocket_launcher.png,.png,3742,stex.webp 150x75
图片资源/weapons/ranged/rocket_launcher/rocket_launcher_icon.png,.png,5218,stex.webp 96x96
图片资源/weapons/ranged/shredder/shredder.png,.png,1726,stex.webp 80x80
图片资源/weapons/ranged/shredder/shredder_icon.png,.png,3894,stex.webp 96x96
图片资源/weapons/ranged/shuriken/shuriken.png,.png,1572,stex.webp 100x100
图片资源/weapons/ranged/shuriken/shuriken_empty.png,.png,348,stex.webp 100x100
图片资源/weapons/ranged/shuriken/shuriken_icon.png,.png,2680,stex.webp 96x96
图片资源/weapons/ranged/slingshot/slingshot.png,.png,2070,stex.webp 120x120
图片资源/weapons/ranged/slingshot/slingshot_empty.png,.png,1562,stex.webp 120x120
图片资源/weapons/ranged/slingshot/slingshot_icon.png,.png,4192,stex.webp 96x96
图片资源/weapons/ranged/smg/smg.png,.png,2528,stex.webp 80x80
图片资源/weapons/ranged/smg/smg_icon.png,.png,4944,stex.webp 96x96
图片资源/weapons/ranged/sniper_gun/sniper.png,.png,2476,stex.webp 120x80
图片资源/weapons/ranged/sniper_gun/sniper_icon.png,.png,5858,stex.webp 96x96
图片资源/weapons/ranged/taser/taser.png,.png,1952,stex.webp 80x80
图片资源/weapons/ranged/taser/taser_icon.png,.png,5084,stex.webp 96x96
图片资源/weapons/ranged/wand/wand.png,.png,1674,stex.webp 130x65
图片资源/weapons/ranged/wand/wand_icon.png,.png,3806,stex.webp 96x96
安卓壳/AndroidManifest.xml,.xml,5520,原样
安卓壳/classes.dex,.dex,3185400,原样
安卓壳/classes2.dex,.dex,73304,原样
安卓壳/classes3.dex,.dex,10944,原样
安卓壳/classes4.dex,.dex,3344932,原样
安卓壳/classes5.dex,.dex,460944,原样
安卓壳/kotlin-tooling-metadata.json,.json,597,原样
安卓壳/lib/arm64-v8a/libc++_shared.so,.so,1014704,原样
安卓壳/lib/arm64-v8a/libgodot_android.so,.so,29177248,原样
安卓壳/lib/arm64-v8a/libtoolChecker.so,.so,5512,原样
安卓壳/lib/armeabi-v7a/libc++_shared.so,.so,605452,原样
安卓壳/lib/armeabi-v7a/libgodot_android.so,.so,30502508,原样
安卓壳/lib/armeabi-v7a/libtoolChecker.so,.so,3944,原样
安卓壳/resources.arsc,.arsc,47204,原样
资源/_cl_,(无),44,原样
资源/addons/mod_loader/mod_data.gd.remap,.remap,53,原样
资源/addons/mod_loader/mod_data.gdc,.gdc,2883,原样
资源/addons/mod_loader/mod_loader.gd.remap,.remap,55,原样
资源/addons/mod_loader/mod_loader.gdc,.gdc,16533,原样
资源/addons/mod_loader/mod_loader_utils.gd.remap,.remap,61,原样
资源/addons/mod_loader/mod_loader_utils.gdc,.gdc,9443,原样
资源/addons/mod_loader/mod_manifest.gd.remap,.remap,57,原样
资源/addons/mod_loader/mod_manifest.gdc,.gdc,4433,原样
资源/addons/mod_loader/pause.gd.remap,.remap,50,原样
资源/addons/mod_loader/pause.gdc,.gdc,276,原样
资源/addons/mod_loader/pause.tscn,.tscn,167,原样
资源/addons/mod_loader/run.gd.remap,.remap,48,原样
资源/addons/mod_loader/run.gdc,.gdc,212,原样
资源/brotato_icon.ico,.ico,120865,原样
资源/brotato_icon.png,.png,21282,原样
资源/brotato_icon.png.import,.import,698,原样
资源/challenges/advanced_technology_data.tres,.tres,681,原样
资源/challenges/agriculture_data.tres,.tres,639,原样
资源/challenges/arms_dealer_data.tres,.tres,638,原样
资源/challenges/artificer_data.tres,.tres,652,原样
资源/challenges/brawler_data.tres,.tres,640,原样
资源/challenges/bull_data.tres,.tres,610,原样
资源/challenges/chal_difficulty_0_data.tres,.tres,650,原样
资源/challenges/chal_difficulty_1_data.tres,.tres,644,原样
资源/challenges/chal_difficulty_2_data.tres,.tres,650,原样
资源/challenges/chal_difficulty_3_data.tres,.tres,654,原样
资源/challenges/chal_difficulty_4_data.tres,.tres,648,原样
资源/challenges/chal_difficulty_5_data.tres,.tres,646,原样
资源/challenges/chunky_data.tres,.tres,645,原样
资源/challenges/crazy_data.tres,.tres,632,原样
资源/challenges/cyborg_data.tres,.tres,636,原样
资源/challenges/demon_data.tres,.tres,635,原样
资源/challenges/difficulty_1_data.tres,.tres,627,原样
资源/challenges/difficulty_2_data.tres,.tres,627,原样
资源/challenges/difficulty_3_data.tres,.tres,627,原样
资源/challenges/difficulty_4_data.tres,.tres,627,原样
资源/challenges/difficulty_5_data.tres,.tres,650,原样
资源/challenges/doctor_data.tres,.tres,622,原样
资源/challenges/dying_data.tres,.tres,625,原样
资源/challenges/engineer_data.tres,.tres,634,原样
资源/challenges/entrepreneur_data.tres,.tres,652,原样
资源/challenges/explorer_data.tres,.tres,630,原样
资源/challenges/farmer_data.tres,.tres,618,原样
资源/challenges/fast_data.tres,.tres,619,原样
资源/challenges/fireworks_data.tres,.tres,632,原样
资源/challenges/gatherer_1_data.tres,.tres,632,原样
资源/challenges/gatherer_2_data.tres,.tres,643,原样
资源/challenges/gatherer_3_data.tres,.tres,645,原样
资源/challenges/gatherer_4_data.tres,.tres,640,原样
资源/challenges/gatherer_5_data.tres,.tres,634,原样
资源/challenges/generalist_data.tres,.tres,640,原样
资源/challenges/ghost_data.tres,.tres,616,原样
资源/challenges/giant_slayer_data.tres,.tres,629,原样
资源/challenges/gladiator_data.tres,.tres,632,原样
资源/challenges/global/challenge_data.gd.remap,.remap,59,原样
资源/challenges/global/challenge_data.gdc,.gdc,1198,原样
资源/challenges/global/reward_type.gd.remap,.remap,56,原样
资源/challenges/global/reward_type.gdc,.gdc,236,原样
资源/challenges/glutton_data.tres,.tres,634,原样
资源/challenges/hallucination_data.tres,.tres,643,原样
资源/challenges/hoarder_data.tres,.tres,635,原样
资源/challenges/hungry_data.tres,.tres,611,原样
资源/challenges/hunter_data.tres,.tres,637,原样
资源/challenges/jack_data.tres,.tres,620,原样
资源/challenges/knight_data.tres,.tres,654,原样
资源/challenges/lich_data.tres,.tres,616,原样
资源/challenges/loud_data.tres,.tres,624,原样
资源/challenges/lucky_data.tres,.tres,626,原样
资源/challenges/lumberjack_data.tres,.tres,625,原样
资源/challenges/mage_data.tres,.tres,634,原样
资源/challenges/masochist_data.tres,.tres,650,原样
资源/challenges/medicine_data.tres,.tres,616,原样
资源/challenges/multitasker_data.tres,.tres,648,原样
资源/challenges/mutant_data.tres,.tres,622,原样
资源/challenges/old_data.tres,.tres,606,原样
资源/challenges/one_arm_data.tres,.tres,622,原样
资源/challenges/pacifist_data.tres,.tres,626,原样
资源/challenges/perfect_vision_data.tres,.tres,640,原样
资源/challenges/ranger_data.tres,.tres,634,原样
资源/challenges/recycling_data.tres,.tres,654,原样
资源/challenges/robust_data.tres,.tres,645,原样
资源/challenges/rookie_data.tres,.tres,627,原样
资源/challenges/saver_data.tres,.tres,618,原样
资源/challenges/sick_data.tres,.tres,618,原样
资源/challenges/slow_data.tres,.tres,632,原样
资源/challenges/soldier_data.tres,.tres,653,原样
资源/challenges/speedy_data.tres,.tres,614,原样
资源/challenges/streamer_data.tres,.tres,650,原样
资源/challenges/survivor_1_data.tres,.tres,612,原样
资源/challenges/survivor_2_data.tres,.tres,619,原样
资源/challenges/survivor_3_data.tres,.tres,615,原样
资源/challenges/survivor_4_data.tres,.tres,624,原样
资源/challenges/survivor_5_data.tres,.tres,626,原样
资源/challenges/turrets_data.tres,.tres,619,原样
资源/challenges/well_rounded_data.tres,.tres,644,原样
资源/challenges/wildling_data.tres,.tres,636,原样
资源/default_env.tres,.tres,163,原样
资源/effects/burning_data.gd.remap,.remap,47,原样
资源/effects/burning_data.gdc,.gdc,1606,原样
资源/effects/burning_type.gd.remap,.remap,47,原样
资源/effects/burning_type.gdc,.gdc,122,原样
资源/effects/enums/arg_value.gd.remap,.remap,50,原样
资源/effects/enums/arg_value.gdc,.gdc,508,原样
资源/effects/enums/format.gd.remap,.remap,47,原样
资源/effects/enums/format.gdc,.gdc,139,原样
资源/effects/enums/sign.gd.remap,.remap,45,原样
资源/effects/enums/sign.gdc,.gdc,177,原样
资源/effects/enums/storage_method.gd.remap,.remap,55,原样
资源/effects/enums/storage_method.gdc,.gdc,135,原样
资源/effects/items/burn_chance_effect.gd.remap,.remap,59,原样
资源/effects/items/burn_chance_effect.gdc,.gdc,1330,原样
资源/effects/items/chance_stat_damage_effect.gd.remap,.remap,66,原样
资源/effects/items/chance_stat_damage_effect.gdc,.gdc,1255,原样
资源/effects/items/class_bonus_effect.gd.remap,.remap,59,原样
资源/effects/items/class_bonus_effect.gdc,.gdc,874,原样
资源/effects/items/convert_stat_effect.gd.remap,.remap,60,原样
资源/effects/items/convert_stat_effect.gdc,.gdc,1179,原样
资源/effects/items/gain_stat_for_every_stat_effect.gd.remap,.remap,72,原样
资源/effects/items/gain_stat_for_every_stat_effect.gdc,.gdc,1638,原样
资源/effects/items/healing_effect.gd.remap,.remap,55,原样
资源/effects/items/healing_effect.gdc,.gdc,464,原样
资源/effects/items/item_exploding_effect.gd.remap,.remap,62,原样
资源/effects/items/item_exploding_effect.gdc,.gdc,1658,原样
资源/effects/items/projectile_effect.gd.remap,.remap,58,原样
资源/effects/items/projectile_effect.gdc,.gdc,1615,原样
资源/effects/items/stat_cap_effect.gd.remap,.remap,56,原样
资源/effects/items/stat_cap_effect.gdc,.gdc,1004,原样
资源/effects/items/stat_gains_modification_effect.gd.remap,.remap,71,原样
资源/effects/items/stat_gains_modification_effect.gdc,.gdc,1075,原样
资源/effects/items/stat_with_max_effect.gd.remap,.remap,61,原样
资源/effects/items/stat_with_max_effect.gdc,.gdc,963,原样
资源/effects/items/structure_effect.gd.remap,.remap,57,原样
资源/effects/items/structure_effect.gdc,.gdc,2581,原样
资源/effects/items/turret_effect.gd.remap,.remap,54,原样
资源/effects/items/turret_effect.gdc,.gdc,1891,原样
资源/effects/items/weapon_bonus_effect.gd.remap,.remap,60,原样
资源/effects/items/weapon_bonus_effect.gdc,.gdc,1250,原样
资源/effects/weapons/burning_effect.gd.remap,.remap,57,原样
资源/effects/weapons/burning_effect.gdc,.gdc,1070,原样
资源/effects/weapons/exploding_effect.gd.remap,.remap,59,原样
资源/effects/weapons/exploding_effect.gdc,.gdc,1247,原样
资源/effects/weapons/gain_stat_every_killed_enemies_effect.gd.remap,.remap,80,原样
资源/effects/weapons/gain_stat_every_killed_enemies_effect.gdc,.gdc,832,原样
资源/effects/weapons/null_effect.gd.remap,.remap,54,原样
资源/effects/weapons/null_effect.gdc,.gdc,297,原样
资源/effects/weapons/projectiles_on_hit_effect.gd.remap,.remap,68,原样
资源/effects/weapons/projectiles_on_hit_effect.gdc,.gdc,1265,原样
资源/effects/weapons/slow_in_zone_effect.gd.remap,.remap,62,原样
资源/effects/weapons/slow_in_zone_effect.gdc,.gdc,264,原样
资源/effects/weapons/weapon_stack_effect.gd.remap,.remap,62,原样
资源/effects/weapons/weapon_stack_effect.gdc,.gdc,1279,原样
资源/entities/birth/birth_begin_sound.wav.import,.import,451,原样
资源/entities/birth/birth_end_sound.wav.import,.import,445,原样
资源/entities/birth/entity_birth.gd.remap,.remap,54,原样
资源/entities/birth/entity_birth.gdc,.gdc,2541,原样
资源/entities/birth/entity_birth.png.import,.import,713,原样
资源/entities/birth/entity_birth.tscn,.tscn,1020,原样
资源/entities/entity.gd.remap,.remap,42,原样
资源/entities/entity.gdc,.gdc,1695,原样
资源/entities/entity.tscn,.tscn,6759,原样
资源/entities/entity_type.gd.remap,.remap,47,原样
资源/entities/entity_type.gdc,.gdc,169,原样
资源/entities/structures/landmine/landmine.gd.remap,.remap,64,原样
资源/entities/structures/landmine/landmine.gdc,.gdc,1179,原样
资源/entities/structures/landmine/landmine.png.import,.import,715,原样
资源/entities/structures/landmine/landmine.tscn,.tscn,1411,原样
资源/entities/structures/landmine/landmine_pressed.png.import,.import,739,原样
资源/entities/structures/landmine/ui_button_simple_click_05.wav.import,.import,489,原样
资源/entities/structures/structure.gd.remap,.remap,56,原样
资源/entities/structures/structure.gdc,.gdc,1157,原样
资源/entities/structures/structure.tscn,.tscn,264,原样
资源/entities/structures/turret/flame/flame_turret.gd.remap,.remap,72,原样
资源/entities/structures/turret/flame/flame_turret.gdc,.gdc,190,原样
资源/entities/structures/turret/flame/flame_turret.png.import,.import,731,原样
资源/entities/structures/turret/flame/flame_turret.tscn,.tscn,476,原样
资源/entities/structures/turret/flame/flame_turret_stats.tres,.tres,1523,原样
资源/entities/structures/turret/garden/garden.gd.remap,.remap,67,原样
资源/entities/structures/turret/garden/garden.gdc,.gdc,242,原样
资源/entities/structures/turret/garden/garden.tscn,.tscn,512,原样
资源/entities/structures/turret/garden/garden_stats.tres,.tres,1103,原样
资源/entities/structures/turret/healing/healing_turret.png.import,.import,739,原样
资源/entities/structures/turret/healing/healing_turret.tscn,.tscn,421,原样
资源/entities/structures/turret/healing/healing_turret_stats.tres,.tres,1286,原样
资源/entities/structures/turret/laser/laser_turret.png.import,.import,731,原样
资源/entities/structures/turret/laser/laser_turret.tscn,.tscn,542,原样
资源/entities/structures/turret/laser/laser_turret_stats.tres,.tres,1138,原样
资源/entities/structures/turret/rocket/rocket_turret.png.import,.import,735,原样
资源/entities/structures/turret/rocket/rocket_turret.tscn,.tscn,357,原样
资源/entities/structures/turret/rocket/rocket_turret_stats.tres,.tres,1012,原样
资源/entities/structures/turret/turret.gd.remap,.remap,60,原样
资源/entities/structures/turret/turret.gdc,.gdc,3694,原样
资源/entities/structures/turret/turret.png.import,.import,707,原样
资源/entities/structures/turret/turret.tscn,.tscn,1448,原样
资源/entities/structures/turret/turret_shoot_animation.tres,.tres,1143,原样
资源/entities/structures/turret/turret_stats.tres,.tres,1839,原样
资源/entities/structures/turret/tyler/tyler.png.import,.import,710,原样
资源/entities/structures/turret/tyler/tyler.tscn,.tscn,1479,原样
资源/entities/structures/turret/tyler/tyler_stats.tres,.tres,1003,原样
资源/entities/structures/turret/wandering_bot/wandering_bot.gd.remap,.remap,81,原样
资源/entities/structures/turret/wandering_bot/wandering_bot.gdc,.gdc,1417,原样
资源/entities/structures/turret/wandering_bot/wandering_bot.png.import,.import,742,原样
资源/entities/structures/turret/wandering_bot/wandering_bot.tscn,.tscn,2095,原样
资源/entities/structures/turret/wandering_bot/wandering_bot_stats.tres,.tres,987,原样
资源/entities/units/enemies/001/1.png.import,.import,692,原样
资源/entities/units/enemies/001/1.tscn,.tscn,791,原样
资源/entities/units/enemies/001/1_stats.tres,.tres,557,原样
资源/entities/units/enemies/002/2.png.import,.import,692,原样
资源/entities/units/enemies/002/2.tscn,.tscn,1097,原样
资源/entities/units/enemies/002/2_stats.tres,.tres,556,原样
资源/entities/units/enemies/003/3.png.import,.import,692,原样
资源/entities/units/enemies/003/3.tscn,.tscn,3879,原样
资源/entities/units/enemies/003/3_stats.tres,.tres,555,原样
资源/entities/units/enemies/004/4.png.import,.import,692,原样
资源/entities/units/enemies/004/4.tscn,.tscn,1971,原样
资源/entities/units/enemies/004/4_stats.tres,.tres,557,原样
资源/entities/units/enemies/005/5.gd.remap,.remap,55,原样
资源/entities/units/enemies/005/5.gdc,.gdc,923,原样
资源/entities/units/enemies/005/5.png.import,.import,692,原样
资源/entities/units/enemies/005/5.tscn,.tscn,3548,原样
资源/entities/units/enemies/005/5_stats.tres,.tres,558,原样
资源/entities/units/enemies/005/sci-fi_code_fail_08.wav.import,.import,505,原样
资源/entities/units/enemies/005/sci-fi_code_fail_13.wav.import,.import,505,原样
资源/entities/units/enemies/006/6.png.import,.import,692,原样
资源/entities/units/enemies/006/6.tscn,.tscn,2136,原样
资源/entities/units/enemies/006/6_stats.tres,.tres,559,原样
资源/entities/units/enemies/007/7.gd.remap,.remap,55,原样
资源/entities/units/enemies/007/7.gdc,.gdc,1704,原样
资源/entities/units/enemies/007/7.png.import,.import,692,原样
资源/entities/units/enemies/007/7.tscn,.tscn,2556,原样
资源/entities/units/enemies/007/7_stats.tres,.tres,557,原样
资源/entities/units/enemies/008/8.gd.remap,.remap,55,原样
资源/entities/units/enemies/008/8.gdc,.gdc,440,原样
资源/entities/units/enemies/008/8.png.import,.import,692,原样
资源/entities/units/enemies/008/8.tscn,.tscn,2900,原样
资源/entities/units/enemies/008/8_stats.tres,.tres,559,原样
资源/entities/units/enemies/009/9.gd.remap,.remap,55,原样
资源/entities/units/enemies/009/9.gdc,.gdc,147,原样
资源/entities/units/enemies/009/9.png.import,.import,692,原样
资源/entities/units/enemies/009/9.tscn,.tscn,2301,原样
资源/entities/units/enemies/009/9_stats.tres,.tres,523,原样
资源/entities/units/enemies/009/pivot.gd.remap,.remap,59,原样
资源/entities/units/enemies/009/pivot.gdc,.gdc,550,原样
资源/entities/units/enemies/010/10.gd.remap,.remap,56,原样
资源/entities/units/enemies/010/10.gdc,.gdc,498,原样
资源/entities/units/enemies/010/10.png.import,.import,695,原样
资源/entities/units/enemies/010/10.tscn,.tscn,5720,原样
资源/entities/units/enemies/010/10_stats.tres,.tres,559,原样
资源/entities/units/enemies/011/11.gd.remap,.remap,56,原样
资源/entities/units/enemies/011/11.gdc,.gdc,264,原样
资源/entities/units/enemies/011/11.png.import,.import,695,原样
资源/entities/units/enemies/011/11.tscn,.tscn,3865,原样
资源/entities/units/enemies/011/11_stats.tres,.tres,559,原样
资源/entities/units/enemies/012/12.gd.remap,.remap,56,原样
资源/entities/units/enemies/012/12.gdc,.gdc,1040,原样
资源/entities/units/enemies/012/12.png.import,.import,695,原样
资源/entities/units/enemies/012/12.tscn,.tscn,2365,原样
资源/entities/units/enemies/012/12_stats.tres,.tres,558,原样
资源/entities/units/enemies/013/13.png.import,.import,695,原样
资源/entities/units/enemies/013/13.tscn,.tscn,1405,原样
资源/entities/units/enemies/013/13_stats.tres,.tres,556,原样
资源/entities/units/enemies/014/14.png.import,.import,695,原样
资源/entities/units/enemies/014/14.tscn,.tscn,1174,原样
资源/entities/units/enemies/014/14_stats.tres,.tres,557,原样
资源/entities/units/enemies/015/15.png.import,.import,695,原样
资源/entities/units/enemies/015/15.tscn,.tscn,1099,原样
资源/entities/units/enemies/015/15_stats.tres,.tres,557,原样
资源/entities/units/enemies/016/16.gd.remap,.remap,56,原样
资源/entities/units/enemies/016/16.gdc,.gdc,601,原样
资源/entities/units/enemies/016/16.png.import,.import,695,原样
资源/entities/units/enemies/016/16.tscn,.tscn,1949,原样
资源/entities/units/enemies/016/16_stats.tres,.tres,558,原样
资源/entities/units/enemies/017/17.png.import,.import,695,原样
资源/entities/units/enemies/017/17.tscn,.tscn,2545,原样
资源/entities/units/enemies/017/17_stats.tres,.tres,558,原样
资源/entities/units/enemies/018/18.png.import,.import,695,原样
资源/entities/units/enemies/018/18.tscn,.tscn,1938,原样
资源/entities/units/enemies/018/18_stats.tres,.tres,559,原样
资源/entities/units/enemies/019/19.png.import,.import,695,原样
资源/entities/units/enemies/019/19.tscn,.tscn,1951,原样
资源/entities/units/enemies/019/19_stats.tres,.tres,557,原样
资源/entities/units/enemies/020/20.gd.remap,.remap,56,原样
资源/entities/units/enemies/020/20.gdc,.gdc,1081,原样
资源/entities/units/enemies/020/20.png.import,.import,695,原样
资源/entities/units/enemies/020/20.tscn,.tscn,3390,原样
资源/entities/units/enemies/020/20_stats.tres,.tres,556,原样
资源/entities/units/enemies/021/21.png.import,.import,695,原样
资源/entities/units/enemies/021/21.tscn,.tscn,4006,原样
资源/entities/units/enemies/021/21_stats.tres,.tres,556,原样
资源/entities/units/enemies/022/22.gd.remap,.remap,56,原样
资源/entities/units/enemies/022/22.gdc,.gdc,390,原样
资源/entities/units/enemies/022/22.png.import,.import,695,原样
资源/entities/units/enemies/022/22.tscn,.tscn,4934,原样
资源/entities/units/enemies/022/22_stats.tres,.tres,556,原样
资源/entities/units/enemies/023/23.gd.remap,.remap,56,原样
资源/entities/units/enemies/023/23.gdc,.gdc,262,原样
资源/entities/units/enemies/023/23.png.import,.import,695,原样
资源/entities/units/enemies/023/23.tscn,.tscn,2399,原样
资源/entities/units/enemies/023/23_stats.tres,.tres,554,原样
资源/entities/units/enemies/024/24.png.import,.import,695,原样
资源/entities/units/enemies/024/24.tscn,.tscn,2711,原样
资源/entities/units/enemies/024/24_stats.tres,.tres,560,原样
资源/entities/units/enemies/025/25.gd.remap,.remap,56,原样
资源/entities/units/enemies/025/25.gdc,.gdc,56,原样
资源/entities/units/enemies/025/25.png.import,.import,695,原样
资源/entities/units/enemies/025/25.tscn,.tscn,2983,原样
资源/entities/units/enemies/025/25_stats.tres,.tres,559,原样
资源/entities/units/enemies/026/26.gd.remap,.remap,56,原样
资源/entities/units/enemies/026/26.gdc,.gdc,631,原样
资源/entities/units/enemies/026/26.png.import,.import,695,原样
资源/entities/units/enemies/026/26.tscn,.tscn,2596,原样
资源/entities/units/enemies/026/26_stats.tres,.tres,559,原样
资源/entities/units/enemies/attack_behaviors/attack_behavior.gd.remap,.remap,82,原样
资源/entities/units/enemies/attack_behaviors/attack_behavior.gdc,.gdc,385,原样
资源/entities/units/enemies/attack_behaviors/charging_attack_behavior.gd.remap,.remap,91,原样
资源/entities/units/enemies/attack_behaviors/charging_attack_behavior.gdc,.gdc,2763,原样
资源/entities/units/enemies/attack_behaviors/enemy_charge_prep_animation.tres,.tres,1577,原样
资源/entities/units/enemies/attack_behaviors/enemy_shoot_animation.tres,.tres,1494,原样
资源/entities/units/enemies/attack_behaviors/shooting_attack_behavior.gd.remap,.remap,91,原样
资源/entities/units/enemies/attack_behaviors/shooting_attack_behavior.gdc,.gdc,4673,原样
资源/entities/units/enemies/attack_behaviors/spawning_attack_behavior.gd.remap,.remap,91,原样
资源/entities/units/enemies/attack_behaviors/spawning_attack_behavior.gdc,.gdc,1726,原样
资源/entities/units/enemies/boss/boss.gd.remap,.remap,59,原样
资源/entities/units/enemies/boss/boss.gdc,.gdc,3664,原样
资源/entities/units/enemies/boss/boss.tscn,.tscn,1208,原样
资源/entities/units/enemies/boss/boss_state.gd.remap,.remap,65,原样
资源/entities/units/enemies/boss/boss_state.gdc,.gdc,331,原样
资源/entities/units/enemies/boss/boss_state.tscn,.tscn,595,原样
资源/entities/units/enemies/boss/zombie_voice_general_emote_05.wav.import,.import,536,原样
资源/entities/units/enemies/elites/butcher_data.tres,.tres,311,原样
资源/entities/units/enemies/elites/monk_data.tres,.tres,308,原样
资源/entities/units/enemies/elites/rhino_data.tres,.tres,309,原样
资源/entities/units/enemies/enemy.gd.remap,.remap,55,原样
资源/entities/units/enemies/enemy.gdc,.gdc,4686,原样
资源/entities/units/enemies/enemy.tscn,.tscn,2099,原样
资源/entities/units/enemies/enemy_data.gd.remap,.remap,60,原样
资源/entities/units/enemies/enemy_data.gdc,.gdc,200,原样
资源/entities/units/enemies/patrolling_enemy.gd.remap,.remap,66,原样
资源/entities/units/enemies/patrolling_enemy.gdc,.gdc,286,原样
资源/entities/units/movement_behaviors/follow_player_movement_behavior.gd.remap,.remap,92,原样
资源/entities/units/movement_behaviors/follow_player_movement_behavior.gdc,.gdc,489,原样
资源/entities/units/movement_behaviors/follow_rand_pos_around_player_movement_behavior.gd.remap,.remap,108,原样
资源/entities/units/movement_behaviors/follow_rand_pos_around_player_movement_behavior.gdc,.gdc,1175,原样
资源/entities/units/movement_behaviors/movement_behavior.gd.remap,.remap,78,原样
资源/entities/units/movement_behaviors/movement_behavior.gdc,.gdc,249,原样
资源/entities/units/movement_behaviors/patrol_edges_of_map_movement_behavior.gd.remap,.remap,98,原样
资源/entities/units/movement_behaviors/patrol_edges_of_map_movement_behavior.gdc,.gdc,2334,原样
资源/entities/units/movement_behaviors/player_movement_behavior.gd.remap,.remap,85,原样
资源/entities/units/movement_behaviors/player_movement_behavior.gdc,.gdc,1387,原样
资源/entities/units/movement_behaviors/stay_in_range_from_player_movement_behavior.gd.remap,.remap,104,原样
资源/entities/units/movement_behaviors/stay_in_range_from_player_movement_behavior.gdc,.gdc,1092,原样
资源/entities/units/movement_behaviors/target_rand_pos_around_player_movement_behavior.gd.remap,.remap,108,原样
资源/entities/units/movement_behaviors/target_rand_pos_around_player_movement_behavior.gdc,.gdc,1287,原样
资源/entities/units/movement_behaviors/target_rand_pos_movement_behavior.gd.remap,.remap,94,原样
资源/entities/units/movement_behaviors/target_rand_pos_movement_behavior.gdc,.gdc,752,原样
资源/entities/units/neutral/neutral.gd.remap,.remap,57,原样
资源/entities/units/neutral/neutral.gdc,.gdc,1178,原样
资源/entities/units/neutral/neutral.tscn,.tscn,1271,原样
资源/entities/units/neutral/rock.png.import,.import,697,原样
资源/entities/units/neutral/tree.png.import,.import,697,原样
资源/entities/units/neutral/tree.tscn,.tscn,775,原样
资源/entities/units/neutral/tree_stats.tres,.tres,521,原样
资源/entities/units/player/highlight.png.import,.import,711,原样
资源/entities/units/player/hp_regen_sounds/Potion_Grab_01.ogg.import,.import,351,原样
资源/entities/units/player/hp_regen_sounds/Potion_Grab_02.ogg.import,.import,351,原样
资源/entities/units/player/item_attract_area.gd.remap,.remap,66,原样
资源/entities/units/player/item_attract_area.gdc,.gdc,343,原样
资源/entities/units/player/leg_l.tscn,.tscn,270,原样
资源/entities/units/player/leg_r.tscn,.tscn,261,原样
资源/entities/units/player/legs.png.import,.import,696,原样
资源/entities/units/player/player.gd.remap,.remap,55,原样
资源/entities/units/player/player.gdc,.gdc,18380,原样
资源/entities/units/player/player.tscn,.tscn,10797,原样
资源/entities/units/player/player_death.tres,.tres,1480,原样
资源/entities/units/player/player_idle.tres,.tres,3195,原样
资源/entities/units/player/player_move.tres,.tres,4249,原样
资源/entities/units/player/player_stats.tres,.tres,521,原样
资源/entities/units/player/potato.png.import,.import,702,原样
资源/entities/units/player/step_sounds/Step 1.mp3.import,.import,310,原样
资源/entities/units/player/step_sounds/Step 2.mp3.import,.import,310,原样
资源/entities/units/player/step_sounds/Step 3.mp3.import,.import,310,原样
资源/entities/units/player/step_sounds/Step 4.mp3.import,.import,310,原样
资源/entities/units/player/step_sounds/Step 5.mp3.import,.import,310,原样
资源/entities/units/player/step_sounds/Step 6.mp3.import,.import,310,原样
资源/entities/units/player/weapons_container.gd.remap,.remap,66,原样
资源/entities/units/player/weapons_container.gdc,.gdc,3009,原样
资源/entities/units/unit/crit_sounds/bullet_impact_metal_light_01.wav.import,.import,501,原样
资源/entities/units/unit/crit_sounds/bullet_impact_metal_light_02.wav.import,.import,501,原样
资源/entities/units/unit/crit_sounds/bullet_impact_metal_light_03.wav.import,.import,501,原样
资源/entities/units/unit/crit_sounds/bullet_impact_metal_light_05.wav.import,.import,501,原样
资源/entities/units/unit/dodge_sounds/whoosh_swish_small_harsh_02.wav.import,.import,499,原样
资源/entities/units/unit/dodge_sounds/whoosh_swish_small_harsh_03.wav.import,.import,499,原样
资源/entities/units/unit/hit_type.gd.remap,.remap,55,原样
资源/entities/units/unit/hit_type.gdc,.gdc,122,原样
资源/entities/units/unit/hurt_sounds/bullet_impact_body_flesh_05.wav.import,.import,498,原样
资源/entities/units/unit/hurt_sounds/bullet_impact_body_flesh_06.wav.import,.import,498,原样
资源/entities/units/unit/hurt_sounds/bullet_impact_body_flesh_07.wav.import,.import,498,原样
资源/entities/units/unit/hurt_sounds/bullet_impact_body_flesh_08.wav.import,.import,498,原样
资源/entities/units/unit/hurt_sounds/bullet_impact_water_01.wav.import,.import,519,原样
资源/entities/units/unit/hurt_sounds/bullet_impact_water_02.wav.import,.import,519,原样
资源/entities/units/unit/hurt_sounds/punch_general_body_impact_01.wav.import,.import,501,原样
资源/entities/units/unit/hurt_sounds/punch_general_body_impact_02.wav.import,.import,501,原样
资源/entities/units/unit/hurt_sounds/punch_general_body_impact_03.wav.import,.import,501,原样
资源/entities/units/unit/hurt_sounds/punch_general_body_impact_04.wav.import,.import,501,原样
资源/entities/units/unit/hurt_sounds/punch_general_body_impact_05.wav.import,.import,501,原样
资源/entities/units/unit/hurt_sounds/punch_general_body_impact_06.wav.import,.import,501,原样
资源/entities/units/unit/hurt_sounds/punch_general_body_impact_07.wav.import,.import,501,原样
资源/entities/units/unit/hurt_sounds/punch_general_body_impact_08.wav.import,.import,501,原样
资源/entities/units/unit/live_stats.gd.remap,.remap,57,原样
资源/entities/units/unit/live_stats.gdc,.gdc,662,原样
资源/entities/units/unit/stats.gd.remap,.remap,52,原样
资源/entities/units/unit/stats.gdc,.gdc,1201,原样
资源/entities/units/unit/unit.gd.remap,.remap,51,原样
资源/entities/units/unit/unit.gdc,.gdc,13893,原样
资源/entities/units/unit/unit.tscn,.tscn,3618,原样
资源/entities/units/unit/unit_idle.tres,.tres,1380,原样
资源/global/behavior.gd.remap,.remap,42,原样
资源/global/behavior.gdc,.gdc,252,原样
资源/global/direction.gd.remap,.remap,43,原样
资源/global/direction.gdc,.gdc,161,原样
资源/global/effects_manager.gd.remap,.remap,49,原样
资源/global/effects_manager.gdc,.gdc,3609,原样
资源/global/entity_spawner.gd.remap,.remap,48,原样
资源/global/entity_spawner.gdc,.gdc,12881,原样
资源/global/my_camera.gd.remap,.remap,43,原样
资源/global/my_camera.gdc,.gdc,441,原样
资源/global/my_tile_map.gd.remap,.remap,45,原样
资源/global/my_tile_map.gdc,.gdc,1328,原样
资源/global/my_tile_map_limits.gd.remap,.remap,52,原样
资源/global/my_tile_map_limits.gdc,.gdc,471,原样
资源/global/screenshaker.gd.remap,.remap,46,原样
资源/global/screenshaker.gdc,.gdc,1584,原样
资源/global/sorter.gd.remap,.remap,40,原样
资源/global/sorter.gdc,.gdc,297,原样
资源/icon.png.import,.import,674,原样
资源/items/all/acid/acid.png.import,.import,689,原样
资源/items/all/acid/acid_appearance.tres,.tres,321,原样
资源/items/all/acid/acid_data.tres,.tres,747,原样
资源/items/all/acid/acid_effect_1.tres,.tres,275,原样
资源/items/all/acid/acid_effect_2.tres,.tres,275,原样
资源/items/all/acid/acid_icon.png.import,.import,704,原样
资源/items/all/adrenaline/adrenaline.png.import,.import,713,原样
资源/items/all/adrenaline/adrenaline_appearance.tres,.tres,334,原样
资源/items/all/adrenaline/adrenaline_data.tres,.tres,821,原样
资源/items/all/adrenaline/adrenaline_effect_0.tres,.tres,274,原样
资源/items/all/adrenaline/adrenaline_effect_1.tres,.tres,331,原样
资源/items/all/adrenaline/adrenaline_icon.png.import,.import,728,原样
资源/items/all/alien_baby/alien_baby.png.import,.import,713,原样
资源/items/all/alien_baby/alien_baby_appearance.tres,.tres,334,原样
资源/items/all/alien_baby/alien_baby_data.tres,.tres,827,原样
资源/items/all/alien_baby/alien_baby_effect_1.tres,.tres,276,原样
资源/items/all/alien_baby/alien_baby_effect_2.tres,.tres,275,原样
资源/items/all/alien_baby/alien_baby_icon.png.import,.import,728,原样
资源/items/all/alien_eyes/alien_eye_projectile.png.import,.import,743,原样
资源/items/all/alien_eyes/alien_eye_projectile.tscn,.tscn,1338,原样
资源/items/all/alien_eyes/alien_eyes.png.import,.import,713,原样
资源/items/all/alien_eyes/alien_eyes_appearance.tres,.tres,333,原样
资源/items/all/alien_eyes/alien_eyes_data.tres,.tres,706,原样
资源/items/all/alien_eyes/alien_eyes_effect_1.tres,.tres,429,原样
资源/items/all/alien_eyes/alien_eyes_icon.png.import,.import,728,原样
资源/items/all/alien_eyes/alien_eyes_stats.tres,.tres,879,原样
资源/items/all/alien_eyes/bullet_impact_water_01.wav.import,.import,508,原样
资源/items/all/alien_eyes/bullet_impact_water_02.wav.import,.import,508,原样
资源/items/all/alien_magic/alien_magic.png.import,.import,717,原样
资源/items/all/alien_magic/alien_magic_appearance.tres,.tres,335,原样
资源/items/all/alien_magic/alien_magic_data.tres,.tres,956,原样
资源/items/all/alien_magic/alien_magic_effect_1.tres,.tres,275,原样
资源/items/all/alien_magic/alien_magic_effect_2.tres,.tres,284,原样
资源/items/all/alien_magic/alien_magic_effect_3.tres,.tres,274,原样
资源/items/all/alien_magic/alien_magic_icon.png.import,.import,732,原样
资源/items/all/alien_tongue/alien_tongue.png.import,.import,721,原样
资源/items/all/alien_tongue/alien_tongue_appearance.tres,.tres,337,原样
资源/items/all/alien_tongue/alien_tongue_data.tres,.tres,705,原样
资源/items/all/alien_tongue/alien_tongue_effect_1.tres,.tres,296,原样
资源/items/all/alien_tongue/alien_tongue_effect_2.tres,.tres,222,原样
资源/items/all/alien_tongue/alien_tongue_icon.png.import,.import,736,原样
资源/items/all/alien_worm/alien_worm.png.import,.import,713,原样
资源/items/all/alien_worm/alien_worm_appearance.tres,.tres,334,原样
资源/items/all/alien_worm/alien_worm_data.tres,.tres,944,原样
资源/items/all/alien_worm/alien_worm_effect_1.tres,.tres,284,原样
资源/items/all/alien_worm/alien_worm_effect_2.tres,.tres,302,原样
资源/items/all/alien_worm/alien_worm_effect_3.tres,.tres,275,原样
资源/items/all/alien_worm/alien_worm_icon.png.import,.import,728,原样
资源/items/all/alloy/alloy.png.import,.import,693,原样
资源/items/all/alloy/alloy_appearance.tres,.tres,321,原样
资源/items/all/alloy/alloy_data.tres,.tres,1134,原样
资源/items/all/alloy/alloy_effect_1.tres,.tres,281,原样
资源/items/all/alloy/alloy_effect_2.tres,.tres,282,原样
资源/items/all/alloy/alloy_effect_3.tres,.tres,280,原样
资源/items/all/alloy/alloy_effect_4.tres,.tres,280,原样
资源/items/all/alloy/alloy_effect_5.tres,.tres,275,原样
资源/items/all/alloy/alloy_icon.png.import,.import,708,原样
资源/items/all/anvil/anvil.png.import,.import,693,原样
资源/items/all/anvil/anvil_appearance.tres,.tres,322,原样
资源/items/all/anvil/anvil_data.tres,.tres,654,原样
资源/items/all/anvil/anvil_effect_0.tres,.tres,323,原样
资源/items/all/anvil/anvil_icon.png.import,.import,708,原样
资源/items/all/baby_elephant/baby_elephant.png.import,.import,725,原样
资源/items/all/baby_elephant/baby_elephant_appearance.tres,.tres,339,原样
资源/items/all/baby_elephant/baby_elephant_data.tres,.tres,738,原样
资源/items/all/baby_elephant/baby_elephant_effect_1.tres,.tres,358,原样
资源/items/all/baby_elephant/baby_elephant_icon.png.import,.import,740,原样
资源/items/all/baby_gecko/baby_gecko.png.import,.import,713,原样
资源/items/all/baby_gecko/baby_gecko_appearance.tres,.tres,336,原样
资源/items/all/baby_gecko/baby_gecko_data.tres,.tres,801,原样
资源/items/all/baby_gecko/baby_gecko_effect_1.tres,.tres,318,原样
资源/items/all/baby_gecko/baby_gecko_effect_2.tres,.tres,279,原样
资源/items/all/baby_gecko/baby_gecko_icon.png.import,.import,728,原样
资源/items/all/baby_with_a_beard/baby_with_a_beard.png.import,.import,741,原样
资源/items/all/baby_with_a_beard/baby_with_a_beard_appearance.tres,.tres,347,原样
资源/items/all/baby_with_a_beard/baby_with_a_beard_data.tres,.tres,897,原样
资源/items/all/baby_with_a_beard/baby_with_a_beard_effect_1.tres,.tres,452,原样
资源/items/all/baby_with_a_beard/baby_with_a_beard_effect_2.tres,.tres,276,原样
资源/items/all/baby_with_a_beard/baby_with_a_beard_icon.png.import,.import,756,原样
资源/items/all/bag/bag.png.import,.import,685,原样
资源/items/all/bag/bag_appearance.tres,.tres,320,原样
资源/items/all/bag/bag_data.tres,.tres,776,原样
资源/items/all/bag/bag_effect_1.tres,.tres,298,原样
资源/items/all/bag/bag_effect_2.tres,.tres,275,原样
资源/items/all/bag/bag_icon.png.import,.import,700,原样
资源/items/all/bait/bait_0.png.import,.import,695,原样
资源/items/all/bait/bait_1.png.import,.import,695,原样
资源/items/all/bait/bait_appearance_0.tres,.tres,324,原样
资源/items/all/bait/bait_appearance_1.tres,.tres,325,原样
资源/items/all/bait/bait_data.tres,.tres,883,原样
资源/items/all/bait/bait_effect_1.tres,.tres,283,原样
资源/items/all/bait/bait_effect_2.tres,.tres,317,原样
资源/items/all/bait/bait_icon.png.import,.import,704,原样
资源/items/all/bandana/bandana.png.import,.import,701,原样
资源/items/all/bandana/bandana_appearance.tres,.tres,328,原样
资源/items/all/bandana/bandana_data.tres,.tres,784,原样
资源/items/all/bandana/bandana_effect_1.tres,.tres,287,原样
资源/items/all/bandana/bandana_effect_2.tres,.tres,285,原样
资源/items/all/bandana/bandana_icon.png.import,.import,716,原样
资源/items/all/banner/banner.png.import,.import,697,原样
资源/items/all/banner/banner_appearance.tres,.tres,327,原样
资源/items/all/banner/banner_data.tres,.tres,892,原样
资源/items/all/banner/banner_effect_1.tres,.tres,275,原样
资源/items/all/banner/banner_effect_2.tres,.tres,282,原样
资源/items/all/banner/banner_effect_3.tres,.tres,279,原样
资源/items/all/banner/banner_icon.png.import,.import,712,原样
资源/items/all/barricade/barricade.png.import,.import,709,原样
资源/items/all/barricade/barricade_appearance.tres,.tres,332,原样
资源/items/all/barricade/barricade_data.tres,.tres,811,原样
资源/items/all/barricade/barricade_effect_1.tres,.tres,329,原样
资源/items/all/barricade/barricade_effect_2.tres,.tres,275,原样
资源/items/all/barricade/barricade_icon.png.import,.import,724,原样
资源/items/all/bat/bat.png.import,.import,685,原样
资源/items/all/bat/bat_appearance.tres,.tres,321,原样
资源/items/all/bat/bat_data.tres,.tres,740,原样
资源/items/all/bat/bat_effect_1.tres,.tres,278,原样
资源/items/all/bat/bat_effect_2.tres,.tres,280,原样
资源/items/all/bat/bat_icon.png.import,.import,700,原样
资源/items/all/bean_teacher/bean_teacher.png.import,.import,721,原样
资源/items/all/bean_teacher/bean_teacher_appearance.tres,.tres,338,原样
资源/items/all/bean_teacher/bean_teacher_data.tres,.tres,823,原样
资源/items/all/bean_teacher/bean_teacher_effect_1.tres,.tres,272,原样
资源/items/all/bean_teacher/bean_teacher_effect_2.tres,.tres,279,原样
资源/items/all/bean_teacher/bean_teacher_icon.png.import,.import,736,原样
资源/items/all/beanie/beanie.png.import,.import,697,原样
资源/items/all/beanie/beanie_appearance.tres,.tres,326,原样
资源/items/all/beanie/beanie_data.tres,.tres,766,原样
资源/items/all/beanie/beanie_effect_1.tres,.tres,274,原样
资源/items/all/beanie/beanie_effect_2.tres,.tres,275,原样
资源/items/all/beanie/beanie_icon.png.import,.import,712,原样
资源/items/all/big_arms/big_arms.png.import,.import,705,原样
资源/items/all/big_arms/big_arms_appearance.tres,.tres,330,原样
资源/items/all/big_arms/big_arms_data.tres,.tres,1035,原样
资源/items/all/big_arms/big_arms_effect_1.tres,.tres,282,原样
资源/items/all/big_arms/big_arms_effect_2.tres,.tres,282,原样
资源/items/all/big_arms/big_arms_effect_3.tres,.tres,275,原样
资源/items/all/big_arms/big_arms_effect_4.tres,.tres,275,原样
资源/items/all/big_arms/big_arms_icon.png.import,.import,720,原样
资源/items/all/black_belt/black_belt.png.import,.import,713,原样
资源/items/all/black_belt/black_belt_appearance.tres,.tres,334,原样
资源/items/all/black_belt/black_belt_data.tres,.tres,937,原样
资源/items/all/black_belt/black_belt_effect_1.tres,.tres,272,原样
资源/items/all/black_belt/black_belt_effect_2.tres,.tres,281,原样
资源/items/all/black_belt/black_belt_effect_3.tres,.tres,274,原样
资源/items/all/black_belt/black_belt_icon.png.import,.import,728,原样
资源/items/all/blindfold/blindfold.png.import,.import,709,原样
资源/items/all/blindfold/blindfold_appearance.tres,.tres,331,原样
资源/items/all/blindfold/blindfold_data.tres,.tres,927,原样
资源/items/all/blindfold/blindfold_effect_1.tres,.tres,280,原样
资源/items/all/blindfold/blindfold_effect_2.tres,.tres,274,原样
资源/items/all/blindfold/blindfold_effect_3.tres,.tres,276,原样
资源/items/all/blindfold/blindfold_icon.png.import,.import,724,原样
资源/items/all/blood_donation/blood_donation.png.import,.import,729,原样
资源/items/all/blood_donation/blood_donation_appearance.tres,.tres,342,原样
资源/items/all/blood_donation/blood_donation_data.tres,.tres,851,原样
资源/items/all/blood_donation/blood_donation_effect_1.tres,.tres,280,原样
资源/items/all/blood_donation/blood_donation_effect_2.tres,.tres,307,原样
资源/items/all/blood_donation/blood_donation_icon.png.import,.import,744,原样
资源/items/all/blood_leech/blood_leech.png.import,.import,717,原样
资源/items/all/blood_leech/blood_leech_appearance.tres,.tres,335,原样
资源/items/all/blood_leech/blood_leech_data.tres,.tres,959,原样
资源/items/all/blood_leech/blood_leech_effect_1.tres,.tres,278,原样
资源/items/all/blood_leech/blood_leech_effect_2.tres,.tres,284,原样
资源/items/all/blood_leech/blood_leech_effect_3.tres,.tres,280,原样
资源/items/all/blood_leech/blood_leech_icon.png.import,.import,732,原样
资源/items/all/bloody_hand/bloody_hand.png.import,.import,717,原样
资源/items/all/bloody_hand/bloody_hand_appearance.tres,.tres,334,原样
资源/items/all/bloody_hand/bloody_hand_data.tres,.tres,935,原样
资源/items/all/bloody_hand/bloody_hand_effect_1.tres,.tres,279,原样
资源/items/all/bloody_hand/bloody_hand_effect_2.tres,.tres,599,原样
资源/items/all/bloody_hand/bloody_hand_effect_3.tres,.tres,307,原样
资源/items/all/bloody_hand/bloody_hand_icon.png.import,.import,732,原样
资源/items/all/boiling_water/boiling_water.png.import,.import,725,原样
资源/items/all/boiling_water/boiling_water_appearance.tres,.tres,338,原样
资源/items/all/boiling_water/boiling_water_data.tres,.tres,847,原样
资源/items/all/boiling_water/boiling_water_effect_1.tres,.tres,285,原样
资源/items/all/boiling_water/boiling_water_effect_2.tres,.tres,276,原样
资源/items/all/boiling_water/boiling_water_icon.png.import,.import,740,原样
资源/items/all/book/book.png.import,.import,689,原样
资源/items/all/book/book_appearance.tres,.tres,322,原样
资源/items/all/book/book_data.tres,.tres,650,原样
资源/items/all/book/book_effect_1.tres,.tres,280,原样
资源/items/all/book/book_icon.png.import,.import,704,原样
资源/items/all/bowler_hat/bowler_hat.png.import,.import,713,原样
资源/items/all/bowler_hat/bowler_hat_appearance.tres,.tres,334,原样
资源/items/all/bowler_hat/bowler_hat_data.tres,.tres,1051,原样
资源/items/all/bowler_hat/bowler_hat_effect_1.tres,.tres,274,原样
资源/items/all/bowler_hat/bowler_hat_effect_2.tres,.tres,280,原样
资源/items/all/bowler_hat/bowler_hat_effect_3.tres,.tres,282,原样
资源/items/all/bowler_hat/bowler_hat_effect_4.tres,.tres,281,原样
资源/items/all/bowler_hat/bowler_hat_icon.png.import,.import,728,原样
资源/items/all/boxing_glove/boxing_glove.png.import,.import,721,原样
资源/items/all/boxing_glove/boxing_glove_appearance.tres,.tres,338,原样
资源/items/all/boxing_glove/boxing_glove_data.tres,.tres,697,原样
资源/items/all/boxing_glove/boxing_glove_effect_1.tres,.tres,289,原样
资源/items/all/boxing_glove/boxing_glove_icon.png.import,.import,736,原样
资源/items/all/broken_mouth/broken_mouth.png.import,.import,721,原样
资源/items/all/broken_mouth/broken_mouth_appearance.tres,.tres,337,原样
资源/items/all/broken_mouth/broken_mouth_data.tres,.tres,827,原样
资源/items/all/broken_mouth/broken_mouth_effect_1.tres,.tres,275,原样
资源/items/all/broken_mouth/broken_mouth_effect_2.tres,.tres,285,原样
资源/items/all/broken_mouth/broken_mouth_icon.png.import,.import,736,原样
资源/items/all/butterfly/butterfly.png.import,.import,709,原样
资源/items/all/butterfly/butterfly_appearance.tres,.tres,333,原样
资源/items/all/butterfly/butterfly_data.tres,.tres,800,原样
资源/items/all/butterfly/butterfly_effect_1.tres,.tres,278,原样
资源/items/all/butterfly/butterfly_effect_2.tres,.tres,286,原样
资源/items/all/butterfly/butterfly_icon.png.import,.import,724,原样
资源/items/all/cake/cake.png.import,.import,689,原样
资源/items/all/cake/cake_appearance.tres,.tres,321,原样
资源/items/all/cake/cake_data.tres,.tres,747,原样
资源/items/all/cake/cake_effect_1.tres,.tres,275,原样
资源/items/all/cake/cake_effect_2.tres,.tres,284,原样
资源/items/all/cake/cake_icon.png.import,.import,704,原样
资源/items/all/campfire/campfire.png.import,.import,705,原样
资源/items/all/campfire/campfire_appearance.tres,.tres,331,原样
资源/items/all/campfire/campfire_data.tres,.tres,930,原样
资源/items/all/campfire/campfire_effect_1.tres,.tres,285,原样
资源/items/all/campfire/campfire_effect_2.tres,.tres,284,原样
资源/items/all/campfire/campfire_effect_3.tres,.tres,275,原样
资源/items/all/campfire/campfire_icon.png.import,.import,720,原样
资源/items/all/candle/candle.png.import,.import,697,原样
资源/items/all/candle/candle_appearance.tres,.tres,326,原样
资源/items/all/candle/candle_data.tres,.tres,1026,原样
资源/items/all/candle/candle_effect_1.tres,.tres,285,原样
资源/items/all/candle/candle_effect_2.tres,.tres,284,原样
资源/items/all/candle/candle_effect_3.tres,.tres,283,原样
资源/items/all/candle/candle_effect_4.tres,.tres,284,原样
资源/items/all/candle/candle_icon.png.import,.import,712,原样
资源/items/all/cape/cape.png.import,.import,689,原样
资源/items/all/cape/cape_appearance.tres,.tres,323,原样
资源/items/all/cape/cape_data.tres,.tres,1068,原样
资源/items/all/cape/cape_effect_0.tres,.tres,278,原样
资源/items/all/cape/cape_effect_1.tres,.tres,275,原样
资源/items/all/cape/cape_effect_2.tres,.tres,282,原样
资源/items/all/cape/cape_effect_3.tres,.tres,283,原样
资源/items/all/cape/cape_effect_4.tres,.tres,286,原样
资源/items/all/cape/cape_icon.png.import,.import,704,原样
资源/items/all/chameleon/chameleon.png.import,.import,709,原样
资源/items/all/chameleon/chameleon_appearance.tres,.tres,334,原样
资源/items/all/chameleon/chameleon_data.tres,.tres,922,原样
资源/items/all/chameleon/chameleon_effect_0.tres,.tres,274,原样
资源/items/all/chameleon/chameleon_effect_1.tres,.tres,330,原样
资源/items/all/chameleon/chameleon_effect_2.tres,.tres,284,原样
资源/items/all/chameleon/chameleon_icon.png.import,.import,724,原样
资源/items/all/charcoal/charcoal.png.import,.import,705,原样
资源/items/all/charcoal/charcoal_appearance.tres,.tres,328,原样
资源/items/all/charcoal/charcoal_data.tres,.tres,927,原样
资源/items/all/charcoal/charcoal_effect_1.tres,.tres,285,原样
资源/items/all/charcoal/charcoal_effect_2.tres,.tres,281,原样
资源/items/all/charcoal/charcoal_effect_3.tres,.tres,280,原样
资源/items/all/charcoal/charcoal_icon.png.import,.import,720,原样
资源/items/all/claw_tree/claw_tree.png.import,.import,709,原样
资源/items/all/claw_tree/claw_tree_appearance.tres,.tres,332,原样
资源/items/all/claw_tree/claw_tree_data.tres,.tres,934,原样
资源/items/all/claw_tree/claw_tree_effect_1.tres,.tres,281,原样
资源/items/all/claw_tree/claw_tree_effect_2.tres,.tres,280,原样
资源/items/all/claw_tree/claw_tree_effect_3.tres,.tres,276,原样
资源/items/all/claw_tree/claw_tree_icon.png.import,.import,724,原样
资源/items/all/clover/clover.png.import,.import,697,原样
资源/items/all/clover/clover_appearance.tres,.tres,326,原样
资源/items/all/clover/clover_data.tres,.tres,885,原样
资源/items/all/clover/clover_effect_1.tres,.tres,274,原样
资源/items/all/clover/clover_effect_2.tres,.tres,274,原样
资源/items/all/clover/clover_effect_3.tres,.tres,279,原样
资源/items/all/clover/clover_icon.png.import,.import,712,原样
资源/items/all/coffee/coffee.png.import,.import,697,原样
资源/items/all/coffee/coffee_appearance.tres,.tres,325,原样
资源/items/all/coffee/coffee_data.tres,.tres,773,原样
资源/items/all/coffee/coffee_effect_1.tres,.tres,282,原样
资源/items/all/coffee/coffee_effect_2.tres,.tres,284,原样
资源/items/all/coffee/coffee_icon.png.import,.import,712,原样
资源/items/all/cog/cog.png.import,.import,685,原样
资源/items/all/cog/cog_appearance.tres,.tres,318,原样
资源/items/all/cog/cog_data.tres,.tres,742,原样
资源/items/all/cog/cog_effect_1.tres,.tres,280,原样
资源/items/all/cog/cog_effect_2.tres,.tres,284,原样
资源/items/all/cog/cog_icon.png.import,.import,700,原样
资源/items/all/community_support/community_support.png.import,.import,741,原样
资源/items/all/community_support/community_support_appearance.tres,.tres,348,原样
资源/items/all/community_support/community_support_data.tres,.tres,865,原样
资源/items/all/community_support/community_support_effect_1.tres,.tres,596,原样
资源/items/all/community_support/community_support_effect_2.tres,.tres,275,原样
资源/items/all/community_support/community_support_icon.png.import,.import,756,原样
资源/items/all/compass/compass.png.import,.import,701,原样
资源/items/all/compass/compass_appearance.tres,.tres,327,原样
资源/items/all/compass/compass_data.tres,.tres,797,原样
资源/items/all/compass/compass_effect_1.tres,.tres,274,原样
资源/items/all/compass/compass_effect_2.tres,.tres,280,原样
资源/items/all/compass/compass_effect_3.tres,.tres,281,原样
资源/items/all/compass/compass_icon.png.import,.import,716,原样
资源/items/all/coupon/coupon.png.import,.import,697,原样
资源/items/all/coupon/coupon_appearance.tres,.tres,327,原样
资源/items/all/coupon/coupon_data.tres,.tres,672,原样
资源/items/all/coupon/coupon_effect_1.tres,.tres,276,原样
资源/items/all/coupon/coupon_icon.png.import,.import,712,原样
资源/items/all/crown/crown.png.import,.import,693,原样
资源/items/all/crown/crown_appearance.tres,.tres,324,原样
资源/items/all/crown/crown_data.tres,.tres,669,原样
资源/items/all/crown/crown_effect_1.tres,.tres,305,原样
资源/items/all/crown/crown_icon.png.import,.import,708,原样
资源/items/all/cute_monkey/cute_monkey.png.import,.import,717,原样
资源/items/all/cute_monkey/cute_monkey_2.png.import,.import,723,原样
资源/items/all/cute_monkey/cute_monkey_appearance_1.tres,.tres,336,原样
资源/items/all/cute_monkey/cute_monkey_appearance_2.tres,.tres,339,原样
资源/items/all/cute_monkey/cute_monkey_data.tres,.tres,949,原样
资源/items/all/cute_monkey/cute_monkey_effect_1.tres,.tres,313,原样
资源/items/all/cute_monkey/cute_monkey_effect_2.tres,.tres,283,原样
资源/items/all/cute_monkey/cute_monkey_icon.png.import,.import,732,原样
资源/items/all/cyberball/cyberball.png.import,.import,709,原样
资源/items/all/cyberball/cyberball_appearance.tres,.tres,330,原样
资源/items/all/cyberball/cyberball_data.tres,.tres,696,原样
资源/items/all/cyberball/cyberball_effect_1.tres,.tres,346,原样
资源/items/all/cyberball/cyberball_icon.png.import,.import,724,原样
资源/items/all/cyclops_worm/cyclops_worm.png.import,.import,721,原样
资源/items/all/cyclops_worm/cyclops_worm_appearance.tres,.tres,337,原样
资源/items/all/cyclops_worm/cyclops_worm_data.tres,.tres,835,原样
资源/items/all/cyclops_worm/cyclops_worm_effect_1.tres,.tres,284,原样
资源/items/all/cyclops_worm/cyclops_worm_effect_2.tres,.tres,276,原样
资源/items/all/cyclops_worm/cyclops_worm_icon.png.import,.import,736,原样
资源/items/all/dangerous_bunny/dangerous_bunny.png.import,.import,733,原样
资源/items/all/dangerous_bunny/dangerous_bunny_appearance.tres,.tres,344,原样
资源/items/all/dangerous_bunny/dangerous_bunny_data.tres,.tres,745,原样
资源/items/all/dangerous_bunny/dangerous_bunny_effect_0.tres,.tres,299,原样
资源/items/all/dangerous_bunny/dangerous_bunny_icon.png.import,.import,748,原样
资源/items/all/defective_steroids/defective_steroids.png.import,.import,745,原样
资源/items/all/defective_steroids/defective_steroids_appearance.tres,.tres,350,原样
资源/items/all/defective_steroids/defective_steroids_data.tres,.tres,1037,原样
资源/items/all/defective_steroids/defective_steroids_effect_1.tres,.tres,281,原样
资源/items/all/defective_steroids/defective_steroids_effect_2.tres,.tres,282,原样
资源/items/all/defective_steroids/defective_steroids_effect_3.tres,.tres,275,原样
资源/items/all/defective_steroids/defective_steroids_icon.png.import,.import,760,原样
资源/items/all/diploma/diploma.png.import,.import,701,原样
资源/items/all/diploma/diploma_appearance.tres,.tres,328,原样
资源/items/all/diploma/diploma_data.tres,.tres,900,原样
资源/items/all/diploma/diploma_effect_1.tres,.tres,281,原样
资源/items/all/diploma/diploma_effect_2.tres,.tres,272,原样
资源/items/all/diploma/diploma_effect_3.tres,.tres,276,原样
资源/items/all/diploma/diploma_icon.png.import,.import,716,原样
资源/items/all/duct_tape/duct_tape.png.import,.import,709,原样
资源/items/all/duct_tape/duct_tape_appearance.tres,.tres,330,原样
资源/items/all/duct_tape/duct_tape_data.tres,.tres,927,原样
资源/items/all/duct_tape/duct_tape_effect_1.tres,.tres,274,原样
资源/items/all/duct_tape/duct_tape_effect_2.tres,.tres,280,原样
资源/items/all/duct_tape/duct_tape_effect_3.tres,.tres,276,原样
资源/items/all/duct_tape/duct_tape_icon.png.import,.import,724,原样
资源/items/all/dynamite/dynamite.png.import,.import,705,原样
资源/items/all/dynamite/dynamite_appearance.tres,.tres,330,原样
资源/items/all/dynamite/dynamite_data.tres,.tres,676,原样
资源/items/all/dynamite/dynamite_effect_1.tres,.tres,281,原样
资源/items/all/dynamite/dynamite_icon.png.import,.import,720,原样
资源/items/all/energy_bracelet/energy_bracelet.png.import,.import,733,原样
资源/items/all/energy_bracelet/energy_bracelet_appearance.tres,.tres,344,原样
资源/items/all/energy_bracelet/energy_bracelet_data.tres,.tres,1010,原样
资源/items/all/energy_bracelet/energy_bracelet_effect_1.tres,.tres,280,原样
资源/items/all/energy_bracelet/energy_bracelet_effect_2.tres,.tres,285,原样
资源/items/all/energy_bracelet/energy_bracelet_effect_3.tres,.tres,283,原样
资源/items/all/energy_bracelet/energy_bracelet_icon.png.import,.import,748,原样
资源/items/all/estys_couch/estys_couch.png.import,.import,717,原样
资源/items/all/estys_couch/estys_couch_appearance.tres,.tres,337,原样
资源/items/all/estys_couch/estys_couch_data.tres,.tres,956,原样
资源/items/all/estys_couch/estys_couch_effect_1.tres,.tres,876,原样
资源/items/all/estys_couch/estys_couch_effect_2.tres,.tres,275,原样
资源/items/all/estys_couch/estys_couch_effect_3.tres,.tres,276,原样
资源/items/all/estys_couch/estys_couch_icon.png.import,.import,732,原样
资源/items/all/exoskeleton/exoskeleton_1.png.import,.import,723,原样
资源/items/all/exoskeleton/exoskeleton_2.png.import,.import,723,原样
资源/items/all/exoskeleton/exoskeleton_appearance_1.tres,.tres,338,原样
资源/items/all/exoskeleton/exoskeleton_appearance_2.tres,.tres,338,原样
资源/items/all/exoskeleton/exoskeleton_data.tres,.tres,1454,原样
资源/items/all/exoskeleton/exoskeleton_effect_1.tres,.tres,274,原样
资源/items/all/exoskeleton/exoskeleton_effect_2.tres,.tres,280,原样
资源/items/all/exoskeleton/exoskeleton_effect_3.tres,.tres,280,原样
资源/items/all/exoskeleton/exoskeleton_effect_4.tres,.tres,274,原样
资源/items/all/exoskeleton/exoskeleton_effect_5.tres,.tres,285,原样
资源/items/all/exoskeleton/exoskeleton_effect_6.tres,.tres,279,原样
资源/items/all/exoskeleton/exoskeleton_icon.png.import,.import,732,原样
资源/items/all/explosive_shells/explosive_shells_data.tres,.tres,742,原样
资源/items/all/explosive_shells/explosive_shells_effect_1.tres,.tres,281,原样
资源/items/all/explosive_shells/explosive_shells_effect_2.tres,.tres,285,原样
资源/items/all/explosive_shells/explosive_shells_icon.png.import,.import,752,原样
资源/items/all/extra_stomach/extra_stomach.png.import,.import,725,原样
资源/items/all/extra_stomach/extra_stomach_appearance.tres,.tres,340,原样
资源/items/all/extra_stomach/extra_stomach_data.tres,.tres,743,原样
资源/items/all/extra_stomach/extra_stomach_effect_1.tres,.tres,371,原样
资源/items/all/extra_stomach/extra_stomach_icon.png.import,.import,740,原样
资源/items/all/eyes_surgery/eye_surgery.png.import,.import,718,原样
资源/items/all/eyes_surgery/eye_surgery_appearance.tres,.tres,336,原样
资源/items/all/eyes_surgery/eye_surgery_data.tres,.tres,832,原样
资源/items/all/eyes_surgery/eye_surgery_effect_1.tres,.tres,324,原样
资源/items/all/eyes_surgery/eye_surgery_effect_2.tres,.tres,276,原样
资源/items/all/eyes_surgery/eye_surgery_icon.png.import,.import,733,原样
资源/items/all/fertilizer/fertilizer.png.import,.import,713,原样
资源/items/all/fertilizer/fertilizer_appearance.tres,.tres,334,原样
资源/items/all/fertilizer/fertilizer_data.tres,.tres,811,原样
资源/items/all/fertilizer/fertilizer_effect_1.tres,.tres,279,原样
资源/items/all/fertilizer/fertilizer_effect_2.tres,.tres,282,原样
资源/items/all/fertilizer/fertilizer_icon.png.import,.import,728,原样
资源/items/all/fin/fin.png.import,.import,685,原样
资源/items/all/fin/fin_appearance.tres,.tres,319,原样
资源/items/all/fin/fin_data.tres,.tres,854,原样
资源/items/all/fin/fin_effect_1.tres,.tres,275,原样
资源/items/all/fin/fin_effect_2.tres,.tres,278,原样
资源/items/all/fin/fin_effect_3.tres,.tres,274,原样
资源/items/all/fin/fin_icon.png.import,.import,700,原样
资源/items/all/focus/focus.png.import,.import,693,原样
资源/items/all/focus/focus_appearance.tres,.tres,322,原样
资源/items/all/focus/focus_data.tres,.tres,767,原样
资源/items/all/focus/focus_effect_1.tres,.tres,284,原样
资源/items/all/focus/focus_effect_2.tres,.tres,538,原样
资源/items/all/focus/focus_icon.png.import,.import,708,原样
资源/items/all/fuel_tank/fuel_tank.png.import,.import,709,原样
资源/items/all/fuel_tank/fuel_tank_appearance.tres,.tres,332,原样
资源/items/all/fuel_tank/fuel_tank_data.tres,.tres,918,原样
资源/items/all/fuel_tank/fuel_tank_effect_1.tres,.tres,285,原样
资源/items/all/fuel_tank/fuel_tank_effect_2.tres,.tres,282,原样
资源/items/all/fuel_tank/fuel_tank_effect_3.tres,.tres,283,原样
资源/items/all/fuel_tank/fuel_tank_icon.png.import,.import,724,原样
资源/items/all/gambling_token/gambling_token.png.import,.import,729,原样
资源/items/all/gambling_token/gambling_token_appearance.tres,.tres,340,原样
资源/items/all/gambling_token/gambling_token_data.tres,.tres,846,原样
资源/items/all/gambling_token/gambling_token_effect_1.tres,.tres,274,原样
资源/items/all/gambling_token/gambling_token_effect_2.tres,.tres,275,原样
资源/items/all/gambling_token/gambling_token_icon.png.import,.import,744,原样
资源/items/all/garden/garden_data.tres,.tres,544,原样
资源/items/all/garden/garden_effect_1.tres,.tres,685,原样
资源/items/all/garden/garden_icon.png.import,.import,712,原样
资源/items/all/garden/garden_ingame.png.import,.import,718,原样
资源/items/all/gentle_alien/gentle_alien.png.import,.import,721,原样
资源/items/all/gentle_alien/gentle_alien_appearance.tres,.tres,338,原样
资源/items/all/gentle_alien/gentle_alien_data.tres,.tres,983,原样
资源/items/all/gentle_alien/gentle_alien_effect_1.tres,.tres,283,原样
资源/items/all/gentle_alien/gentle_alien_effect_2.tres,.tres,281,原样
资源/items/all/gentle_alien/gentle_alien_effect_3.tres,.tres,275,原样
资源/items/all/gentle_alien/gentle_alien_icon.png.import,.import,736,原样
资源/items/all/giant_belt/giant_belt.png.import,.import,713,原样
资源/items/all/giant_belt/giant_belt_appearance.tres,.tres,334,原样
资源/items/all/giant_belt/giant_belt_data.tres,.tres,712,原样
资源/items/all/giant_belt/giant_belt_effect_1.tres,.tres,515,原样
资源/items/all/giant_belt/giant_belt_icon.png.import,.import,728,原样
资源/items/all/glass_cannon/glass_cannon.png.import,.import,721,原样
资源/items/all/glass_cannon/glass_cannon_appearance.tres,.tres,338,原样
资源/items/all/glass_cannon/glass_cannon_data.tres,.tres,835,原样
资源/items/all/glass_cannon/glass_cannon_effect_1.tres,.tres,284,原样
资源/items/all/glass_cannon/glass_cannon_effect_2.tres,.tres,275,原样
资源/items/all/glass_cannon/glass_cannon_icon.png.import,.import,736,原样
资源/items/all/glasses/glasses.png.import,.import,701,原样
资源/items/all/glasses/glasses_appearance.tres,.tres,328,原样
资源/items/all/glasses/glasses_data.tres,.tres,669,原样
资源/items/all/glasses/glasses_effect_1.tres,.tres,275,原样
资源/items/all/glasses/glasses_icon.png.import,.import,716,原样
资源/items/all/gnome/gnome.png.import,.import,693,原样
资源/items/all/gnome/gnome_appearance.tres,.tres,324,原样
资源/items/all/gnome/gnome_data.tres,.tres,996,原样
资源/items/all/gnome/gnome_effect_1.tres,.tres,282,原样
资源/items/all/gnome/gnome_effect_2.tres,.tres,285,原样
资源/items/all/gnome/gnome_effect_3.tres,.tres,276,原样
资源/items/all/gnome/gnome_effect_4.tres,.tres,297,原样
资源/items/all/gnome/gnome_icon.png.import,.import,708,原样
资源/items/all/goat_skull/goat_skull_a.png.import,.import,719,原样
资源/items/all/goat_skull/goat_skull_appearance_a.tres,.tres,336,原样
资源/items/all/goat_skull/goat_skull_appearance_b.tres,.tres,336,原样
资源/items/all/goat_skull/goat_skull_b.png.import,.import,719,原样
资源/items/all/goat_skull/goat_skull_data.tres,.tres,932,原样
资源/items/all/goat_skull/goat_skull_effect_1.tres,.tres,281,原样
资源/items/all/goat_skull/goat_skull_effect_2.tres,.tres,281,原样
资源/items/all/goat_skull/goat_skull_icon.png.import,.import,728,原样
资源/items/all/grinds_magical_leaf/grinds_magical_leaf.png.import,.import,749,原样
资源/items/all/grinds_magical_leaf/grinds_magical_leaf_appearance.tres,.tres,352,原样
资源/items/all/grinds_magical_leaf/grinds_magical_leaf_data.tres,.tres,1083,原样
资源/items/all/grinds_magical_leaf/grinds_magical_leaf_effect_1.tres,.tres,320,原样
资源/items/all/grinds_magical_leaf/grinds_magical_leaf_effect_2.tres,.tres,329,原样
资源/items/all/grinds_magical_leaf/grinds_magical_leaf_effect_3.tres,.tres,323,原样
资源/items/all/grinds_magical_leaf/grinds_magical_leaf_icon.png.import,.import,764,原样
资源/items/all/gummy_berserker/gummy_berserker.png.import,.import,733,原样
资源/items/all/gummy_berserker/gummy_berserker_appearance.tres,.tres,343,原样
资源/items/all/gummy_berserker/gummy_berserker_data.tres,.tres,1000,原样
资源/items/all/gummy_berserker/gummy_berserker_effect_1.tres,.tres,281,原样
资源/items/all/gummy_berserker/gummy_berserker_effect_2.tres,.tres,275,原样
资源/items/all/gummy_berserker/gummy_berserker_effect_3.tres,.tres,275,原样
资源/items/all/gummy_berserker/gummy_berserker_icon.png.import,.import,748,原样
资源/items/all/handcuffs/handcuffs.png.import,.import,709,原样
资源/items/all/handcuffs/handcuffs_appearance.tres,.tres,332,原样
资源/items/all/handcuffs/handcuffs_data.tres,.tres,1071,原样
资源/items/all/handcuffs/handcuffs_effect_1.tres,.tres,281,原样
资源/items/all/handcuffs/handcuffs_effect_2.tres,.tres,282,原样
资源/items/all/handcuffs/handcuffs_effect_3.tres,.tres,285,原样
资源/items/all/handcuffs/handcuffs_effect_4.tres,.tres,350,原样
资源/items/all/handcuffs/handcuffs_icon.png.import,.import,724,原样
资源/items/all/head_injury/head_injury.png.import,.import,717,原样
资源/items/all/head_injury/head_injury_appearance.tres,.tres,335,原样
资源/items/all/head_injury/head_injury_data.tres,.tres,825,原样
资源/items/all/head_injury/head_injury_effect_1.tres,.tres,283,原样
资源/items/all/head_injury/head_injury_effect_2.tres,.tres,275,原样
资源/items/all/head_injury/head_injury_icon.png.import,.import,732,原样
资源/items/all/heavy_bullets/heavy_bullets_data.tres,.tres,1120,原样
资源/items/all/heavy_bullets/heavy_bullets_effect_1.tres,.tres,282,原样
资源/items/all/heavy_bullets/heavy_bullets_effect_2.tres,.tres,284,原样
资源/items/all/heavy_bullets/heavy_bullets_effect_3.tres,.tres,275,原样
资源/items/all/heavy_bullets/heavy_bullets_effect_4.tres,.tres,283,原样
资源/items/all/heavy_bullets/heavy_bullets_effect_5.tres,.tres,281,原样
资源/items/all/heavy_bullets/heavy_bullets_icon.png.import,.import,740,原样
资源/items/all/hedgehog/hedgehog.png.import,.import,705,原样
资源/items/all/hedgehog/hedgehog_appearance.tres,.tres,330,原样
资源/items/all/hedgehog/hedgehog_data.tres,.tres,924,原样
资源/items/all/hedgehog/hedgehog_effect_1.tres,.tres,281,原样
资源/items/all/hedgehog/hedgehog_effect_2.tres,.tres,282,原样
资源/items/all/hedgehog/hedgehog_effect_3.tres,.tres,285,原样
资源/items/all/hedgehog/hedgehog_icon.png.import,.import,720,原样
资源/items/all/helmet/helmet.png.import,.import,697,原样
资源/items/all/helmet/helmet_appearance.tres,.tres,326,原样
资源/items/all/helmet/helmet_data.tres,.tres,766,原样
资源/items/all/helmet/helmet_effect_1.tres,.tres,274,原样
资源/items/all/helmet/helmet_effect_2.tres,.tres,275,原样
资源/items/all/helmet/helmet_icon.png.import,.import,712,原样
资源/items/all/hunting_trophy/hunting_trophy_1.png.import,.import,735,原样
资源/items/all/hunting_trophy/hunting_trophy_2.png.import,.import,735,原样
资源/items/all/hunting_trophy/hunting_trophy_appearance_1.tres,.tres,344,原样
资源/items/all/hunting_trophy/hunting_trophy_appearance_2.tres,.tres,343,原样
资源/items/all/hunting_trophy/hunting_trophy_data.tres,.tres,875,原样
资源/items/all/hunting_trophy/hunting_trophy_effect_1.tres,.tres,323,原样
资源/items/all/hunting_trophy/hunting_trophy_icon.png.import,.import,744,原样
资源/items/all/improved_tools/improved_tools.png.import,.import,729,原样
资源/items/all/improved_tools/improved_tools_appearance.tres,.tres,342,原样
资源/items/all/improved_tools/improved_tools_data.tres,.tres,857,原样
资源/items/all/improved_tools/improved_tools_effect_0.tres,.tres,282,原样
资源/items/all/improved_tools/improved_tools_effect_1.tres,.tres,693,原样
资源/items/all/improved_tools/improved_tools_icon.png.import,.import,744,原样
资源/items/all/injection/injection.png.import,.import,709,原样
资源/items/all/injection/injection_appearance.tres,.tres,332,原样
资源/items/all/injection/injection_data.tres,.tres,805,原样
资源/items/all/injection/injection_effect_1.tres,.tres,283,原样
资源/items/all/injection/injection_effect_2.tres,.tres,276,原样
资源/items/all/injection/injection_icon.png.import,.import,724,原样
资源/items/all/insanity/insanity.png.import,.import,705,原样
资源/items/all/insanity/insanity_appearance.tres,.tres,329,原样
资源/items/all/insanity/insanity_data.tres,.tres,792,原样
资源/items/all/insanity/insanity_effect_1.tres,.tres,280,原样
资源/items/all/insanity/insanity_effect_2.tres,.tres,284,原样
资源/items/all/insanity/insanity_icon.png.import,.import,720,原样
资源/items/all/jetpack/jetpack.png.import,.import,701,原样
资源/items/all/jetpack/jetpack_appearance.tres,.tres,329,原样
资源/items/all/jetpack/jetpack_data.tres,.tres,1005,原样
资源/items/all/jetpack/jetpack_effect_1.tres,.tres,275,原样
资源/items/all/jetpack/jetpack_effect_2.tres,.tres,275,原样
资源/items/all/jetpack/jetpack_effect_3.tres,.tres,276,原样
资源/items/all/jetpack/jetpack_effect_4.tres,.tres,275,原样
资源/items/all/jetpack/jetpack_icon.png.import,.import,716,原样
资源/items/all/landmines/landmine_exploding_effect.tres,.tres,481,原样
资源/items/all/landmines/landmine_stats.tres,.tres,746,原样
资源/items/all/landmines/landmines_data.tres,.tres,593,原样
资源/items/all/landmines/landmines_effect_1.tres,.tres,724,原样
资源/items/all/landmines/landmines_icon.png.import,.import,724,原样
资源/items/all/leather_vest/leather_vest.png.import,.import,721,原样
资源/items/all/leather_vest/leather_vest_appearance.tres,.tres,338,原样
资源/items/all/leather_vest/leather_vest_data.tres,.tres,957,原样
资源/items/all/leather_vest/leather_vest_effect_1.tres,.tres,274,原样
资源/items/all/leather_vest/leather_vest_effect_2.tres,.tres,274,原样
资源/items/all/leather_vest/leather_vest_effect_3.tres,.tres,276,原样
资源/items/all/leather_vest/leather_vest_icon.png.import,.import,736,原样
资源/items/all/lemonade/lemonade.png.import,.import,705,原样
资源/items/all/lemonade/lemonade_appearance.tres,.tres,330,原样
资源/items/all/lemonade/lemonade_data.tres,.tres,676,原样
资源/items/all/lemonade/lemonade_effect_1.tres,.tres,301,原样
资源/items/all/lemonade/lemonade_icon.png.import,.import,720,原样
资源/items/all/lens/lens.png.import,.import,689,原样
资源/items/all/lens/lens_appearance.tres,.tres,321,原样
资源/items/all/lens/lens_data.tres,.tres,754,原样
资源/items/all/lens/lens_effect_1.tres,.tres,282,原样
资源/items/all/lens/lens_effect_2.tres,.tres,275,原样
资源/items/all/lens/lens_icon.png.import,.import,704,原样
资源/items/all/little_frog/little_frog.png.import,.import,717,原样
资源/items/all/little_frog/little_frog_appearance.tres,.tres,335,原样
资源/items/all/little_frog/little_frog_data.tres,.tres,946,原样
资源/items/all/little_frog/little_frog_effect_1.tres,.tres,296,原样
资源/items/all/little_frog/little_frog_effect_2.tres,.tres,280,原样
资源/items/all/little_frog/little_frog_effect_3.tres,.tres,275,原样
资源/items/all/little_frog/little_frog_icon.png.import,.import,732,原样
资源/items/all/little_muscley_dude/little_muscley_dude.png.import,.import,749,原样
资源/items/all/little_muscley_dude/little_muscley_dude_appearance.tres,.tres,352,原样
资源/items/all/little_muscley_dude/little_muscley_dude_data.tres,.tres,1049,原样
资源/items/all/little_muscley_dude/little_muscley_dude_effect_1.tres,.tres,281,原样
资源/items/all/little_muscley_dude/little_muscley_dude_effect_2.tres,.tres,275,原样
资源/items/all/little_muscley_dude/little_muscley_dude_effect_3.tres,.tres,276,原样
资源/items/all/little_muscley_dude/little_muscley_dude_icon.png.import,.import,764,原样
资源/items/all/lost_duck/lost_duck.png.import,.import,709,原样
资源/items/all/lost_duck/lost_duck_appearance.tres,.tres,331,原样
资源/items/all/lost_duck/lost_duck_data.tres,.tres,795,原样
资源/items/all/lost_duck/lost_duck_effect_1.tres,.tres,274,原样
资源/items/all/lost_duck/lost_duck_effect_2.tres,.tres,286,原样
资源/items/all/lost_duck/lost_duck_icon.png.import,.import,724,原样
资源/items/all/lucky_charm/lucky_charm.png.import,.import,717,原样
资源/items/all/lucky_charm/lucky_charm_appearance.tres,.tres,336,原样
资源/items/all/lucky_charm/lucky_charm_data.tres,.tres,931,原样
资源/items/all/lucky_charm/lucky_charm_effect_1.tres,.tres,274,原样
资源/items/all/lucky_charm/lucky_charm_effect_2.tres,.tres,282,原样
资源/items/all/lucky_charm/lucky_charm_effect_3.tres,.tres,283,原样
资源/items/all/lucky_charm/lucky_charm_icon.png.import,.import,732,原样
资源/items/all/lucky_coin/lucky_coin_data.tres,.tres,712,原样
资源/items/all/lucky_coin/lucky_coin_effect_1.tres,.tres,591,原样
资源/items/all/lucky_coin/lucky_coin_effect_2.tres,.tres,275,原样
资源/items/all/lucky_coin/lucky_coin_icon.png.import,.import,728,原样
资源/items/all/lumberjack_shirt/lumberjack_shirt.png.import,.import,737,原样
资源/items/all/lumberjack_shirt/lumberjack_shirt_appearance.tres,.tres,346,原样
资源/items/all/lumberjack_shirt/lumberjack_shirt_data.tres,.tres,741,原样
资源/items/all/lumberjack_shirt/lumberjack_shirt_effect_1.tres,.tres,299,原样
资源/items/all/lumberjack_shirt/lumberjack_shirt_icon.png.import,.import,752,原样
资源/items/all/mammoth/mammoth.png.import,.import,701,原样
资源/items/all/mammoth/mammoth_appearance.tres,.tres,327,原样
资源/items/all/mammoth/mammoth_data.tres,.tres,1022,原样
资源/items/all/mammoth/mammoth_effect_1.tres,.tres,282,原样
资源/items/all/mammoth/mammoth_effect_2.tres,.tres,284,原样
资源/items/all/mammoth/mammoth_effect_3.tres,.tres,284,原样
资源/items/all/mammoth/mammoth_effect_4.tres,.tres,275,原样
资源/items/all/mammoth/mammoth_icon.png.import,.import,716,原样
资源/items/all/mastery/mastery.png.import,.import,701,原样
资源/items/all/mastery/mastery_appearance.tres,.tres,327,原样
资源/items/all/mastery/mastery_data.tres,.tres,783,原样
资源/items/all/mastery/mastery_effect_1.tres,.tres,281,原样
资源/items/all/mastery/mastery_effect_2.tres,.tres,283,原样
资源/items/all/mastery/mastery_icon.png.import,.import,716,原样
资源/items/all/medal/medal.png.import,.import,693,原样
资源/items/all/medal/medal_appearance.tres,.tres,324,原样
资源/items/all/medal/medal_data.tres,.tres,1117,原样
资源/items/all/medal/medal_effect_1.tres,.tres,275,原样
资源/items/all/medal/medal_effect_2.tres,.tres,283,原样
资源/items/all/medal/medal_effect_3.tres,.tres,274,原样
资源/items/all/medal/medal_effect_4.tres,.tres,274,原样
资源/items/all/medal/medal_effect_5.tres,.tres,281,原样
资源/items/all/medal/medal_icon.png.import,.import,708,原样
资源/items/all/medikit/medikit.png.import,.import,701,原样
资源/items/all/medikit/medikit_appearance.tres,.tres,327,原样
资源/items/all/medikit/medikit_data.tres,.tres,787,原样
资源/items/all/medikit/medikit_effect_1.tres,.tres,285,原样
资源/items/all/medikit/medikit_effect_2.tres,.tres,275,原样
资源/items/all/medikit/medikit_icon.png.import,.import,716,原样
资源/items/all/metal_detector/metal_detector.png.import,.import,729,原样
资源/items/all/metal_detector/metal_detector_appearance.tres,.tres,342,原样
资源/items/all/metal_detector/metal_detector_data.tres,.tres,1144,原样
资源/items/all/metal_detector/metal_detector_effect_1.tres,.tres,307,原样
资源/items/all/metal_detector/metal_detector_effect_2.tres,.tres,273,原样
资源/items/all/metal_detector/metal_detector_effect_3.tres,.tres,280,原样
资源/items/all/metal_detector/metal_detector_effect_4.tres,.tres,284,原样
资源/items/all/metal_detector/metal_detector_icon.png.import,.import,744,原样
资源/items/all/metal_plate/metal_plate.png.import,.import,717,原样
资源/items/all/metal_plate/metal_plate_appearance.tres,.tres,335,原样
资源/items/all/metal_plate/metal_plate_data.tres,.tres,816,原样
资源/items/all/metal_plate/metal_plate_effect_1.tres,.tres,274,原样
资源/items/all/metal_plate/metal_plate_effect_2.tres,.tres,284,原样
资源/items/all/metal_plate/metal_plate_icon.png.import,.import,732,原样
资源/items/all/missile/missile.png.import,.import,701,原样
资源/items/all/missile/missile_appearance.tres,.tres,328,原样
资源/items/all/missile/missile_data.tres,.tres,785,原样
资源/items/all/missile/missile_effect_1.tres,.tres,284,原样
资源/items/all/missile/missile_effect_2.tres,.tres,282,原样
资源/items/all/missile/missile_icon.png.import,.import,716,原样
资源/items/all/mouse/mouse.png.import,.import,693,原样
资源/items/all/mouse/mouse_appearance.tres,.tres,323,原样
资源/items/all/mouse/mouse_data.tres,.tres,878,原样
资源/items/all/mouse/mouse_effect_1.tres,.tres,278,原样
资源/items/all/mouse/mouse_effect_2.tres,.tres,282,原样
资源/items/all/mouse/mouse_effect_3.tres,.tres,280,原样
资源/items/all/mouse/mouse_icon.png.import,.import,708,原样
资源/items/all/mushroom/mushroom.png.import,.import,705,原样
资源/items/all/mushroom/mushroom_appearance.tres,.tres,330,原样
资源/items/all/mushroom/mushroom_data.tres,.tres,796,原样
资源/items/all/mushroom/mushroom_effect_1.tres,.tres,284,原样
资源/items/all/mushroom/mushroom_effect_2.tres,.tres,274,原样
资源/items/all/mushroom/mushroom_icon.png.import,.import,720,原样
资源/items/all/mutation/mutation.png.import,.import,705,原样
资源/items/all/mutation/mutation_appearance.tres,.tres,330,原样
资源/items/all/mutation/mutation_data.tres,.tres,928,原样
资源/items/all/mutation/mutation_effect_1.tres,.tres,282,原样
资源/items/all/mutation/mutation_effect_2.tres,.tres,285,原样
资源/items/all/mutation/mutation_effect_3.tres,.tres,275,原样
资源/items/all/mutation/mutation_icon.png.import,.import,720,原样
资源/items/all/night_goggles/night_goggles.png.import,.import,725,原样
资源/items/all/night_goggles/night_goggles_appearance.tres,.tres,340,原样
资源/items/all/night_goggles/night_goggles_data.tres,.tres,1095,原样
资源/items/all/night_goggles/night_goggles_effect_1.tres,.tres,281,原样
资源/items/all/night_goggles/night_goggles_effect_2.tres,.tres,275,原样
资源/items/all/night_goggles/night_goggles_effect_3.tres,.tres,276,原样
资源/items/all/night_goggles/night_goggles_effect_4.tres,.tres,275,原样
资源/items/all/night_goggles/night_goggles_icon.png.import,.import,740,原样
资源/items/all/octopus/octopus.png.import,.import,701,原样
资源/items/all/octopus/octopus_appearance.tres,.tres,328,原样
资源/items/all/octopus/octopus_data.tres,.tres,904,原样
资源/items/all/octopus/octopus_effect_1.tres,.tres,276,原样
资源/items/all/octopus/octopus_effect_2.tres,.tres,278,原样
资源/items/all/octopus/octopus_effect_3.tres,.tres,281,原样
资源/items/all/octopus/octopus_icon.png.import,.import,716,原样
资源/items/all/padding/padding.png.import,.import,701,原样
资源/items/all/padding/padding_appearance.tres,.tres,328,原样
资源/items/all/padding/padding_data.tres,.tres,880,原样
资源/items/all/padding/padding_effect_0.tres,.tres,275,原样
资源/items/all/padding/padding_effect_1.tres,.tres,379,原样
资源/items/all/padding/padding_effect_2.tres,.tres,275,原样
资源/items/all/padding/padding_icon.png.import,.import,716,原样
资源/items/all/panda/panda.png.import,.import,693,原样
资源/items/all/panda/panda_appearance.tres,.tres,323,原样
资源/items/all/panda/panda_data.tres,.tres,875,原样
资源/items/all/panda/panda_effect_1.tres,.tres,276,原样
资源/items/all/panda/panda_effect_2.tres,.tres,274,原样
资源/items/all/panda/panda_effect_3.tres,.tres,285,原样
资源/items/all/panda/panda_icon.png.import,.import,708,原样
资源/items/all/peaceful_bee/peaceful_bee.png.import,.import,721,原样
资源/items/all/peaceful_bee/peaceful_bee_appearance.tres,.tres,336,原样
资源/items/all/peaceful_bee/peaceful_bee_data.tres,.tres,1079,原样
资源/items/all/peaceful_bee/peaceful_bee_effect_1.tres,.tres,274,原样
资源/items/all/peaceful_bee/peaceful_bee_effect_2.tres,.tres,279,原样
资源/items/all/peaceful_bee/peaceful_bee_effect_3.tres,.tres,282,原样
资源/items/all/peaceful_bee/peaceful_bee_effect_4.tres,.tres,283,原样
资源/items/all/peaceful_bee/peaceful_bee_icon.png.import,.import,736,原样
资源/items/all/peacock/peacock.png.import,.import,701,原样
资源/items/all/peacock/peacock_appearance.tres,.tres,328,原样
资源/items/all/peacock/peacock_data.tres,.tres,880,原样
资源/items/all/peacock/peacock_effect_1.tres,.tres,272,原样
资源/items/all/peacock/peacock_effect_2.tres,.tres,309,原样
资源/items/all/peacock/peacock_effect_3.tres,.tres,313,原样
资源/items/all/peacock/peacock_icon.png.import,.import,716,原样
资源/items/all/pencil/pencil.png.import,.import,697,原样
资源/items/all/pencil/pencil_appearance.tres,.tres,326,原样
资源/items/all/pencil/pencil_data.tres,.tres,877,原样
资源/items/all/pencil/pencil_effect_1.tres,.tres,280,原样
资源/items/all/pencil/pencil_effect_2.tres,.tres,282,原样
资源/items/all/pencil/pencil_effect_3.tres,.tres,281,原样
资源/items/all/pencil/pencil_icon.png.import,.import,712,原样
资源/items/all/piggy_bank/piggy_bank.png.import,.import,713,原样
资源/items/all/piggy_bank/piggy_bank_appearance.tres,.tres,333,原样
资源/items/all/piggy_bank/piggy_bank_data.tres,.tres,704,原样
资源/items/all/piggy_bank/piggy_bank_effect_1.tres,.tres,537,原样
资源/items/all/piggy_bank/piggy_bank_icon.png.import,.import,728,原样
资源/items/all/plant/plant.png.import,.import,693,原样
资源/items/all/plant/plant_appearance.tres,.tres,324,原样
资源/items/all/plant/plant_data.tres,.tres,766,原样
资源/items/all/plant/plant_effect_1.tres,.tres,284,原样
资源/items/all/plant/plant_effect_2.tres,.tres,279,原样
资源/items/all/plant/plant_icon.png.import,.import,708,原样
资源/items/all/plastic_explosive/plastic_explosive.png.import,.import,741,原样
资源/items/all/plastic_explosive/plastic_explosive_appearance.tres,.tres,348,原样
资源/items/all/plastic_explosive/plastic_explosive_data.tres,.tres,748,原样
资源/items/all/plastic_explosive/plastic_explosive_effect_1.tres,.tres,279,原样
资源/items/all/plastic_explosive/plastic_explosive_icon.png.import,.import,756,原样
资源/items/all/poisonous_tonic/poisonous_tonic.png.import,.import,733,原样
资源/items/all/poisonous_tonic/poisonous_tonic_appearance.tres,.tres,344,原样
资源/items/all/poisonous_tonic/poisonous_tonic_data.tres,.tres,1143,原样
资源/items/all/poisonous_tonic/poisonous_tonic_effect_1.tres,.tres,282,原样
资源/items/all/poisonous_tonic/poisonous_tonic_effect_2.tres,.tres,280,原样
资源/items/all/poisonous_tonic/poisonous_tonic_effect_3.tres,.tres,275,原样
资源/items/all/poisonous_tonic/poisonous_tonic_effect_4.tres,.tres,285,原样
资源/items/all/poisonous_tonic/poisonous_tonic_icon.png.import,.import,748,原样
资源/items/all/potato/potato.png.import,.import,697,原样
资源/items/all/potato/potato_appearance.tres,.tres,324,原样
资源/items/all/potato/potato_data.tres,.tres,1480,原样
资源/items/all/potato/potato_effect_1.tres,.tres,275,原样
资源/items/all/potato/potato_effect_2.tres,.tres,284,原样
资源/items/all/potato/potato_effect_2b.tres,.tres,278,原样
资源/items/all/potato/potato_effect_3.tres,.tres,283,原样
资源/items/all/potato/potato_effect_3b.tres,.tres,274,原样
资源/items/all/potato/potato_effect_3c.tres,.tres,274,原样
资源/items/all/potato/potato_effect_4.tres,.tres,274,原样
资源/items/all/potato/potato_effect_5.tres,.tres,273,原样
资源/items/all/potato/potato_icon.png.import,.import,712,原样
资源/items/all/potion/potion.png.import,.import,697,原样
资源/items/all/potion/potion_appearance.tres,.tres,325,原样
资源/items/all/potion/potion_data.tres,.tres,775,原样
资源/items/all/potion/potion_effect_1.tres,.tres,337,原样
资源/items/all/potion/potion_effect_2.tres,.tres,284,原样
资源/items/all/potion/potion_icon.png.import,.import,712,原样
资源/items/all/power_generator/power_generator.png.import,.import,733,原样
资源/items/all/power_generator/power_generator_appearance.tres,.tres,343,原样
资源/items/all/power_generator/power_generator_data.tres,.tres,855,原样
资源/items/all/power_generator/power_generator_effect_1.tres,.tres,600,原样
资源/items/all/power_generator/power_generator_effect_2.tres,.tres,284,原样
资源/items/all/power_generator/power_generator_icon.png.import,.import,748,原样
资源/items/all/propeller_hat/propeller_hat.png.import,.import,725,原样
资源/items/all/propeller_hat/propeller_hat_appearance.tres,.tres,340,原样
资源/items/all/propeller_hat/propeller_hat_data.tres,.tres,835,原样
资源/items/all/propeller_hat/propeller_hat_effect_1.tres,.tres,274,原样
资源/items/all/propeller_hat/propeller_hat_effect_2.tres,.tres,284,原样
资源/items/all/propeller_hat/propeller_hat_icon.png.import,.import,740,原样
资源/items/all/pumpkin/pumpkin.png.import,.import,701,原样
资源/items/all/pumpkin/pumpkin_appearance.tres,.tres,327,原样
资源/items/all/pumpkin/pumpkin_data.tres,.tres,784,原样
资源/items/all/pumpkin/pumpkin_effect_1.tres,.tres,302,原样
资源/items/all/pumpkin/pumpkin_effect_2.tres,.tres,284,原样
资源/items/all/pumpkin/pumpkin_icon.png.import,.import,716,原样
资源/items/all/recycling_machine/recycling_machine.png.import,.import,741,原样
资源/items/all/recycling_machine/recycling_machine_appearance.tres,.tres,348,原样
资源/items/all/recycling_machine/recycling_machine_data.tres,.tres,761,原样
资源/items/all/recycling_machine/recycling_machine_effect_1.tres,.tres,302,原样
资源/items/all/recycling_machine/recycling_machine_icon.png.import,.import,756,原样
资源/items/all/retromations_hoodie/retromations_hoodie.png.import,.import,749,原样
资源/items/all/retromations_hoodie/retromations_hoodie_appearance.tres,.tres,352,原样
资源/items/all/retromations_hoodie/retromations_hoodie_data.tres,.tres,896,原样
资源/items/all/retromations_hoodie/retromations_hoodie_effect_0.tres,.tres,593,原样
资源/items/all/retromations_hoodie/retromations_hoodie_effect_1.tres,.tres,276,原样
资源/items/all/retromations_hoodie/retromations_hoodie_icon.png.import,.import,764,原样
资源/items/all/ricochet/ricochet_data.tres,.tres,686,原样
资源/items/all/ricochet/ricochet_effect_1.tres,.tres,285,原样
资源/items/all/ricochet/ricochet_effect_2.tres,.tres,285,原样
资源/items/all/ricochet/ricochet_icon.png.import,.import,720,原样
资源/items/all/rip_and_tear/rip_and_tear.png.import,.import,721,原样
资源/items/all/rip_and_tear/rip_and_tear_appearance.tres,.tres,337,原样
资源/items/all/rip_and_tear/rip_and_tear_data.tres,.tres,858,原样
资源/items/all/rip_and_tear/rip_and_tear_effect_1.tres,.tres,658,原样
资源/items/all/rip_and_tear/rip_and_tear_effect_2.tres,.tres,281,原样
资源/items/all/rip_and_tear/rip_and_tear_icon.png.import,.import,736,原样
资源/items/all/rip_and_tear/rip_and_tear_stats.tres,.tres,551,原样
资源/items/all/riposte/riposte_data.tres,.tres,702,原样
资源/items/all/riposte/riposte_effect_0.tres,.tres,281,原样
资源/items/all/riposte/riposte_effect_1.tres,.tres,353,原样
资源/items/all/riposte/riposte_icon.png.import,.import,716,原样
资源/items/all/ritual/ritual.png.import,.import,697,原样
资源/items/all/ritual/ritual_appearance.tres,.tres,325,原样
资源/items/all/ritual/ritual_data.tres,.tres,899,原样
资源/items/all/ritual/ritual_effect_1.tres,.tres,283,原样
资源/items/all/ritual/ritual_effect_2.tres,.tres,278,原样
资源/items/all/ritual/ritual_effect_3.tres,.tres,281,原样
资源/items/all/ritual/ritual_icon.png.import,.import,712,原样
资源/items/all/robot_arm/robot_arm.png.import,.import,709,原样
资源/items/all/robot_arm/robot_arm_appearance.tres,.tres,333,原样
资源/items/all/robot_arm/robot_arm_data.tres,.tres,1039,原样
资源/items/all/robot_arm/robot_arm_effect_0.tres,.tres,274,原样
资源/items/all/robot_arm/robot_arm_effect_1.tres,.tres,280,原样
资源/items/all/robot_arm/robot_arm_effect_2.tres,.tres,285,原样
资源/items/all/robot_arm/robot_arm_effect_3.tres,.tres,279,原样
资源/items/all/robot_arm/robot_arm_icon.png.import,.import,724,原样
资源/items/all/sad_tomato/sad_tomato.png.import,.import,713,原样
资源/items/all/sad_tomato/sad_tomato_appearance.tres,.tres,333,原样
资源/items/all/sad_tomato/sad_tomato_data.tres,.tres,815,原样
资源/items/all/sad_tomato/sad_tomato_effect_1.tres,.tres,284,原样
资源/items/all/sad_tomato/sad_tomato_effect_2.tres,.tres,304,原样
资源/items/all/sad_tomato/sad_tomato_icon.png.import,.import,728,原样
资源/items/all/scar/scar.png.import,.import,689,原样
资源/items/all/scar/scar_appearance.tres,.tres,321,原样
资源/items/all/scar/scar_data.tres,.tres,743,原样
资源/items/all/scar/scar_effect_1.tres,.tres,272,原样
资源/items/all/scar/scar_effect_2.tres,.tres,275,原样
资源/items/all/scar/scar_icon.png.import,.import,704,原样
资源/items/all/scared_sausage/scared_sausage.png.import,.import,729,原样
资源/items/all/scared_sausage/scared_sausage_appearance.tres,.tres,341,原样
资源/items/all/scared_sausage/scared_sausage_burning_data.tres,.tres,220,原样
资源/items/all/scared_sausage/scared_sausage_data.tres,.tres,747,原样
资源/items/all/scared_sausage/scared_sausage_effect_1.tres,.tres,445,原样
资源/items/all/scared_sausage/scared_sausage_icon.png.import,.import,744,原样
资源/items/all/scope/scope.png.import,.import,693,原样
资源/items/all/scope/scope_appearance.tres,.tres,324,原样
资源/items/all/scope/scope_data.tres,.tres,881,原样
资源/items/all/scope/scope_effect_1.tres,.tres,282,原样
资源/items/all/scope/scope_effect_2.tres,.tres,275,原样
资源/items/all/scope/scope_effect_3.tres,.tres,282,原样
资源/items/all/scope/scope_icon.png.import,.import,708,原样
资源/items/all/shady_potion/shady_potion.png.import,.import,721,原样
资源/items/all/shady_potion/shady_potion_appearance.tres,.tres,337,原样
资源/items/all/shady_potion/shady_potion_data.tres,.tres,825,原样
资源/items/all/shady_potion/shady_potion_effect_1.tres,.tres,274,原样
资源/items/all/shady_potion/shady_potion_effect_2.tres,.tres,285,原样
资源/items/all/shady_potion/shady_potion_icon.png.import,.import,736,原样
资源/items/all/shmoop/shmoop.png.import,.import,697,原样
资源/items/all/shmoop/shmoop_appearance.tres,.tres,324,原样
资源/items/all/shmoop/shmoop_data.tres,.tres,1001,原样
资源/items/all/shmoop/shmoop_effect_1.tres,.tres,275,原样
资源/items/all/shmoop/shmoop_effect_2.tres,.tres,284,原样
资源/items/all/shmoop/shmoop_effect_3.tres,.tres,282,原样
资源/items/all/shmoop/shmoop_effect_4.tres,.tres,283,原样
资源/items/all/shmoop/shmoop_icon.png.import,.import,712,原样
资源/items/all/sifds_relic/sifds_relic.png.import,.import,717,原样
资源/items/all/sifds_relic/sifds_relic_appearance.tres,.tres,335,原样
资源/items/all/sifds_relic/sifds_relic_data.tres,.tres,697,原样
资源/items/all/sifds_relic/sifds_relic_effect_1.tres,.tres,319,原样
资源/items/all/sifds_relic/sifds_relic_icon.png.import,.import,732,原样
资源/items/all/silver_bullet/silver_bullet_data.tres,.tres,586,原样
资源/items/all/silver_bullet/silver_bullet_effect_1.tres,.tres,314,原样
资源/items/all/silver_bullet/silver_bullet_icon.png.import,.import,740,原样
资源/items/all/small_magazine/small_magazine_data.tres,.tres,875,原样
资源/items/all/small_magazine/small_magazine_effect_1.tres,.tres,282,原样
资源/items/all/small_magazine/small_magazine_effect_2.tres,.tres,282,原样
资源/items/all/small_magazine/small_magazine_effect_3.tres,.tres,284,原样
资源/items/all/small_magazine/small_magazine_icon.png.import,.import,744,原样
资源/items/all/snail/snail.png.import,.import,693,原样
资源/items/all/snail/snail_appearance.tres,.tres,324,原样
资源/items/all/snail/snail_data.tres,.tres,762,原样
资源/items/all/snail/snail_effect_1.tres,.tres,276,原样
资源/items/all/snail/snail_effect_2.tres,.tres,275,原样
资源/items/all/snail/snail_icon.png.import,.import,708,原样
资源/items/all/snake/snake.png.import,.import,693,原样
资源/items/all/snake/snake_appearance.tres,.tres,323,原样
资源/items/all/snake/snake_data.tres,.tres,767,原样
资源/items/all/snake/snake_effect_1.tres,.tres,299,原样
资源/items/all/snake/snake_effect_2.tres,.tres,276,原样
资源/items/all/snake/snake_icon.png.import,.import,708,原样
资源/items/all/spicy_sauce/spicy_sauce.png.import,.import,717,原样
资源/items/all/spicy_sauce/spicy_sauce_appearance.tres,.tres,336,原样
资源/items/all/spicy_sauce/spicy_sauce_data.tres,.tres,855,原样
资源/items/all/spicy_sauce/spicy_sauce_effect_0.tres,.tres,275,原样
资源/items/all/spicy_sauce/spicy_sauce_effect_1.tres,.tres,666,原样
资源/items/all/spicy_sauce/spicy_sauce_icon.png.import,.import,732,原样
资源/items/all/spicy_sauce/spicy_sauce_stats.tres,.tres,544,原样
资源/items/all/spider/spider.png.import,.import,697,原样
资源/items/all/spider/spider_appearance.tres,.tres,325,原样
资源/items/all/spider/spider_data.tres,.tres,1008,原样
资源/items/all/spider/spider_effect_1.tres,.tres,284,原样
资源/items/all/spider/spider_effect_2.tres,.tres,537,原样
资源/items/all/spider/spider_effect_3.tres,.tres,275,原样
资源/items/all/spider/spider_effect_4.tres,.tres,280,原样
资源/items/all/spider/spider_icon.png.import,.import,712,原样
资源/items/all/statue/statue.png.import,.import,697,原样
资源/items/all/statue/statue_appearance.tres,.tres,326,原样
资源/items/all/statue/statue_data.tres,.tres,788,原样
资源/items/all/statue/statue_effect_1.tres,.tres,337,原样
资源/items/all/statue/statue_effect_2.tres,.tres,276,原样
资源/items/all/statue/statue_icon.png.import,.import,712,原样
资源/items/all/strange_book/strange_book.png.import,.import,721,原样
资源/items/all/strange_book/strange_book_appearance.tres,.tres,337,原样
资源/items/all/strange_book/strange_book_data.tres,.tres,973,原样
资源/items/all/strange_book/strange_book_effect_1.tres,.tres,603,原样
资源/items/all/strange_book/strange_book_effect_2.tres,.tres,282,原样
资源/items/all/strange_book/strange_book_effect_3.tres,.tres,283,原样
资源/items/all/strange_book/strange_book_icon.png.import,.import,736,原样
资源/items/all/sunglasses/sunglasses.png.import,.import,713,原样
资源/items/all/sunglasses/sunglasses_appearance.tres,.tres,334,原样
资源/items/all/sunglasses/sunglasses_data.tres,.tres,812,原样
资源/items/all/sunglasses/sunglasses_effect_1.tres,.tres,281,原样
资源/items/all/sunglasses/sunglasses_effect_2.tres,.tres,275,原样
资源/items/all/sunglasses/sunglasses_icon.png.import,.import,728,原样
资源/items/all/tardigrade/tardigrade.png.import,.import,713,原样
资源/items/all/tardigrade/tardigrade_appearance.tres,.tres,333,原样
资源/items/all/tardigrade/tardigrade_data.tres,.tres,681,原样
资源/items/all/tardigrade/tardigrade_effect_1.tres,.tres,299,原样
资源/items/all/tardigrade/tardigrade_icon.png.import,.import,728,原样
资源/items/all/tentacle/tentacle.png.import,.import,705,原样
资源/items/all/tentacle/tentacle_appearance.tres,.tres,330,原样
资源/items/all/tentacle/tentacle_data.tres,.tres,808,原样
资源/items/all/tentacle/tentacle_effect_0.tres,.tres,280,原样
资源/items/all/tentacle/tentacle_effect_1.tres,.tres,306,原样
资源/items/all/tentacle/tentacle_icon.png.import,.import,720,原样
资源/items/all/terrified_onion/terrified_onion.png.import,.import,733,原样
资源/items/all/terrified_onion/terrified_onion_appearance.tres,.tres,343,原样
资源/items/all/terrified_onion/terrified_onion_data.tres,.tres,856,原样
资源/items/all/terrified_onion/terrified_onion_effect_1.tres,.tres,274,原样
资源/items/all/terrified_onion/terrified_onion_effect_2.tres,.tres,274,原样
资源/items/all/terrified_onion/terrified_onion_icon.png.import,.import,748,原样
资源/items/all/toolbox/toolbox.png.import,.import,701,原样
资源/items/all/toolbox/toolbox_appearance.tres,.tres,328,原样
资源/items/all/toolbox/toolbox_data.tres,.tres,782,原样
资源/items/all/toolbox/toolbox_effect_1.tres,.tres,280,原样
资源/items/all/toolbox/toolbox_effect_2.tres,.tres,282,原样
资源/items/all/toolbox/toolbox_icon.png.import,.import,716,原样
资源/items/all/torture/torture_a.png.import,.import,707,原样
资源/items/all/torture/torture_a_appearance.tres,.tres,330,原样
资源/items/all/torture/torture_b.png.import,.import,707,原样
资源/items/all/torture/torture_b_appearance.tres,.tres,331,原样
资源/items/all/torture/torture_data.tres,.tres,890,原样
资源/items/all/torture/torture_effect_1.tres,.tres,276,原样
资源/items/all/torture/torture_effect_2.tres,.tres,285,原样
资源/items/all/torture/torture_icon.png.import,.import,716,原样
资源/items/all/toxic_sludge/toxic_sludge.png.import,.import,721,原样
资源/items/all/toxic_sludge/toxic_sludge_appearance.tres,.tres,338,原样
资源/items/all/toxic_sludge/toxic_sludge_data.tres,.tres,837,原样
资源/items/all/toxic_sludge/toxic_sludge_effect_1.tres,.tres,285,原样
资源/items/all/toxic_sludge/toxic_sludge_effect_2.tres,.tres,275,原样
资源/items/all/toxic_sludge/toxic_sludge_icon.png.import,.import,736,原样
资源/items/all/tractor/tractor.png.import,.import,701,原样
资源/items/all/tractor/tractor_appearance.tres,.tres,327,原样
资源/items/all/tractor/tractor_data.tres,.tres,781,原样
资源/items/all/tractor/tractor_effect_1.tres,.tres,280,原样
资源/items/all/tractor/tractor_effect_2.tres,.tres,284,原样
资源/items/all/tractor/tractor_icon.png.import,.import,716,原样
资源/items/all/tree/tree.png.import,.import,689,原样
资源/items/all/tree/tree_appearance.tres,.tres,322,原样
资源/items/all/tree/tree_data.tres,.tres,646,原样
资源/items/all/tree/tree_effect_1.tres,.tres,281,原样
资源/items/all/tree/tree_icon.png.import,.import,704,原样
资源/items/all/triangle_of_power/triangle_of_power.png.import,.import,741,原样
资源/items/all/triangle_of_power/triangle_of_power_appearance.tres,.tres,347,原样
资源/items/all/triangle_of_power/triangle_of_power_data.tres,.tres,1026,原样
资源/items/all/triangle_of_power/triangle_of_power_effect_1.tres,.tres,284,原样
资源/items/all/triangle_of_power/triangle_of_power_effect_2.tres,.tres,274,原样
资源/items/all/triangle_of_power/triangle_of_power_effect_3.tres,.tres,314,原样
资源/items/all/triangle_of_power/triangle_of_power_icon.png.import,.import,756,原样
资源/items/all/turret/turret_data.tres,.tres,562,原样
资源/items/all/turret/turret_effect_1.tres,.tres,672,原样
资源/items/all/turret/turret_icon.png.import,.import,712,原样
资源/items/all/turret_flame/turret_flame_burning_data.tres,.tres,219,原样
资源/items/all/turret_flame/turret_flame_burning_effect.tres,.tres,387,原样
资源/items/all/turret_flame/turret_flame_data.tres,.tres,598,原样
资源/items/all/turret_flame/turret_flame_effect_1.tres,.tres,823,原样
资源/items/all/turret_flame/turret_flame_icon.png.import,.import,736,原样
资源/items/all/turret_healing/turret_healing_data.tres,.tres,610,原样
资源/items/all/turret_healing/turret_healing_effect_1.tres,.tres,712,原样
资源/items/all/turret_healing/turret_healing_icon.png.import,.import,744,原样
资源/items/all/turret_laser/turret_laser_data.tres,.tres,598,原样
资源/items/all/turret_laser/turret_laser_effect_1.tres,.tres,702,原样
资源/items/all/turret_laser/turret_laser_icon.png.import,.import,736,原样
资源/items/all/turret_rocket/turret_rocket_data.tres,.tres,604,原样
资源/items/all/turret_rocket/turret_rocket_effect_1.tres,.tres,832,原样
资源/items/all/turret_rocket/turret_rocket_exploding_effect.tres,.tres,472,原样
资源/items/all/turret_rocket/turret_rocket_icon.png.import,.import,740,原样
资源/items/all/tyler/tyler_data.tres,.tres,556,原样
资源/items/all/tyler/tyler_effect_1.tres,.tres,681,原样
资源/items/all/tyler/tyler_icon.png.import,.import,708,原样
资源/items/all/ugly_tooth/ugly_tooth.png.import,.import,713,原样
资源/items/all/ugly_tooth/ugly_tooth_appearance.tres,.tres,333,原样
资源/items/all/ugly_tooth/ugly_tooth_data.tres,.tres,811,原样
资源/items/all/ugly_tooth/ugly_tooth_effect_1.tres,.tres,326,原样
资源/items/all/ugly_tooth/ugly_tooth_effect_2.tres,.tres,275,原样
资源/items/all/ugly_tooth/ugly_tooth_icon.png.import,.import,728,原样
资源/items/all/vigilante_ring/vigilante_ring.png.import,.import,729,原样
资源/items/all/vigilante_ring/vigilante_ring_appearance.tres,.tres,341,原样
资源/items/all/vigilante_ring/vigilante_ring_data.tres,.tres,746,原样
资源/items/all/vigilante_ring/vigilante_ring_effect_1.tres,.tres,328,原样
资源/items/all/vigilante_ring/vigilante_ring_icon.png.import,.import,744,原样
资源/items/all/wandering_bot/wandering_bot_data.tres,.tres,604,原样
资源/items/all/wandering_bot/wandering_bot_effect_1.tres,.tres,735,原样
资源/items/all/wandering_bot/wandering_bot_icon.png.import,.import,740,原样
资源/items/all/warrior_helmet/warrior_helmet.png.import,.import,729,原样
资源/items/all/warrior_helmet/warrior_helmet_appearance.tres,.tres,342,原样
资源/items/all/warrior_helmet/warrior_helmet_data.tres,.tres,982,原样
资源/items/all/warrior_helmet/warrior_helmet_effect_1.tres,.tres,274,原样
资源/items/all/warrior_helmet/warrior_helmet_effect_2.tres,.tres,275,原样
资源/items/all/warrior_helmet/warrior_helmet_effect_3.tres,.tres,275,原样
资源/items/all/warrior_helmet/warrior_helmet_icon.png.import,.import,744,原样
资源/items/all/weird_food/weird_food.png.import,.import,713,原样
资源/items/all/weird_food/weird_food_appearance.tres,.tres,333,原样
资源/items/all/weird_food/weird_food_data.tres,.tres,805,原样
资源/items/all/weird_food/weird_food_effect_1.tres,.tres,301,原样
资源/items/all/weird_food/weird_food_effect_3.tres,.tres,275,原样
资源/items/all/weird_food/weird_food_icon.png.import,.import,728,原样
资源/items/all/weird_ghost/weird_ghost.png.import,.import,717,原样
资源/items/all/weird_ghost/weird_ghost_appearance.tres,.tres,336,原样
资源/items/all/weird_ghost/weird_ghost_data.tres,.tres,817,原样
资源/items/all/weird_ghost/weird_ghost_effect_1.tres,.tres,275,原样
资源/items/all/weird_ghost/weird_ghost_effect_2.tres,.tres,310,原样
资源/items/all/weird_ghost/weird_ghost_icon.png.import,.import,732,原样
资源/items/all/wheat/wheat_data.tres,.tres,908,原样
资源/items/all/wheat/wheat_effect_1.tres,.tres,281,原样
资源/items/all/wheat/wheat_effect_2.tres,.tres,282,原样
资源/items/all/wheat/wheat_effect_3.tres,.tres,280,原样
资源/items/all/wheat/wheat_effect_4.tres,.tres,286,原样
资源/items/all/wheat/wheat_icon.png.import,.import,708,原样
资源/items/all/wheelbarrow/wheelbarrow.png.import,.import,717,原样
资源/items/all/wheelbarrow/wheelbarrow_appearance.tres,.tres,336,原样
资源/items/all/wheelbarrow/wheelbarrow_data.tres,.tres,821,原样
资源/items/all/wheelbarrow/wheelbarrow_effect_1.tres,.tres,275,原样
资源/items/all/wheelbarrow/wheelbarrow_effect_2.tres,.tres,280,原样
资源/items/all/wheelbarrow/wheelbarrow_icon.png.import,.import,732,原样
资源/items/all/whetstone/whetstone_data.tres,.tres,690,原样
资源/items/all/whetstone/whetstone_effect_1.tres,.tres,278,原样
资源/items/all/whetstone/whetstone_effect_2.tres,.tres,290,原样
资源/items/all/whetstone/whetstone_icon.png.import,.import,724,原样
资源/items/all/white_flag/white_flag.png.import,.import,713,原样
资源/items/all/white_flag/white_flag_appearance.tres,.tres,334,原样
资源/items/all/white_flag/white_flag_data.tres,.tres,826,原样
资源/items/all/white_flag/white_flag_effect_1.tres,.tres,279,原样
资源/items/all/white_flag/white_flag_effect_2.tres,.tres,282,原样
资源/items/all/white_flag/white_flag_icon.png.import,.import,728,原样
资源/items/all/wings/wings.png.import,.import,693,原样
资源/items/all/wings/wings_1.png.import,.import,699,原样
资源/items/all/wings/wings_2.png.import,.import,699,原样
资源/items/all/wings/wings_appearance.tres,.tres,325,原样
资源/items/all/wings/wings_data.tres,.tres,873,原样
资源/items/all/wings/wings_effect_1.tres,.tres,275,原样
资源/items/all/wings/wings_effect_2.tres,.tres,275,原样
资源/items/all/wings/wings_effect_3.tres,.tres,286,原样
资源/items/all/wings/wings_icon.png.import,.import,708,原样
资源/items/all/wisdom/wisdom.png.import,.import,697,原样
资源/items/all/wisdom/wisdom_appearance.tres,.tres,325,原样
资源/items/all/wisdom/wisdom_data.tres,.tres,774,原样
资源/items/all/wisdom/wisdom_effect_1.tres,.tres,319,原样
资源/items/all/wisdom/wisdom_effect_2.tres,.tres,285,原样
资源/items/all/wisdom/wisdom_icon.png.import,.import,712,原样
资源/items/all/wolf_helmet/wolf_helmet.png.import,.import,717,原样
资源/items/all/wolf_helmet/wolf_helmet_appearance.tres,.tres,336,原样
资源/items/all/wolf_helmet/wolf_helmet_data.tres,.tres,955,原样
资源/items/all/wolf_helmet/wolf_helmet_effect_1.tres,.tres,285,原样
资源/items/all/wolf_helmet/wolf_helmet_effect_2.tres,.tres,274,原样
资源/items/all/wolf_helmet/wolf_helmet_effect_3.tres,.tres,281,原样
资源/items/all/wolf_helmet/wolf_helmet_icon.png.import,.import,732,原样
资源/items/characters/arms_dealer/arms_dealer_data.tres,.tres,1681,原样
资源/items/characters/arms_dealer/arms_dealer_effect_1.tres,.tres,279,原样
资源/items/characters/arms_dealer/arms_dealer_effect_1a.tres,.tres,280,原样
资源/items/characters/arms_dealer/arms_dealer_effect_1b.tres,.tres,514,原样
资源/items/characters/arms_dealer/arms_dealer_effect_1c.tres,.tres,317,原样
资源/items/characters/arms_dealer/arms_dealer_effect_2.tres,.tres,316,原样
资源/items/characters/arms_dealer/arms_dealer_effect_3.tres,.tres,301,原样
资源/items/characters/arms_dealer/arms_dealer_eyes.png.import,.import,739,原样
资源/items/characters/arms_dealer/arms_dealer_eyes_appearance.tres,.tres,348,原样
资源/items/characters/arms_dealer/arms_dealer_icon.png.import,.import,739,原样
资源/items/characters/arms_dealer/arms_dealer_mouth.png.import,.import,742,原样
资源/items/characters/arms_dealer/arms_dealer_mouth_appearance.tres,.tres,348,原样
资源/items/characters/artificer/artificer_data.tres,.tres,1749,原样
资源/items/characters/artificer/artificer_effect_1.tres,.tres,282,原样
资源/items/characters/artificer/artificer_effect_1b.tres,.tres,601,原样
资源/items/characters/artificer/artificer_effect_2.tres,.tres,286,原样
资源/items/characters/artificer/artificer_effect_3.tres,.tres,379,原样
资源/items/characters/artificer/artificer_explosion_stats.tres,.tres,737,原样
资源/items/characters/artificer/artificer_eyes.png.import,.import,731,原样
资源/items/characters/artificer/artificer_eyes_appearance.tres,.tres,344,原样
资源/items/characters/artificer/artificer_icon.png.import,.import,731,原样
资源/items/characters/artificer/artificer_mouth.png.import,.import,734,原样
资源/items/characters/artificer/artificer_mouth_appearance.tres,.tres,344,原样
资源/items/characters/brawler/brawler_data.tres,.tres,1602,原样
资源/items/characters/brawler/brawler_effect_1.tres,.tres,399,原样
资源/items/characters/brawler/brawler_effect_2.tres,.tres,312,原样
资源/items/characters/brawler/brawler_effect_3.tres,.tres,275,原样
资源/items/characters/brawler/brawler_effect_4.tres,.tres,276,原样
资源/items/characters/brawler/brawler_effect_5.tres,.tres,284,原样
资源/items/characters/brawler/brawler_eyes.png.import,.import,723,原样
资源/items/characters/brawler/brawler_eyes_appearance.tres,.tres,339,原样
资源/items/characters/brawler/brawler_icon.png.import,.import,723,原样
资源/items/characters/brawler/brawler_mouth.png.import,.import,726,原样
资源/items/characters/brawler/brawler_mouth_appearance.tres,.tres,340,原样
资源/items/characters/bull/bull_data.tres,.tres,1481,原样
资源/items/characters/bull/bull_effect_1.tres,.tres,276,原样
资源/items/characters/bull/bull_effect_2.tres,.tres,285,原样
资源/items/characters/bull/bull_effect_3.tres,.tres,275,原样
资源/items/characters/bull/bull_effect_3b.tres,.tres,400,原样
资源/items/characters/bull/bull_effect_4.tres,.tres,637,原样
资源/items/characters/bull/bull_effect_5.tres,.tres,292,原样
资源/items/characters/bull/bull_explosion_stats.tres,.tres,696,原样
资源/items/characters/bull/bull_eyes.png.import,.import,711,原样
资源/items/characters/bull/bull_eyes_appearance.tres,.tres,334,原样
资源/items/characters/bull/bull_icon.png.import,.import,711,原样
资源/items/characters/bull/bull_mouth.png.import,.import,714,原样
资源/items/characters/bull/bull_mouth_appearance.tres,.tres,334,原样
资源/items/characters/character_data.gd.remap,.remap,58,原样
资源/items/characters/character_data.gdc,.gdc,217,原样
资源/items/characters/chunky/chunky_data.tres,.tres,3047,原样
资源/items/characters/chunky/chunky_effect_2.tres,.tres,382,原样
资源/items/characters/chunky/chunky_effect_2a.tres,.tres,596,原样
资源/items/characters/chunky/chunky_effect_3.tres,.tres,301,原样
资源/items/characters/chunky/chunky_effect_3a.tres,.tres,281,原样
资源/items/characters/chunky/chunky_effect_3b.tres,.tres,399,原样
资源/items/characters/chunky/chunky_effect_3c.tres,.tres,379,原样
资源/items/characters/chunky/chunky_effect_4.tres,.tres,380,原样
资源/items/characters/chunky/chunky_eyes.png.import,.import,719,原样
资源/items/characters/chunky/chunky_eyes_appearance.tres,.tres,337,原样
资源/items/characters/chunky/chunky_icon.png.import,.import,719,原样
资源/items/characters/chunky/chunky_mouth.png.import,.import,722,原样
资源/items/characters/chunky/chunky_mouth_appearance.tres,.tres,338,原样
资源/items/characters/crazy/crazy_data.tres,.tres,2004,原样
资源/items/characters/crazy/crazy_effect_1.tres,.tres,386,原样
资源/items/characters/crazy/crazy_effect_2.tres,.tres,282,原样
资源/items/characters/crazy/crazy_effect_3.tres,.tres,313,原样
资源/items/characters/crazy/crazy_effect_4.tres,.tres,276,原样
资源/items/characters/crazy/crazy_effect_5.tres,.tres,282,原样
资源/items/characters/crazy/crazy_effect_6.tres,.tres,284,原样
资源/items/characters/crazy/crazy_eyes.png.import,.import,715,原样
资源/items/characters/crazy/crazy_eyes_appearance.tres,.tres,335,原样
资源/items/characters/crazy/crazy_icon.png.import,.import,715,原样
资源/items/characters/crazy/crazy_mouth.png.import,.import,718,原样
资源/items/characters/crazy/crazy_mouth_appearance.tres,.tres,336,原样
资源/items/characters/cyborg/cyborg_data.tres,.tres,2501,原样
资源/items/characters/cyborg/cyborg_effect_0b.tres,.tres,315,原样
资源/items/characters/cyborg/cyborg_effect_1a.tres,.tres,397,原样
资源/items/characters/cyborg/cyborg_effect_1b.tres,.tres,417,原样
资源/items/characters/cyborg/cyborg_effect_2.tres,.tres,391,原样
资源/items/characters/cyborg/cyborg_effect_3.tres,.tres,394,原样
资源/items/characters/cyborg/cyborg_effect_4.tres,.tres,402,原样
资源/items/characters/cyborg/cyborg_eyes.png.import,.import,719,原样
资源/items/characters/cyborg/cyborg_eyes_appearance.tres,.tres,338,原样
资源/items/characters/cyborg/cyborg_icon.png.import,.import,719,原样
资源/items/characters/cyborg/cyborg_mouth.png.import,.import,722,原样
资源/items/characters/cyborg/cyborg_mouth_appearance.tres,.tres,338,原样
资源/items/characters/cyborg/cyborg_skin.png.import,.import,719,原样
资源/items/characters/cyborg/cyborg_skin_appearance.tres,.tres,336,原样
资源/items/characters/demon/demon_data.tres,.tres,2340,原样
资源/items/characters/demon/demon_ear_back.png.import,.import,727,原样
资源/items/characters/demon/demon_ear_back_appearance.tres,.tres,340,原样
资源/items/characters/demon/demon_ear_front.png.import,.import,730,原样
资源/items/characters/demon/demon_ear_front_appearance.tres,.tres,340,原样
资源/items/characters/demon/demon_effect_1.tres,.tres,402,原样
资源/items/characters/demon/demon_effect_2.tres,.tres,285,原样
资源/items/characters/demon/demon_eyes.png.import,.import,715,原样
资源/items/characters/demon/demon_eyes_appearance.tres,.tres,335,原样
资源/items/characters/demon/demon_icon.png.import,.import,715,原样
资源/items/characters/demon/demon_mouth.png.import,.import,718,原样
资源/items/characters/demon/demon_mouth_appearance.tres,.tres,336,原样
资源/items/characters/demon/demon_tail.png.import,.import,715,原样
资源/items/characters/demon/demon_tail_appearance.tres,.tres,338,原样
资源/items/characters/doctor/doctor_data.tres,.tres,1723,原样
资源/items/characters/doctor/doctor_effect_1.tres,.tres,400,原样
资源/items/characters/doctor/doctor_effect_2.tres,.tres,284,原样
资源/items/characters/doctor/doctor_effect_3.tres,.tres,301,原样
资源/items/characters/doctor/doctor_effect_4.tres,.tres,279,原样
资源/items/characters/doctor/doctor_effect_5.tres,.tres,284,原样
资源/items/characters/doctor/doctor_effect_6.tres,.tres,379,原样
资源/items/characters/doctor/doctor_eyes.png.import,.import,719,原样
资源/items/characters/doctor/doctor_eyes_appearance.tres,.tres,338,原样
资源/items/characters/doctor/doctor_icon.png.import,.import,719,原样
资源/items/characters/doctor/doctor_mouth.png.import,.import,722,原样
资源/items/characters/doctor/doctor_mouth_appearance.tres,.tres,338,原样
资源/items/characters/engineer/engineer_data.tres,.tres,1855,原样
资源/items/characters/engineer/engineer_effect_1.tres,.tres,281,原样
资源/items/characters/engineer/engineer_effect_1b.tres,.tres,392,原样
资源/items/characters/engineer/engineer_effect_2.tres,.tres,314,原样
资源/items/characters/engineer/engineer_effect_3.tres,.tres,303,原样
资源/items/characters/engineer/engineer_effect_4.tres,.tres,513,原样
资源/items/characters/engineer/engineer_eyes.png.import,.import,727,原样
资源/items/characters/engineer/engineer_eyes_appearance.tres,.tres,341,原样
资源/items/characters/engineer/engineer_icon.png.import,.import,727,原样
资源/items/characters/engineer/engineer_mouth.png.import,.import,730,原样
资源/items/characters/engineer/engineer_mouth_appearance.tres,.tres,343,原样
资源/items/characters/entrepreneur/entrepreneur_data.tres,.tres,2471,原样
资源/items/characters/entrepreneur/entrepreneur_effect_0.tres,.tres,277,原样
资源/items/characters/entrepreneur/entrepreneur_effect_1.tres,.tres,390,原样
资源/items/characters/entrepreneur/entrepreneur_effect_2.tres,.tres,302,原样
资源/items/characters/entrepreneur/entrepreneur_effect_3.tres,.tres,322,原样
资源/items/characters/entrepreneur/entrepreneur_effect_4.tres,.tres,513,原样
资源/items/characters/entrepreneur/entrepreneur_eyes.png.import,.import,743,原样
资源/items/characters/entrepreneur/entrepreneur_eyes_appearance.tres,.tres,349,原样
资源/items/characters/entrepreneur/entrepreneur_icon.png.import,.import,743,原样
资源/items/characters/entrepreneur/entrepreneur_mouth.png.import,.import,746,原样
资源/items/characters/entrepreneur/entrepreneur_mouth_appearance.tres,.tres,350,原样
资源/items/characters/entrepreneur/entrepreneur_suit.png.import,.import,743,原样
资源/items/characters/entrepreneur/entrepreneur_suit_appearance.tres,.tres,350,原样
资源/items/characters/explorer/explorer_data.tres,.tres,3262,原样
资源/items/characters/explorer/explorer_effect_1.tres,.tres,282,原样
资源/items/characters/explorer/explorer_effect_10.tres,.tres,285,原样
资源/items/characters/explorer/explorer_effect_11.tres,.tres,287,原样
资源/items/characters/explorer/explorer_effect_1b.tres,.tres,318,原样
资源/items/characters/explorer/explorer_effect_2.tres,.tres,275,原样
资源/items/characters/explorer/explorer_effect_4.tres,.tres,296,原样
资源/items/characters/explorer/explorer_effect_6.tres,.tres,273,原样
资源/items/characters/explorer/explorer_effect_7.tres,.tres,282,原样
资源/items/characters/explorer/explorer_effect_8.tres,.tres,305,原样
资源/items/characters/explorer/explorer_effect_9.tres,.tres,276,原样
资源/items/characters/explorer/explorer_eyes.png.import,.import,727,原样
资源/items/characters/explorer/explorer_eyes_appearance.tres,.tres,341,原样
资源/items/characters/explorer/explorer_hair.png.import,.import,727,原样
资源/items/characters/explorer/explorer_hair_appearance.tres,.tres,342,原样
资源/items/characters/explorer/explorer_icon.png.import,.import,727,原样
资源/items/characters/explorer/explorer_mouth.png.import,.import,730,原样
资源/items/characters/explorer/explorer_mouth_appearance.tres,.tres,342,原样
资源/items/characters/farmer/farmer_data.tres,.tres,2468,原样
资源/items/characters/farmer/farmer_effect_1.tres,.tres,280,原样
资源/items/characters/farmer/farmer_effect_2.tres,.tres,305,原样
资源/items/characters/farmer/farmer_effect_2b.tres,.tres,337,原样
资源/items/characters/farmer/farmer_effect_3.tres,.tres,293,原样
资源/items/characters/farmer/farmer_eyes.png.import,.import,719,原样
资源/items/characters/farmer/farmer_eyes_appearance.tres,.tres,337,原样
资源/items/characters/farmer/farmer_icon.png.import,.import,719,原样
资源/items/characters/farmer/farmer_mouth.png.import,.import,722,原样
资源/items/characters/farmer/farmer_mouth_appearance.tres,.tres,338,原样
资源/items/characters/farmer/farmer_nose.png.import,.import,719,原样
资源/items/characters/farmer/farmer_nose_appearance.tres,.tres,337,原样
资源/items/characters/generalist/generalist_data.tres,.tres,2459,原样
资源/items/characters/generalist/generalist_effect_1.tres,.tres,601,原样
资源/items/characters/generalist/generalist_effect_2.tres,.tres,601,原样
资源/items/characters/generalist/generalist_effect_3.tres,.tres,298,原样
资源/items/characters/generalist/generalist_effect_4.tres,.tres,289,原样
资源/items/characters/generalist/generalist_eyes.png.import,.import,735,原样
资源/items/characters/generalist/generalist_eyes_appearance.tres,.tres,345,原样
资源/items/characters/generalist/generalist_icon.png.import,.import,735,原样
资源/items/characters/generalist/generalist_mouth.png.import,.import,738,原样
资源/items/characters/generalist/generalist_mouth_appearance.tres,.tres,346,原样
资源/items/characters/ghost/ghost_data.tres,.tres,1594,原样
资源/items/characters/ghost/ghost_effect_1.tres,.tres,384,原样
资源/items/characters/ghost/ghost_effect_2.tres,.tres,275,原样
资源/items/characters/ghost/ghost_effect_3.tres,.tres,290,原样
资源/items/characters/ghost/ghost_effect_4.tres,.tres,277,原样
资源/items/characters/ghost/ghost_eyes.png.import,.import,715,原样
资源/items/characters/ghost/ghost_eyes_appearance.tres,.tres,335,原样
资源/items/characters/ghost/ghost_icon.png.import,.import,715,原样
资源/items/characters/ghost/ghost_mouth.png.import,.import,718,原样
资源/items/characters/ghost/ghost_mouth_appearance.tres,.tres,336,原样
资源/items/characters/gladiator/gladiator_data.tres,.tres,2626,原样
资源/items/characters/gladiator/gladiator_effect_1.tres,.tres,538,原样
资源/items/characters/gladiator/gladiator_effect_2.tres,.tres,281,原样
资源/items/characters/gladiator/gladiator_effect_3.tres,.tres,305,原样
资源/items/characters/gladiator/gladiator_effect_4.tres,.tres,283,原样
资源/items/characters/gladiator/gladiator_effect_5.tres,.tres,275,原样
资源/items/characters/gladiator/gladiator_eyes.png.import,.import,731,原样
资源/items/characters/gladiator/gladiator_eyes_appearance.tres,.tres,343,原样
资源/items/characters/gladiator/gladiator_helmet.png.import,.import,737,原样
资源/items/characters/gladiator/gladiator_helmet_appearance.tres,.tres,346,原样
资源/items/characters/gladiator/gladiator_icon.png.import,.import,731,原样
资源/items/characters/gladiator/gladiator_mouth.png.import,.import,734,原样
资源/items/characters/gladiator/gladiator_mouth_appearance.tres,.tres,344,原样
资源/items/characters/glutton/glutton_data.tres,.tres,2389,原样
资源/items/characters/glutton/glutton_effect_0.tres,.tres,274,原样
资源/items/characters/glutton/glutton_effect_1.tres,.tres,338,原样
资源/items/characters/glutton/glutton_effect_2.tres,.tres,674,原样
资源/items/characters/glutton/glutton_effect_3.tres,.tres,276,原样
资源/items/characters/glutton/glutton_effect_4.tres,.tres,273,原样
资源/items/characters/glutton/glutton_explosion_stats.tres,.tres,552,原样
资源/items/characters/glutton/glutton_eyes.png.import,.import,723,原样
资源/items/characters/glutton/glutton_eyes_appearance.tres,.tres,339,原样
资源/items/characters/glutton/glutton_icon.png.import,.import,723,原样
资源/items/characters/glutton/glutton_mouth.png.import,.import,726,原样
资源/items/characters/glutton/glutton_mouth_appearance.tres,.tres,340,原样
资源/items/characters/hunter/hunter_data.tres,.tres,2069,原样
资源/items/characters/hunter/hunter_effect_0.tres,.tres,276,原样
资源/items/characters/hunter/hunter_effect_1.tres,.tres,596,原样
资源/items/characters/hunter/hunter_effect_2.tres,.tres,392,原样
资源/items/characters/hunter/hunter_effect_4.tres,.tres,390,原样
资源/items/characters/hunter/hunter_effect_5.tres,.tres,381,原样
资源/items/characters/hunter/hunter_eyes.png.import,.import,719,原样
资源/items/characters/hunter/hunter_eyes_appearance.tres,.tres,338,原样
资源/items/characters/hunter/hunter_hat.png.import,.import,716,原样
资源/items/characters/hunter/hunter_hat_appearance.tres,.tres,337,原样
资源/items/characters/hunter/hunter_icon.png.import,.import,719,原样
资源/items/characters/hunter/hunter_mouth.png.import,.import,722,原样
资源/items/characters/hunter/hunter_mouth_appearance.tres,.tres,338,原样
资源/items/characters/jack/jack_data.tres,.tres,2941,原样
资源/items/characters/jack/jack_effect_0.tres,.tres,314,原样
资源/items/characters/jack/jack_effect_0b.tres,.tres,305,原样
资源/items/characters/jack/jack_effect_1.tres,.tres,283,原样
资源/items/characters/jack/jack_effect_3.tres,.tres,278,原样
资源/items/characters/jack/jack_effect_4.tres,.tres,277,原样
资源/items/characters/jack/jack_eyes.png.import,.import,711,原样
资源/items/characters/jack/jack_eyes_appearance.tres,.tres,333,原样
资源/items/characters/jack/jack_icon.png.import,.import,711,原样
资源/items/characters/jack/jack_mouth.png.import,.import,714,原样
资源/items/characters/jack/jack_mouth_appearance.tres,.tres,334,原样
资源/items/characters/jack/jack_nose.png.import,.import,711,原样
资源/items/characters/jack/jack_nose_appearance.tres,.tres,333,原样
资源/items/characters/knight/knight_data.tres,.tres,2241,原样
资源/items/characters/knight/knight_effect_1.tres,.tres,593,原样
资源/items/characters/knight/knight_effect_2.tres,.tres,274,原样
资源/items/characters/knight/knight_effect_3.tres,.tres,305,原样
资源/items/characters/knight/knight_effect_4.tres,.tres,510,原样
资源/items/characters/knight/knight_effect_5.tres,.tres,393,原样
资源/items/characters/knight/knight_effect_7.tres,.tres,389,原样
资源/items/characters/knight/knight_eyes.png.import,.import,719,原样
资源/items/characters/knight/knight_eyes_appearance.tres,.tres,337,原样
资源/items/characters/knight/knight_helmet.png.import,.import,725,原样
资源/items/characters/knight/knight_helmet_appearance.tres,.tres,340,原样
资源/items/characters/knight/knight_icon.png.import,.import,719,原样
资源/items/characters/knight/knight_mouth.png.import,.import,722,原样
资源/items/characters/knight/knight_mouth_appearance.tres,.tres,338,原样
资源/items/characters/lich/lich_data.tres,.tres,2916,原样
资源/items/characters/lich/lich_diadem.png.import,.import,717,原样
资源/items/characters/lich/lich_diadem_appearance.tres,.tres,334,原样
资源/items/characters/lich/lich_effect_0.tres,.tres,285,原样
资源/items/characters/lich/lich_effect_0b.tres,.tres,279,原样
资源/items/characters/lich/lich_effect_0c.tres,.tres,348,原样
资源/items/characters/lich/lich_effect_0d.tres,.tres,657,原样
资源/items/characters/lich/lich_effect_3.tres,.tres,513,原样
资源/items/characters/lich/lich_explosion_stats.tres,.tres,545,原样
资源/items/characters/lich/lich_eyes.png.import,.import,711,原样
资源/items/characters/lich/lich_eyes_appearance.tres,.tres,333,原样
资源/items/characters/lich/lich_icon.png.import,.import,711,原样
资源/items/characters/lich/lich_mouth.png.import,.import,714,原样
资源/items/characters/lich/lich_mouth_appearance.tres,.tres,334,原样
资源/items/characters/loud/loud_data.tres,.tres,3669,原样
资源/items/characters/loud/loud_effect_1.tres,.tres,284,原样
资源/items/characters/loud/loud_effect_2.tres,.tres,282,原样
资源/items/characters/loud/loud_effect_3.tres,.tres,325,原样
资源/items/characters/loud/loud_eyes.png.import,.import,711,原样
资源/items/characters/loud/loud_eyes_appearance.tres,.tres,333,原样
资源/items/characters/loud/loud_icon.png.import,.import,711,原样
资源/items/characters/loud/loud_mouth.png.import,.import,714,原样
资源/items/characters/loud/loud_mouth_appearance.tres,.tres,334,原样
资源/items/characters/lucky/lucky_data.tres,.tres,2142,原样
资源/items/characters/lucky/lucky_effect_1.tres,.tres,275,原样
资源/items/characters/lucky/lucky_effect_2.tres,.tres,378,原样
资源/items/characters/lucky/lucky_effect_3.tres,.tres,358,原样
资源/items/characters/lucky/lucky_effect_4.tres,.tres,283,原样
资源/items/characters/lucky/lucky_effect_5.tres,.tres,273,原样
资源/items/characters/lucky/lucky_eyes.png.import,.import,715,原样
资源/items/characters/lucky/lucky_eyes_appearance.tres,.tres,335,原样
资源/items/characters/lucky/lucky_icon.png.import,.import,715,原样
资源/items/characters/lucky/lucky_mouth.png.import,.import,718,原样
资源/items/characters/lucky/lucky_mouth_appearance.tres,.tres,336,原样
资源/items/characters/mage/mage_burning_data.tres,.tres,220,原样
资源/items/characters/mage/mage_data.tres,.tres,2201,原样
资源/items/characters/mage/mage_effect_1.tres,.tres,285,原样
资源/items/characters/mage/mage_effect_2.tres,.tres,402,原样
资源/items/characters/mage/mage_effect_3.tres,.tres,307,原样
资源/items/characters/mage/mage_effect_3b.tres,.tres,316,原样
资源/items/characters/mage/mage_effect_4.tres,.tres,285,原样
资源/items/characters/mage/mage_effect_5.tres,.tres,284,原样
资源/items/characters/mage/mage_effect_6.tres,.tres,283,原样
资源/items/characters/mage/mage_effect_7.tres,.tres,394,原样
资源/items/characters/mage/mage_effect_8.tres,.tres,396,原样
资源/items/characters/mage/mage_effect_9.tres,.tres,392,原样
资源/items/characters/mage/mage_eyes.png.import,.import,711,原样
资源/items/characters/mage/mage_eyes_appearance.tres,.tres,333,原样
资源/items/characters/mage/mage_icon.png.import,.import,711,原样
资源/items/characters/mage/mage_mouth.png.import,.import,714,原样
资源/items/characters/mage/mage_mouth_appearance.tres,.tres,334,原样
资源/items/characters/masochist/masochist_data.tres,.tres,2434,原样
资源/items/characters/masochist/masochist_effect_1.tres,.tres,313,原样
资源/items/characters/masochist/masochist_effect_2.tres,.tres,276,原样
资源/items/characters/masochist/masochist_effect_3.tres,.tres,285,原样
资源/items/characters/masochist/masochist_effect_4.tres,.tres,274,原样
资源/items/characters/masochist/masochist_effect_5.tres,.tres,286,原样
资源/items/characters/masochist/masochist_eyes.png.import,.import,731,原样
资源/items/characters/masochist/masochist_eyes_appearance.tres,.tres,343,原样
资源/items/characters/masochist/masochist_icon.png.import,.import,731,原样
资源/items/characters/masochist/masochist_mouth.png.import,.import,734,原样
资源/items/characters/masochist/masochist_mouth_appearance.tres,.tres,344,原样
资源/items/characters/multitasker/multitasker_data.tres,.tres,3985,原样
资源/items/characters/multitasker/multitasker_effect_0.tres,.tres,284,原样
资源/items/characters/multitasker/multitasker_effect_1.tres,.tres,294,原样
资源/items/characters/multitasker/multitasker_effect_2.tres,.tres,548,原样
资源/items/characters/multitasker/multitasker_eyes.png.import,.import,739,原样
资源/items/characters/multitasker/multitasker_eyes_appearance.tres,.tres,347,原样
资源/items/characters/multitasker/multitasker_icon.png.import,.import,739,原样
资源/items/characters/multitasker/multitasker_mouth.png.import,.import,742,原样
资源/items/characters/multitasker/multitasker_mouth_appearance.tres,.tres,348,原样
资源/items/characters/mutant/mutant_data.tres,.tres,2218,原样
资源/items/characters/mutant/mutant_effect_1.tres,.tres,273,原样
资源/items/characters/mutant/mutant_effect_2.tres,.tres,276,原样
资源/items/characters/mutant/mutant_eyes.png.import,.import,719,原样
资源/items/characters/mutant/mutant_eyes_appearance.tres,.tres,337,原样
资源/items/characters/mutant/mutant_icon.png.import,.import,719,原样
资源/items/characters/mutant/mutant_mouth.png.import,.import,722,原样
资源/items/characters/mutant/mutant_mouth_appearance.tres,.tres,338,原样
资源/items/characters/old/old_data.tres,.tres,2305,原样
资源/items/characters/old/old_effect_1.tres,.tres,277,原样
资源/items/characters/old/old_effect_2.tres,.tres,280,原样
资源/items/characters/old/old_effect_3.tres,.tres,274,原样
资源/items/characters/old/old_effect_4.tres,.tres,283,原样
资源/items/characters/old/old_effect_5.tres,.tres,276,原样
资源/items/characters/old/old_eyes.png.import,.import,707,原样
资源/items/characters/old/old_eyes_appearance.tres,.tres,331,原样
资源/items/characters/old/old_icon.png.import,.import,707,原样
资源/items/characters/old/old_mouth.png.import,.import,710,原样
资源/items/characters/old/old_mouth_appearance.tres,.tres,332,原样
资源/items/characters/one_arm/one_arm_data.tres,.tres,3961,原样
资源/items/characters/one_arm/one_arm_effect_1.tres,.tres,283,原样
资源/items/characters/one_arm/one_arm_effect_2.tres,.tres,515,原样
资源/items/characters/one_arm/one_arm_effect_3.tres,.tres,304,原样
资源/items/characters/one_arm/one_arm_eyes.png.import,.import,723,原样
资源/items/characters/one_arm/one_arm_eyes_appearance.tres,.tres,339,原样
资源/items/characters/one_arm/one_arm_icon.png.import,.import,723,原样
资源/items/characters/one_arm/one_arm_mouth.png.import,.import,726,原样
资源/items/characters/one_arm/one_arm_mouth_appearance.tres,.tres,340,原样
资源/items/characters/pacifist/pacifist_data.tres,.tres,1716,原样
资源/items/characters/pacifist/pacifist_effect_2.tres,.tres,497,原样
资源/items/characters/pacifist/pacifist_effect_3.tres,.tres,318,原样
资源/items/characters/pacifist/pacifist_effect_4.tres,.tres,286,原样
资源/items/characters/pacifist/pacifist_effect_5.tres,.tres,283,原样
资源/items/characters/pacifist/pacifist_eyes.png.import,.import,727,原样
资源/items/characters/pacifist/pacifist_eyes_appearance.tres,.tres,341,原样
资源/items/characters/pacifist/pacifist_icon.png.import,.import,727,原样
资源/items/characters/pacifist/pacifist_mouth.png.import,.import,730,原样
资源/items/characters/pacifist/pacifist_mouth_appearance.tres,.tres,342,原样
资源/items/characters/ranger/ranger_data.tres,.tres,2009,原样
资源/items/characters/ranger/ranger_effect_2.tres,.tres,275,原样
资源/items/characters/ranger/ranger_effect_3.tres,.tres,314,原样
资源/items/characters/ranger/ranger_effect_4.tres,.tres,396,原样
资源/items/characters/ranger/ranger_effect_5.tres,.tres,303,原样
资源/items/characters/ranger/ranger_effect_6.tres,.tres,381,原样
资源/items/characters/ranger/ranger_eyes.png.import,.import,719,原样
资源/items/characters/ranger/ranger_eyes_appearance.tres,.tres,337,原样
资源/items/characters/ranger/ranger_icon.png.import,.import,719,原样
资源/items/characters/ranger/ranger_mouth.png.import,.import,722,原样
资源/items/characters/ranger/ranger_mouth_appearance.tres,.tres,338,原样
资源/items/characters/saver/saver_data.tres,.tres,2206,原样
资源/items/characters/saver/saver_effect_1.tres,.tres,280,原样
资源/items/characters/saver/saver_effect_2.tres,.tres,386,原样
资源/items/characters/saver/saver_effect_3.tres,.tres,312,原样
资源/items/characters/saver/saver_effect_4.tres,.tres,276,原样
资源/items/characters/saver/saver_eyes.png.import,.import,715,原样
资源/items/characters/saver/saver_eyes_appearance.tres,.tres,335,原样
资源/items/characters/saver/saver_icon.png.import,.import,715,原样
资源/items/characters/saver/saver_mouth.png.import,.import,718,原样
资源/items/characters/saver/saver_mouth_appearance.tres,.tres,336,原样
资源/items/characters/saver/saver_nose_appearance.tres,.tres,223,原样
资源/items/characters/sick/sick_data.tres,.tres,2086,原样
资源/items/characters/sick/sick_effect_1.tres,.tres,276,原样
资源/items/characters/sick/sick_effect_2.tres,.tres,279,原样
资源/items/characters/sick/sick_effect_3.tres,.tres,307,原样
资源/items/characters/sick/sick_effect_4.tres,.tres,287,原样
资源/items/characters/sick/sick_eyes.png.import,.import,711,原样
资源/items/characters/sick/sick_eyes_appearance.tres,.tres,333,原样
资源/items/characters/sick/sick_icon.png.import,.import,711,原样
资源/items/characters/sick/sick_mouth.png.import,.import,714,原样
资源/items/characters/sick/sick_mouth_appearance.tres,.tres,334,原样
资源/items/characters/soldier/soldier_data.tres,.tres,2479,原样
资源/items/characters/soldier/soldier_effect_1.tres,.tres,339,原样
资源/items/characters/soldier/soldier_effect_2.tres,.tres,337,原样
资源/items/characters/soldier/soldier_effect_2b.tres,.tres,275,原样
资源/items/characters/soldier/soldier_effect_3.tres,.tres,297,原样
资源/items/characters/soldier/soldier_effect_4.tres,.tres,290,原样
资源/items/characters/soldier/soldier_effect_5.tres,.tres,318,原样
资源/items/characters/soldier/soldier_eyes.png.import,.import,723,原样
资源/items/characters/soldier/soldier_eyes_appearance.tres,.tres,340,原样
资源/items/characters/soldier/soldier_icon.png.import,.import,723,原样
资源/items/characters/soldier/soldier_mouth.png.import,.import,726,原样
资源/items/characters/soldier/soldier_mouth_appearance.tres,.tres,340,原样
资源/items/characters/speedy/speedy_data.tres,.tres,2204,原样
资源/items/characters/speedy/speedy_effect_1.tres,.tres,275,原样
资源/items/characters/speedy/speedy_effect_2.tres,.tres,593,原样
资源/items/characters/speedy/speedy_effect_3.tres,.tres,332,原样
资源/items/characters/speedy/speedy_effect_4.tres,.tres,275,原样
资源/items/characters/speedy/speedy_eyes.png.import,.import,719,原样
资源/items/characters/speedy/speedy_eyes_appearance.tres,.tres,338,原样
资源/items/characters/speedy/speedy_icon.png.import,.import,719,原样
资源/items/characters/speedy/speedy_mouth.png.import,.import,722,原样
资源/items/characters/speedy/speedy_mouth_appearance.tres,.tres,338,原样
资源/items/characters/streamer/streamer_data.tres,.tres,4532,原样
资源/items/characters/streamer/streamer_effect_1.tres,.tres,366,原样
资源/items/characters/streamer/streamer_effect_1b.tres,.tres,331,原样
资源/items/characters/streamer/streamer_effect_1c.tres,.tres,329,原样
资源/items/characters/streamer/streamer_effect_2.tres,.tres,585,原样
资源/items/characters/streamer/streamer_effect_2b.tres,.tres,293,原样
资源/items/characters/streamer/streamer_effect_3.tres,.tres,870,原样
资源/items/characters/streamer/streamer_effect_4.tres,.tres,378,原样
资源/items/characters/streamer/streamer_eyes.png.import,.import,727,原样
资源/items/characters/streamer/streamer_eyes_appearance.tres,.tres,342,原样
资源/items/characters/streamer/streamer_gamepad.png.import,.import,736,原样
资源/items/characters/streamer/streamer_icon.png.import,.import,727,原样
资源/items/characters/streamer/streamer_mouth_appearance.tres,.tres,344,原样
资源/items/characters/well_rounded/well_rounded_data.tres,.tres,2073,原样
资源/items/characters/well_rounded/well_rounded_effect_1.tres,.tres,275,原样
资源/items/characters/well_rounded/well_rounded_effect_2.tres,.tres,274,原样
资源/items/characters/well_rounded/well_rounded_effect_3.tres,.tres,279,原样
资源/items/characters/well_rounded/well_rounded_eyes.png.import,.import,743,原样
资源/items/characters/well_rounded/well_rounded_eyes_appearance.tres,.tres,349,原样
资源/items/characters/well_rounded/well_rounded_icon.png.import,.import,743,原样
资源/items/characters/well_rounded/well_rounded_mouth.png.import,.import,746,原样
资源/items/characters/well_rounded/well_rounded_mouth_appearance.tres,.tres,350,原样
资源/items/characters/wildling/wildling_data.tres,.tres,1879,原样
资源/items/characters/wildling/wildling_effect_1.tres,.tres,391,原样
资源/items/characters/wildling/wildling_effect_2.tres,.tres,313,原样
资源/items/characters/wildling/wildling_effect_2b.tres,.tres,510,原样
资源/items/characters/wildling/wildling_eyes.png.import,.import,727,原样
资源/items/characters/wildling/wildling_eyes_appearance.tres,.tres,341,原样
资源/items/characters/wildling/wildling_icon.png.import,.import,727,原样
资源/items/characters/wildling/wildling_mouth.png.import,.import,730,原样
资源/items/characters/wildling/wildling_mouth_appearance.tres,.tres,342,原样
资源/items/consumables/consumable.gd.remap,.remap,55,原样
资源/items/consumables/consumable.gdc,.gdc,355,原样
资源/items/consumables/consumable.tscn,.tscn,418,原样
资源/items/consumables/consumable_data.gd.remap,.remap,60,原样
资源/items/consumables/consumable_data.gdc,.gdc,232,原样
资源/items/consumables/fruit/comedy_bite_chew_01.wav.import,.import,466,原样
资源/items/consumables/fruit/comedy_bite_chew_02.wav.import,.import,466,原样
资源/items/consumables/fruit/comedy_bite_chew_03.wav.import,.import,466,原样
资源/items/consumables/fruit/fruit.png.import,.import,701,原样
资源/items/consumables/fruit/fruit_data.tres,.tres,981,原样
资源/items/consumables/fruit/fruit_effect.tres,.tres,284,原样
资源/items/consumables/item_box/item_box.png.import,.import,713,原样
资源/items/consumables/item_box/item_box_data.tres,.tres,756,原样
资源/items/consumables/item_box/item_box_pickup.wav.import,.import,457,原样
资源/items/consumables/legendary_item_box/legendary_item_box.png.import,.import,753,原样
资源/items/consumables/legendary_item_box/legendary_item_box_data.tres,.tres,812,原样
资源/items/consumables/legendary_item_box/legendary_item_box_effect.tres,.tres,286,原样
资源/items/difficulties/0/difficulty_0.tres,.tres,544,原样
资源/items/difficulties/0/difficulty_0_effect_1.tres,.tres,291,原样
资源/items/difficulties/1/difficulty_1.tres,.tres,545,原样
资源/items/difficulties/1/difficulty_1_effect_0.tres,.tres,290,原样
资源/items/difficulties/2/difficulty_2.tres,.tres,660,原样
资源/items/difficulties/2/difficulty_2_effect_0.tres,.tres,290,原样
资源/items/difficulties/2/difficulty_2_effect_1.tres,.tres,285,原样
资源/items/difficulties/3/difficulty_3.tres,.tres,890,原样
资源/items/difficulties/3/difficulty_3_effect_0.tres,.tres,290,原样
资源/items/difficulties/3/difficulty_3_effect_1.tres,.tres,285,原样
资源/items/difficulties/3/difficulty_3_effect_2.tres,.tres,300,原样
资源/items/difficulties/3/difficulty_3_effect_3.tres,.tres,284,原样
资源/items/difficulties/4/difficulty_4.tres,.tres,1005,原样
资源/items/difficulties/4/difficulty_4_effect_0.tres,.tres,290,原样
资源/items/difficulties/4/difficulty_4_effect_1.tres,.tres,285,原样
资源/items/difficulties/4/difficulty_4_effect_2.tres,.tres,300,原样
资源/items/difficulties/4/difficulty_4_effect_3.tres,.tres,290,原样
资源/items/difficulties/4/difficulty_4_effect_4.tres,.tres,284,原样
资源/items/difficulties/5/difficulty_5.tres,.tres,1120,原样
资源/items/difficulties/5/difficulty_5_effect_0.tres,.tres,290,原样
资源/items/difficulties/5/difficulty_5_effect_1.tres,.tres,285,原样
资源/items/difficulties/5/difficulty_5_effect_2.tres,.tres,300,原样
资源/items/difficulties/5/difficulty_5_effect_3.tres,.tres,290,原样
资源/items/difficulties/5/difficulty_5_effect_4.tres,.tres,293,原样
资源/items/difficulties/5/difficulty_5_effect_5.tres,.tres,284,原样
资源/items/difficulties/difficulty_data.gd.remap,.remap,61,原样
资源/items/difficulties/difficulty_data.gdc,.gdc,98,原样
资源/items/difficulties/elite_type.gd.remap,.remap,56,原样
资源/items/difficulties/elite_type.gdc,.gdc,114,原样
资源/items/difficulties/others/difficulty_10.tres,.tres,416,原样
资源/items/difficulties/others/difficulty_6.tres,.tres,413,原样
资源/items/difficulties/others/difficulty_7.tres,.tres,413,原样
资源/items/difficulties/others/difficulty_8.tres,.tres,413,原样
资源/items/difficulties/others/difficulty_9.tres,.tres,413,原样
资源/items/global/category.gd.remap,.remap,48,原样
资源/items/global/category.gdc,.gdc,135,原样
资源/items/global/custom_arg.gd.remap,.remap,50,原样
资源/items/global/custom_arg.gdc,.gdc,962,原样
资源/items/global/effect.gd.remap,.remap,46,原样
资源/items/global/effect.gdc,.gdc,5352,原样
资源/items/global/info.png.import,.import,687,原样
资源/items/global/inventory_element.gd.remap,.remap,57,原样
资源/items/global/inventory_element.gdc,.gdc,2488,原样
资源/items/global/inventory_element.tscn,.tscn,1567,原样
资源/items/global/item.gd.remap,.remap,44,原样
资源/items/global/item.gdc,.gdc,1378,原样
资源/items/global/item.tscn,.tscn,516,原样
资源/items/global/item_appearance_data.gd.remap,.remap,60,原样
资源/items/global/item_appearance_data.gdc,.gdc,1394,原样
资源/items/global/item_data.gd.remap,.remap,49,原样
资源/items/global/item_data.gdc,.gdc,367,原样
资源/items/global/item_parent_data.gd.remap,.remap,56,原样
资源/items/global/item_parent_data.gdc,.gdc,1389,原样
资源/items/global/locked_icon.png.import,.import,708,原样
资源/items/global/random_icon.png.import,.import,708,原样
资源/items/global/tier.gd.remap,.remap,44,原样
资源/items/global/tier.gdc,.gdc,215,原样
资源/items/global/weapon_data.gd.remap,.remap,51,原样
资源/items/global/weapon_data.gdc,.gdc,1551,原样
资源/items/materials/alt_sounds/coin_bag_ring_gemstone_item_01.wav.import,.import,538,原样
资源/items/materials/alt_sounds/coin_bag_ring_gemstone_item_02.wav.import,.import,538,原样
资源/items/materials/alt_sounds/coin_bag_ring_gemstone_item_03.wav.import,.import,538,原样
资源/items/materials/alt_sounds/coin_bag_ring_gemstone_item_04.wav.import,.import,538,原样
资源/items/materials/alt_sounds/coin_bag_ring_gemstone_item_05.wav.import,.import,538,原样
资源/items/materials/gold.gd.remap,.remap,47,原样
资源/items/materials/gold.gdc,.gdc,284,原样
资源/items/materials/gold.tscn,.tscn,494,原样
资源/items/materials/gold_bag.gd.remap,.remap,51,原样
资源/items/materials/gold_bag.gdc,.gdc,207,原样
资源/items/materials/gold_bag.tscn,.tscn,506,原样
资源/items/materials/harvesting_icon.png.import,.import,723,原样
资源/items/materials/material_0000.png.import,.import,717,原样
资源/items/materials/material_0001.png.import,.import,717,原样
资源/items/materials/material_0002.png.import,.import,717,原样
资源/items/materials/material_0003.png.import,.import,717,原样
资源/items/materials/material_0004.png.import,.import,717,原样
资源/items/materials/material_0005.png.import,.import,717,原样
资源/items/materials/material_0006.png.import,.import,717,原样
资源/items/materials/material_0007.png.import,.import,717,原样
资源/items/materials/material_0008.png.import,.import,717,原样
资源/items/materials/material_0009.png.import,.import,717,原样
资源/items/materials/material_0010.png.import,.import,717,原样
资源/items/materials/material_bag.png.import,.import,714,原样
资源/items/materials/material_bag_icon.png.import,.import,729,原样
资源/items/materials/material_ui.png.import,.import,711,原样
资源/items/materials/water_drop_drip_single_01.wav.import,.import,476,原样
资源/items/materials/water_drop_drip_single_02.wav.import,.import,476,原样
资源/items/materials/water_drop_drip_single_03.wav.import,.import,476,原样
资源/items/materials/water_drop_drip_single_04.wav.import,.import,476,原样
资源/items/materials/water_drop_drip_single_05.wav.import,.import,476,原样
资源/items/sets/blade/2/set_2_effect_1.tres,.tres,281,原样
资源/items/sets/blade/2/set_2_effect_2.tres,.tres,278,原样
资源/items/sets/blade/3/set_3_effect_1.tres,.tres,281,原样
资源/items/sets/blade/3/set_3_effect_2.tres,.tres,278,原样
资源/items/sets/blade/4/set_4_effect_1.tres,.tres,281,原样
资源/items/sets/blade/4/set_4_effect_2.tres,.tres,278,原样
资源/items/sets/blade/5/set_5_effect_1.tres,.tres,281,原样
资源/items/sets/blade/5/set_5_effect_2.tres,.tres,278,原样
资源/items/sets/blade/6/set_6_effect_1.tres,.tres,281,原样
资源/items/sets/blade/6/set_6_effect_2.tres,.tres,278,原样
资源/items/sets/blade/blade_set_data.tres,.tres,1311,原样
资源/items/sets/blunt/2/set_2_effect_1.tres,.tres,274,原样
资源/items/sets/blunt/2/set_2_effect_2.tres,.tres,275,原样
资源/items/sets/blunt/3/set_3_effect_1.tres,.tres,274,原样
资源/items/sets/blunt/3/set_3_effect_2.tres,.tres,275,原样
资源/items/sets/blunt/3/set_3_effect_3.tres,.tres,275,原样
资源/items/sets/blunt/4/set_4_effect_1.tres,.tres,274,原样
资源/items/sets/blunt/4/set_4_effect_2.tres,.tres,275,原样
资源/items/sets/blunt/4/set_4_effect_3.tres,.tres,275,原样
资源/items/sets/blunt/5/set_5_effect_1.tres,.tres,274,原样
资源/items/sets/blunt/5/set_5_effect_2.tres,.tres,275,原样
资源/items/sets/blunt/5/set_5_effect_3.tres,.tres,275,原样
资源/items/sets/blunt/6/set_6_effect_1.tres,.tres,274,原样
资源/items/sets/blunt/6/set_6_effect_2.tres,.tres,275,原样
资源/items/sets/blunt/6/set_6_effect_3.tres,.tres,276,原样
资源/items/sets/blunt/blunt_set_data.tres,.tres,1743,原样
资源/items/sets/ethereal/2/set_2_effect_1.tres,.tres,274,原样
资源/items/sets/ethereal/2/set_2_effect_2.tres,.tres,275,原样
资源/items/sets/ethereal/3/set_3_effect_1.tres,.tres,275,原样
资源/items/sets/ethereal/3/set_3_effect_2.tres,.tres,275,原样
资源/items/sets/ethereal/4/set_4_effect_1.tres,.tres,275,原样
资源/items/sets/ethereal/4/set_4_effect_2.tres,.tres,275,原样
资源/items/sets/ethereal/5/set_5_effect_1.tres,.tres,275,原样
资源/items/sets/ethereal/5/set_5_effect_2.tres,.tres,275,原样
资源/items/sets/ethereal/6/set_6_effect_1.tres,.tres,275,原样
资源/items/sets/ethereal/6/set_6_effect_2.tres,.tres,275,原样
资源/items/sets/ethereal/ethereal_set_data.tres,.tres,1347,原样
资源/items/sets/explosive/2/set_2_effect_1.tres,.tres,226,原样
资源/items/sets/explosive/2/set_2_effect_2.tres,.tres,278,原样
资源/items/sets/explosive/3/set_3_effect_1.tres,.tres,227,原样
资源/items/sets/explosive/3/set_3_effect_2.tres,.tres,279,原样
资源/items/sets/explosive/4/set_4_effect_1.tres,.tres,227,原样
资源/items/sets/explosive/4/set_4_effect_2.tres,.tres,279,原样
资源/items/sets/explosive/5/set_5_effect_1.tres,.tres,227,原样
资源/items/sets/explosive/5/set_5_effect_2.tres,.tres,279,原样
资源/items/sets/explosive/6/set_6_effect_1.tres,.tres,227,原样
资源/items/sets/explosive/6/set_6_effect_2.tres,.tres,279,原样
资源/items/sets/explosive/explosive_set_data.tres,.tres,808,原样
资源/items/sets/fire/2/set_2_effect_1.tres,.tres,285,原样
资源/items/sets/fire/3/set_3_effect_1.tres,.tres,285,原样
资源/items/sets/fire/4/set_4_effect_1.tres,.tres,285,原样
资源/items/sets/fire/5/set_5_effect_1.tres,.tres,285,原样
资源/items/sets/fire/6/set_6_effect_1.tres,.tres,285,原样
资源/items/sets/fire/fire_set_data.tres,.tres,783,原样
资源/items/sets/gun/2/set_2_effect_1.tres,.tres,275,原样
资源/items/sets/gun/3/set_3_effect_1.tres,.tres,275,原样
资源/items/sets/gun/4/set_4_effect_1.tres,.tres,275,原样
资源/items/sets/gun/5/set_5_effect_1.tres,.tres,275,原样
资源/items/sets/gun/6/set_6_effect_1.tres,.tres,275,原样
资源/items/sets/gun/gun_set_data.tres,.tres,766,原样
资源/items/sets/heavy/2/set_2_effect_1.tres,.tres,283,原样
资源/items/sets/heavy/3/set_3_effect_1.tres,.tres,284,原样
资源/items/sets/heavy/4/set_4_effect_1.tres,.tres,284,原样
资源/items/sets/heavy/5/set_5_effect_1.tres,.tres,284,原样
资源/items/sets/heavy/6/set_6_effect_1.tres,.tres,284,原样
资源/items/sets/heavy/heavy_set_data.tres,.tres,776,原样
资源/items/sets/medical/2/set_2_effect_1.tres,.tres,284,原样
资源/items/sets/medical/3/set_3_effect_1.tres,.tres,284,原样
资源/items/sets/medical/4/set_4_effect_1.tres,.tres,284,原样
资源/items/sets/medical/5/set_5_effect_1.tres,.tres,284,原样
资源/items/sets/medical/6/set_6_effect_1.tres,.tres,284,原样
资源/items/sets/medical/medical_set_data.tres,.tres,790,原样
资源/items/sets/medieval/2/set_2_effect_1.tres,.tres,274,原样
资源/items/sets/medieval/3/set_3_effect_1.tres,.tres,274,原样
资源/items/sets/medieval/3/set_3_effect_2.tres,.tres,274,原样
资源/items/sets/medieval/4/set_4_effect_1.tres,.tres,274,原样
资源/items/sets/medieval/4/set_4_effect_2.tres,.tres,274,原样
资源/items/sets/medieval/5/set_5_effect_1.tres,.tres,274,原样
资源/items/sets/medieval/5/set_5_effect_2.tres,.tres,274,原样
资源/items/sets/medieval/6/set_6_effect_1.tres,.tres,274,原样
资源/items/sets/medieval/6/set_6_effect_2.tres,.tres,274,原样
资源/items/sets/medieval/medieval_set_data.tres,.tres,1236,原样
资源/items/sets/precise/2/set_2_effect_1.tres,.tres,280,原样
资源/items/sets/precise/3/set_3_effect_1.tres,.tres,280,原样
资源/items/sets/precise/4/set_4_effect_1.tres,.tres,280,原样
资源/items/sets/precise/5/set_5_effect_1.tres,.tres,281,原样
资源/items/sets/precise/6/set_6_effect_1.tres,.tres,281,原样
资源/items/sets/precise/precise_set_data.tres,.tres,790,原样
资源/items/sets/primitive/2/set_2_effect_1.tres,.tres,275,原样
资源/items/sets/primitive/3/set_3_effect_1.tres,.tres,275,原样
资源/items/sets/primitive/4/set_4_effect_1.tres,.tres,275,原样
资源/items/sets/primitive/5/set_5_effect_1.tres,.tres,276,原样
资源/items/sets/primitive/6/set_6_effect_1.tres,.tres,276,原样
资源/items/sets/primitive/primitive_set_data.tres,.tres,806,原样
资源/items/sets/set_data.gd.remap,.remap,46,原样
资源/items/sets/set_data.gdc,.gdc,237,原样
资源/items/sets/support/2/set_2_effect_1.tres,.tres,279,原样
资源/items/sets/support/3/set_3_effect_1.tres,.tres,280,原样
资源/items/sets/support/4/set_4_effect_1.tres,.tres,280,原样
资源/items/sets/support/5/set_5_effect_1.tres,.tres,280,原样
资源/items/sets/support/6/set_6_effect_1.tres,.tres,280,原样
资源/items/sets/support/support_set_data.tres,.tres,794,原样
资源/items/sets/tool/2/set_2_effect_1.tres,.tres,280,原样
资源/items/sets/tool/3/set_3_effect_1.tres,.tres,280,原样
资源/items/sets/tool/4/set_4_effect_1.tres,.tres,280,原样
资源/items/sets/tool/5/set_5_effect_1.tres,.tres,280,原样
资源/items/sets/tool/6/set_6_effect_1.tres,.tres,280,原样
资源/items/sets/tool/tool_set_data.tres,.tres,771,原样
资源/items/sets/unarmed/2/set_2_effect_1.tres,.tres,274,原样
资源/items/sets/unarmed/3/set_3_effect_1.tres,.tres,274,原样
资源/items/sets/unarmed/4/set_4_effect_1.tres,.tres,274,原样
资源/items/sets/unarmed/5/set_5_effect_1.tres,.tres,275,原样
资源/items/sets/unarmed/6/set_6_effect_1.tres,.tres,275,原样
资源/items/sets/unarmed/unarmed_set_data.tres,.tres,792,原样
资源/items/stats/armor.png.import,.import,689,原样
资源/items/stats/attack_speed.png.import,.import,710,原样
资源/items/stats/crit_chance.png.import,.import,707,原样
资源/items/stats/dodge.png.import,.import,689,原样
资源/items/stats/elemental_damage.png.import,.import,722,原样
资源/items/stats/engineering.png.import,.import,707,原样
资源/items/stats/harvesting.png.import,.import,704,原样
资源/items/stats/hp_regeneration.png.import,.import,719,原样
资源/items/stats/lifesteal.png.import,.import,701,原样
资源/items/stats/luck.png.import,.import,686,原样
资源/items/stats/max_hp.png.import,.import,692,原样
资源/items/stats/melee_damage.png.import,.import,710,原样
资源/items/stats/percent_damage.png.import,.import,716,原样
资源/items/stats/range.png.import,.import,689,原样
资源/items/stats/ranged_damage.png.import,.import,713,原样
资源/items/stats/speed.png.import,.import,689,原样
资源/items/upgrades/accuracy/1/accuracy_data.tres,.tres,577,原样
资源/items/upgrades/accuracy/1/accuracy_effect.tres,.tres,223,原样
资源/items/upgrades/accuracy/2/accuracy_2_data.tres,.tres,579,原样
资源/items/upgrades/accuracy/2/accuracy_2_effect.tres,.tres,223,原样
资源/items/upgrades/accuracy/3/accuracy_3_data.tres,.tres,579,原样
资源/items/upgrades/accuracy/3/accuracy_3_effect.tres,.tres,224,原样
资源/items/upgrades/accuracy/4/accuracy_4_data.tres,.tres,545,原样
资源/items/upgrades/accuracy/4/accuracy_4_effect.tres,.tres,224,原样
资源/items/upgrades/accuracy/accuracy.png.import,.import,710,原样
资源/items/upgrades/armor/1/armor_data.tres,.tres,647,原样
资源/items/upgrades/armor/1/armor_effect.tres,.tres,274,原样
资源/items/upgrades/armor/2/armor_2_data.tres,.tres,649,原样
资源/items/upgrades/armor/2/armor_2_effect.tres,.tres,274,原样
资源/items/upgrades/armor/3/armor_3_data.tres,.tres,649,原样
资源/items/upgrades/armor/3/armor_3_effect.tres,.tres,274,原样
资源/items/upgrades/armor/4/armor_4_data.tres,.tres,649,原样
资源/items/upgrades/armor/4/armor_4_effect.tres,.tres,274,原样
资源/items/upgrades/armor/flat_dmg_reduction.png.import,.import,737,原样
资源/items/upgrades/armor/stat_armor.tres,.tres,407,原样
资源/items/upgrades/attack_speed/1/attack_speed_data.tres,.tres,683,原样
资源/items/upgrades/attack_speed/1/attack_speed_effect.tres,.tres,281,原样
资源/items/upgrades/attack_speed/2/attack_speed_2_data.tres,.tres,685,原样
资源/items/upgrades/attack_speed/2/attack_speed_2_effect.tres,.tres,282,原样
资源/items/upgrades/attack_speed/3/attack_speed_3_data.tres,.tres,685,原样
资源/items/upgrades/attack_speed/3/attack_speed_3_effect.tres,.tres,282,原样
资源/items/upgrades/attack_speed/4/attack_speed_4_data.tres,.tres,685,原样
资源/items/upgrades/attack_speed/4/attack_speed_4_effect.tres,.tres,282,原样
资源/items/upgrades/attack_speed/attack_speed.png.import,.import,726,原样
资源/items/upgrades/attack_speed/stat_attack_speed.tres,.tres,422,原样
资源/items/upgrades/crit_chance/1/crit_chance_data.tres,.tres,676,原样
资源/items/upgrades/crit_chance/1/crit_chance_effect.tres,.tres,280,原样
资源/items/upgrades/crit_chance/2/crit_chance_2_data.tres,.tres,678,原样
资源/items/upgrades/crit_chance/2/crit_chance_2_effect.tres,.tres,280,原样
资源/items/upgrades/crit_chance/3/crit_chance_3_data.tres,.tres,678,原样
资源/items/upgrades/crit_chance/3/crit_chance_3_effect.tres,.tres,280,原样
资源/items/upgrades/crit_chance/4/crit_chance_4_data.tres,.tres,678,原样
资源/items/upgrades/crit_chance/4/crit_chance_4_effect.tres,.tres,280,原样
资源/items/upgrades/crit_chance/crit_chance.png.import,.import,722,原样
资源/items/upgrades/crit_chance/stat_crit_chance.tres,.tres,418,原样
资源/items/upgrades/crit_damage/1/crit_damage_data.tres,.tres,554,原样
资源/items/upgrades/crit_damage/1/crit_damage_effect.tres,.tres,227,原样
资源/items/upgrades/crit_damage/2/crit_damage_2_data.tres,.tres,556,原样
资源/items/upgrades/crit_damage/2/crit_damage_2_effect.tres,.tres,227,原样
资源/items/upgrades/crit_damage/3/crit_damage_3_data.tres,.tres,556,原样
资源/items/upgrades/crit_damage/3/crit_damage_3_effect.tres,.tres,227,原样
资源/items/upgrades/crit_damage/4/crit_damage_4_data.tres,.tres,556,原样
资源/items/upgrades/crit_damage/4/crit_damage_4_effect.tres,.tres,227,原样
资源/items/upgrades/crit_damage/crit_dmg.png.import,.import,713,原样
资源/items/upgrades/crit_damage/stat_crit_damage.tres,.tres,415,原样
资源/items/upgrades/damage/1/damage_data.tres,.tres,535,原样
资源/items/upgrades/damage/1/damage_effect.tres,.tres,221,原样
资源/items/upgrades/damage/2/damage_2_data.tres,.tres,537,原样
资源/items/upgrades/damage/2/damage_effect_2.tres,.tres,221,原样
资源/items/upgrades/damage/3/damage_3_data.tres,.tres,537,原样
资源/items/upgrades/damage/3/damage_effect_3.tres,.tres,221,原样
资源/items/upgrades/damage/4/damage_4_data.tres,.tres,537,原样
资源/items/upgrades/damage/4/damage_effect_4.tres,.tres,221,原样
资源/items/upgrades/damage/flat_dmg.png.import,.import,708,原样
资源/items/upgrades/dodge/1/dodge_data.tres,.tres,634,原样
资源/items/upgrades/dodge/1/dodge_effect.tres,.tres,274,原样
资源/items/upgrades/dodge/2/dodge_2_data.tres,.tres,636,原样
资源/items/upgrades/dodge/2/dodge_2_effect.tres,.tres,274,原样
资源/items/upgrades/dodge/3/dodge_3_data.tres,.tres,636,原样
资源/items/upgrades/dodge/3/dodge_3_effect.tres,.tres,274,原样
资源/items/upgrades/dodge/4/dodge_4_data.tres,.tres,636,原样
资源/items/upgrades/dodge/4/dodge_4_effect.tres,.tres,275,原样
资源/items/upgrades/dodge/dodge.png.import,.import,698,原样
资源/items/upgrades/dodge/stat_dodge.tres,.tres,394,原样
资源/items/upgrades/elemental_damage/1/elemental_damage_data.tres,.tres,708,原样
资源/items/upgrades/elemental_damage/1/elemental_damage_effect.tres,.tres,285,原样
资源/items/upgrades/elemental_damage/2/elemental_damage_2_data.tres,.tres,710,原样
资源/items/upgrades/elemental_damage/2/elemental_damage_2_effect.tres,.tres,285,原样
资源/items/upgrades/elemental_damage/3/elemental_damage_3_data.tres,.tres,710,原样
资源/items/upgrades/elemental_damage/3/elemental_damage_3_effect.tres,.tres,285,原样
资源/items/upgrades/elemental_damage/4/elemental_damage_4_data.tres,.tres,710,原样
资源/items/upgrades/elemental_damage/4/elemental_damage_4_effect.tres,.tres,285,原样
资源/items/upgrades/elemental_damage/elemental_dmg.png.import,.import,733,原样
资源/items/upgrades/elemental_damage/stat_elemental_damage.tres,.tres,435,原样
资源/items/upgrades/engineering/1/engineering_data.tres,.tres,676,原样
资源/items/upgrades/engineering/1/engineering_effect.tres,.tres,280,原样
资源/items/upgrades/engineering/2/engineering_2_data.tres,.tres,678,原样
资源/items/upgrades/engineering/2/engineering_2_effect.tres,.tres,280,原样
资源/items/upgrades/engineering/3/engineering_3_data.tres,.tres,678,原样
资源/items/upgrades/engineering/3/engineering_3_effect.tres,.tres,280,原样
资源/items/upgrades/engineering/4/engineering_4_data.tres,.tres,678,原样
资源/items/upgrades/engineering/4/engineering_4_effect.tres,.tres,280,原样
资源/items/upgrades/engineering/engineering.png.import,.import,722,原样
资源/items/upgrades/engineering/stat_engineering.tres,.tres,418,原样
资源/items/upgrades/harvesting/1/harvesting_data.tres,.tres,669,原样
资源/items/upgrades/harvesting/1/harvesting_effect.tres,.tres,279,原样
资源/items/upgrades/harvesting/2/harvesting_2_data.tres,.tres,671,原样
资源/items/upgrades/harvesting/2/harvesting_2_effect.tres,.tres,279,原样
资源/items/upgrades/harvesting/3/harvesting_3_data.tres,.tres,671,原样
资源/items/upgrades/harvesting/3/harvesting_3_effect.tres,.tres,280,原样
资源/items/upgrades/harvesting/4/harvesting_4_data.tres,.tres,671,原样
资源/items/upgrades/harvesting/4/harvesting_4_effect.tres,.tres,280,原样
资源/items/upgrades/harvesting/harvesting.png.import,.import,718,原样
资源/items/upgrades/harvesting/stat_harvesting.tres,.tres,414,原样
资源/items/upgrades/health/1/health_data.tres,.tres,641,原样
资源/items/upgrades/health/1/health_effect.tres,.tres,275,原样
资源/items/upgrades/health/2/health_2_data.tres,.tres,643,原样
资源/items/upgrades/health/2/health_2_effect.tres,.tres,275,原样
资源/items/upgrades/health/3/health_3_data.tres,.tres,643,原样
资源/items/upgrades/health/3/health_3_effect.tres,.tres,275,原样
资源/items/upgrades/health/4/health_4_data.tres,.tres,643,原样
资源/items/upgrades/health/4/health_4_effect.tres,.tres,276,原样
资源/items/upgrades/health/health.png.import,.import,702,原样
资源/items/upgrades/health/stat_max_hp.tres,.tres,398,原样
资源/items/upgrades/health_regeneration/1/health_regeneration_data.tres,.tres,713,原样
资源/items/upgrades/health_regeneration/1/health_regeneration_effect.tres,.tres,284,原样
资源/items/upgrades/health_regeneration/2/health_regeneration_2_data.tres,.tres,715,原样
资源/items/upgrades/health_regeneration/2/health_regeneration_2_effect.tres,.tres,284,原样
资源/items/upgrades/health_regeneration/3/health_regeneration_3_data.tres,.tres,715,原样
资源/items/upgrades/health_regeneration/3/health_regeneration_3_effect.tres,.tres,284,原样
资源/items/upgrades/health_regeneration/4/health_regeneration_4_data.tres,.tres,715,原样
资源/items/upgrades/health_regeneration/4/health_regeneration_4_effect.tres,.tres,284,原样
资源/items/upgrades/health_regeneration/health_regen.png.import,.import,733,原样
资源/items/upgrades/health_regeneration/stat_hp_regeneration.tres,.tres,435,原样
资源/items/upgrades/lifesteal/1/lifesteal_data.tres,.tres,662,原样
资源/items/upgrades/lifesteal/1/lifesteal_effect.tres,.tres,278,原样
资源/items/upgrades/lifesteal/2/lifesteal_2_data.tres,.tres,664,原样
资源/items/upgrades/lifesteal/2/lifesteal_2_effect.tres,.tres,278,原样
资源/items/upgrades/lifesteal/3/lifesteal_3_data.tres,.tres,664,原样
资源/items/upgrades/lifesteal/3/lifesteal_3_effect.tres,.tres,278,原样
资源/items/upgrades/lifesteal/4/lifesteal_4_data.tres,.tres,664,原样
资源/items/upgrades/lifesteal/4/lifesteal_4_effect.tres,.tres,278,原样
资源/items/upgrades/lifesteal/lifesteal.png.import,.import,714,原样
资源/items/upgrades/lifesteal/stat_lifesteal.tres,.tres,410,原样
资源/items/upgrades/luck/1/luck_data.tres,.tres,645,原样
资源/items/upgrades/luck/1/luck_effect.tres,.tres,273,原样
资源/items/upgrades/luck/2/luck_2_data.tres,.tres,647,原样
资源/items/upgrades/luck/2/luck_2_effect.tres,.tres,274,原样
资源/items/upgrades/luck/3/luck_3_data.tres,.tres,647,原样
资源/items/upgrades/luck/3/luck_3_effect.tres,.tres,274,原样
资源/items/upgrades/luck/4/luck_4_data.tres,.tres,647,原样
资源/items/upgrades/luck/4/luck_4_effect.tres,.tres,274,原样
资源/items/upgrades/luck/consumable_drop_chance.png.import,.import,748,原样
资源/items/upgrades/luck/stat_luck.tres,.tres,408,原样
资源/items/upgrades/melee_damage/1/melee_damage_data.tres,.tres,680,原样
资源/items/upgrades/melee_damage/1/melee_damage_effect.tres,.tres,281,原样
资源/items/upgrades/melee_damage/2/melee_damage_2_data.tres,.tres,682,原样
资源/items/upgrades/melee_damage/2/melee_damage_2_effect.tres,.tres,281,原样
资源/items/upgrades/melee_damage/3/melee_damage_3_data.tres,.tres,682,原样
资源/items/upgrades/melee_damage/3/melee_damage_3_effect.tres,.tres,281,原样
资源/items/upgrades/melee_damage/4/melee_damage_4_data.tres,.tres,682,原样
资源/items/upgrades/melee_damage/4/melee_damage_4_effect.tres,.tres,281,原样
资源/items/upgrades/melee_damage/melee_dmg.png.import,.import,717,原样
资源/items/upgrades/melee_damage/stat_melee_damage.tres,.tres,419,原样
资源/items/upgrades/percent_damage/1/percent_damage_data.tres,.tres,694,原样
资源/items/upgrades/percent_damage/1/percent_damage_effect.tres,.tres,283,原样
资源/items/upgrades/percent_damage/2/percent_damage_2_data.tres,.tres,696,原样
资源/items/upgrades/percent_damage/2/percent_damage_2_effect.tres,.tres,283,原样
资源/items/upgrades/percent_damage/3/percent_damage_3_data.tres,.tres,696,原样
资源/items/upgrades/percent_damage/3/percent_damage_3_effect.tres,.tres,284,原样
资源/items/upgrades/percent_damage/4/percent_damage_4_data.tres,.tres,696,原样
资源/items/upgrades/percent_damage/4/percent_damage_4_effect.tres,.tres,284,原样
资源/items/upgrades/percent_damage/percent_dmg.png.import,.import,725,原样
资源/items/upgrades/percent_damage/stat_percent_damage.tres,.tres,427,原样
资源/items/upgrades/range/1/range_data.tres,.tres,634,原样
资源/items/upgrades/range/1/range_effect.tres,.tres,275,原样
资源/items/upgrades/range/2/range_2_data.tres,.tres,636,原样
资源/items/upgrades/range/2/range_2_effect.tres,.tres,275,原样
资源/items/upgrades/range/3/range_3_data.tres,.tres,636,原样
资源/items/upgrades/range/3/range_3_effect.tres,.tres,275,原样
资源/items/upgrades/range/4/range_4_data.tres,.tres,636,原样
资源/items/upgrades/range/4/range_4_effect.tres,.tres,275,原样
资源/items/upgrades/range/range.png.import,.import,698,原样
资源/items/upgrades/range/stat_range.tres,.tres,394,原样
资源/items/upgrades/ranged_damage/1/ranged_damage_data.tres,.tres,687,原样
资源/items/upgrades/ranged_damage/1/ranged_damage_effect.tres,.tres,282,原样
资源/items/upgrades/ranged_damage/2/ranged_damage_2_data.tres,.tres,689,原样
资源/items/upgrades/ranged_damage/2/ranged_damage_2_effect.tres,.tres,282,原样
资源/items/upgrades/ranged_damage/3/ranged_damage_3_data.tres,.tres,689,原样
资源/items/upgrades/ranged_damage/3/ranged_damage_3_effect.tres,.tres,282,原样
资源/items/upgrades/ranged_damage/4/ranged_damage_4_data.tres,.tres,689,原样
资源/items/upgrades/ranged_damage/4/ranged_damage_4_effect.tres,.tres,282,原样
资源/items/upgrades/ranged_damage/ranged_dmg.png.import,.import,721,原样
资源/items/upgrades/ranged_damage/stat_ranged_damage.tres,.tres,423,原样
资源/items/upgrades/speed/1/speed_data.tres,.tres,634,原样
资源/items/upgrades/speed/1/speed_effect.tres,.tres,274,原样
资源/items/upgrades/speed/2/speed_2_data.tres,.tres,636,原样
资源/items/upgrades/speed/2/speed_2_effect.tres,.tres,274,原样
资源/items/upgrades/speed/3/speed_3_data.tres,.tres,636,原样
资源/items/upgrades/speed/3/speed_3_effect.tres,.tres,274,原样
资源/items/upgrades/speed/4/speed_4_data.tres,.tres,636,原样
资源/items/upgrades/speed/4/speed_4_effect.tres,.tres,275,原样
资源/items/upgrades/speed/speed.png.import,.import,698,原样
资源/items/upgrades/speed/stat_speed.tres,.tres,394,原样
资源/items/upgrades/stat_data.gd.remap,.remap,51,原样
资源/items/upgrades/stat_data.gdc,.gdc,230,原样
资源/items/upgrades/stat_explosion_damage.tres,.tres,336,原样
资源/items/upgrades/stat_materials.tres,.tres,333,原样
资源/items/upgrades/upgrade_data.gd.remap,.remap,54,原样
资源/items/upgrades/upgrade_data.gdc,.gdc,146,原样
资源/items/upgrades/upgrade_icon.png.import,.import,713,原样
资源/items/upgrades/upgrade_to_process_data.tres,.tres,374,原样
资源/items/upgrades/weapon_slot/weapon_slot.png.import,.import,722,原样
资源/items/upgrades/weapon_slot/weapon_slot_data.tres,.tres,521,原样
资源/items/upgrades/weapon_slot/weapon_slot_effect.tres,.tres,191,原样
资源/items_test.tscn,.tscn,31809,原样
资源/joystick/textures/joystick_base_outline.png.import,.import,743,原样
资源/joystick/textures/joystick_tip.png.import,.import,716,原样
资源/joystick/textures/joystick_tip_arrows.png.import,.import,737,原样
资源/joystick/virtual_joystick.gd.remap,.remap,52,原样
资源/joystick/virtual_joystick.gdc,.gdc,5272,原样
资源/joystick/virtual_joystick.tscn,.tscn,1462,原样
资源/main.gd,.gd,40737,原样
资源/main.gd.remap,.remap,30,原样
资源/main.tscn,.tscn,22748,原样
资源/overlap/hitbox.gd.remap,.remap,41,原样
资源/overlap/hitbox.gdc,.gdc,2583,原样
资源/overlap/hitbox.tscn,.tscn,399,原样
资源/overlap/hurtbox.gd.remap,.remap,42,原样
资源/overlap/hurtbox.gdc,.gdc,475,原样
资源/overlap/hurtbox.tscn,.tscn,363,原样
资源/particles/burning/burning_blue_gradient.tres,.tres,204,原样
资源/particles/burning/burning_material_blue.tres,.tres,705,原样
资源/particles/burning/burning_material_red.tres,.tres,704,原样
资源/particles/burning/burning_particles.gd.remap,.remap,62,原样
资源/particles/burning/burning_particles.gdc,.gdc,1910,原样
资源/particles/burning/burning_red_gradient.tres,.tres,198,原样
资源/particles/burning/torch_burning_particles.tscn,.tscn,1135,原样
资源/particles/burning/unit_burning_particles.tscn,.tscn,1087,原样
资源/particles/directional_hit_particles.tscn,.tscn,1158,原样
资源/particles/explosion_smoke.tscn,.tscn,1145,原样
资源/particles/ghost_scepter_particles.tscn,.tscn,1148,原样
资源/particles/heal_particles.tscn,.tscn,1166,原样
资源/particles/hit_particles.tscn,.tscn,1120,原样
资源/particles/particles.gd.remap,.remap,46,原样
资源/particles/particles.gdc,.gdc,278,原样
资源/particles/pickup_gold_particles.gd.remap,.remap,58,原样
资源/particles/pickup_gold_particles.gdc,.gdc,204,原样
资源/particles/pickup_gold_particles.tscn,.tscn,1105,原样
资源/particles/running_smoke.gd.remap,.remap,50,原样
资源/particles/running_smoke.gdc,.gdc,404,原样
资源/particles/running_smoke.tscn,.tscn,1101,原样
资源/particles/speed_removed_particles.tscn,.tscn,1217,原样
资源/particles/sprites/particle_1.png.import,.import,710,原样
资源/particles/sprites/particle_10.png.import,.import,713,原样
资源/particles/sprites/particle_11.png.import,.import,713,原样
资源/particles/sprites/particle_12.png.import,.import,713,原样
资源/particles/sprites/particle_13.png.import,.import,713,原样
资源/particles/sprites/particle_14.png.import,.import,713,原样
资源/particles/sprites/particle_15.png.import,.import,713,原样
资源/particles/sprites/particle_16.png.import,.import,713,原样
资源/particles/sprites/particle_17.png.import,.import,713,原样
资源/particles/sprites/particle_18.png.import,.import,713,原样
资源/particles/sprites/particle_19.png.import,.import,713,原样
资源/particles/sprites/particle_2.png.import,.import,710,原样
资源/particles/sprites/particle_20.png.import,.import,713,原样
资源/particles/sprites/particle_21.png.import,.import,713,原样
资源/particles/sprites/particle_22.png.import,.import,713,原样
资源/particles/sprites/particle_23.png.import,.import,713,原样
资源/particles/sprites/particle_24.png.import,.import,713,原样
资源/particles/sprites/particle_25.png.import,.import,713,原样
资源/particles/sprites/particle_26.png.import,.import,713,原样
资源/particles/sprites/particle_27.png.import,.import,713,原样
资源/particles/sprites/particle_3.png.import,.import,710,原样
资源/particles/sprites/particle_4.png.import,.import,710,原样
资源/particles/sprites/particle_5.png.import,.import,710,原样
资源/particles/sprites/particle_6.png.import,.import,710,原样
资源/particles/sprites/particle_7.png.import,.import,710,原样
资源/particles/sprites/particle_8.png.import,.import,710,原样
资源/particles/sprites/particle_9.png.import,.import,710,原样
资源/particles/stats_boost_particles.tscn,.tscn,1205,原样
资源/previews/gitpreview.png.import,.import,701,原样
资源/previews/icon.png.import,.import,683,原样
资源/previews/preview1.png.import,.import,695,原样
资源/previews/preview2.png.import,.import,695,原样
资源/previews/preview3.png.import,.import,695,原样
资源/project.binary,.binary,60635,原样
资源/projectiles/blue_flames/blue_fire.tres,.tres,1771,原样
资源/projectiles/blue_flames/blue_flame_projectile.tscn,.tscn,1091,原样
资源/projectiles/blue_flames/sprites/bullet_flame_0000.png.import,.import,745,原样
资源/projectiles/blue_flames/sprites/bullet_flame_0001.png.import,.import,745,原样
资源/projectiles/blue_flames/sprites/bullet_flame_0002.png.import,.import,745,原样
资源/projectiles/blue_flames/sprites/bullet_flame_0003.png.import,.import,745,原样
资源/projectiles/blue_flames/sprites/bullet_flame_0004.png.import,.import,745,原样
资源/projectiles/blue_flames/sprites/bullet_flame_0005.png.import,.import,745,原样
资源/projectiles/blue_flames/sprites/bullet_flame_0006.png.import,.import,745,原样
资源/projectiles/blue_flames/sprites/bullet_flame_0007.png.import,.import,745,原样
资源/projectiles/bolt/bolt_projectile.tscn,.tscn,1124,原样
资源/projectiles/bolt/bullet_bolt.tscn,.tscn,1822,原样
资源/projectiles/bullet/bullet_projectile.tscn,.tscn,1767,原样
资源/projectiles/bullet/frame0000.png.import,.import,708,原样
资源/projectiles/bullet/frame0001.png.import,.import,708,原样
资源/projectiles/bullet_enemy/basic_enemy_bullet_stats.tres,.tres,198,原样
资源/projectiles/bullet_enemy/bullet_enemy.png.import,.import,723,原样
资源/projectiles/bullet_enemy/bullet_enemy_long.png.import,.import,738,原样
资源/projectiles/bullet_enemy/enemy_projectile.gd.remap,.remap,68,原样
资源/projectiles/bullet_enemy/enemy_projectile.gdc,.gdc,1166,原样
资源/projectiles/bullet_enemy/enemy_projectile.tscn,.tscn,921,原样
资源/projectiles/bullet_enemy/enemy_projectile_rotating.gd.remap,.remap,77,原样
资源/projectiles/bullet_enemy/enemy_projectile_rotating.gdc,.gdc,1069,原样
资源/projectiles/bullet_ghost_scepter/bullet_ghost_scepter.tscn,.tscn,1780,原样
资源/projectiles/bullet_ghost_scepter/bullet_scepter_0000.png.import,.import,752,原样
资源/projectiles/bullet_ghost_scepter/bullet_scepter_0001.png.import,.import,752,原样
资源/projectiles/bullet_laser/bullet_laser.tscn,.tscn,1772,原样
资源/projectiles/bullet_laser/bullet_laser_0000.png.import,.import,738,原样
资源/projectiles/bullet_laser/bullet_laser_0001.png.import,.import,738,原样
资源/projectiles/bullet_laser/delayed_bullet_laser.tscn,.tscn,1936,原样
资源/projectiles/bullet_lightning/delayed_lightning_projectile.tscn,.tscn,2042,原样
资源/projectiles/bullet_lightning/lightning_projectile.tscn,.tscn,1921,原样
资源/projectiles/bullet_lightning/sprites/bullet_lightning_0000.png.import,.import,762,原样
资源/projectiles/bullet_lightning/sprites/bullet_lightning_0001.png.import,.import,762,原样
资源/projectiles/bullet_lightning/sprites/bullet_lightning_0002.png.import,.import,762,原样
资源/projectiles/bullet_lightning/sprites/bullet_lightning_0003.png.import,.import,762,原样
资源/projectiles/bullet_lightning/sprites/bullet_lightning_0004.png.import,.import,762,原样
资源/projectiles/bullet_lightning/sprites/bullet_lightning_0005.png.import,.import,762,原样
资源/projectiles/bullet_lightning/sprites/bullet_lightning_0006.png.import,.import,762,原样
资源/projectiles/bullet_medical/bullet_medical.tscn,.tscn,1909,原样
资源/projectiles/bullet_medical/bullet_medical_0000.png.import,.import,746,原样
资源/projectiles/bullet_medical/bullet_medical_0001.png.import,.import,746,原样
资源/projectiles/bullet_medical/turret_healing/bullet_turret_healing.tscn,.tscn,2000,原样
资源/projectiles/bullet_shredder/bullet_shredder.tscn,.tscn,1737,原样
资源/projectiles/bullet_shredder/bullet_shredder_0000.png.import,.import,750,原样
资源/projectiles/bullet_shredder/bullet_shredder_0001.png.import,.import,750,原样
资源/projectiles/bullet_slingshot/slingshot_projectile.png.import,.import,751,原样
资源/projectiles/bullet_slingshot/slingshot_projectile.tscn,.tscn,1058,原样
资源/projectiles/bullet_taser/delayed_taser_projectile.gd.remap,.remap,76,原样
资源/projectiles/bullet_taser/delayed_taser_projectile.gdc,.gdc,510,原样
资源/projectiles/bullet_taser/delayed_taser_projectile.tscn,.tscn,2583,原样
资源/projectiles/bullet_taser/sprites/bullet_taser_0000.png.import,.import,746,原样
资源/projectiles/bullet_taser/sprites/bullet_taser_0001.png.import,.import,746,原样
资源/projectiles/bullet_taser/sprites/bullet_taser_0002.png.import,.import,746,原样
资源/projectiles/bullet_taser/sprites/bullet_taser_0003.png.import,.import,746,原样
资源/projectiles/bullet_taser/sprites/bullet_taser_0004.png.import,.import,746,原样
资源/projectiles/bullet_taser/sprites/bullet_taser_0005.png.import,.import,746,原样
资源/projectiles/bullet_taser/sprites/bullet_taser_0006.png.import,.import,746,原样
资源/projectiles/bullet_taser/taser_projectile.gd.remap,.remap,68,原样
资源/projectiles/bullet_taser/taser_projectile.gdc,.gdc,506,原样
资源/projectiles/bullet_taser/taser_projectile.tscn,.tscn,2570,原样
资源/projectiles/bullet_wand/bullet_wand.png.import,.import,719,原样
资源/projectiles/bullet_wand/bullet_wand.tscn,.tscn,1088,原样
资源/projectiles/delayed_player_projectile.gd.remap,.remap,64,原样
资源/projectiles/delayed_player_projectile.gdc,.gdc,539,原样
资源/projectiles/explosion.tscn,.tscn,3259,原样
资源/projectiles/flames/flame_projectile.tscn,.tscn,2607,原样
资源/projectiles/flames/sprites/bullet_flame_0000.png.import,.import,740,原样
资源/projectiles/flames/sprites/bullet_flame_0001.png.import,.import,740,原样
资源/projectiles/flames/sprites/bullet_flame_0002.png.import,.import,740,原样
资源/projectiles/flames/sprites/bullet_flame_0003.png.import,.import,740,原样
资源/projectiles/flames/sprites/bullet_flame_0004.png.import,.import,740,原样
资源/projectiles/flames/sprites/bullet_flame_0005.png.import,.import,740,原样
资源/projectiles/flames/sprites/bullet_flame_0006.png.import,.import,740,原样
资源/projectiles/flames/sprites/bullet_flame_0007.png.import,.import,740,原样
资源/projectiles/leaky_gas/leaky_gas_0000.png.import,.import,726,原样
资源/projectiles/leaky_gas/leaky_gas_0001.png.import,.import,726,原样
资源/projectiles/leaky_gas/leaky_gas_0002.png.import,.import,726,原样
资源/projectiles/leaky_gas/leaky_gas_0003.png.import,.import,726,原样
资源/projectiles/leaky_gas/leaky_gas_0004.png.import,.import,726,原样
资源/projectiles/leaky_gas/leaky_gas_0005.png.import,.import,726,原样
资源/projectiles/leaky_gas/leaky_gas_0006.png.import,.import,726,原样
资源/projectiles/mob_projectile_stats.gd.remap,.remap,59,原样
资源/projectiles/mob_projectile_stats.gdc,.gdc,163,原样
资源/projectiles/nuclear_launcher/nuclear_projectile.tscn,.tscn,793,原样
资源/projectiles/nuclear_launcher/nuclear_rocket.png.import,.import,733,原样
资源/projectiles/obliterator/obliterator_bullet.png.import,.import,740,原样
资源/projectiles/obliterator/obliterator_bullet.tscn,.tscn,811,原样
资源/projectiles/pillar_enemy/pillar_enemy.png.import,.import,723,原样
资源/projectiles/pillar_enemy/pillar_projectile.tscn,.tscn,3347,原样
资源/projectiles/pillar_enemy/sprites/bullet_pillar_0000.png.import,.import,749,原样
资源/projectiles/pillar_enemy/sprites/bullet_pillar_0001.png.import,.import,749,原样
资源/projectiles/pillar_enemy/sprites/bullet_pillar_0002.png.import,.import,749,原样
资源/projectiles/pillar_enemy/sprites/bullet_pillar_0003.png.import,.import,749,原样
资源/projectiles/player_explosion.gd.remap,.remap,55,原样
资源/projectiles/player_explosion.gdc,.gdc,2642,原样
资源/projectiles/player_projectile.gd.remap,.remap,56,原样
资源/projectiles/player_projectile.gdc,.gdc,3373,原样
资源/projectiles/player_projectile.tscn,.tscn,572,原样
资源/projectiles/potato/potato.png.import,.import,699,原样
资源/projectiles/potato/potato_bullet.tscn,.tscn,1067,原样
资源/projectiles/projectile.gd.remap,.remap,49,原样
资源/projectiles/projectile.gdc,.gdc,2476,原样
资源/projectiles/projectile.tscn,.tscn,1044,原样
资源/projectiles/rocket/explosion.png.import,.import,708,原样
资源/projectiles/rocket/explosion_small_no_tail_01.wav.import,.import,482,原样
资源/projectiles/rocket/explosion_small_no_tail_02.wav.import,.import,482,原样
资源/projectiles/rocket/explosion_small_no_tail_03.wav.import,.import,482,原样
资源/projectiles/rocket/explosion_small_short_01.wav.import,.import,476,原样
资源/projectiles/rocket/rocket.png.import,.import,699,原样
资源/projectiles/rocket/rocket_projectile.tscn,.tscn,1081,原样
资源/projectiles/shuriken/shuriken.png.import,.import,707,原样
资源/projectiles/shuriken/shuriken_projectile.tscn,.tscn,894,原样
资源/projectiles/slash/slash_projectile.tscn,.tscn,5579,原样
资源/projectiles/slash/slash_projectile_2.tscn,.tscn,5583,原样
资源/projectiles/slash/sprites/slash_0000.png.import,.import,718,原样
资源/projectiles/slash/sprites/slash_0001.png.import,.import,718,原样
资源/projectiles/slash/sprites/slash_0002.png.import,.import,718,原样
资源/projectiles/slash/sprites/slash_0003.png.import,.import,718,原样
资源/projectiles/slash/sprites/slash_0004.png.import,.import,718,原样
资源/projectiles/slash/sprites/slash_0005.png.import,.import,718,原样
资源/projectiles/slash/sprites/slash_0006.png.import,.import,718,原样
资源/projectiles/spike/bullet_spike.tscn,.tscn,1269,原样
资源/projectiles/spike/spike.png.import,.import,695,原样
资源/resources/fonts/actual/base/font_big_outlined.tres,.tres,789,原样
资源/resources/fonts/actual/base/font_big_title.tres,.tres,790,原样
资源/resources/fonts/actual/base/font_biggest.tres,.tres,791,原样
资源/resources/fonts/actual/base/font_button.tres,.tres,773,原样
资源/resources/fonts/actual/base/font_floating_text.tres,.tres,789,原样
资源/resources/fonts/actual/base/font_menus.tres,.tres,772,原样
资源/resources/fonts/actual/base/font_small_button.tres,.tres,736,原样
资源/resources/fonts/actual/base/font_small_text.tres,.tres,750,原样
资源/resources/fonts/actual/base/font_small_title.tres,.tres,789,原样
资源/resources/fonts/actual/base/font_smallest_text.tres,.tres,797,原样
资源/resources/fonts/actual/base/font_subtitle.tres,.tres,750,原样
资源/resources/fonts/raw/Anybody-Medium.ttf,.ttf,112304,原样
资源/resources/fonts/raw/NotoSansJP-Medium.otf,.otf,4564460,原样
资源/resources/fonts/raw/NotoSansKR-Medium.otf,.otf,4768768,原样
资源/resources/fonts/raw/NotoSansSC-Medium.otf,.otf,8508580,原样
资源/resources/fonts/raw/NotoSansTC-Medium.otf,.otf,5788004,原样
资源/resources/music/after-midnight by luke-melville Artlist.mp3.import,.import,391,原样
资源/resources/music/default_bus_layout.tres,.tres,311,原样
资源/resources/music/density-wave by _aviad-zinemanas__ Artlist.mp3.import,.import,400,原样
资源/resources/music/extreme-chaos by 2050 Artlist.mp3.import,.import,361,原样
资源/resources/music/power-punch by 2050 Artlist.mp3.import,.import,355,原样
资源/resources/music/time-jumper by 2050 Artlist.mp3.import,.import,355,原样
资源/resources/music/wasteland-survivors by evgeny-bardyuzha Artlist.mp3.import,.import,415,原样
资源/resources/shaders/flash.gdshader,.gdshader,268,原样
资源/resources/shaders/outline.gdshader,.gdshader,949,原样
资源/resources/shaders/outline_shadermat.tres,.tres,284,原样
资源/resources/shaders/projectile_outline_shadermat.tres,.tres,284,原样
资源/resources/sounds/Fear 10.mp3.import,.import,296,原样
资源/resources/sounds/Madness 1.mp3.import,.import,302,原样
资源/resources/sounds/Madness 10.mp3.import,.import,305,原样
资源/resources/sounds/Madness 2.mp3.import,.import,302,原样
资源/resources/sounds/Madness 3.mp3.import,.import,302,原样
资源/resources/sounds/Madness 4.mp3.import,.import,302,原样
资源/resources/sounds/Madness 6.mp3.import,.import,302,原样
资源/resources/sounds/Madness 7.mp3.import,.import,302,原样
资源/resources/sounds/Madness 8.mp3.import,.import,302,原样
资源/resources/sounds/Madness 9.mp3.import,.import,302,原样
资源/resources/sounds/burn/fireball_impact_burn_01.wav.import,.import,476,原样
资源/resources/sounds/burn/fireball_impact_burn_02.wav.import,.import,476,原样
资源/resources/sounds/burn/fireball_impact_burn_03.wav.import,.import,476,原样
资源/resources/sounds/burn/fireball_impact_burn_04.wav.import,.import,476,原样
资源/resources/sounds/harvest/cartoon_boing_jump_01.wav.import,.import,473,原样
资源/resources/sounds/harvest/cartoon_boing_jump_06.wav.import,.import,473,原样
资源/resources/sounds/harvest/cartoon_boing_jump_07.wav.import,.import,473,原样
资源/resources/sounds/harvest/cartoon_boing_jump_09.wav.import,.import,473,原样
资源/resources/sounds/level_up.wav.import,.import,426,原样
资源/resources/sounds/metal_small_movement_03.wav.import,.import,471,原样
资源/resources/sounds/metal_small_movement_06.wav.import,.import,471,原样
资源/resources/themes/base_theme.tres,.tres,6170,原样
资源/resources/themes/button_styles/button_hover.tres,.tres,323,原样
资源/resources/themes/button_styles/button_invisible.tres,.tres,131,原样
资源/resources/themes/button_styles/button_normal.tres,.tres,323,原样
资源/resources/themes/inventory_button_theme.tres,.tres,1334,原样
资源/resources/themes/no_scrollbar_theme.tres,.tres,4765,原样
资源/resources/themes/panel/panel_style.tres,.tres,354,原样
资源/resources/themes/panel_button_theme.tres,.tres,1100,原样
资源/resources/themes/scroll_bar_styles/grabber.tres,.tres,107,原样
资源/resources/themes/scroll_bar_styles/grabber_highlight.tres,.tres,107,原样
资源/resources/themes/scroll_bar_styles/grabber_pressed.tres,.tres,55,原样
资源/resources/themes/scroll_bar_styles/scroll.tres,.tres,188,原样
资源/resources/themes/small_button_theme.tres,.tres,920,原样
资源/resources/themes/small_option_button_theme.tres,.tres,6208,原样
资源/resources/tiles/ground_tiles.tres,.tres,815,原样
资源/resources/tiles/icon_1.png.import,.import,696,原样
资源/resources/tiles/icon_2.png.import,.import,696,原样
资源/resources/tiles/icon_3.png.import,.import,696,原样
资源/resources/tiles/icon_4.png.import,.import,696,原样
资源/resources/tiles/icon_5.png.import,.import,696,原样
资源/resources/tiles/icon_6.png.import,.import,696,原样
资源/resources/tiles/limit_tiles.tres,.tres,836,原样
资源/resources/tiles/square.png.import,.import,696,原样
资源/resources/tiles/tiles_1.png.import,.import,700,原样
资源/resources/tiles/tiles_2.png.import,.import,699,原样
资源/resources/tiles/tiles_3.png.import,.import,699,原样
资源/resources/tiles/tiles_4.png.import,.import,699,原样
资源/resources/tiles/tiles_5.png.import,.import,699,原样
资源/resources/tiles/tiles_6.png.import,.import,699,原样
资源/resources/tiles/tiles_outline.png.import,.import,717,原样
资源/resources/translations/translations.de.translation,.translation,36392,原样
资源/resources/translations/translations.en.translation,.translation,32249,原样
资源/resources/translations/translations.es.translation,.translation,35316,原样
资源/resources/translations/translations.fr.translation,.translation,37340,原样
资源/resources/translations/translations.it.translation,.translation,35156,原样
资源/resources/translations/translations.ja.translation,.translation,41440,原样
资源/resources/translations/translations.ko.translation,.translation,40024,原样
资源/resources/translations/translations.pl.translation,.translation,39044,原样
资源/resources/translations/translations.pt.translation,.translation,35496,原样
资源/resources/translations/translations.ru.translation,.translation,53136,原样
资源/resources/translations/translations.tr.translation,.translation,37904,原样
资源/resources/translations/translations.zh.translation,.translation,34764,原样
资源/resources/translations/translations.zh_TW.translation,.translation,35619,原样
资源/singletons/challenge_service.gd.remap,.remap,55,原样
资源/singletons/challenge_service.gdc,.gdc,4871,原样
资源/singletons/challenge_service.tscn,.tscn,7769,原样
资源/singletons/debug_service.gd.remap,.remap,51,原样
资源/singletons/debug_service.gdc,.gdc,3974,原样
资源/singletons/debug_service.tscn,.tscn,175,原样
资源/singletons/input_service.gd.remap,.remap,51,原样
资源/singletons/input_service.gdc,.gdc,3523,原样
资源/singletons/item_service.gd.remap,.remap,50,原样
资源/singletons/item_service.gdc,.gdc,17060,原样
资源/singletons/item_service.tscn,.tscn,59020,原样
资源/singletons/linked_stats.gd.remap,.remap,50,原样
资源/singletons/linked_stats.gdc,.gdc,1281,原样
资源/singletons/menu_data.gd.remap,.remap,47,原样
资源/singletons/menu_data.gdc,.gdc,1263,原样
资源/singletons/music_manager.gd.remap,.remap,51,原样
资源/singletons/music_manager.gdc,.gdc,1841,原样
资源/singletons/music_manager.tscn,.tscn,950,原样
资源/singletons/progress_data.gd.remap,.remap,51,原样
资源/singletons/progress_data.gdc,.gdc,24543,原样
资源/singletons/run_data.gd.remap,.remap,46,原样
资源/singletons/run_data.gdc,.gdc,33305,原样
资源/singletons/run_data.tscn,.tscn,1127,原样
资源/singletons/sound_manager.gd.remap,.remap,51,原样
资源/singletons/sound_manager.gdc,.gdc,570,原样
资源/singletons/sound_manager_2d.gd.remap,.remap,54,原样
资源/singletons/sound_manager_2d.gdc,.gdc,781,原样
资源/singletons/sound_manager_parent.gd.remap,.remap,58,原样
资源/singletons/sound_manager_parent.gdc,.gdc,1630,原样
资源/singletons/temp_stats.gd.remap,.remap,48,原样
资源/singletons/temp_stats.gdc,.gdc,1112,原样
资源/singletons/text.gd.remap,.remap,42,原样
资源/singletons/text.gdc,.gdc,9180,原样
资源/singletons/utils.gd.remap,.remap,43,原样
资源/singletons/utils.gdc,.gdc,10165,原样
资源/singletons/weapon_service.gd.remap,.remap,52,原样
资源/singletons/weapon_service.gdc,.gdc,11717,原样
资源/steam_data.json,.json,23,原样
资源/test/player.gd.remap,.remap,38,原样
资源/test/player.gdc,.gdc,909,原样
资源/test/test.tscn,.tscn,843,原样
资源/tools/generate_achievement_loc_file.gd.remap,.remap,62,原样
资源/tools/generate_achievement_loc_file.gdc,.gdc,4095,原样
资源/tools/mass_update_files.gd.remap,.remap,50,原样
资源/tools/mass_update_files.gdc,.gdc,1223,原样
资源/ui/custom_cursor.png.import,.import,704,原样
资源/ui/hud/ui_bonus_gold.gd.remap,.remap,47,原样
资源/ui/hud/ui_bonus_gold.gdc,.gdc,998,原样
资源/ui/hud/ui_bonus_gold.tscn,.tscn,1310,原样
资源/ui/hud/ui_consumable_to_process_list.gd.remap,.remap,63,原样
资源/ui/hud/ui_consumable_to_process_list.gdc,.gdc,106,原样
资源/ui/hud/ui_dim_screen.gd.remap,.remap,47,原样
资源/ui/hud/ui_dim_screen.gdc,.gdc,512,原样
资源/ui/hud/ui_gold.gd.remap,.remap,41,原样
资源/ui/hud/ui_gold.gdc,.gdc,1074,原样
资源/ui/hud/ui_gold.tscn,.tscn,1287,原样
资源/ui/hud/ui_item_element.gd.remap,.remap,49,原样
资源/ui/hud/ui_item_element.gdc,.gdc,712,原样
资源/ui/hud/ui_item_element.tscn,.tscn,613,原样
资源/ui/hud/ui_item_list.gd.remap,.remap,46,原样
资源/ui/hud/ui_item_list.gdc,.gdc,1601,原样
资源/ui/hud/ui_item_list.tscn,.tscn,304,原样
资源/ui/hud/ui_lifebar_bg.png.import,.import,708,原样
资源/ui/hud/ui_lifebar_fill.png.import,.import,714,原样
资源/ui/hud/ui_lifebar_frame.png.import,.import,717,原样
资源/ui/hud/ui_progress_bar.gd.remap,.remap,49,原样
资源/ui/hud/ui_progress_bar.gdc,.gdc,926,原样
资源/ui/hud/ui_progress_bar.tscn,.tscn,946,原样
资源/ui/hud/ui_upgrade_to_process_element.gd.remap,.remap,63,原样
资源/ui/hud/ui_upgrade_to_process_element.gdc,.gdc,745,原样
资源/ui/hud/ui_upgrade_to_process_element.tscn,.tscn,663,原样
资源/ui/hud/ui_upgrade_to_process_list.gd.remap,.remap,60,原样
资源/ui/hud/ui_upgrade_to_process_list.gdc,.gdc,1616,原样
资源/ui/hud/ui_wave_timer.gd.remap,.remap,47,原样
资源/ui/hud/ui_wave_timer.gdc,.gdc,790,原样
资源/ui/hud/ui_xp_bg.png.import,.import,693,原样
资源/ui/hud/ui_xp_fill.png.import,.import,699,原样
资源/ui/hud/wave_timer.gd.remap,.remap,44,原样
资源/ui/hud/wave_timer.gdc,.gdc,921,原样
资源/ui/icons/elite_icon.png.import,.import,701,原样
资源/ui/icons/horde_icon.png.import,.import,701,原样
资源/ui/manual_cursor.png.import,.import,704,原样
资源/ui/menus/global/check_button_off.png.import,.import,726,原样
资源/ui/menus/global/check_button_on.png.import,.import,723,原样
资源/ui/menus/global/focus_manager.gd.remap,.remap,56,原样
资源/ui/menus/global/focus_manager.gdc,.gdc,4247,原样
资源/ui/menus/global/focus_manager.tscn,.tscn,180,原样
资源/ui/menus/global/my_h_slider.gd.remap,.remap,54,原样
资源/ui/menus/global/my_h_slider.gdc,.gdc,785,原样
资源/ui/menus/global/my_menu_button.gd.remap,.remap,57,原样
资源/ui/menus/global/my_menu_button.gdc,.gdc,457,原样
资源/ui/menus/global/my_menu_button_parent.gd.remap,.remap,64,原样
资源/ui/menus/global/my_menu_button_parent.gdc,.gdc,1904,原样
资源/ui/menus/global/option_button_arrow.png.import,.import,735,原样
资源/ui/menus/global/save_status.gd.remap,.remap,54,原样
资源/ui/menus/global/save_status.gdc,.gdc,233,原样
资源/ui/menus/global/slider_option.gd.remap,.remap,56,原样
资源/ui/menus/global/slider_option.gdc,.gdc,722,原样
资源/ui/menus/global/slider_option.tscn,.tscn,1543,原样
资源/ui/menus/ingame/challenge_completed_ui.gd.remap,.remap,65,原样
资源/ui/menus/ingame/challenge_completed_ui.gdc,.gdc,1871,原样
资源/ui/menus/ingame/challenge_completed_ui.tscn,.tscn,2953,原样
资源/ui/menus/ingame/challenge_ui.gd.remap,.remap,55,原样
资源/ui/menus/ingame/challenge_ui.gdc,.gdc,1070,原样
资源/ui/menus/ingame/challenge_ui.tscn,.tscn,2363,原样
资源/ui/menus/ingame/info_popup.gd.remap,.remap,53,原样
资源/ui/menus/ingame/info_popup.gdc,.gdc,415,原样
资源/ui/menus/ingame/info_popup.tscn,.tscn,1402,原样
资源/ui/menus/ingame/ingame_main_menu.gd.remap,.remap,59,原样
资源/ui/menus/ingame/ingame_main_menu.gdc,.gdc,2850,原样
资源/ui/menus/ingame/ingame_main_menu.tscn,.tscn,5558,原样
资源/ui/menus/ingame/ingame_menus.gd.remap,.remap,55,原样
资源/ui/menus/ingame/ingame_menus.gdc,.gdc,1051,原样
资源/ui/menus/ingame/item_panel_ui.gd.remap,.remap,56,原样
资源/ui/menus/ingame/item_panel_ui.gdc,.gdc,1080,原样
资源/ui/menus/ingame/item_panel_ui.tscn,.tscn,1533,原样
资源/ui/menus/ingame/pause_menu.gd.remap,.remap,53,原样
资源/ui/menus/ingame/pause_menu.gdc,.gdc,1892,原样
资源/ui/menus/ingame/pause_menu.tscn,.tscn,5517,原样
资源/ui/menus/ingame/upgrades_ui.gd.remap,.remap,54,原样
资源/ui/menus/ingame/upgrades_ui.gdc,.gdc,3094,原样
资源/ui/menus/ingame/upgrades_ui.tscn,.tscn,5380,原样
资源/ui/menus/ingame/wave_cleared_label.gd.remap,.remap,61,原样
资源/ui/menus/ingame/wave_cleared_label.gdc,.gdc,1160,原样
资源/ui/menus/menu_parent.tscn,.tscn,1107,原样
资源/ui/menus/menus.gd.remap,.remap,41,原样
资源/ui/menus/menus.gdc,.gdc,2465,原样
资源/ui/menus/menus.tscn,.tscn,740,原样
资源/ui/menus/pages/background_button.gd.remap,.remap,59,原样
资源/ui/menus/pages/background_button.gdc,.gdc,496,原样
资源/ui/menus/pages/language_button.gd.remap,.remap,57,原样
资源/ui/menus/pages/language_button.gdc,.gdc,324,原样
资源/ui/menus/pages/main_menu.gd.remap,.remap,51,原样
资源/ui/menus/pages/main_menu.gdc,.gdc,4408,原样
资源/ui/menus/pages/main_menu.tscn,.tscn,8521,原样
资源/ui/menus/pages/menu_choose_options.gd.remap,.remap,61,原样
资源/ui/menus/pages/menu_choose_options.gdc,.gdc,733,原样
资源/ui/menus/pages/menu_choose_options.tscn,.tscn,1510,原样
资源/ui/menus/pages/menu_confirm.gd.remap,.remap,54,原样
资源/ui/menus/pages/menu_confirm.gdc,.gdc,699,原样
资源/ui/menus/pages/menu_confirm.tscn,.tscn,1380,原样
资源/ui/menus/pages/menu_credits.gd.remap,.remap,54,原样
资源/ui/menus/pages/menu_credits.gdc,.gdc,408,原样
资源/ui/menus/pages/menu_credits.tscn,.tscn,1609,原样
资源/ui/menus/pages/menu_gameplay_options.gd.remap,.remap,63,原样
资源/ui/menus/pages/menu_gameplay_options.gdc,.gdc,6047,原样
资源/ui/menus/pages/menu_gameplay_options.tscn,.tscn,15076,原样
资源/ui/menus/pages/menu_general_options.gd.remap,.remap,62,原样
资源/ui/menus/pages/menu_general_options.gdc,.gdc,4593,原样
资源/ui/menus/pages/menu_general_options.tscn,.tscn,12306,原样
资源/ui/menus/pages/menu_restart.gd.remap,.remap,54,原样
资源/ui/menus/pages/menu_restart.gdc,.gdc,950,原样
资源/ui/menus/pages/menu_restart.tscn,.tscn,1419,原样
资源/ui/menus/pages/mods/menu_mods.gd.remap,.remap,56,原样
资源/ui/menus/pages/mods/menu_mods.gdc,.gdc,1553,原样
资源/ui/menus/pages/mods/menu_mods.tscn,.tscn,3490,原样
资源/ui/menus/pages/mods/mod_container.gd.remap,.remap,60,原样
资源/ui/menus/pages/mods/mod_container.gdc,.gdc,930,原样
资源/ui/menus/pages/mods/mod_container.tscn,.tscn,1901,原样
资源/ui/menus/pages/mods/mod_info_container.gd.remap,.remap,65,原样
资源/ui/menus/pages/mods/mod_info_container.gdc,.gdc,826,原样
资源/ui/menus/pages/mods/mod_info_container.tscn,.tscn,2094,原样
资源/ui/menus/pages/progress_challenge_ui.tscn,.tscn,1524,原样
资源/ui/menus/pages/progression_ui.gd.remap,.remap,56,原样
资源/ui/menus/pages/progression_ui.gdc,.gdc,1702,原样
资源/ui/menus/pages/progression_ui.tscn,.tscn,3710,原样
资源/ui/menus/pages/score_storing_button.gd.remap,.remap,62,原样
资源/ui/menus/pages/score_storing_button.gdc,.gdc,256,原样
资源/ui/menus/run/challenge_and_reward_ui.gd.remap,.remap,63,原样
资源/ui/menus/run/challenge_and_reward_ui.gdc,.gdc,1378,原样
资源/ui/menus/run/challenge_and_reward_ui.tscn,.tscn,2459,原样
资源/ui/menus/run/character_info_panel.gd.remap,.remap,60,原样
资源/ui/menus/run/character_info_panel.gdc,.gdc,2323,原样
资源/ui/menus/run/character_selection.gd.remap,.remap,59,原样
资源/ui/menus/run/character_selection.gdc,.gdc,5522,原样
资源/ui/menus/run/character_selection.tscn,.tscn,10654,原样
资源/ui/menus/run/difficulty_selection/character_difficulty_info.gd.remap,.remap,86,原样
资源/ui/menus/run/difficulty_selection/character_difficulty_info.gdc,.gdc,973,原样
资源/ui/menus/run/difficulty_selection/difficulty_icons/0.png.import,.import,716,原样
资源/ui/menus/run/difficulty_selection/difficulty_icons/1.png.import,.import,716,原样
资源/ui/menus/run/difficulty_selection/difficulty_icons/10.png.import,.import,719,原样
资源/ui/menus/run/difficulty_selection/difficulty_icons/2.png.import,.import,716,原样
资源/ui/menus/run/difficulty_selection/difficulty_icons/3.png.import,.import,716,原样
资源/ui/menus/run/difficulty_selection/difficulty_icons/4.png.import,.import,716,原样
资源/ui/menus/run/difficulty_selection/difficulty_icons/5.png.import,.import,716,原样
资源/ui/menus/run/difficulty_selection/difficulty_icons/6.png.import,.import,716,原样
资源/ui/menus/run/difficulty_selection/difficulty_icons/7.png.import,.import,716,原样
资源/ui/menus/run/difficulty_selection/difficulty_icons/8.png.import,.import,716,原样
资源/ui/menus/run/difficulty_selection/difficulty_icons/9.png.import,.import,716,原样
资源/ui/menus/run/difficulty_selection/difficulty_icons/endless.png.import,.import,734,原样
资源/ui/menus/run/difficulty_selection/difficulty_score.gd.remap,.remap,77,原样
资源/ui/menus/run/difficulty_selection/difficulty_score.gdc,.gdc,2909,原样
资源/ui/menus/run/difficulty_selection/difficulty_selection.gd.remap,.remap,81,原样
资源/ui/menus/run/difficulty_selection/difficulty_selection.gdc,.gdc,4444,原样
资源/ui/menus/run/difficulty_selection/difficulty_selection.tscn,.tscn,5272,原样
资源/ui/menus/run/difficulty_selection/endless_button.gd.remap,.remap,75,原样
资源/ui/menus/run/difficulty_selection/endless_button.gdc,.gdc,525,原样
资源/ui/menus/run/difficulty_selection/endless_score_storing.gd.remap,.remap,82,原样
资源/ui/menus/run/difficulty_selection/endless_score_storing.gdc,.gdc,142,原样
资源/ui/menus/run/difficulty_selection/zone_difficulty_info.gd.remap,.remap,81,原样
资源/ui/menus/run/difficulty_selection/zone_difficulty_info.gdc,.gdc,1193,原样
资源/ui/menus/run/end_run.gd.remap,.remap,47,原样
资源/ui/menus/run/end_run.gdc,.gdc,4943,原样
资源/ui/menus/run/end_run.tscn,.tscn,12280,原样
资源/ui/menus/run/gold_icon.gd.remap,.remap,49,原样
资源/ui/menus/run/gold_icon.gdc,.gdc,327,原样
资源/ui/menus/run/gold_icon.tscn,.tscn,384,原样
资源/ui/menus/run/gold_label.gd.remap,.remap,50,原样
资源/ui/menus/run/gold_label.gdc,.gdc,308,原样
资源/ui/menus/run/locked_panel.gd.remap,.remap,52,原样
资源/ui/menus/run/locked_panel.gdc,.gdc,653,原样
资源/ui/menus/run/weapon_selection.gd.remap,.remap,56,原样
资源/ui/menus/run/weapon_selection.gdc,.gdc,2482,原样
资源/ui/menus/run/weapon_selection.tscn,.tscn,3025,原样
资源/ui/menus/run/zone_panel.gd.remap,.remap,50,原样
资源/ui/menus/run/zone_panel.gdc,.gdc,419,原样
资源/ui/menus/run/zone_selection.gd.remap,.remap,54,原样
资源/ui/menus/run/zone_selection.gdc,.gdc,1741,原样
资源/ui/menus/run/zone_selection.tscn,.tscn,1818,原样
资源/ui/menus/run/zone_ui.gd.remap,.remap,47,原样
资源/ui/menus/run/zone_ui.gdc,.gdc,2621,原样
资源/ui/menus/run/zone_ui.tscn,.tscn,5542,原样
资源/ui/menus/run/zone_ui_locked.gd.remap,.remap,54,原样
资源/ui/menus/run/zone_ui_locked.gdc,.gdc,679,原样
资源/ui/menus/run/zone_ui_locked.tscn,.tscn,1541,原样
资源/ui/menus/shop/base_popup.gd.remap,.remap,51,原样
资源/ui/menus/shop/base_popup.gdc,.gdc,1155,原样
资源/ui/menus/shop/button_with_icon.gd.remap,.remap,57,原样
资源/ui/menus/shop/button_with_icon.gdc,.gdc,2970,原样
资源/ui/menus/shop/button_with_icon.tscn,.tscn,1592,原样
资源/ui/menus/shop/elite_container.gd.remap,.remap,56,原样
资源/ui/menus/shop/elite_container.gdc,.gdc,1125,原样
资源/ui/menus/shop/general_stats_container.tscn,.tscn,1064,原样
资源/ui/menus/shop/icon_panel.tscn,.tscn,755,原样
资源/ui/menus/shop/info_container.gd.remap,.remap,55,原样
资源/ui/menus/shop/info_container.gdc,.gdc,356,原样
资源/ui/menus/shop/info_container.tscn,.tscn,1655,原样
资源/ui/menus/shop/inventory.gd.remap,.remap,50,原样
资源/ui/menus/shop/inventory.gdc,.gdc,5422,原样
资源/ui/menus/shop/inventory.tscn,.tscn,644,原样
资源/ui/menus/shop/inventory_container.gd.remap,.remap,60,原样
资源/ui/menus/shop/inventory_container.gdc,.gdc,945,原样
资源/ui/menus/shop/item_description.gd.remap,.remap,57,原样
资源/ui/menus/shop/item_description.gdc,.gdc,3284,原样
资源/ui/menus/shop/item_description.tscn,.tscn,5288,原样
资源/ui/menus/shop/item_popup.gd.remap,.remap,51,原样
资源/ui/menus/shop/item_popup.gdc,.gdc,4469,原样
资源/ui/menus/shop/item_popup.tscn,.tscn,3820,原样
资源/ui/menus/shop/items_container.tscn,.tscn,1260,原样
资源/ui/menus/shop/level_container.gd.remap,.remap,56,原样
资源/ui/menus/shop/level_container.gdc,.gdc,1641,原样
资源/ui/menus/shop/reroll_button.gd.remap,.remap,54,原样
资源/ui/menus/shop/reroll_button.gdc,.gdc,358,原样
资源/ui/menus/shop/secondary_stat_container.gd.remap,.remap,65,原样
资源/ui/menus/shop/secondary_stat_container.gdc,.gdc,1252,原样
资源/ui/menus/shop/secondary_stat_container.tscn,.tscn,1252,原样
资源/ui/menus/shop/secondary_stats_container.gd.remap,.remap,66,原样
资源/ui/menus/shop/secondary_stats_container.gdc,.gdc,106,原样
资源/ui/menus/shop/shop.gd.remap,.remap,45,原样
资源/ui/menus/shop/shop.gdc,.gdc,16743,原样
资源/ui/menus/shop/shop.tscn,.tscn,26361,原样
资源/ui/menus/shop/shop_background.png.import,.import,721,原样
资源/ui/menus/shop/shop_item.gd.remap,.remap,50,原样
资源/ui/menus/shop/shop_item.gdc,.gdc,5489,原样
资源/ui/menus/shop/shop_item.tscn,.tscn,4336,原样
资源/ui/menus/shop/shop_items_container.gd.remap,.remap,61,原样
资源/ui/menus/shop/shop_items_container.gdc,.gdc,6004,原样
资源/ui/menus/shop/stat_container.gd.remap,.remap,55,原样
资源/ui/menus/shop/stat_container.gdc,.gdc,2569,原样
资源/ui/menus/shop/stat_container.tscn,.tscn,1854,原样
资源/ui/menus/shop/stat_popup.gd.remap,.remap,51,原样
资源/ui/menus/shop/stat_popup.gdc,.gdc,2995,原样
资源/ui/menus/shop/stat_popup.tscn,.tscn,2522,原样
资源/ui/menus/shop/stats_container.gd.remap,.remap,56,原样
资源/ui/menus/shop/stats_container.gdc,.gdc,3486,原样
资源/ui/menus/shop/stats_container.tscn,.tscn,11403,原样
资源/ui/menus/shop/synergy_container.gd.remap,.remap,58,原样
资源/ui/menus/shop/synergy_container.gdc,.gdc,1130,原样
资源/ui/menus/shop/synergy_container.tscn,.tscn,685,原样
资源/ui/menus/shop/synergy_panel.gd.remap,.remap,54,原样
资源/ui/menus/shop/synergy_panel.gdc,.gdc,1955,原样
资源/ui/menus/shop/synergy_panel.tscn,.tscn,1552,原样
资源/ui/menus/shop/unlocks_container.tscn,.tscn,1197,原样
资源/ui/menus/shop/weapons.tscn,.tscn,644,原样
资源/ui/menus/shop/weapons_container.tscn,.tscn,1279,原样
资源/ui/menus/title_screen/brotato_idle.tres,.tres,1463,原样
资源/ui/menus/title_screen/splash_art_bg.png.import,.import,723,原样
资源/ui/menus/title_screen/splash_art_brotato.png.import,.import,738,原样
资源/ui/menus/title_screen/splash_art_mist_back.png.import,.import,744,原样
资源/ui/menus/title_screen/splash_art_mist_front.png.import,.import,747,原样
资源/ui/menus/title_screen/splash_art_mist_mid.png.import,.import,741,原样
资源/ui/menus/title_screen/splash_art_post_processing.png.import,.import,762,原样
资源/ui/menus/title_screen/title_screen.gd.remap,.remap,61,原样
资源/ui/menus/title_screen/title_screen.gdc,.gdc,1253,原样
资源/ui/menus/title_screen/title_screen.tscn,.tscn,9121,原样
资源/ui/menus/title_screen/title_screen_menus.gd.remap,.remap,67,原样
资源/ui/menus/title_screen/title_screen_menus.gdc,.gdc,1124,原样
资源/ui/menus/title_screen/ui_logo.png.import,.import,705,原样
资源/ui/menus/upgrades/item_box_ui.gd.remap,.remap,56,原样
资源/ui/menus/upgrades/item_box_ui.gdc,.gdc,2466,原样
资源/ui/menus/upgrades/item_box_ui.tscn,.tscn,4364,原样
资源/ui/menus/upgrades/upgrade_description.tscn,.tscn,2333,原样
资源/ui/menus/upgrades/upgrade_ui.gd.remap,.remap,55,原样
资源/ui/menus/upgrades/upgrade_ui.gdc,.gdc,1069,原样
资源/ui/menus/upgrades/upgrade_ui.tscn,.tscn,2199,原样
资源/ui/small_option_button_arrow.png.import,.import,740,原样
资源/ui/sounds/CGM3_Bubble_Button_01_3.wav.import,.import,464,原样
资源/ui/sounds/CGM3_Bubble_Button_01_4.wav.import,.import,464,原样
资源/ui/sounds/Shield 4.mp3.import,.import,292,原样
资源/ui/sounds/button_focus.wav.import,.import,431,原样
资源/ui/sounds/button_press.wav.import,.import,431,原样
资源/ui/sounds/buy.wav.import,.import,404,原样
资源/ui/sounds/clock_tick_01.wav.import,.import,434,原样
资源/ui/sounds/end_wave.wav.import,.import,419,原样
资源/ui/sounds/inventory_element_focus.wav.import,.import,464,原样
资源/ui/sounds/water_drop_drip_single_09.wav.import,.import,470,原样
资源/visual_effects/damage_vignette.gd.remap,.remap,57,原样
资源/visual_effects/damage_vignette.gdc,.gdc,1135,原样
资源/visual_effects/floating_text/floating_text.gd.remap,.remap,69,原样
资源/visual_effects/floating_text/floating_text.gdc,.gdc,1682,原样
资源/visual_effects/floating_text/floating_text.tscn,.tscn,640,原样
资源/visual_effects/floating_text/floating_text_manager.gd.remap,.remap,77,原样
资源/visual_effects/floating_text/floating_text_manager.gdc,.gdc,5693,原样
资源/visual_effects/hit_effect/hit_effect.gd.remap,.remap,63,原样
资源/visual_effects/hit_effect/hit_effect.gdc,.gdc,359,原样
资源/visual_effects/hit_effect/hit_effect.tscn,.tscn,786,原样
资源/visual_effects/hit_effect/sprites/frame0000.png.import,.import,723,原样
资源/visual_effects/hit_effect/sprites/frame0001.png.import,.import,723,原样
资源/visual_effects/hit_effect/sprites/frame0002.png.import,.import,723,原样
资源/weapons/melee/cactus_mace/1/cactus_mace_data.tres,.tres,1188,原样
资源/weapons/melee/cactus_mace/1/cactus_mace_effect_1.tres,.tres,418,原样
资源/weapons/melee/cactus_mace/1/cactus_mace_stats.tres,.tres,1229,原样
资源/weapons/melee/cactus_mace/2/cactus_mace_2_data.tres,.tres,1192,原样
资源/weapons/melee/cactus_mace/2/cactus_mace_2_effect_1.tres,.tres,418,原样
资源/weapons/melee/cactus_mace/2/cactus_mace_2_stats.tres,.tres,1229,原样
资源/weapons/melee/cactus_mace/3/cactus_mace_3_data.tres,.tres,1192,原样
资源/weapons/melee/cactus_mace/3/cactus_mace_3_effect_1.tres,.tres,418,原样
资源/weapons/melee/cactus_mace/3/cactus_mace_3_stats.tres,.tres,1229,原样
资源/weapons/melee/cactus_mace/4/cactus_mace_4_data.tres,.tres,1059,原样
资源/weapons/melee/cactus_mace/4/cactus_mace_4_effect_1.tres,.tres,418,原样
资源/weapons/melee/cactus_mace/4/cactus_mace_4_stats.tres,.tres,1229,原样
资源/weapons/melee/cactus_mace/cactus_mace.png.import,.import,721,原样
资源/weapons/melee/cactus_mace/cactus_mace.tscn,.tscn,1102,原样
资源/weapons/melee/cactus_mace/cactus_mace_icon.png.import,.import,736,原样
资源/weapons/melee/cactus_mace/cactus_mace_projectile.tres,.tres,876,原样
资源/weapons/melee/chopper/1/chopper_data.tres,.tres,1024,原样
资源/weapons/melee/chopper/1/chopper_stats.tres,.tres,1023,原样
资源/weapons/melee/chopper/2/chopper_2_data.tres,.tres,1026,原样
资源/weapons/melee/chopper/2/chopper_2_stats.tres,.tres,1025,原样
资源/weapons/melee/chopper/3/chopper_3_data.tres,.tres,1026,原样
资源/weapons/melee/chopper/3/chopper_3_stats.tres,.tres,1024,原样
资源/weapons/melee/chopper/4/chopper_4_data.tres,.tres,905,原样
资源/weapons/melee/chopper/4/chopper_4_effect.tres,.tres,301,原样
资源/weapons/melee/chopper/4/chopper_4_stats.tres,.tres,1024,原样
资源/weapons/melee/chopper/chopper.png.import,.import,705,原样
资源/weapons/melee/chopper/chopper.tscn,.tscn,1165,原样
资源/weapons/melee/chopper/chopper_effect.tres,.tres,301,原样
资源/weapons/melee/chopper/chopper_icon.png.import,.import,720,原样
资源/weapons/melee/circular_saw/2/circular_saw_2_data.tres,.tres,1081,原样
资源/weapons/melee/circular_saw/2/circular_saw_2_stats.tres,.tres,998,原样
资源/weapons/melee/circular_saw/3/circular_saw_3_data.tres,.tres,1081,原样
资源/weapons/melee/circular_saw/3/circular_saw_3_stats.tres,.tres,996,原样
资源/weapons/melee/circular_saw/4/circular_saw_4_data.tres,.tres,946,原样
资源/weapons/melee/circular_saw/4/circular_saw_4_stats.tres,.tres,996,原样
资源/weapons/melee/circular_saw/circular_saw.png.import,.import,725,原样
资源/weapons/melee/circular_saw/circular_saw.tscn,.tscn,1499,原样
资源/weapons/melee/circular_saw/circular_saw_icon.png.import,.import,740,原样
资源/weapons/melee/dagger/1/dagger_data.tres,.tres,1032,原样
资源/weapons/melee/dagger/1/dagger_effect.tres,.tres,314,原样
资源/weapons/melee/dagger/1/dagger_stats.tres,.tres,999,原样
资源/weapons/melee/dagger/2/dagger_2_data.tres,.tres,1036,原样
资源/weapons/melee/dagger/2/dagger_2_effect.tres,.tres,314,原样
资源/weapons/melee/dagger/2/dagger_2_stats.tres,.tres,1001,原样
资源/weapons/melee/dagger/3/dagger_3_data.tres,.tres,1036,原样
资源/weapons/melee/dagger/3/dagger_3_effect.tres,.tres,314,原样
资源/weapons/melee/dagger/3/dagger_3_stats.tres,.tres,1000,原样
资源/weapons/melee/dagger/4/dagger_4_data.tres,.tres,913,原样
资源/weapons/melee/dagger/4/dagger_4_effect.tres,.tres,314,原样
资源/weapons/melee/dagger/4/dagger_4_stats.tres,.tres,1000,原样
资源/weapons/melee/dagger/dagger.png.import,.import,701,原样
资源/weapons/melee/dagger/dagger.tscn,.tscn,1482,原样
资源/weapons/melee/dagger/dagger_icon.png.import,.import,716,原样
资源/weapons/melee/fist/1/fist_data.tres,.tres,887,原样
资源/weapons/melee/fist/1/fist_stats.tres,.tres,1113,原样
资源/weapons/melee/fist/2/fist_2_data.tres,.tres,889,原样
资源/weapons/melee/fist/2/fist_2_stats.tres,.tres,1114,原样
资源/weapons/melee/fist/3/fist_3_data.tres,.tres,889,原样
资源/weapons/melee/fist/3/fist_3_stats.tres,.tres,1113,原样
资源/weapons/melee/fist/4/fist_4_data.tres,.tres,769,原样
资源/weapons/melee/fist/4/fist_4_stats.tres,.tres,1113,原样
资源/weapons/melee/fist/fist.tscn,.tscn,1088,原样
资源/weapons/melee/fist/fist_icon.png.import,.import,708,原样
资源/weapons/melee/fist/fist_short.png.import,.import,711,原样
资源/weapons/melee/flaming_knuckles/2/flaming_knuckles_2_burning_data.tres,.tres,219,原样
资源/weapons/melee/flaming_knuckles/2/flaming_knuckles_2_data.tres,.tres,1272,原样
资源/weapons/melee/flaming_knuckles/2/flaming_knuckles_2_effect_1.tres,.tres,386,原样
资源/weapons/melee/flaming_knuckles/2/flaming_knuckles_2_stats.tres,.tres,1114,原样
资源/weapons/melee/flaming_knuckles/3/flaming_knuckles_3_burning_data.tres,.tres,220,原样
资源/weapons/melee/flaming_knuckles/3/flaming_knuckles_3_data.tres,.tres,1272,原样
资源/weapons/melee/flaming_knuckles/3/flaming_knuckles_3_effect_1.tres,.tres,386,原样
资源/weapons/melee/flaming_knuckles/3/flaming_knuckles_3_stats.tres,.tres,1113,原样
资源/weapons/melee/flaming_knuckles/4/flaming_knuckles_4_burning_data.tres,.tres,220,原样
资源/weapons/melee/flaming_knuckles/4/flaming_knuckles_4_data.tres,.tres,1129,原样
资源/weapons/melee/flaming_knuckles/4/flaming_knuckles_4_effect_1.tres,.tres,386,原样
资源/weapons/melee/flaming_knuckles/4/flaming_knuckles_4_stats.tres,.tres,1113,原样
资源/weapons/melee/flaming_knuckles/flaming_knuckles.tscn,.tscn,1826,原样
资源/weapons/melee/flaming_knuckles/flaming_knuckles_icon.png.import,.import,756,原样
资源/weapons/melee/ghost_axe/1/ghost_axe_data.tres,.tres,1069,原样
资源/weapons/melee/ghost_axe/1/ghost_axe_effect.tres,.tres,323,原样
资源/weapons/melee/ghost_axe/1/ghost_axe_stats.tres,.tres,1229,原样
资源/weapons/melee/ghost_axe/2/ghost_axe_2_data.tres,.tres,1073,原样
资源/weapons/melee/ghost_axe/2/ghost_axe_2_effect.tres,.tres,323,原样
资源/weapons/melee/ghost_axe/2/ghost_axe_2_stats.tres,.tres,1229,原样
资源/weapons/melee/ghost_axe/3/ghost_axe_3_data.tres,.tres,1073,原样
资源/weapons/melee/ghost_axe/3/ghost_axe_3_effect.tres,.tres,323,原样
资源/weapons/melee/ghost_axe/3/ghost_axe_3_stats.tres,.tres,1229,原样
资源/weapons/melee/ghost_axe/4/ghost_axe_4_data.tres,.tres,944,原样
资源/weapons/melee/ghost_axe/4/ghost_axe_4_effect.tres,.tres,323,原样
资源/weapons/melee/ghost_axe/4/ghost_axe_4_stats.tres,.tres,1229,原样
资源/weapons/melee/ghost_axe/ghost_axe.png.import,.import,713,原样
资源/weapons/melee/ghost_axe/ghost_axe.tscn,.tscn,1096,原样
资源/weapons/melee/ghost_axe/ghost_axe_icon.png.import,.import,728,原样
资源/weapons/melee/ghost_flint/1/ghost_flint_data.tres,.tres,1095,原样
资源/weapons/melee/ghost_flint/1/ghost_flint_effect.tres,.tres,321,原样
资源/weapons/melee/ghost_flint/1/ghost_flint_stats.tres,.tres,1000,原样
资源/weapons/melee/ghost_flint/2/ghost_flint_2_data.tres,.tres,1099,原样
资源/weapons/melee/ghost_flint/2/ghost_flint_2_effect.tres,.tres,321,原样
资源/weapons/melee/ghost_flint/2/ghost_flint_2_stats.tres,.tres,1000,原样
资源/weapons/melee/ghost_flint/3/ghost_flint_3_data.tres,.tres,1099,原样
资源/weapons/melee/ghost_flint/3/ghost_flint_3_effect.tres,.tres,321,原样
资源/weapons/melee/ghost_flint/3/ghost_flint_3_stats.tres,.tres,1001,原样
资源/weapons/melee/ghost_flint/4/ghost_flint_4_data.tres,.tres,966,原样
资源/weapons/melee/ghost_flint/4/ghost_flint_4_effect.tres,.tres,321,原样
资源/weapons/melee/ghost_flint/4/ghost_flint_4_stats.tres,.tres,1001,原样
资源/weapons/melee/ghost_flint/ghost_flint.png.import,.import,721,原样
资源/weapons/melee/ghost_flint/ghost_flint.tscn,.tscn,1496,原样
资源/weapons/melee/ghost_flint/ghost_flint_icon.png.import,.import,736,原样
资源/weapons/melee/hammer/2/hammer_2_data.tres,.tres,1011,原样
资源/weapons/melee/hammer/2/hammer_2_stats.tres,.tres,1231,原样
资源/weapons/melee/hammer/3/hammer_3_data.tres,.tres,1011,原样
资源/weapons/melee/hammer/3/hammer_3_stats.tres,.tres,1232,原样
资源/weapons/melee/hammer/4/hammer_4_data.tres,.tres,888,原样
资源/weapons/melee/hammer/4/hammer_4_stats.tres,.tres,1232,原样
资源/weapons/melee/hammer/hammer.png.import,.import,701,原样
资源/weapons/melee/hammer/hammer.tscn,.tscn,1088,原样
资源/weapons/melee/hammer/hammer_icon.png.import,.import,716,原样
资源/weapons/melee/hand/1/hand_data.tres,.tres,1100,原样
资源/weapons/melee/hand/1/hand_effect_1.tres,.tres,279,原样
资源/weapons/melee/hand/1/hand_stats.tres,.tres,1113,原样
资源/weapons/melee/hand/2/hand_2_data.tres,.tres,1104,原样
资源/weapons/melee/hand/2/hand_2_effect_1.tres,.tres,279,原样
资源/weapons/melee/hand/2/hand_2_stats.tres,.tres,1113,原样
资源/weapons/melee/hand/3/hand_3_data.tres,.tres,1104,原样
资源/weapons/melee/hand/3/hand_3_effect_1.tres,.tres,279,原样
资源/weapons/melee/hand/3/hand_3_stats.tres,.tres,1113,原样
资源/weapons/melee/hand/4/hand_4_data.tres,.tres,984,原样
资源/weapons/melee/hand/4/hand_4_effect_1.tres,.tres,280,原样
资源/weapons/melee/hand/4/hand_4_stats.tres,.tres,1112,原样
资源/weapons/melee/hand/hand.png.import,.import,693,原样
资源/weapons/melee/hand/hand.tscn,.tscn,1664,原样
资源/weapons/melee/hand/hand_icon.png.import,.import,708,原样
资源/weapons/melee/hatchet/1/hatchet_data.tres,.tres,925,原样
资源/weapons/melee/hatchet/1/hatchet_stats.tres,.tres,1227,原样
资源/weapons/melee/hatchet/2/hatchet_2_data.tres,.tres,927,原样
资源/weapons/melee/hatchet/2/hatchet_2_stats.tres,.tres,1228,原样
资源/weapons/melee/hatchet/3/hatchet_3_data.tres,.tres,927,原样
资源/weapons/melee/hatchet/3/hatchet_3_stats.tres,.tres,1228,原样
资源/weapons/melee/hatchet/4/hatchet_4_data.tres,.tres,802,原样
资源/weapons/melee/hatchet/4/hatchet_4_stats.tres,.tres,1228,原样
资源/weapons/melee/hatchet/hatchet.png.import,.import,705,原样
资源/weapons/melee/hatchet/hatchet.tscn,.tscn,1191,原样
资源/weapons/melee/hatchet/hatchet_icon.png.import,.import,720,原样
资源/weapons/melee/jousting_lance/1/jousting_lance_data.tres,.tres,1251,原样
资源/weapons/melee/jousting_lance/1/jousting_lance_effect_1.tres,.tres,274,原样
资源/weapons/melee/jousting_lance/1/jousting_lance_effect_2.tres,.tres,340,原样
资源/weapons/melee/jousting_lance/1/jousting_lance_stats.tres,.tres,1252,原样
资源/weapons/melee/jousting_lance/2/jousting_lance_2_data.tres,.tres,1257,原样
资源/weapons/melee/jousting_lance/2/jousting_lance_2_effect_1.tres,.tres,274,原样
资源/weapons/melee/jousting_lance/2/jousting_lance_2_effect_2.tres,.tres,340,原样
资源/weapons/melee/jousting_lance/2/jousting_lance_2_stats.tres,.tres,1253,原样
资源/weapons/melee/jousting_lance/3/jousting_lance_3_data.tres,.tres,1257,原样
资源/weapons/melee/jousting_lance/3/jousting_lance_3_effect_1.tres,.tres,274,原样
资源/weapons/melee/jousting_lance/3/jousting_lance_3_effect_2.tres,.tres,340,原样
资源/weapons/melee/jousting_lance/3/jousting_lance_3_stats.tres,.tres,1252,原样
资源/weapons/melee/jousting_lance/4/jousting_lance_4_data.tres,.tres,1118,原样
资源/weapons/melee/jousting_lance/4/jousting_lance_4_effect_1.tres,.tres,274,原样
资源/weapons/melee/jousting_lance/4/jousting_lance_4_effect_2.tres,.tres,340,原样
资源/weapons/melee/jousting_lance/4/jousting_lance_4_stats.tres,.tres,1252,原样
资源/weapons/melee/jousting_lance/jousting_lance.png.import,.import,733,原样
资源/weapons/melee/jousting_lance/jousting_lance.tscn,.tscn,1406,原样
资源/weapons/melee/jousting_lance/jousting_lance_icon.png.import,.import,748,原样
资源/weapons/melee/knife/1/knife_data.tres,.tres,900,原样
资源/weapons/melee/knife/1/knife_stats.tres,.tres,999,原样
资源/weapons/melee/knife/2/knife_2_data.tres,.tres,900,原样
资源/weapons/melee/knife/2/knife_2_stats.tres,.tres,999,原样
资源/weapons/melee/knife/3/knife_3_data.tres,.tres,900,原样
资源/weapons/melee/knife/3/knife_3_stats.tres,.tres,1000,原样
资源/weapons/melee/knife/4/knife_4_data.tres,.tres,779,原样
资源/weapons/melee/knife/4/knife_4_stats.tres,.tres,1000,原样
资源/weapons/melee/knife/knife.png.import,.import,697,原样
资源/weapons/melee/knife/knife.tscn,.tscn,1159,原样
资源/weapons/melee/knife/knife_icon.png.import,.import,712,原样
资源/weapons/melee/knuckles/knuckles.png.import,.import,709,原样
资源/weapons/melee/knuckles/knuckles.tscn,.tscn,1600,原样
资源/weapons/melee/knuckles/knuckles_data.tres,.tres,676,原样
资源/weapons/melee/knuckles/knuckles_icon.png.import,.import,724,原样
资源/weapons/melee/knuckles/knuckles_stats.tres,.tres,555,原样
资源/weapons/melee/lightning_shiv/1/lightning_shiv_data.tres,.tres,1224,原样
资源/weapons/melee/lightning_shiv/1/lightning_shiv_effect_1.tres,.tres,423,原样
资源/weapons/melee/lightning_shiv/1/lightning_shiv_projectile.tres,.tres,997,原样
资源/weapons/melee/lightning_shiv/1/lightning_shiv_stats.tres,.tres,1000,原样
资源/weapons/melee/lightning_shiv/2/lightning_shiv_2_data.tres,.tres,1228,原样
资源/weapons/melee/lightning_shiv/2/lightning_shiv_2_effect_1.tres,.tres,425,原样
资源/weapons/melee/lightning_shiv/2/lightning_shiv_2_stats.tres,.tres,999,原样
资源/weapons/melee/lightning_shiv/2/lightning_shiv_projectile_2.tres,.tres,997,原样
资源/weapons/melee/lightning_shiv/3/lightning_shiv_3_data.tres,.tres,1228,原样
资源/weapons/melee/lightning_shiv/3/lightning_shiv_3_effect_1.tres,.tres,425,原样
资源/weapons/melee/lightning_shiv/3/lightning_shiv_3_stats.tres,.tres,1000,原样
资源/weapons/melee/lightning_shiv/3/lightning_shiv_projectile_3.tres,.tres,998,原样
资源/weapons/melee/lightning_shiv/4/lightning_shiv_4_data.tres,.tres,1089,原样
资源/weapons/melee/lightning_shiv/4/lightning_shiv_4_effect_1.tres,.tres,425,原样
资源/weapons/melee/lightning_shiv/4/lightning_shiv_4_stats.tres,.tres,1001,原样
资源/weapons/melee/lightning_shiv/4/lightning_shiv_projectile_4.tres,.tres,998,原样
资源/weapons/melee/lightning_shiv/lightning_shiv.png.import,.import,733,原样
资源/weapons/melee/lightning_shiv/lightning_shiv.tscn,.tscn,1503,原样
资源/weapons/melee/lightning_shiv/lightning_shiv_icon.png.import,.import,748,原样
资源/weapons/melee/melee_attack_type.gd.remap,.remap,58,原样
资源/weapons/melee/melee_attack_type.gdc,.gdc,118,原样
资源/weapons/melee/melee_weapon.gd.remap,.remap,53,原样
资源/weapons/melee/melee_weapon.gdc,.gdc,878,原样
资源/weapons/melee/plank/1/plank_data.tres,.tres,1119,原样
资源/weapons/melee/plank/1/plank_exploding_effect.tres,.tres,480,原样
资源/weapons/melee/plank/1/plank_stats.tres,.tres,1292,原样
资源/weapons/melee/plank/2/plank_2_data.tres,.tres,1123,原样
资源/weapons/melee/plank/2/plank_2_exploding_effect.tres,.tres,479,原样
资源/weapons/melee/plank/2/plank_2_stats.tres,.tres,1295,原样
资源/weapons/melee/plank/3/plank_3_data.tres,.tres,1123,原样
资源/weapons/melee/plank/3/plank_3_exploding_effect.tres,.tres,480,原样
资源/weapons/melee/plank/3/plank_3_stats.tres,.tres,1292,原样
资源/weapons/melee/plank/4/plank_4_data.tres,.tres,1002,原样
资源/weapons/melee/plank/4/plank_4_exploding_effect.tres,.tres,479,原样
资源/weapons/melee/plank/4/plank_4_stats.tres,.tres,1295,原样
资源/weapons/melee/plank/plank.png.import,.import,697,原样
资源/weapons/melee/plank/plank.tscn,.tscn,1483,原样
资源/weapons/melee/plank/plank_icon.png.import,.import,712,原样
资源/weapons/melee/plasma_sledgehammer/3/plasma_sledgehammer_3_data.tres,.tres,1297,原样
资源/weapons/melee/plasma_sledgehammer/3/plasma_sledgehammer_3_effect.tres,.tres,479,原样
资源/weapons/melee/plasma_sledgehammer/3/plasma_sledgehammer_3_stats.tres,.tres,1265,原样
资源/weapons/melee/plasma_sledgehammer/4/plasma_sledgehammer_4_data.tres,.tres,1147,原样
资源/weapons/melee/plasma_sledgehammer/4/plasma_sledgehammer_4_effect.tres,.tres,479,原样
资源/weapons/melee/plasma_sledgehammer/4/plasma_sledgehammer_4_stats.tres,.tres,1266,原样
资源/weapons/melee/plasma_sledgehammer/plasma_sledgehammer.png.import,.import,753,原样
资源/weapons/melee/plasma_sledgehammer/plasma_sledgehammer.tscn,.tscn,1126,原样
资源/weapons/melee/plasma_sledgehammer/plasma_sledgehammer_icon.png.import,.import,768,原样
资源/weapons/melee/power_fist/3/power_fist_3_data.tres,.tres,1196,原样
资源/weapons/melee/power_fist/3/power_fist_3_exploding_effect.tres,.tres,480,原样
资源/weapons/melee/power_fist/3/power_fist_3_stats.tres,.tres,1113,原样
资源/weapons/melee/power_fist/4/power_fist_4_data.tres,.tres,1064,原样
资源/weapons/melee/power_fist/4/power_fist_4_exploding_effect.tres,.tres,478,原样
资源/weapons/melee/power_fist/4/power_fist_4_stats.tres,.tres,1113,原样
资源/weapons/melee/power_fist/power_fist.png.import,.import,717,原样
资源/weapons/melee/power_fist/power_fist.tscn,.tscn,1099,原样
资源/weapons/melee/power_fist/power_fist_icon.png.import,.import,732,原样
资源/weapons/melee/pruner/1/pruner_data.tres,.tres,1012,原样
资源/weapons/melee/pruner/1/pruner_stats.tres,.tres,1002,原样
资源/weapons/melee/pruner/2/pruner_2_data.tres,.tres,1022,原样
资源/weapons/melee/pruner/2/pruner_2_effect_1.tres,.tres,683,原样
资源/weapons/melee/pruner/2/pruner_2_garden_stats.tres,.tres,1103,原样
资源/weapons/melee/pruner/2/pruner_2_stats.tres,.tres,1002,原样
资源/weapons/melee/pruner/3/pruner_3_data.tres,.tres,1022,原样
资源/weapons/melee/pruner/3/pruner_3_effect_1.tres,.tres,683,原样
资源/weapons/melee/pruner/3/pruner_3_garden_stats.tres,.tres,1103,原样
资源/weapons/melee/pruner/3/pruner_3_stats.tres,.tres,1002,原样
资源/weapons/melee/pruner/4/pruner_4_data.tres,.tres,898,原样
资源/weapons/melee/pruner/4/pruner_4_effect_1.tres,.tres,683,原样
资源/weapons/melee/pruner/4/pruner_4_garden_stats.tres,.tres,1103,原样
资源/weapons/melee/pruner/4/pruner_4_stats.tres,.tres,1001,原样
资源/weapons/melee/pruner/pruner.png.import,.import,701,原样
资源/weapons/melee/pruner/pruner.tscn,.tscn,1382,原样
资源/weapons/melee/pruner/pruner_icon.png.import,.import,716,原样
资源/weapons/melee/rock/1/rock_data.tres,.tres,995,原样
资源/weapons/melee/rock/1/rock_stats.tres,.tres,997,原样
资源/weapons/melee/rock/2/rock_2_data.tres,.tres,1104,原样
资源/weapons/melee/rock/2/rock_2_effect_1.tres,.tres,274,原样
资源/weapons/melee/rock/2/rock_2_stats.tres,.tres,998,原样
资源/weapons/melee/rock/3/rock_3_data.tres,.tres,1214,原样
资源/weapons/melee/rock/3/rock_3_effect_1.tres,.tres,275,原样
资源/weapons/melee/rock/3/rock_3_effect_2.tres,.tres,274,原样
资源/weapons/melee/rock/3/rock_3_stats.tres,.tres,997,原样
资源/weapons/melee/rock/4/rock_4_data.tres,.tres,1093,原样
资源/weapons/melee/rock/4/rock_4_effect_1.tres,.tres,275,原样
资源/weapons/melee/rock/4/rock_4_effect_2.tres,.tres,274,原样
资源/weapons/melee/rock/4/rock_4_stats.tres,.tres,998,原样
资源/weapons/melee/rock/rock.png.import,.import,693,原样
资源/weapons/melee/rock/rock.tscn,.tscn,1473,原样
资源/weapons/melee/rock/rock_icon.png.import,.import,708,原样
资源/weapons/melee/scissors/1/scissors_data.tres,.tres,1039,原样
资源/weapons/melee/scissors/1/scissors_stats.tres,.tres,999,原样
资源/weapons/melee/scissors/2/scissors_2_data.tres,.tres,1041,原样
资源/weapons/melee/scissors/2/scissors_2_stats.tres,.tres,1002,原样
资源/weapons/melee/scissors/3/scissors_3_data.tres,.tres,1041,原样
资源/weapons/melee/scissors/3/scissors_3_stats.tres,.tres,1001,原样
资源/weapons/melee/scissors/4/scissors_4_data.tres,.tres,914,原样
资源/weapons/melee/scissors/4/scissors_4_stats.tres,.tres,1000,原样
资源/weapons/melee/scissors/scissors.png.import,.import,709,原样
资源/weapons/melee/scissors/scissors.tscn,.tscn,1488,原样
资源/weapons/melee/scissors/scissors_icon.png.import,.import,724,原样
资源/weapons/melee/screwdriver/1/screwdriver_data.tres,.tres,1075,原样
资源/weapons/melee/screwdriver/1/screwdriver_effect.tres,.tres,724,原样
资源/weapons/melee/screwdriver/1/screwdriver_stats.tres,.tres,1028,原样
资源/weapons/melee/screwdriver/2/screwdriver_2_data.tres,.tres,1079,原样
资源/weapons/melee/screwdriver/2/screwdriver_2_effect.tres,.tres,723,原样
资源/weapons/melee/screwdriver/2/screwdriver_2_stats.tres,.tres,1030,原样
资源/weapons/melee/screwdriver/3/screwdriver_3_data.tres,.tres,1079,原样
资源/weapons/melee/screwdriver/3/screwdriver_3_effect.tres,.tres,723,原样
资源/weapons/melee/screwdriver/3/screwdriver_3_stats.tres,.tres,1029,原样
资源/weapons/melee/screwdriver/4/screwdriver_4_data.tres,.tres,945,原样
资源/weapons/melee/screwdriver/4/screwdriver_4_effect.tres,.tres,723,原样
资源/weapons/melee/screwdriver/4/screwdriver_4_stats.tres,.tres,1029,原样
资源/weapons/melee/screwdriver/screwdriver.png.import,.import,721,原样
资源/weapons/melee/screwdriver/screwdriver.tscn,.tscn,1204,原样
资源/weapons/melee/screwdriver/screwdriver_icon.png.import,.import,736,原样
资源/weapons/melee/spear/1/spear_data.tres,.tres,902,原样
资源/weapons/melee/spear/1/spear_stats.tres,.tres,1229,原样
资源/weapons/melee/spear/2/spear_2_data.tres,.tres,904,原样
资源/weapons/melee/spear/2/spear_2_stats.tres,.tres,1229,原样
资源/weapons/melee/spear/3/spear_3_data.tres,.tres,904,原样
资源/weapons/melee/spear/3/spear_3_stats.tres,.tres,1229,原样
资源/weapons/melee/spear/4/spear_4_data.tres,.tres,783,原样
资源/weapons/melee/spear/4/spear_4_stats.tres,.tres,1229,原样
资源/weapons/melee/spear/spear.png.import,.import,697,原样
资源/weapons/melee/spear/spear.tscn,.tscn,1086,原样
资源/weapons/melee/spear/spear_icon.png.import,.import,712,原样
资源/weapons/melee/spiky_shield/1/spiky_shield_data.tres,.tres,1082,原样
资源/weapons/melee/spiky_shield/1/spiky_shield_stats.tres,.tres,992,原样
资源/weapons/melee/spiky_shield/2/spiky_shield_2_data.tres,.tres,1084,原样
资源/weapons/melee/spiky_shield/2/spiky_shield_2_stats.tres,.tres,993,原样
资源/weapons/melee/spiky_shield/3/spiky_shield_3_data.tres,.tres,1084,原样
资源/weapons/melee/spiky_shield/3/spiky_shield_3_stats.tres,.tres,992,原样
资源/weapons/melee/spiky_shield/4/spiky_shield_4_data.tres,.tres,949,原样
资源/weapons/melee/spiky_shield/4/spiky_shield_4_stats.tres,.tres,992,原样
资源/weapons/melee/spiky_shield/spiky_shield.png.import,.import,725,原样
资源/weapons/melee/spiky_shield/spiky_shield.tscn,.tscn,1105,原样
资源/weapons/melee/spiky_shield/spiky_shield_icon.png.import,.import,740,原样
资源/weapons/melee/stick/1/stick_data.tres,.tres,1009,原样
资源/weapons/melee/stick/1/stick_effect_1.tres,.tres,374,原样
资源/weapons/melee/stick/1/stick_stats.tres,.tres,1000,原样
资源/weapons/melee/stick/2/stick_2_data.tres,.tres,1013,原样
资源/weapons/melee/stick/2/stick_2_effect_1.tres,.tres,374,原样
资源/weapons/melee/stick/2/stick_2_stats.tres,.tres,1000,原样
资源/weapons/melee/stick/3/stick_3_data.tres,.tres,1013,原样
资源/weapons/melee/stick/3/stick_3_effect_1.tres,.tres,374,原样
资源/weapons/melee/stick/3/stick_3_stats.tres,.tres,1001,原样
资源/weapons/melee/stick/4/stick_4_data.tres,.tres,891,原样
资源/weapons/melee/stick/4/stick_4_effect_1.tres,.tres,375,原样
资源/weapons/melee/stick/4/stick_4_stats.tres,.tres,1001,原样
资源/weapons/melee/stick/stick.png.import,.import,697,原样
资源/weapons/melee/stick/stick.tscn,.tscn,1155,原样
资源/weapons/melee/stick/stick_icon.png.import,.import,712,原样
资源/weapons/melee/sword/2/sword_2_data.tres,.tres,1006,原样
资源/weapons/melee/sword/2/sword_2_stats.tres,.tres,1228,原样
资源/weapons/melee/sword/3/sword_3_data.tres,.tres,1006,原样
资源/weapons/melee/sword/3/sword_3_stats.tres,.tres,1228,原样
资源/weapons/melee/sword/4/sword_4_data.tres,.tres,885,原样
资源/weapons/melee/sword/4/sword_4_stats.tres,.tres,1228,原样
资源/weapons/melee/sword/sword.png.import,.import,697,原样
资源/weapons/melee/sword/sword.tscn,.tscn,1086,原样
资源/weapons/melee/sword/sword_icon.png.import,.import,712,原样
资源/weapons/melee/thunder_sword/3/thunder_sword_3_data.tres,.tres,1211,原样
资源/weapons/melee/thunder_sword/3/thunder_sword_3_effect.tres,.tres,433,原样
资源/weapons/melee/thunder_sword/3/thunder_sword_3_stats.tres,.tres,1265,原样
资源/weapons/melee/thunder_sword/4/thunder_sword_4_data.tres,.tres,1073,原样
资源/weapons/melee/thunder_sword/4/thunder_sword_4_effect.tres,.tres,433,原样
资源/weapons/melee/thunder_sword/4/thunder_sword_4_stats.tres,.tres,1263,原样
资源/weapons/melee/thunder_sword/thunder_sword.png.import,.import,729,原样
资源/weapons/melee/thunder_sword/thunder_sword.tscn,.tscn,1103,原样
资源/weapons/melee/thunder_sword/thunder_sword_icon.png.import,.import,744,原样
资源/weapons/melee/thunder_sword/thunder_sword_projectile_stats.tres,.tres,998,原样
资源/weapons/melee/torch/1/torch_burning_data.tres,.tres,219,原样
资源/weapons/melee/torch/1/torch_data.tres,.tres,1111,原样
资源/weapons/melee/torch/1/torch_effect_1.tres,.tres,362,原样
资源/weapons/melee/torch/1/torch_stats.tres,.tres,1034,原样
资源/weapons/melee/torch/2/torch_2_burning_data.tres,.tres,219,原样
资源/weapons/melee/torch/2/torch_2_data.tres,.tres,1115,原样
资源/weapons/melee/torch/2/torch_2_effect_1.tres,.tres,364,原样
资源/weapons/melee/torch/2/torch_2_stats.tres,.tres,1034,原样
资源/weapons/melee/torch/3/torch_3_burning_data.tres,.tres,219,原样
资源/weapons/melee/torch/3/torch_3_data.tres,.tres,1115,原样
资源/weapons/melee/torch/3/torch_3_effect_1.tres,.tres,364,原样
资源/weapons/melee/torch/3/torch_3_stats.tres,.tres,1034,原样
资源/weapons/melee/torch/4/torch_4_burning_data.tres,.tres,220,原样
资源/weapons/melee/torch/4/torch_4_data.tres,.tres,994,原样
资源/weapons/melee/torch/4/torch_4_effect_1.tres,.tres,364,原样
资源/weapons/melee/torch/4/torch_4_stats.tres,.tres,1034,原样
资源/weapons/melee/torch/torch.png.import,.import,697,原样
资源/weapons/melee/torch/torch.tscn,.tscn,1768,原样
资源/weapons/melee/torch/torch_icon.png.import,.import,712,原样
资源/weapons/melee/wrench/1/wrench_data.tres,.tres,1006,原样
资源/weapons/melee/wrench/1/wrench_stats.tres,.tres,1230,原样
资源/weapons/melee/wrench/2/wrench_2_data.tres,.tres,1020,原样
资源/weapons/melee/wrench/2/wrench_2_stats.tres,.tres,1230,原样
资源/weapons/melee/wrench/3/wrench_3_data.tres,.tres,1020,原样
资源/weapons/melee/wrench/3/wrench_3_stats.tres,.tres,1230,原样
资源/weapons/melee/wrench/4/wrench_4_data.tres,.tres,899,原样
资源/weapons/melee/wrench/4/wrench_4_stats.tres,.tres,1230,原样
资源/weapons/melee/wrench/wrench.png.import,.import,701,原样
资源/weapons/melee/wrench/wrench.tscn,.tscn,1088,原样
资源/weapons/melee/wrench/wrench_icon.png.import,.import,716,原样
资源/weapons/melee_sounds/whoosh_swish_high_big_01.wav.import,.import,478,原样
资源/weapons/melee_sounds/whoosh_swish_high_big_02.wav.import,.import,478,原样
资源/weapons/melee_sounds/whoosh_swish_high_big_03.wav.import,.import,478,原样
资源/weapons/melee_sounds/whoosh_swish_high_big_04.wav.import,.import,478,原样
资源/weapons/melee_sounds/whoosh_swish_high_big_05.wav.import,.import,478,原样
资源/weapons/melee_sounds/whoosh_swish_high_fast_01.wav.import,.import,481,原样
资源/weapons/melee_sounds/whoosh_swish_high_fast_02.wav.import,.import,481,原样
资源/weapons/melee_sounds/whoosh_swish_high_fast_03.wav.import,.import,481,原样
资源/weapons/melee_sounds/whoosh_swish_high_fast_04.wav.import,.import,481,原样
资源/weapons/melee_sounds/whoosh_swish_small_harsh_01.wav.import,.import,487,原样
资源/weapons/melee_sounds/whoosh_swish_small_harsh_02.wav.import,.import,487,原样
资源/weapons/melee_sounds/whoosh_swish_small_harsh_03.wav.import,.import,487,原样
资源/weapons/melee_sounds/whoosh_weapon_knife_swing_01.wav.import,.import,490,原样
资源/weapons/melee_sounds/whoosh_weapon_knife_swing_02.wav.import,.import,490,原样
资源/weapons/melee_sounds/whoosh_weapon_knife_swing_03.wav.import,.import,490,原样
资源/weapons/ranged/base_ranged_weapon_stats.tres,.tres,753,原样
资源/weapons/ranged/crossbow/1/crossbow_data.tres,.tres,1157,原样
资源/weapons/ranged/crossbow/1/crossbow_effect.tres,.tres,293,原样
资源/weapons/ranged/crossbow/1/crossbow_stats.tres,.tres,1695,原样
资源/weapons/ranged/crossbow/2/crossbow_data_2.tres,.tres,1161,原样
资源/weapons/ranged/crossbow/2/crossbow_effect_2.tres,.tres,293,原样
资源/weapons/ranged/crossbow/2/crossbow_stats_2.tres,.tres,1698,原样
资源/weapons/ranged/crossbow/3/crossbow_data_3.tres,.tres,1161,原样
资源/weapons/ranged/crossbow/3/crossbow_effect_3.tres,.tres,293,原样
资源/weapons/ranged/crossbow/3/crossbow_stats_3.tres,.tres,1696,原样
资源/weapons/ranged/crossbow/4/crossbow_data_4.tres,.tres,1033,原样
资源/weapons/ranged/crossbow/4/crossbow_effect_4.tres,.tres,293,原样
资源/weapons/ranged/crossbow/4/crossbow_stats_4.tres,.tres,1698,原样
资源/weapons/ranged/crossbow/bow_crossbow_arrow_shoot_type1_01.wav.import,.import,544,原样
资源/weapons/ranged/crossbow/bow_crossbow_arrow_shoot_type1_02.wav.import,.import,544,原样
资源/weapons/ranged/crossbow/bow_crossbow_arrow_shoot_type1_03.wav.import,.import,544,原样
资源/weapons/ranged/crossbow/bow_crossbow_arrow_shoot_type1_04.wav.import,.import,544,原样
资源/weapons/ranged/crossbow/bow_crossbow_arrow_shoot_type1_05.wav.import,.import,544,原样
资源/weapons/ranged/crossbow/crossbow.png.import,.import,710,原样
资源/weapons/ranged/crossbow/crossbow.tscn,.tscn,1091,原样
资源/weapons/ranged/crossbow/crossbow_empty.png.import,.import,728,原样
资源/weapons/ranged/crossbow/crossbow_icon.png.import,.import,725,原样
资源/weapons/ranged/crossbow/crossbow_projectile.png.import,.import,743,原样
资源/weapons/ranged/double_barrel_shotgun/1/double_barrel_shotgun_data.tres,.tres,1070,原样
资源/weapons/ranged/double_barrel_shotgun/1/double_barrel_shotgun_stats.tres,.tres,1314,原样
资源/weapons/ranged/double_barrel_shotgun/2/double_barrel_shotgun_2_data.tres,.tres,1072,原样
资源/weapons/ranged/double_barrel_shotgun/2/double_barrel_shotgun_2_stats.tres,.tres,1316,原样
资源/weapons/ranged/double_barrel_shotgun/3/double_barrel_shotgun_3_data.tres,.tres,1072,原样
资源/weapons/ranged/double_barrel_shotgun/3/double_barrel_shotgun_3_stats.tres,.tres,1314,原样
资源/weapons/ranged/double_barrel_shotgun/4/double_barrel_shotgun_4_data.tres,.tres,918,原样
资源/weapons/ranged/double_barrel_shotgun/4/double_barrel_shotgun_4_stats.tres,.tres,1316,原样
资源/weapons/ranged/double_barrel_shotgun/double_barrel_shotgun.png.import,.import,762,原样
资源/weapons/ranged/double_barrel_shotgun/double_barrel_shotgun.tscn,.tscn,834,原样
资源/weapons/ranged/double_barrel_shotgun/double_barrel_shotgun_icon.png.import,.import,777,原样
资源/weapons/ranged/double_barrel_shotgun/gun_shotgun_sawed_off_shot_01.wav.import,.import,509,原样
资源/weapons/ranged/double_barrel_shotgun/gun_shotgun_sawed_off_shot_02.wav.import,.import,509,原样
资源/weapons/ranged/double_barrel_shotgun/gun_shotgun_sawed_off_shot_03.wav.import,.import,509,原样
资源/weapons/ranged/double_barrel_shotgun/gun_shotgun_sawed_off_shot_04.wav.import,.import,509,原样
资源/weapons/ranged/flamethrower/2/flamethrower_2_burning_data.tres,.tres,219,原样
资源/weapons/ranged/flamethrower/2/flamethrower_2_data.tres,.tres,1203,原样
资源/weapons/ranged/flamethrower/2/flamethrower_2_effect_1.tres,.tres,379,原样
资源/weapons/ranged/flamethrower/2/flamethrower_2_stats.tres,.tres,1518,原样
资源/weapons/ranged/flamethrower/3/flamethrower_3_burning_data.tres,.tres,219,原样
资源/weapons/ranged/flamethrower/3/flamethrower_3_data.tres,.tres,1204,原样
资源/weapons/ranged/flamethrower/3/flamethrower_3_effect_1.tres,.tres,379,原样
资源/weapons/ranged/flamethrower/3/flamethrower_3_stats.tres,.tres,1518,原样
资源/weapons/ranged/flamethrower/4/flamethrower_4_burning_data.tres,.tres,219,原样
资源/weapons/ranged/flamethrower/4/flamethrower_4_data.tres,.tres,1067,原样
资源/weapons/ranged/flamethrower/4/flamethrower_4_effect_1.tres,.tres,379,原样
资源/weapons/ranged/flamethrower/4/flamethrower_4_stats.tres,.tres,1518,原样
资源/weapons/ranged/flamethrower/flamethrower.png.import,.import,726,原样
资源/weapons/ranged/flamethrower/flamethrower.tscn,.tscn,808,原样
资源/weapons/ranged/flamethrower/flamethrower_icon.png.import,.import,741,原样
资源/weapons/ranged/flamethrower/gas_med_flame_ignite_01.wav.import,.import,482,原样
资源/weapons/ranged/flamethrower/gas_med_flame_ignite_02.wav.import,.import,482,原样
资源/weapons/ranged/flamethrower/gas_small_flame_ignite_01.wav.import,.import,488,原样
资源/weapons/ranged/flamethrower/gas_small_flame_ignite_02.wav.import,.import,488,原样
资源/weapons/ranged/flamethrower/lighter_gas_flame_ignite_02.wav.import,.import,494,原样
资源/weapons/ranged/ghost_scepter/1/ghost_scepter_data.tres,.tres,1126,原样
资源/weapons/ranged/ghost_scepter/1/ghost_scepter_effect.tres,.tres,315,原样
资源/weapons/ranged/ghost_scepter/1/ghost_scepter_stats.tres,.tres,1025,原样
资源/weapons/ranged/ghost_scepter/2/ghost_scepter_2_data.tres,.tres,1130,原样
资源/weapons/ranged/ghost_scepter/2/ghost_scepter_2_effect.tres,.tres,315,原样
资源/weapons/ranged/ghost_scepter/2/ghost_scepter_2_stats.tres,.tres,1025,原样
资源/weapons/ranged/ghost_scepter/3/ghost_scepter_3_data.tres,.tres,1130,原样
资源/weapons/ranged/ghost_scepter/3/ghost_scepter_3_effect.tres,.tres,315,原样
资源/weapons/ranged/ghost_scepter/3/ghost_scepter_3_stats.tres,.tres,1025,原样
资源/weapons/ranged/ghost_scepter/4/ghost_scepter_4_data.tres,.tres,992,原样
资源/weapons/ranged/ghost_scepter/4/ghost_scepter_4_effect.tres,.tres,315,原样
资源/weapons/ranged/ghost_scepter/4/ghost_scepter_4_stats.tres,.tres,1025,原样
资源/weapons/ranged/ghost_scepter/ghost_scepter.png.import,.import,730,原样
资源/weapons/ranged/ghost_scepter/ghost_scepter.tscn,.tscn,1058,原样
资源/weapons/ranged/ghost_scepter/ghost_scepter_icon.png.import,.import,745,原样
资源/weapons/ranged/laser_gun/1/laser_gun_data.tres,.tres,938,原样
资源/weapons/ranged/laser_gun/1/laser_gun_stats.tres,.tres,1142,原样
资源/weapons/ranged/laser_gun/2/laser_gun_2_data.tres,.tres,940,原样
资源/weapons/ranged/laser_gun/2/laser_gun_2_stats.tres,.tres,1142,原样
资源/weapons/ranged/laser_gun/3/laser_gun_3_data.tres,.tres,940,原样
资源/weapons/ranged/laser_gun/3/laser_gun_3_stats.tres,.tres,1141,原样
资源/weapons/ranged/laser_gun/4/laser_gun_4_data.tres,.tres,810,原样
资源/weapons/ranged/laser_gun/4/laser_gun_4_stats.tres,.tres,1142,原样
资源/weapons/ranged/laser_gun/gun_silenced_sniper1_shot_04.wav.import,.import,494,原样
资源/weapons/ranged/laser_gun/gun_silenced_sniper1_shot_04v2.wav.import,.import,500,原样
资源/weapons/ranged/laser_gun/laser_gun.png.import,.import,714,原样
资源/weapons/ranged/laser_gun/laser_gun.tscn,.tscn,798,原样
资源/weapons/ranged/laser_gun/laser_gun_icon.png.import,.import,729,原样
资源/weapons/ranged/medical_gun/1/medical_gun_data.tres,.tres,1068,原样
资源/weapons/ranged/medical_gun/1/medical_gun_stats.tres,.tres,1267,原样
资源/weapons/ranged/medical_gun/2/medical_gun_2_data.tres,.tres,1070,原样
资源/weapons/ranged/medical_gun/2/medical_gun_2_stats.tres,.tres,1268,原样
资源/weapons/ranged/medical_gun/3/medical_gun_3_data.tres,.tres,1070,原样
资源/weapons/ranged/medical_gun/3/medical_gun_3_stats.tres,.tres,1267,原样
资源/weapons/ranged/medical_gun/4/medical_gun_4_data.tres,.tres,936,原样
资源/weapons/ranged/medical_gun/4/medical_gun_4_stats.tres,.tres,1267,原样
资源/weapons/ranged/medical_gun/medical_gun.png.import,.import,722,原样
资源/weapons/ranged/medical_gun/medical_gun.tscn,.tscn,804,原样
资源/weapons/ranged/medical_gun/medical_gun_icon.png.import,.import,737,原样
资源/weapons/ranged/medical_gun/weapon_fun_pea_shooter_01.wav.import,.import,487,原样
资源/weapons/ranged/medical_gun/weapon_fun_pea_shooter_02.wav.import,.import,487,原样
资源/weapons/ranged/medical_gun/weapon_fun_small_zapper_02.wav.import,.import,490,原样
资源/weapons/ranged/minigun/3/minigun_3_data.tres,.tres,1023,原样
资源/weapons/ranged/minigun/3/minigun_3_stats.tres,.tres,1803,原样
资源/weapons/ranged/minigun/4/minigun_4_data.tres,.tres,896,原样
资源/weapons/ranged/minigun/4/minigun_4_stats.tres,.tres,1801,原样
资源/weapons/ranged/minigun/gun_machinegun_auto_heavy_shot_01.wav.import,.import,507,原样
资源/weapons/ranged/minigun/gun_machinegun_auto_heavy_shot_02.wav.import,.import,507,原样
资源/weapons/ranged/minigun/gun_machinegun_auto_heavy_shot_03.wav.import,.import,507,原样
资源/weapons/ranged/minigun/gun_machinegun_auto_heavy_shot_04.wav.import,.import,507,原样
资源/weapons/ranged/minigun/gun_machinegun_auto_heavy_shot_05.wav.import,.import,507,原样
资源/weapons/ranged/minigun/gun_machinegun_auto_heavy_shot_06.wav.import,.import,507,原样
资源/weapons/ranged/minigun/gun_machinegun_auto_heavy_shot_07.wav.import,.import,507,原样
资源/weapons/ranged/minigun/gun_machinegun_auto_heavy_shot_08.wav.import,.import,507,原样
资源/weapons/ranged/minigun/minigun.png.import,.import,706,原样
资源/weapons/ranged/minigun/minigun.tscn,.tscn,794,原样
资源/weapons/ranged/minigun/minigun_icon.png.import,.import,721,原样
资源/weapons/ranged/nuclear_launcher/3/nuclear_launcher_3_data.tres,.tres,1265,原样
资源/weapons/ranged/nuclear_launcher/3/nuclear_launcher_3_effect.tres,.tres,472,原样
资源/weapons/ranged/nuclear_launcher/3/nuclear_launcher_3_stats.tres,.tres,1064,原样
资源/weapons/ranged/nuclear_launcher/4/nuclear_launcher_4_data.tres,.tres,1120,原样
资源/weapons/ranged/nuclear_launcher/4/nuclear_launcher_4_effect.tres,.tres,473,原样
资源/weapons/ranged/nuclear_launcher/4/nuclear_launcher_4_stats.tres,.tres,1065,原样
资源/weapons/ranged/nuclear_launcher/nuclear_launcher.png.import,.import,742,原样
资源/weapons/ranged/nuclear_launcher/nuclear_launcher.tscn,.tscn,820,原样
资源/weapons/ranged/nuclear_launcher/nuclear_launcher_icon.png.import,.import,757,原样
资源/weapons/ranged/obliterator/3/obliterator_3_data.tres,.tres,968,原样
资源/weapons/ranged/obliterator/3/obliterator_3_stats.tres,.tres,1149,原样
资源/weapons/ranged/obliterator/4/obliterator_4_data.tres,.tres,833,原样
资源/weapons/ranged/obliterator/4/obliterator_4_stats.tres,.tres,1150,原样
资源/weapons/ranged/obliterator/obliterator.png.import,.import,722,原样
资源/weapons/ranged/obliterator/obliterator.tscn,.tscn,1098,原样
资源/weapons/ranged/obliterator/obliterator_icon.png.import,.import,737,原样
资源/weapons/ranged/pistol/1/pistol_data.tres,.tres,905,原样
资源/weapons/ranged/pistol/1/pistol_stats.tres,.tres,1327,原样
资源/weapons/ranged/pistol/2/pistol_2_data.tres,.tres,907,原样
资源/weapons/ranged/pistol/2/pistol_2_stats.tres,.tres,1327,原样
资源/weapons/ranged/pistol/3/pistol_3_data.tres,.tres,907,原样
资源/weapons/ranged/pistol/3/pistol_3_stats.tres,.tres,1327,原样
资源/weapons/ranged/pistol/4/pistol_4_data.tres,.tres,782,原样
资源/weapons/ranged/pistol/4/pistol_4_stats.tres,.tres,1327,原样
资源/weapons/ranged/pistol/gun_pistol_shot_01.wav.import,.import,461,原样
资源/weapons/ranged/pistol/gun_pistol_shot_02.wav.import,.import,461,原样
资源/weapons/ranged/pistol/gun_pistol_shot_03.wav.import,.import,461,原样
资源/weapons/ranged/pistol/gun_pistol_shot_04.wav.import,.import,461,原样
资源/weapons/ranged/pistol/gun_pistol_shot_05.wav.import,.import,461,原样
资源/weapons/ranged/pistol/pistol.png.import,.import,702,原样
资源/weapons/ranged/pistol/pistol.tscn,.tscn,790,原样
资源/weapons/ranged/pistol/pistol_icon.png.import,.import,717,原样
资源/weapons/ranged/potato_thrower/2/potato_thrower_2_data.tres,.tres,1004,原样
资源/weapons/ranged/potato_thrower/2/potato_thrower_2_stats.tres,.tres,1155,原样
资源/weapons/ranged/potato_thrower/3/potato_thrower_3_data.tres,.tres,1004,原样
资源/weapons/ranged/potato_thrower/3/potato_thrower_3_stats.tres,.tres,1155,原样
资源/weapons/ranged/potato_thrower/4/potato_thrower_4_data.tres,.tres,864,原样
资源/weapons/ranged/potato_thrower/4/potato_thrower_4_stats.tres,.tres,1154,原样
资源/weapons/ranged/potato_thrower/potato_thrower.png.import,.import,734,原样
资源/weapons/ranged/potato_thrower/potato_thrower.tscn,.tscn,1036,原样
资源/weapons/ranged/potato_thrower/potato_thrower_icon.png.import,.import,749,原样
资源/weapons/ranged/ranged_weapon.gd.remap,.remap,55,原样
资源/weapons/ranged/ranged_weapon.gdc,.gdc,712,原样
资源/weapons/ranged/revolver/1/revolver_data.tres,.tres,927,原样
资源/weapons/ranged/revolver/1/revolver_stats.tres,.tres,1465,原样
资源/weapons/ranged/revolver/2/revolver_2_data.tres,.tres,929,原样
资源/weapons/ranged/revolver/2/revolver_2_stats.tres,.tres,1466,原样
资源/weapons/ranged/revolver/3/revolver_3_data.tres,.tres,929,原样
资源/weapons/ranged/revolver/3/revolver_3_stats.tres,.tres,1465,原样
资源/weapons/ranged/revolver/4/revolver_4_data.tres,.tres,801,原样
资源/weapons/ranged/revolver/4/revolver_4_stats.tres,.tres,1466,原样
资源/weapons/ranged/revolver/revolver.png.import,.import,710,原样
资源/weapons/ranged/revolver/revolver.tscn,.tscn,1090,原样
资源/weapons/ranged/revolver/revolver_icon.png.import,.import,725,原样
资源/weapons/ranged/revolver/revolver_reloading.png.import,.import,740,原样
资源/weapons/ranged/rocket_launcher/2/rocket_launcher_2_data.tres,.tres,1246,原样
资源/weapons/ranged/rocket_launcher/2/rocket_launcher_2_stats.tres,.tres,1018,原样
资源/weapons/ranged/rocket_launcher/3/rocket_launcher_3_data.tres,.tres,1247,原样
资源/weapons/ranged/rocket_launcher/3/rocket_launcher_3_stats.tres,.tres,1018,原样
资源/weapons/ranged/rocket_launcher/4/rocket_launcher_4_data.tres,.tres,1104,原样
资源/weapons/ranged/rocket_launcher/4/rocket_launcher_4_stats.tres,.tres,1018,原样
资源/weapons/ranged/rocket_launcher/gun_silenced_pistol2_shot_01.wav.import,.import,500,原样
资源/weapons/ranged/rocket_launcher/rocket_launcher.png.import,.import,738,原样
资源/weapons/ranged/rocket_launcher/rocket_launcher.tscn,.tscn,1110,原样
资源/weapons/ranged/rocket_launcher/rocket_launcher_effect.tres,.tres,472,原样
资源/weapons/ranged/rocket_launcher/rocket_launcher_icon.png.import,.import,753,原样
资源/weapons/ranged/shredder/1/shredder_data.tres,.tres,1151,原样
资源/weapons/ranged/shredder/1/shredder_effect.tres,.tres,480,原样
资源/weapons/ranged/shredder/1/shredder_stats.tres,.tres,1405,原样
资源/weapons/ranged/shredder/2/shredder_2_data.tres,.tres,1155,原样
资源/weapons/ranged/shredder/2/shredder_2_effect.tres,.tres,480,原样
资源/weapons/ranged/shredder/2/shredder_2_stats.tres,.tres,1406,原样
资源/weapons/ranged/shredder/3/shredder_3_data.tres,.tres,1155,原样
资源/weapons/ranged/shredder/3/shredder_3_effect.tres,.tres,480,原样
资源/weapons/ranged/shredder/3/shredder_3_stats.tres,.tres,1404,原样
资源/weapons/ranged/shredder/4/shredder_4_data.tres,.tres,1027,原样
资源/weapons/ranged/shredder/4/shredder_4_effect.tres,.tres,472,原样
资源/weapons/ranged/shredder/4/shredder_4_stats.tres,.tres,1404,原样
资源/weapons/ranged/shredder/gun_silenced_AR_sniper_shot_01.wav.import,.import,499,原样
资源/weapons/ranged/shredder/gun_silenced_AR_sniper_shot_02.wav.import,.import,499,原样
资源/weapons/ranged/shredder/gun_silenced_AR_sniper_shot_03.wav.import,.import,499,原样
资源/weapons/ranged/shredder/gun_silenced_AR_sniper_shot_04.wav.import,.import,499,原样
资源/weapons/ranged/shredder/shredder.png.import,.import,710,原样
资源/weapons/ranged/shredder/shredder.tscn,.tscn,796,原样
资源/weapons/ranged/shredder/shredder_icon.png.import,.import,725,原样
资源/weapons/ranged/shuriken/1/shuriken_data.tres,.tres,1047,原样
资源/weapons/ranged/shuriken/1/shuriken_effect.tres,.tres,293,原样
资源/weapons/ranged/shuriken/1/shuriken_stats.tres,.tres,1503,原样
资源/weapons/ranged/shuriken/2/shuriken_2_data.tres,.tres,1051,原样
资源/weapons/ranged/shuriken/2/shuriken_2_effect.tres,.tres,293,原样
资源/weapons/ranged/shuriken/2/shuriken_2_stats.tres,.tres,1503,原样
资源/weapons/ranged/shuriken/3/shuriken_3_data.tres,.tres,1051,原样
资源/weapons/ranged/shuriken/3/shuriken_3_effect.tres,.tres,293,原样
资源/weapons/ranged/shuriken/3/shuriken_3_stats.tres,.tres,1504,原样
资源/weapons/ranged/shuriken/4/shuriken_4_data.tres,.tres,923,原样
资源/weapons/ranged/shuriken/4/shuriken_4_effect.tres,.tres,293,原样
资源/weapons/ranged/shuriken/4/shuriken_4_stats.tres,.tres,1503,原样
资源/weapons/ranged/shuriken/shuriken.png.import,.import,710,原样
资源/weapons/ranged/shuriken/shuriken.tscn,.tscn,825,原样
资源/weapons/ranged/shuriken/shuriken_empty.png.import,.import,728,原样
资源/weapons/ranged/shuriken/shuriken_icon.png.import,.import,725,原样
资源/weapons/ranged/slingshot/1/slingshot_data.tres,.tres,950,原样
资源/weapons/ranged/slingshot/1/slingshot_stats.tres,.tres,1392,原样
资源/weapons/ranged/slingshot/2/slingshot_2_data.tres,.tres,952,原样
资源/weapons/ranged/slingshot/2/slingshot_2_stats.tres,.tres,1392,原样
资源/weapons/ranged/slingshot/3/slingshot_3_data.tres,.tres,952,原样
资源/weapons/ranged/slingshot/3/slingshot_3_stats.tres,.tres,1392,原样
资源/weapons/ranged/slingshot/4/slingshot_4_data.tres,.tres,822,原样
资源/weapons/ranged/slingshot/4/slingshot_4_stats.tres,.tres,1392,原样
资源/weapons/ranged/slingshot/slingshot.png.import,.import,714,原样
资源/weapons/ranged/slingshot/slingshot.tscn,.tscn,830,原样
资源/weapons/ranged/slingshot/slingshot_empty.png.import,.import,732,原样
资源/weapons/ranged/slingshot/slingshot_icon.png.import,.import,729,原样
资源/weapons/ranged/smg/1/smg_data.tres,.tres,872,原样
资源/weapons/ranged/smg/1/smg_stats.tres,.tres,1843,原样
资源/weapons/ranged/smg/2/smg_2_data.tres,.tres,874,原样
资源/weapons/ranged/smg/2/smg_2_stats.tres,.tres,1844,原样
资源/weapons/ranged/smg/3/smg_3_data.tres,.tres,874,原样
资源/weapons/ranged/smg/3/smg_3_stats.tres,.tres,1843,原样
资源/weapons/ranged/smg/4/smg_4_data.tres,.tres,756,原样
资源/weapons/ranged/smg/4/smg_4_stats.tres,.tres,1844,原样
资源/weapons/ranged/smg/gun_submachine_auto_shot_01.wav.import,.import,485,原样
资源/weapons/ranged/smg/gun_submachine_auto_shot_02.wav.import,.import,485,原样
资源/weapons/ranged/smg/gun_submachine_auto_shot_03.wav.import,.import,485,原样
资源/weapons/ranged/smg/gun_submachine_auto_shot_04.wav.import,.import,485,原样
资源/weapons/ranged/smg/gun_submachine_auto_shot_05.wav.import,.import,485,原样
资源/weapons/ranged/smg/gun_submachine_auto_shot_06.wav.import,.import,485,原样
资源/weapons/ranged/smg/gun_submachine_auto_shot_07.wav.import,.import,485,原样
资源/weapons/ranged/smg/gun_submachine_auto_shot_08.wav.import,.import,485,原样
资源/weapons/ranged/smg/gun_submachine_auto_shot_09.wav.import,.import,485,原样
资源/weapons/ranged/smg/smg.png.import,.import,690,原样
资源/weapons/ranged/smg/smg.tscn,.tscn,1077,原样
资源/weapons/ranged/smg/smg_icon.png.import,.import,705,原样
资源/weapons/ranged/sniper_gun/3/sniper_gun_3_data.tres,.tres,1171,原样
资源/weapons/ranged/sniper_gun/3/sniper_gun_3_effect.tres,.tres,421,原样
资源/weapons/ranged/sniper_gun/3/sniper_gun_3_proj_stats.tres,.tres,884,原样
资源/weapons/ranged/sniper_gun/3/sniper_gun_3_stats.tres,.tres,1164,原样
资源/weapons/ranged/sniper_gun/4/sniper_gun_4_data.tres,.tres,1038,原样
资源/weapons/ranged/sniper_gun/4/sniper_gun_4_effect.tres,.tres,421,原样
资源/weapons/ranged/sniper_gun/4/sniper_gun_4_proj_stats.tres,.tres,885,原样
资源/weapons/ranged/sniper_gun/4/sniper_gun_4_stats.tres,.tres,1165,原样
资源/weapons/ranged/sniper_gun/sniper.png.import,.import,706,原样
资源/weapons/ranged/sniper_gun/sniper.tscn,.tscn,1089,原样
资源/weapons/ranged/sniper_gun/sniper_icon.png.import,.import,721,原样
资源/weapons/ranged/taser/1/taser_data.tres,.tres,1110,原样
资源/weapons/ranged/taser/1/taser_stats.tres,.tres,988,原样
资源/weapons/ranged/taser/2/taser_2_data.tres,.tres,1112,原样
资源/weapons/ranged/taser/2/taser_2_stats.tres,.tres,988,原样
资源/weapons/ranged/taser/3/taser_3_data.tres,.tres,1112,原样
资源/weapons/ranged/taser/3/taser_3_stats.tres,.tres,988,原样
资源/weapons/ranged/taser/4/taser_4_data.tres,.tres,990,原样
资源/weapons/ranged/taser/4/taser_4_stats.tres,.tres,989,原样
资源/weapons/ranged/taser/taser.png.import,.import,698,原样
资源/weapons/ranged/taser/taser.tscn,.tscn,861,原样
资源/weapons/ranged/taser/taser.wav.import,.import,421,原样
资源/weapons/ranged/taser/taser_effect_1.tres,.tres,245,原样
资源/weapons/ranged/taser/taser_icon.png.import,.import,713,原样
资源/weapons/ranged/wand/1/wand_burning_data.tres,.tres,219,原样
资源/weapons/ranged/wand/1/wand_data.tres,.tres,991,原样
资源/weapons/ranged/wand/1/wand_effect_1.tres,.tres,361,原样
资源/weapons/ranged/wand/1/wand_stats.tres,.tres,1250,原样
资源/weapons/ranged/wand/2/wand_2_burning_data.tres,.tres,219,原样
资源/weapons/ranged/wand/2/wand_2_data.tres,.tres,995,原样
资源/weapons/ranged/wand/2/wand_2_effect_1.tres,.tres,363,原样
资源/weapons/ranged/wand/2/wand_2_stats.tres,.tres,1250,原样
资源/weapons/ranged/wand/3/wand_3_burning_data.tres,.tres,219,原样
资源/weapons/ranged/wand/3/wand_3_data.tres,.tres,995,原样
资源/weapons/ranged/wand/3/wand_3_effect_1.tres,.tres,363,原样
资源/weapons/ranged/wand/3/wand_3_stats.tres,.tres,1250,原样
资源/weapons/ranged/wand/4/wand_4_burning_data.tres,.tres,220,原样
资源/weapons/ranged/wand/4/wand_4_data.tres,.tres,875,原样
资源/weapons/ranged/wand/4/wand_4_effect_1.tres,.tres,363,原样
资源/weapons/ranged/wand/4/wand_4_stats.tres,.tres,1250,原样
资源/weapons/ranged/wand/wand.png.import,.import,694,原样
资源/weapons/ranged/wand/wand.tscn,.tscn,1058,原样
资源/weapons/ranged/wand/wand_icon.png.import,.import,709,原样
资源/weapons/shooting_behaviors/melee_shooting_data.gd.remap,.remap,73,原样
资源/weapons/shooting_behaviors/melee_shooting_data.gdc,.gdc,1430,原样
资源/weapons/shooting_behaviors/melee_weapon_shooting_behavior.gd.remap,.remap,84,原样
资源/weapons/shooting_behaviors/melee_weapon_shooting_behavior.gdc,.gdc,4441,原样
资源/weapons/shooting_behaviors/ranged_shooting_data.gd.remap,.remap,74,原样
资源/weapons/shooting_behaviors/ranged_shooting_data.gdc,.gdc,676,原样
资源/weapons/shooting_behaviors/ranged_weapon_shooting_behavior.gd.remap,.remap,85,原样
资源/weapons/shooting_behaviors/ranged_weapon_shooting_behavior.gdc,.gdc,2218,原样
资源/weapons/shooting_behaviors/shooting_data.gd.remap,.remap,67,原样
资源/weapons/shooting_behaviors/shooting_data.gdc,.gdc,173,原样
资源/weapons/shooting_behaviors/weapon_shooting_behavior.gd.remap,.remap,78,原样
资源/weapons/shooting_behaviors/weapon_shooting_behavior.gdc,.gdc,189,原样
资源/weapons/weapon.gd.remap,.remap,41,原样
资源/weapons/weapon.gdc,.gdc,9759,原样
资源/weapons/weapon.tscn,.tscn,1671,原样
资源/weapons/weapon_stats/melee_weapon_stats.gd.remap,.remap,66,原样
资源/weapons/weapon_stats/melee_weapon_stats.gdc,.gdc,1854,原样
资源/weapons/weapon_stats/ranged_weapon_stats.gd.remap,.remap,67,原样
资源/weapons/weapon_stats/ranged_weapon_stats.gdc,.gdc,3132,原样
资源/weapons/weapon_stats/weapon_stats.gd.remap,.remap,60,原样
资源/weapons/weapon_stats/weapon_stats.gdc,.gdc,8911,原样
资源/weapons/weapon_type.gd.remap,.remap,46,原样
资源/weapons/weapon_type.gdc,.gdc,123,原样
资源/zones/backgrounds/background_data.gd.remap,.remap,60,原样
资源/zones/backgrounds/background_data.gdc,.gdc,306,原样
资源/zones/backgrounds/background_data_1.tres,.tres,456,原样
资源/zones/backgrounds/background_data_2.tres,.tres,458,原样
资源/zones/backgrounds/background_data_3.tres,.tres,459,原样
资源/zones/backgrounds/background_data_4.tres,.tres,463,原样
资源/zones/backgrounds/background_data_5.tres,.tres,460,原样
资源/zones/backgrounds/background_data_6.tres,.tres,461,原样
资源/zones/backgrounds/background_gradient.tres,.tres,115,原样
资源/zones/wave_data.gd.remap,.remap,42,原样
资源/zones/wave_data.gdc,.gdc,254,原样
资源/zones/wave_group_data.gd.remap,.remap,48,原样
资源/zones/wave_group_data.gdc,.gdc,918,原样
资源/zones/wave_manager.gd.remap,.remap,45,原样
资源/zones/wave_manager.gdc,.gdc,5476,原样
资源/zones/wave_unit_data.gd.remap,.remap,47,原样
资源/zones/wave_unit_data.gdc,.gdc,476,原样
资源/zones/zone_1/000_all/group_1.tres,.tres,582,原样
资源/zones/zone_1/000_all/group_2.tres,.tres,581,原样
资源/zones/zone_1/000_all/unit_1.tres,.tres,336,原样
资源/zones/zone_1/000_all/unit_2.tres,.tres,337,原样
资源/zones/zone_1/000_elites/group_1.tres,.tres,480,原样
资源/zones/zone_1/000_endless/group_endless.tres,.tres,485,原样
资源/zones/zone_1/000_endless/unit_endless.tres,.tres,220,原样
资源/zones/zone_1/000_extra/group_1.tres,.tres,584,原样
资源/zones/zone_1/000_extra/unit_1.tres,.tres,337,原样
资源/zones/zone_1/000_hordes/group_1.tres,.tres,687,原样
资源/zones/zone_1/000_hordes/group_2.tres,.tres,586,原样
资源/zones/zone_1/000_hordes/group_3.tres,.tres,587,原样
资源/zones/zone_1/000_hordes/group_3b.tres,.tres,691,原样
资源/zones/zone_1/000_hordes/group_4.tres,.tres,588,原样
资源/zones/zone_1/000_hordes/group_5.tres,.tres,794,原样
资源/zones/zone_1/000_hordes/unit_1.tres,.tres,336,原样
资源/zones/zone_1/000_hordes/unit_2.tres,.tres,336,原样
资源/zones/zone_1/000_hordes/unit_3.tres,.tres,337,原样
资源/zones/zone_1/000_hordes/unit_4.tres,.tres,337,原样
资源/zones/zone_1/001/group_1.tres,.tres,579,原样
资源/zones/zone_1/001/unit_1.tres,.tres,336,原样
资源/zones/zone_1/001/wave_1.tres,.tres,308,原样
资源/zones/zone_1/002/group_1.tres,.tres,579,原样
资源/zones/zone_1/002/group_2.tres,.tres,579,原样
资源/zones/zone_1/002/unit_1.tres,.tres,336,原样
资源/zones/zone_1/002/unit_2.tres,.tres,336,原样
资源/zones/zone_1/002/wave_2.tres,.tres,405,原样
资源/zones/zone_1/003/d1_group_1.tres,.tres,583,原样
资源/zones/zone_1/003/d1_unit_1.tres,.tres,336,原样
资源/zones/zone_1/003/d5_group_1.tres,.tres,583,原样
资源/zones/zone_1/003/d5_unit_1.tres,.tres,336,原样
资源/zones/zone_1/003/group_1.tres,.tres,578,原样
资源/zones/zone_1/003/group_2.tres,.tres,581,原样
资源/zones/zone_1/003/unit_1.tres,.tres,336,原样
资源/zones/zone_1/003/unit_2.tres,.tres,336,原样
资源/zones/zone_1/003/wave_3.tres,.tres,605,原样
资源/zones/zone_1/004/d1_group_1.tres,.tres,582,原样
资源/zones/zone_1/004/d1_unit_1.tres,.tres,336,原样
资源/zones/zone_1/004/d5_group_1.tres,.tres,582,原样
资源/zones/zone_1/004/d5_unit_1.tres,.tres,337,原样
资源/zones/zone_1/004/group_1.tres,.tres,579,原样
资源/zones/zone_1/004/group_2.tres,.tres,580,原样
资源/zones/zone_1/004/group_3.tres,.tres,580,原样
资源/zones/zone_1/004/unit_1.tres,.tres,336,原样
资源/zones/zone_1/004/unit_2.tres,.tres,336,原样
资源/zones/zone_1/004/wave_4.tres,.tres,702,原样
资源/zones/zone_1/005/d1_group_1.tres,.tres,582,原样
资源/zones/zone_1/005/d1_unit_1.tres,.tres,336,原样
资源/zones/zone_1/005/d2_group_1.tres,.tres,583,原样
资源/zones/zone_1/005/d2_unit_1.tres,.tres,336,原样
资源/zones/zone_1/005/d4_group_1.tres,.tres,583,原样
资源/zones/zone_1/005/d4_unit_1.tres,.tres,337,原样
资源/zones/zone_1/005/group_1.tres,.tres,578,原样
资源/zones/zone_1/005/group_2.tres,.tres,580,原样
资源/zones/zone_1/005/group_3.tres,.tres,581,原样
资源/zones/zone_1/005/unit_1.tres,.tres,336,原样
资源/zones/zone_1/005/unit_2.tres,.tres,336,原样
资源/zones/zone_1/005/unit_3.tres,.tres,336,原样
资源/zones/zone_1/005/wave_5.tres,.tres,802,原样
资源/zones/zone_1/006/d1_group_1.tres,.tres,582,原样
资源/zones/zone_1/006/d1_unit_1.tres,.tres,336,原样
资源/zones/zone_1/006/d5_group_1.tres,.tres,582,原样
资源/zones/zone_1/006/d5_unit_1.tres,.tres,337,原样
资源/zones/zone_1/006/group_1.tres,.tres,578,原样
资源/zones/zone_1/006/group_2.tres,.tres,580,原样
资源/zones/zone_1/006/group_3.tres,.tres,581,原样
资源/zones/zone_1/006/unit_1.tres,.tres,336,原样
资源/zones/zone_1/006/unit_2.tres,.tres,336,原样
资源/zones/zone_1/006/unit_3.tres,.tres,336,原样
资源/zones/zone_1/006/wave_6.tres,.tres,702,原样
资源/zones/zone_1/007/d1_group_1.tres,.tres,583,原样
资源/zones/zone_1/007/d1_unit_1.tres,.tres,337,原样
资源/zones/zone_1/007/d5_group_1.tres,.tres,583,原样
资源/zones/zone_1/007/d5_unit_1.tres,.tres,337,原样
资源/zones/zone_1/007/group_1.tres,.tres,578,原样
资源/zones/zone_1/007/group_2.tres,.tres,581,原样
资源/zones/zone_1/007/group_3.tres,.tres,581,原样
资源/zones/zone_1/007/unit_1.tres,.tres,336,原样
资源/zones/zone_1/007/unit_2.tres,.tres,336,原样
资源/zones/zone_1/007/unit_3.tres,.tres,336,原样
资源/zones/zone_1/007/wave_7.tres,.tres,702,原样
资源/zones/zone_1/008/d1_group_1.tres,.tres,582,原样
资源/zones/zone_1/008/d1_unit_1.tres,.tres,337,原样
资源/zones/zone_1/008/d3_group_1.tres,.tres,583,原样
资源/zones/zone_1/008/d3_unit_1.tres,.tres,337,原样
资源/zones/zone_1/008/group_1.tres,.tres,579,原样
资源/zones/zone_1/008/group_2.tres,.tres,579,原样
资源/zones/zone_1/008/group_3.tres,.tres,580,原样
资源/zones/zone_1/008/unit_1.tres,.tres,336,原样
资源/zones/zone_1/008/unit_2.tres,.tres,336,原样
资源/zones/zone_1/008/unit_3.tres,.tres,336,原样
资源/zones/zone_1/008/wave_8.tres,.tres,702,原样
资源/zones/zone_1/009/d1_group_1.tres,.tres,583,原样
资源/zones/zone_1/009/d1_unit_1.tres,.tres,337,原样
资源/zones/zone_1/009/d4_group_1.tres,.tres,583,原样
资源/zones/zone_1/009/d4_unit_1.tres,.tres,337,原样
资源/zones/zone_1/009/group_1.tres,.tres,580,原样
资源/zones/zone_1/009/group_2.tres,.tres,580,原样
资源/zones/zone_1/009/group_3.tres,.tres,579,原样
资源/zones/zone_1/009/unit_1.tres,.tres,336,原样
资源/zones/zone_1/009/unit_2.tres,.tres,336,原样
资源/zones/zone_1/009/unit_3.tres,.tres,336,原样
资源/zones/zone_1/009/wave_9.tres,.tres,702,原样
资源/zones/zone_1/010/d1_group_1.tres,.tres,583,原样
资源/zones/zone_1/010/d1_unit_1.tres,.tres,337,原样
资源/zones/zone_1/010/d2_group_1.tres,.tres,583,原样
资源/zones/zone_1/010/d2_unit_1.tres,.tres,336,原样
资源/zones/zone_1/010/group_1.tres,.tres,578,原样
资源/zones/zone_1/010/group_2.tres,.tres,579,原样
资源/zones/zone_1/010/group_3.tres,.tres,581,原样
资源/zones/zone_1/010/group_4.tres,.tres,580,原样
资源/zones/zone_1/010/unit_1.tres,.tres,336,原样
资源/zones/zone_1/010/unit_2.tres,.tres,336,原样
资源/zones/zone_1/010/unit_3.tres,.tres,336,原样
资源/zones/zone_1/010/unit_4.tres,.tres,336,原样
资源/zones/zone_1/010/wave_10.tres,.tres,799,原样
资源/zones/zone_1/011/d1_group_1.tres,.tres,584,原样
资源/zones/zone_1/011/d1_unit_1.tres,.tres,336,原样
资源/zones/zone_1/011/d5_group_1.tres,.tres,583,原样
资源/zones/zone_1/011/d5_unit_1.tres,.tres,336,原样
资源/zones/zone_1/011/group_1.tres,.tres,579,原样
资源/zones/zone_1/011/group_2.tres,.tres,580,原样
资源/zones/zone_1/011/group_3.tres,.tres,579,原样
资源/zones/zone_1/011/group_4.tres,.tres,579,原样
资源/zones/zone_1/011/unit_1.tres,.tres,336,原样
资源/zones/zone_1/011/unit_2.tres,.tres,336,原样
资源/zones/zone_1/011/unit_3.tres,.tres,336,原样
资源/zones/zone_1/011/unit_4.tres,.tres,336,原样
资源/zones/zone_1/011/wave_11.tres,.tres,799,原样
资源/zones/zone_1/012/d1_group_1.tres,.tres,583,原样
资源/zones/zone_1/012/d1_unit_1.tres,.tres,337,原样
资源/zones/zone_1/012/d2_group_1.tres,.tres,909,原样
资源/zones/zone_1/012/d2_unit_1.tres,.tres,336,原样
资源/zones/zone_1/012/group_1.tres,.tres,577,原样
资源/zones/zone_1/012/group_2.tres,.tres,581,原样
资源/zones/zone_1/012/group_3.tres,.tres,580,原样
资源/zones/zone_1/012/group_4.tres,.tres,581,原样
资源/zones/zone_1/012/group_5.tres,.tres,579,原样
资源/zones/zone_1/012/unit_1.tres,.tres,338,原样
资源/zones/zone_1/012/unit_2.tres,.tres,336,原样
资源/zones/zone_1/012/unit_3.tres,.tres,336,原样
资源/zones/zone_1/012/unit_4.tres,.tres,336,原样
资源/zones/zone_1/012/unit_5.tres,.tres,336,原样
资源/zones/zone_1/012/wave_12.tres,.tres,896,原样
资源/zones/zone_1/013/d1_group_1.tres,.tres,583,原样
资源/zones/zone_1/013/d1_unit_1.tres,.tres,336,原样
资源/zones/zone_1/013/d3_group_1.tres,.tres,582,原样
资源/zones/zone_1/013/d3_unit_1.tres,.tres,337,原样
资源/zones/zone_1/013/group_1.tres,.tres,579,原样
资源/zones/zone_1/013/group_2.tres,.tres,579,原样
资源/zones/zone_1/013/group_3.tres,.tres,578,原样
资源/zones/zone_1/013/group_4.tres,.tres,675,原样
资源/zones/zone_1/013/unit_1.tres,.tres,337,原样
资源/zones/zone_1/013/unit_2.tres,.tres,336,原样
资源/zones/zone_1/013/unit_3.tres,.tres,336,原样
资源/zones/zone_1/013/unit_4.tres,.tres,336,原样
资源/zones/zone_1/013/unit_5.tres,.tres,337,原样
资源/zones/zone_1/013/wave_13.tres,.tres,799,原样
资源/zones/zone_1/014/d1_group_1.tres,.tres,582,原样
资源/zones/zone_1/014/d1_unit_1.tres,.tres,337,原样
资源/zones/zone_1/014/d4_group_1.tres,.tres,582,原样
资源/zones/zone_1/014/d4_unit_1.tres,.tres,337,原样
资源/zones/zone_1/014/group_1.tres,.tres,579,原样
资源/zones/zone_1/014/group_2.tres,.tres,579,原样
资源/zones/zone_1/014/group_3.tres,.tres,579,原样
资源/zones/zone_1/014/group_4.tres,.tres,581,原样
资源/zones/zone_1/014/group_5.tres,.tres,581,原样
资源/zones/zone_1/014/unit_1.tres,.tres,337,原样
资源/zones/zone_1/014/unit_2.tres,.tres,337,原样
资源/zones/zone_1/014/unit_3.tres,.tres,336,原样
资源/zones/zone_1/014/unit_4.tres,.tres,336,原样
资源/zones/zone_1/014/unit_5.tres,.tres,337,原样
资源/zones/zone_1/014/wave_14.tres,.tres,896,原样
资源/zones/zone_1/015/d1_group_1.tres,.tres,584,原样
资源/zones/zone_1/015/d1_unit_1.tres,.tres,337,原样
资源/zones/zone_1/015/d4_group_1.tres,.tres,585,原样
资源/zones/zone_1/015/d4_unit_1.tres,.tres,337,原样
资源/zones/zone_1/015/group_1.tres,.tres,678,原样
资源/zones/zone_1/015/group_2.tres,.tres,579,原样
资源/zones/zone_1/015/group_3.tres,.tres,580,原样
资源/zones/zone_1/015/group_4.tres,.tres,579,原样
资源/zones/zone_1/015/group_5.tres,.tres,580,原样
资源/zones/zone_1/015/group_6.tres,.tres,580,原样
资源/zones/zone_1/015/unit_1.tres,.tres,336,原样
资源/zones/zone_1/015/unit_1_b.tres,.tres,337,原样
资源/zones/zone_1/015/unit_2.tres,.tres,337,原样
资源/zones/zone_1/015/unit_3.tres,.tres,336,原样
资源/zones/zone_1/015/unit_4.tres,.tres,336,原样
资源/zones/zone_1/015/unit_5.tres,.tres,337,原样
资源/zones/zone_1/015/unit_6.tres,.tres,337,原样
资源/zones/zone_1/015/wave_15.tres,.tres,994,原样
资源/zones/zone_1/016/d1_group_1.tres,.tres,583,原样
资源/zones/zone_1/016/d1_unit_1.tres,.tres,337,原样
资源/zones/zone_1/016/d2_group_1.tres,.tres,581,原样
资源/zones/zone_1/016/d2_unit_1.tres,.tres,337,原样
资源/zones/zone_1/016/group_1.tres,.tres,676,原样
资源/zones/zone_1/016/group_2.tres,.tres,578,原样
资源/zones/zone_1/016/group_3.tres,.tres,581,原样
资源/zones/zone_1/016/group_4.tres,.tres,677,原样
资源/zones/zone_1/016/unit_1.tres,.tres,336,原样
资源/zones/zone_1/016/unit_2.tres,.tres,339,原样
资源/zones/zone_1/016/unit_3.tres,.tres,336,原样
资源/zones/zone_1/016/unit_4.tres,.tres,337,原样
资源/zones/zone_1/016/unit_5.tres,.tres,337,原样
资源/zones/zone_1/016/unit_6.tres,.tres,336,原样
资源/zones/zone_1/016/wave_16.tres,.tres,799,原样
资源/zones/zone_1/017/d1_group_1.tres,.tres,583,原样
资源/zones/zone_1/017/d1_unit_1.tres,.tres,337,原样
资源/zones/zone_1/017/group_1.tres,.tres,579,原样
资源/zones/zone_1/017/group_2.tres,.tres,677,原样
资源/zones/zone_1/017/group_3.tres,.tres,578,原样
资源/zones/zone_1/017/group_3b.tres,.tres,580,原样
资源/zones/zone_1/017/group_4.tres,.tres,581,原样
资源/zones/zone_1/017/group_5.tres,.tres,579,原样
资源/zones/zone_1/017/unit_1.tres,.tres,336,原样
资源/zones/zone_1/017/unit_2.tres,.tres,336,原样
资源/zones/zone_1/017/unit_3.tres,.tres,337,原样
资源/zones/zone_1/017/unit_4.tres,.tres,337,原样
资源/zones/zone_1/017/unit_5.tres,.tres,336,原样
资源/zones/zone_1/017/unit_6.tres,.tres,336,原样
资源/zones/zone_1/017/unit_7.tres,.tres,337,原样
资源/zones/zone_1/017/wave_17.tres,.tres,894,原样
资源/zones/zone_1/018/d1_group_1.tres,.tres,580,原样
资源/zones/zone_1/018/d1_unit_1.tres,.tres,337,原样
资源/zones/zone_1/018/d4_group_1.tres,.tres,582,原样
资源/zones/zone_1/018/d4_unit_1.tres,.tres,337,原样
资源/zones/zone_1/018/group_1.tres,.tres,674,原样
资源/zones/zone_1/018/group_2.tres,.tres,579,原样
资源/zones/zone_1/018/group_3.tres,.tres,580,原样
资源/zones/zone_1/018/group_4.tres,.tres,580,原样
资源/zones/zone_1/018/group_5.tres,.tres,579,原样
资源/zones/zone_1/018/group_6.tres,.tres,580,原样
资源/zones/zone_1/018/group_7.tres,.tres,577,原样
资源/zones/zone_1/018/unit_1.tres,.tres,337,原样
资源/zones/zone_1/018/unit_2.tres,.tres,336,原样
资源/zones/zone_1/018/unit_3.tres,.tres,337,原样
资源/zones/zone_1/018/unit_4.tres,.tres,336,原样
资源/zones/zone_1/018/unit_5.tres,.tres,337,原样
资源/zones/zone_1/018/unit_6.tres,.tres,337,原样
资源/zones/zone_1/018/wave_18.tres,.tres,1093,原样
资源/zones/zone_1/019/d1_group_1.tres,.tres,682,原样
资源/zones/zone_1/019/d1_unit_1.tres,.tres,337,原样
资源/zones/zone_1/019/d1_unit_2.tres,.tres,337,原样
资源/zones/zone_1/019/d2_group_1.tres,.tres,583,原样
资源/zones/zone_1/019/d2_unit_1.tres,.tres,337,原样
资源/zones/zone_1/019/group_1.tres,.tres,578,原样
资源/zones/zone_1/019/group_2.tres,.tres,579,原样
资源/zones/zone_1/019/group_3.tres,.tres,580,原样
资源/zones/zone_1/019/group_4.tres,.tres,580,原样
资源/zones/zone_1/019/group_5.tres,.tres,581,原样
资源/zones/zone_1/019/group_6.tres,.tres,579,原样
资源/zones/zone_1/019/group_7.tres,.tres,580,原样
资源/zones/zone_1/019/unit_1.tres,.tres,336,原样
资源/zones/zone_1/019/unit_2.tres,.tres,337,原样
资源/zones/zone_1/019/unit_3.tres,.tres,336,原样
资源/zones/zone_1/019/unit_4.tres,.tres,337,原样
资源/zones/zone_1/019/unit_5.tres,.tres,336,原样
资源/zones/zone_1/019/unit_6.tres,.tres,337,原样
资源/zones/zone_1/019/unit_7.tres,.tres,337,原样
资源/zones/zone_1/019/wave_19.tres,.tres,1093,原样
资源/zones/zone_1/020/group_1.tres,.tres,671,原样
资源/zones/zone_1/020/group_2.tres,.tres,576,原样
资源/zones/zone_1/020/group_3.tres,.tres,577,原样
资源/zones/zone_1/020/group_4.tres,.tres,577,原样
资源/zones/zone_1/020/group_5.tres,.tres,577,原样
资源/zones/zone_1/020/group_5b.tres,.tres,578,原样
资源/zones/zone_1/020/group_6.tres,.tres,867,原样
资源/zones/zone_1/020/unit_1.tres,.tres,337,原样
资源/zones/zone_1/020/unit_2.tres,.tres,337,原样
资源/zones/zone_1/020/unit_3.tres,.tres,336,原样
资源/zones/zone_1/020/unit_4.tres,.tres,337,原样
资源/zones/zone_1/020/unit_5.tres,.tres,337,原样
资源/zones/zone_1/020/unit_6.tres,.tres,337,原样
资源/zones/zone_1/020/unit_7.tres,.tres,336,原样
资源/zones/zone_1/020/unit_8.tres,.tres,337,原样
资源/zones/zone_1/020/unit_9.tres,.tres,337,原样
资源/zones/zone_1/020/wave_20.tres,.tres,891,原样
资源/zones/zone_1/021 (test)/group_1.tres,.tres,642,原样
资源/zones/zone_1/021 (test)/unit_1.tres,.tres,337,原样
资源/zones/zone_1/021 (test)/unit_2.tres,.tres,336,原样
资源/zones/zone_1/021 (test)/wave_21.tres,.tres,315,原样
资源/zones/zone_1/zone_1_data.tres,.tres,2327,原样
资源/zones/zone_2/001/wave_1.tres,.tres,213,原样
资源/zones/zone_2/001/wave_1_part_1.tres,.tres,290,原样
资源/zones/zone_2/001/wave_1_part_1_group_1.tres,.tres,499,原样
资源/zones/zone_2/001/wave_1_part_1_group_1_unit_1.tres,.tres,338,原样
资源/zones/zone_2/zone_2_data.tres,.tres,476,原样
资源/zones/zone_3/001/wave_1.tres,.tres,213,原样
资源/zones/zone_3/001/wave_1_part_1.tres,.tres,290,原样
资源/zones/zone_3/001/wave_1_part_1_group_1.tres,.tres,499,原样
资源/zones/zone_3/001/wave_1_part_1_group_1_unit_1.tres,.tres,338,原样
资源/zones/zone_3/zone_3_data.tres,.tres,468,原样
资源/zones/zone_data.gd.remap,.remap,42,原样
资源/zones/zone_data.gdc,.gdc,449,原样
资源/zones/zone_service.gd.remap,.remap,45,原样
资源/zones/zone_service.gdc,.gdc,3670,原样
资源/zones/zone_service.tscn,.tscn,1719,原样
音频/entities/birth/birth_begin_sound.wav,.wav,107836,AudioStreamSample
音频/entities/birth/birth_end_sound.wav,.wav,69164,AudioStreamSample
音频/entities/structures/landmine/ui_button_simple_click_05.wav,.wav,16420,AudioStreamSample
音频/entities/units/enemies/005/sci-fi_code_fail_08.wav,.wav,18872,AudioStreamSample
音频/entities/units/enemies/005/sci-fi_code_fail_13.wav,.wav,85136,AudioStreamSample
音频/entities/units/enemies/boss/zombie_voice_general_emote_05.wav,.wav,131612,AudioStreamSample
音频/entities/units/player/hp_regen_sounds/Potion_Grab_01.ogg,.ogg,24178,AudioStreamOGGVorbis
音频/entities/units/player/hp_regen_sounds/Potion_Grab_02.ogg,.ogg,22297,AudioStreamOGGVorbis
音频/entities/units/player/step_sounds/Step 1.mp3,.mp3,19838,AudioStreamMP3
音频/entities/units/player/step_sounds/Step 2.mp3,.mp3,19838,AudioStreamMP3
音频/entities/units/player/step_sounds/Step 3.mp3,.mp3,19838,AudioStreamMP3
音频/entities/units/player/step_sounds/Step 4.mp3,.mp3,19838,AudioStreamMP3
音频/entities/units/player/step_sounds/Step 5.mp3,.mp3,19838,AudioStreamMP3
音频/entities/units/player/step_sounds/Step 6.mp3,.mp3,19838,AudioStreamMP3
音频/entities/units/unit/crit_sounds/bullet_impact_metal_light_01.wav,.wav,154812,AudioStreamSample
音频/entities/units/unit/crit_sounds/bullet_impact_metal_light_02.wav,.wav,184364,AudioStreamSample
音频/entities/units/unit/crit_sounds/bullet_impact_metal_light_03.wav,.wav,262876,AudioStreamSample
音频/entities/units/unit/crit_sounds/bullet_impact_metal_light_05.wav,.wav,127524,AudioStreamSample
音频/entities/units/unit/dodge_sounds/whoosh_swish_small_harsh_02.wav,.wav,37144,AudioStreamSample
音频/entities/units/unit/dodge_sounds/whoosh_swish_small_harsh_03.wav,.wav,30360,AudioStreamSample
音频/entities/units/unit/hurt_sounds/bullet_impact_body_flesh_05.wav,.wav,120184,AudioStreamSample
音频/entities/units/unit/hurt_sounds/bullet_impact_body_flesh_06.wav,.wav,115692,AudioStreamSample
音频/entities/units/unit/hurt_sounds/bullet_impact_body_flesh_07.wav,.wav,137316,AudioStreamSample
音频/entities/units/unit/hurt_sounds/bullet_impact_body_flesh_08.wav,.wav,99884,AudioStreamSample
音频/entities/units/unit/hurt_sounds/bullet_impact_water_01.wav,.wav,129024,AudioStreamSample
音频/entities/units/unit/hurt_sounds/bullet_impact_water_02.wav,.wav,138040,AudioStreamSample
音频/entities/units/unit/hurt_sounds/punch_general_body_impact_01.wav,.wav,81516,AudioStreamSample
音频/entities/units/unit/hurt_sounds/punch_general_body_impact_02.wav,.wav,88364,AudioStreamSample
音频/entities/units/unit/hurt_sounds/punch_general_body_impact_03.wav,.wav,91456,AudioStreamSample
音频/entities/units/unit/hurt_sounds/punch_general_body_impact_04.wav,.wav,73824,AudioStreamSample
音频/entities/units/unit/hurt_sounds/punch_general_body_impact_05.wav,.wav,49928,AudioStreamSample
音频/entities/units/unit/hurt_sounds/punch_general_body_impact_06.wav,.wav,76844,AudioStreamSample
音频/entities/units/unit/hurt_sounds/punch_general_body_impact_07.wav,.wav,87312,AudioStreamSample
音频/entities/units/unit/hurt_sounds/punch_general_body_impact_08.wav,.wav,76844,AudioStreamSample
音频/items/all/alien_eyes/bullet_impact_water_01.wav,.wav,129024,AudioStreamSample
音频/items/all/alien_eyes/bullet_impact_water_02.wav,.wav,138040,AudioStreamSample
音频/items/consumables/fruit/comedy_bite_chew_01.wav,.wav,45372,AudioStreamSample
音频/items/consumables/fruit/comedy_bite_chew_02.wav,.wav,46124,AudioStreamSample
音频/items/consumables/fruit/comedy_bite_chew_03.wav,.wav,61836,AudioStreamSample
音频/items/consumables/item_box/item_box_pickup.wav,.wav,105644,AudioStreamSample
音频/items/materials/alt_sounds/coin_bag_ring_gemstone_item_01.wav,.wav,62972,AudioStreamSample
音频/items/materials/alt_sounds/coin_bag_ring_gemstone_item_02.wav,.wav,51624,AudioStreamSample
音频/items/materials/alt_sounds/coin_bag_ring_gemstone_item_03.wav,.wav,83144,AudioStreamSample
音频/items/materials/alt_sounds/coin_bag_ring_gemstone_item_04.wav,.wav,62444,AudioStreamSample
音频/items/materials/alt_sounds/coin_bag_ring_gemstone_item_05.wav,.wav,51624,AudioStreamSample
音频/items/materials/water_drop_drip_single_01.wav,.wav,27628,AudioStreamSample
音频/items/materials/water_drop_drip_single_02.wav,.wav,25284,AudioStreamSample
音频/items/materials/water_drop_drip_single_03.wav,.wav,27884,AudioStreamSample
音频/items/materials/water_drop_drip_single_04.wav,.wav,30852,AudioStreamSample
音频/items/materials/water_drop_drip_single_05.wav,.wav,27484,AudioStreamSample
音频/projectiles/rocket/explosion_small_no_tail_01.wav,.wav,172844,AudioStreamSample
音频/projectiles/rocket/explosion_small_no_tail_02.wav,.wav,163244,AudioStreamSample
音频/projectiles/rocket/explosion_small_no_tail_03.wav,.wav,163244,AudioStreamSample
音频/projectiles/rocket/explosion_small_short_01.wav,.wav,187616,AudioStreamSample
音频/resources/music/after-midnight by luke-melville Artlist.mp3,.mp3,6411681,AudioStreamMP3
音频/resources/music/density-wave by _aviad-zinemanas__ Artlist.mp3,.mp3,7301707,AudioStreamMP3
音频/resources/music/extreme-chaos by 2050 Artlist.mp3,.mp3,6452391,AudioStreamMP3
音频/resources/music/power-punch by 2050 Artlist.mp3,.mp3,5591511,AudioStreamMP3
音频/resources/music/time-jumper by 2050 Artlist.mp3,.mp3,9941356,AudioStreamMP3
音频/resources/music/wasteland-survivors by evgeny-bardyuzha Artlist.mp3,.mp3,7830595,AudioStreamMP3
音频/resources/sounds/Fear 10.mp3,.mp3,132367,AudioStreamMP3
音频/resources/sounds/Madness 1.mp3,.mp3,97250,AudioStreamMP3
音频/resources/sounds/Madness 10.mp3,.mp3,98408,AudioStreamMP3
音频/resources/sounds/Madness 2.mp3,.mp3,96664,AudioStreamMP3
音频/resources/sounds/Madness 3.mp3,.mp3,94375,AudioStreamMP3
音频/resources/sounds/Madness 4.mp3,.mp3,111655,AudioStreamMP3
音频/resources/sounds/Madness 6.mp3,.mp3,127208,AudioStreamMP3
音频/resources/sounds/Madness 7.mp3,.mp3,94376,AudioStreamMP3
音频/resources/sounds/Madness 8.mp3,.mp3,87464,AudioStreamMP3
音频/resources/sounds/Madness 9.mp3,.mp3,92072,AudioStreamMP3
音频/resources/sounds/burn/fireball_impact_burn_01.wav,.wav,154796,AudioStreamSample
音频/resources/sounds/burn/fireball_impact_burn_02.wav,.wav,218664,AudioStreamSample
音频/resources/sounds/burn/fireball_impact_burn_03.wav,.wav,167720,AudioStreamSample
音频/resources/sounds/burn/fireball_impact_burn_04.wav,.wav,218356,AudioStreamSample
音频/resources/sounds/harvest/cartoon_boing_jump_01.wav,.wav,69164,AudioStreamSample
音频/resources/sounds/harvest/cartoon_boing_jump_06.wav,.wav,66316,AudioStreamSample
音频/resources/sounds/harvest/cartoon_boing_jump_07.wav,.wav,36492,AudioStreamSample
音频/resources/sounds/harvest/cartoon_boing_jump_09.wav,.wav,31220,AudioStreamSample
音频/resources/sounds/level_up.wav,.wav,377748,AudioStreamSample
音频/resources/sounds/metal_small_movement_03.wav,.wav,102336,AudioStreamSample
音频/resources/sounds/metal_small_movement_06.wav,.wav,145596,AudioStreamSample
音频/ui/sounds/CGM3_Bubble_Button_01_3.wav,.wav,12500,AudioStreamSample
音频/ui/sounds/CGM3_Bubble_Button_01_4.wav,.wav,15228,AudioStreamSample
音频/ui/sounds/Shield 4.mp3,.mp3,38135,AudioStreamMP3
音频/ui/sounds/button_focus.wav,.wav,15228,AudioStreamSample
音频/ui/sounds/button_press.wav,.wav,11816,AudioStreamSample
音频/ui/sounds/buy.wav,.wav,166072,AudioStreamSample
音频/ui/sounds/clock_tick_01.wav,.wav,96204,AudioStreamSample
音频/ui/sounds/end_wave.wav,.wav,179332,AudioStreamSample
音频/ui/sounds/inventory_element_focus.wav,.wav,19500,AudioStreamSample
音频/ui/sounds/water_drop_drip_single_09.wav,.wav,45824,AudioStreamSample
音频/weapons/melee_sounds/whoosh_swish_high_big_01.wav,.wav,36696,AudioStreamSample
音频/weapons/melee_sounds/whoosh_swish_high_big_02.wav,.wav,51496,AudioStreamSample
音频/weapons/melee_sounds/whoosh_swish_high_big_03.wav,.wav,48404,AudioStreamSample
音频/weapons/melee_sounds/whoosh_swish_high_big_04.wav,.wav,51884,AudioStreamSample
音频/weapons/melee_sounds/whoosh_swish_high_big_05.wav,.wav,50724,AudioStreamSample
音频/weapons/melee_sounds/whoosh_swish_high_fast_01.wav,.wav,34804,AudioStreamSample
音频/weapons/melee_sounds/whoosh_swish_high_fast_02.wav,.wav,42284,AudioStreamSample
音频/weapons/melee_sounds/whoosh_swish_high_fast_03.wav,.wav,34980,AudioStreamSample
音频/weapons/melee_sounds/whoosh_swish_high_fast_04.wav,.wav,43116,AudioStreamSample
音频/weapons/melee_sounds/whoosh_swish_small_harsh_01.wav,.wav,38064,AudioStreamSample
音频/weapons/melee_sounds/whoosh_swish_small_harsh_02.wav,.wav,37144,AudioStreamSample
音频/weapons/melee_sounds/whoosh_swish_small_harsh_03.wav,.wav,30360,AudioStreamSample
音频/weapons/melee_sounds/whoosh_weapon_knife_swing_01.wav,.wav,28068,AudioStreamSample
音频/weapons/melee_sounds/whoosh_weapon_knife_swing_02.wav,.wav,23084,AudioStreamSample
音频/weapons/melee_sounds/whoosh_weapon_knife_swing_03.wav,.wav,24632,AudioStreamSample
音频/weapons/ranged/crossbow/bow_crossbow_arrow_shoot_type1_01.wav,.wav,75340,AudioStreamSample
音频/weapons/ranged/crossbow/bow_crossbow_arrow_shoot_type1_02.wav,.wav,106060,AudioStreamSample
音频/weapons/ranged/crossbow/bow_crossbow_arrow_shoot_type1_03.wav,.wav,97376,AudioStreamSample
音频/weapons/ranged/crossbow/bow_crossbow_arrow_shoot_type1_04.wav,.wav,94276,AudioStreamSample
音频/weapons/ranged/crossbow/bow_crossbow_arrow_shoot_type1_05.wav,.wav,67972,AudioStreamSample
音频/weapons/ranged/double_barrel_shotgun/gun_shotgun_sawed_off_shot_01.wav,.wav,456204,AudioStreamSample
音频/weapons/ranged/double_barrel_shotgun/gun_shotgun_sawed_off_shot_02.wav,.wav,455328,AudioStreamSample
音频/weapons/ranged/double_barrel_shotgun/gun_shotgun_sawed_off_shot_03.wav,.wav,457528,AudioStreamSample
音频/weapons/ranged/double_barrel_shotgun/gun_shotgun_sawed_off_shot_04.wav,.wav,464608,AudioStreamSample
音频/weapons/ranged/flamethrower/gas_med_flame_ignite_01.wav,.wav,49236,AudioStreamSample
音频/weapons/ranged/flamethrower/gas_med_flame_ignite_02.wav,.wav,62124,AudioStreamSample
音频/weapons/ranged/flamethrower/gas_small_flame_ignite_01.wav,.wav,44280,AudioStreamSample
音频/weapons/ranged/flamethrower/gas_small_flame_ignite_02.wav,.wav,64200,AudioStreamSample
音频/weapons/ranged/flamethrower/lighter_gas_flame_ignite_02.wav,.wav,61484,AudioStreamSample
音频/weapons/ranged/laser_gun/gun_silenced_sniper1_shot_04.wav,.wav,309304,AudioStreamSample
音频/weapons/ranged/laser_gun/gun_silenced_sniper1_shot_04v2.wav,.wav,316956,AudioStreamSample
音频/weapons/ranged/medical_gun/weapon_fun_pea_shooter_01.wav,.wav,103724,AudioStreamSample
音频/weapons/ranged/medical_gun/weapon_fun_pea_shooter_02.wav,.wav,130888,AudioStreamSample
音频/weapons/ranged/medical_gun/weapon_fun_small_zapper_02.wav,.wav,73772,AudioStreamSample
音频/weapons/ranged/minigun/gun_machinegun_auto_heavy_shot_01.wav,.wav,40172,AudioStreamSample
音频/weapons/ranged/minigun/gun_machinegun_auto_heavy_shot_02.wav,.wav,39844,AudioStreamSample
音频/weapons/ranged/minigun/gun_machinegun_auto_heavy_shot_03.wav,.wav,37636,AudioStreamSample
音频/weapons/ranged/minigun/gun_machinegun_auto_heavy_shot_04.wav,.wav,38128,AudioStreamSample
音频/weapons/ranged/minigun/gun_machinegun_auto_heavy_shot_05.wav,.wav,38564,AudioStreamSample
音频/weapons/ranged/minigun/gun_machinegun_auto_heavy_shot_06.wav,.wav,40984,AudioStreamSample
音频/weapons/ranged/minigun/gun_machinegun_auto_heavy_shot_07.wav,.wav,38160,AudioStreamSample
音频/weapons/ranged/minigun/gun_machinegun_auto_heavy_shot_08.wav,.wav,36572,AudioStreamSample
音频/weapons/ranged/pistol/gun_pistol_shot_01.wav,.wav,288044,AudioStreamSample
音频/weapons/ranged/pistol/gun_pistol_shot_02.wav,.wav,301404,AudioStreamSample
音频/weapons/ranged/pistol/gun_pistol_shot_03.wav,.wav,333332,AudioStreamSample
音频/weapons/ranged/pistol/gun_pistol_shot_04.wav,.wav,293168,AudioStreamSample
音频/weapons/ranged/pistol/gun_pistol_shot_05.wav,.wav,276944,AudioStreamSample
音频/weapons/ranged/rocket_launcher/gun_silenced_pistol2_shot_01.wav,.wav,87484,AudioStreamSample
音频/weapons/ranged/shredder/gun_silenced_AR_sniper_shot_01.wav,.wav,126256,AudioStreamSample
音频/weapons/ranged/shredder/gun_silenced_AR_sniper_shot_02.wav,.wav,126112,AudioStreamSample
音频/weapons/ranged/shredder/gun_silenced_AR_sniper_shot_03.wav,.wav,138284,AudioStreamSample
音频/weapons/ranged/shredder/gun_silenced_AR_sniper_shot_04.wav,.wav,137576,AudioStreamSample
音频/weapons/ranged/smg/gun_submachine_auto_shot_01.wav,.wav,9040,AudioStreamSample
音频/weapons/ranged/smg/gun_submachine_auto_shot_02.wav,.wav,8708,AudioStreamSample
音频/weapons/ranged/smg/gun_submachine_auto_shot_03.wav,.wav,10224,AudioStreamSample
音频/weapons/ranged/smg/gun_submachine_auto_shot_04.wav,.wav,9588,AudioStreamSample
音频/weapons/ranged/smg/gun_submachine_auto_shot_05.wav,.wav,9764,AudioStreamSample
音频/weapons/ranged/smg/gun_submachine_auto_shot_06.wav,.wav,9252,AudioStreamSample
音频/weapons/ranged/smg/gun_submachine_auto_shot_07.wav,.wav,9812,AudioStreamSample
音频/weapons/ranged/smg/gun_submachine_auto_shot_08.wav,.wav,10508,AudioStreamSample
音频/weapons/ranged/smg/gun_submachine_auto_shot_09.wav,.wav,11200,AudioStreamSample
音频/weapons/ranged/taser/taser.wav,.wav,53488,AudioStreamSample
