matrix,block_list
"[[-1, -1, -1, -1, -1, -1, -1, -1], [-1, 1, 1, 1, 2, 2, 2, 3], [-1, -1, 7, 1, 2, 3, 3, 3], [-1, 3, 7, 1, 2, 5, 5, 5], [-1, 3, 7, 7, 7, 5, 5, 5], [-1, 3, 3, 3, 3, 5, 5, 5], [-1, 3, 3, 3, 3, 5, 5, 5], [-1, 3, 3, 3, 3, 5, 5, 5]]","[13, 37, 38]"
"[[-1, -1, -1, -1, -1, -1, -1, -1], [2, 2, 2, 2, 2, 2, 2, -1], [2, 2, 2, 2, 2, 2, 2, -1], [2, 2, 2, 2, 2, 2, 2, -1], [2, 2, 2, 2, 2, 2, 2, -1], [2, 2, 2, 2, 2, 2, 2, -1], [2, 2, 2, 2, 2, 2, 2, -1], [2, 2, 2, 2, 2, 2, 2, -1]]","[11, 22, 5]"
"[[1, 1, 1, 4, 4, 4, -1, -1], [3, 1, 3, 4, 4, 6, -1, 3], [-1, 4, 3, 3, 6, 6, -1, 4], [-1, -1, 4, 3, 3, 2, -1, 2], [3, -1, -1, -1, -1, -1, -1, 4], [3, -1, 2, 2, 4, -1, -1, -1], [3, 2, 2, 2, 2, 4, -1, -1], [-1, 3, 3, 2, 2, 2, 3, 3]]","[20, 30, 9]"
"[[-1, -1, 1, 1, -1, -1, -1, 1], [-1, -1, -1, -1, 1, 1, 1, -1], [1, -1, 1, 1, 1, 1, -1, -1], [1, 1, 1, 1, 1, 1, 1, -1], [1, 1, 1, 1, 1, 1, 1, -1], [-1, -1, 1, 1, 1, 1, 1, 1], [1, -1, 1, 1, 1, 1, -1, 1], [-1, -1, 1, 1, 1, 1, 1, -1]]","[11, 29, 34]"
"[[1, -1, -1, -1, -1, 1, -1, -1], [5, 1, -1, 1, 1, 2, -1, -1], [-1, 5, -1, 1, 2, -1, -1, -1], [1, 2, -1, 2, 2, 5, 5, 5], [1, 2, -1, 2, 2, 5, 5, 5], [5, 2, -1, 1, 2, 2, 5, 5], [5, 5, -1, 2, 2, 5, 5, 5], [1, 5, -1, 2, 2, 2, 5, 5]]","[21, 22, 36]"
"[[1, 1, 1, -1, -1, 1, 1, 1], [1, -1, 1, 1, -1, 1, 1, 1], [-1, 1, -1, -1, -1, 1, 1, 1], [1, -1, 1, 1, 1, 1, 1, 1], [-1, -1, 1, 1, -1, -1, -1, -1], [-1, 1, 1, 1, -1, 1, 1, 1], [-1, -1, 1, 1, 1, 1, 1, -1], [-1, 1, -1, 1, 1, 1, 1, 1]]","[17, 24, 34]"
"[[-1, 1, -1, 1, 1, -1, 1, -1], [-1, -1, -1, 1, 1, 1, 1, -1], [1, 1, -1, 1, -1, 1, 1, 1], [1, 1, -1, 1, 1, 1, -1, 1], [1, 1, -1, 1, 1, 1, 1, 1], [1, 1, -1, -1, 1, 1, -1, 1], [1, 1, -1, 1, 1, 1, 1, 1], [-1, -1, -1, -1, -1, -1, -1, 1]]","[12, 20, 22]"
"[[1, 1, 1, -1, -1, -1, 1, 1], [1, 1, 1, -1, -1, -1, 1, -1], [1, 1, 1, -1, 1, 1, -1, 1], [1, 1, 1, -1, 1, 1, 1, -1], [1, 1, 1, -1, 1, 1, 1, 1], [1, 1, 1, -1, 1, 1, 1, 1], [-1, -1, -1, -1, 1, 1, 1, 1], [-1, -1, -1, -1, 1, 1, 1, 1]]","[35, 7, 9]"
"[[-1, -1, -1, -1, -1, -1, -1, -1], [1, 1, 1, 1, 1, 1, -1, -1], [1, 1, 1, 1, 1, 1, 1, -1], [1, 1, 1, 1, 1, 1, 1, -1], [1, 1, 1, 1, 1, 1, 1, -1], [1, 1, 1, 1, 1, 1, 1, -1], [1, 1, 1, 1, 1, 1, 1, -1], [1, 1, 1, 1, 1, 1, 1, -1]]","[11, 22, 26]"
"[[-1, -1, -1, -1, -1, -1, -1, -1], [-1, -1, -1, 1, 1, 1, 1, 1], [1, -1, -1, 1, 1, 1, 1, 1], [1, 1, -1, 1, 1, 1, 1, 1], [1, -1, 1, 1, 1, 1, 1, 1], [1, -1, 1, 1, 1, 1, 1, 1], [1, -1, 1, 1, 1, 1, 1, 1], [1, -1, 1, 1, 1, 1, 1, 1]]","[13, 6, 9]"
"[[-1, -1, 1, 1, 1, 1, -1, 1], [-1, -1, -1, 1, 1, 1, -1, 1], [1, 1, -1, -1, 1, 1, -1, 1], [1, -1, 1, 1, 1, 1, -1, 1], [1, -1, 1, 1, 1, 1, -1, 1], [-1, 1, 1, 1, 1, 1, -1, 1], [-1, 1, 1, 1, 1, 1, -1, 1], [1, 1, -1, 1, -1, -1, -1, -1]]","[11, 22, 24]"
"[[1, -1, -1, 1, 1, 1, 1, 1], [-1, -1, -1, 1, 1, 1, 1, -1], [-1, 1, -1, 1, 1, 1, -1, 1], [-1, 1, -1, 1, 1, 1, 1, -1], [-1, -1, -1, 1, 1, 1, 1, 1], [-1, 1, -1, 1, 1, 1, 1, -1], [1, 1, 1, 1, 1, -1, 1, 1], [1, 1, 1, -1, -1, -1, 1, 1]]","[22, 25, 33]"
"[[-1, 1, 1, 1, 1, 1, 1, 1], [-1, -1, 1, -1, -1, -1, -1, -1], [-1, -1, -1, 1, 1, 1, 1, 1], [-1, 1, 1, 1, 1, 1, 1, 1], [-1, 1, 1, 1, 1, 1, 1, 1], [-1, 1, 1, 1, 1, 1, 1, 1], [-1, 1, 1, 1, 1, 1, 1, 1], [-1, 1, 1, 1, 1, 1, 1, 1]]","[13, 20, 37]"
"[[-1, 1, -1, 1, 1, 1, 1, 1], [-1, -1, -1, -1, -1, -1, -1, -1], [-1, 1, 1, 1, 1, 1, 1, 1], [-1, -1, -1, -1, -1, -1, -1, -1], [-1, 1, 1, 1, 1, 1, 1, 1], [1, 1, -1, -1, -1, 1, 1, -1], [1, 1, 1, 1, 1, 1, 1, -1], [1, 1, 1, 1, 1, 1, 1, -1]]","[11, 11, 13]"
"[[1, 1, 1, -1, 1, 1, 1, 1], [1, -1, 1, 1, 1, 1, 1, 1], [-1, 1, 1, 1, 1, 1, 1, 1], [1, -1, 1, 1, 1, 1, 1, 1], [-1, -1, 1, 1, -1, -1, -1, -1], [-1, 1, 1, 1, -1, 1, -1, 1], [-1, -1, 1, 1, 1, 1, -1, -1], [-1, 1, -1, 1, -1, -1, -1, 1]]","[17, 24, 34]"
"[[-1, 1, -1, 1, 1, -1, -1, 1], [1, 1, 1, 1, 1, 1, -1, 1], [-1, 1, 1, 1, 1, 1, 1, 1], [-1, -1, -1, -1, -1, -1, -1, -1], [-1, 1, 1, 1, 1, 1, 1, 1], [-1, 1, 1, 1, 1, 1, 1, 1], [-1, -1, 1, 1, 1, 1, 1, 1], [-1, 1, -1, -1, 1, 1, 1, -1]]","[11, 42, 8]"
"[[-1, -1, -1, -1, -1, -1, -1, -1], [1, 1, 1, 1, 1, 1, 1, -1], [1, 1, 1, 1, 1, 1, 1, -1], [3, 3, 3, 3, 3, 1, 1, -1], [3, 3, 3, 3, 3, 1, 1, -1], [1, 1, 3, 3, 3, 1, 1, -1], [1, 1, 1, 3, 3, 1, 1, -1], [1, 1, 1, 3, 3, 1, -1, -1]]","[17, 22, 5]"
"[[-1, -1, -1, -1, -1, -1, -1, -1], [-1, -1, 1, 1, 1, 4, 4, 4], [-1, 7, 1, 1, 1, 2, 2, 2], [-1, 7, 3, 2, 2, 2, 5, 5], [-1, 7, 3, 2, 2, 2, 5, 5], [-1, 7, 3, 2, 2, 2, 6, 6], [-1, 7, 3, 3, 3, 3, 6, 6], [-1, 7, 7, 4, 4, 3, 6, 6]]","[11, 22, 26]"
"[[-1, -1, 1, 1, -1, 1, 1, 1], [-1, 1, 1, 1, 1, 1, 1, 1], [1, 1, 1, 1, 1, 1, -1, -1], [-1, 1, 1, 1, 1, -1, -1, -1], [-1, -1, 1, 1, 1, 1, 1, -1], [-1, 1, -1, -1, 1, 1, 1, 1], [-1, 1, -1, -1, -1, 1, 1, 1], [1, 1, -1, 1, -1, 1, 1, 1]]","[13, 14, 7]"
"[[-1, -1, -1, -1, -1, -1, 1, 1], [1, 1, 1, 1, 1, 1, 1, -1], [1, 1, 1, 1, 1, 1, -1, -1], [1, 1, 1, 1, 1, 1, -1, -1], [1, 1, 1, 1, 1, 1, -1, -1], [1, 1, 1, 1, 1, 1, 1, -1], [1, 1, 1, 1, 1, 1, 1, -1], [1, 1, 1, 1, 1, 1, 1, -1]]","[20, 36, 7]"
"[[-1, -1, -1, -1, -1, 1, 1, 1], [1, 1, 1, -1, -1, -1, -1, -1], [1, 1, 1, 1, -1, -1, -1, 1], [1, 1, 1, 1, -1, 1, 1, -1], [-1, 1, 1, 1, 1, 1, 1, -1], [1, 1, 1, 1, 1, 1, -1, -1], [1, 1, 1, 1, 1, 1, 1, -1], [1, 1, -1, 1, 1, 1, -1, 1]]","[11, 13, 32]"
"[[1, 1, 1, 3, 2, -1, -1, 2], [6, 1, 6, 6, 2, 2, -1, 2], [-1, -1, 2, 2, 2, 6, 6, 6], [-1, -1, -1, -1, -1, -1, -1, -1], [4, 4, 4, 4, 4, -1, -1, -1], [3, 7, 7, 7, 7, 3, 3, -1], [3, 7, 3, 5, 5, 3, 6, -1], [3, 7, 5, 5, 2, 3, 2, -1]]","[11, 22, 9]"
"[[-1, -1, -1, -1, -1, -1, -1, -1], [-1, 2, 2, 2, 1, 1, 2, -1], [-1, 2, 2, 2, 1, 1, 2, 5], [-1, 1, 1, 7, 1, 1, 5, 5], [-1, 1, 1, 7, 1, 1, 5, 3], [-1, 1, 1, 7, 1, 2, 1, 3], [-1, 6, 6, 7, 6, 2, 3, 3], [-1, 6, 6, 7, 6, 2, 2, 2]]","[11, 4, 7]"
"[[-1, 1, 1, -1, -1, 1, 1, 1], [1, 1, -1, 1, 1, 1, -1, 1], [-1, 1, 1, 1, 1, 1, 1, 1], [-1, 1, 1, 1, 1, 1, 1, -1], [-1, -1, -1, -1, -1, -1, -1, -1], [-1, -1, -1, -1, 1, 1, 1, -1], [-1, 1, 1, 1, 1, 1, 1, 1], [-1, -1, 1, 1, 1, -1, 1, 1]]","[22, 22, 35]"
"[[-1, -1, -1, 1, 1, 1, 1, 1], [1, -1, 1, 1, 1, 1, 1, 1], [-1, -1, 1, 1, 1, 1, 1, 1], [-1, -1, -1, -1, -1, -1, -1, -1], [1, -1, 1, -1, 1, 1, 1, 1], [1, -1, -1, -1, -1, 1, 1, -1], [1, -1, 1, 1, 1, 1, 1, -1], [1, -1, 1, 1, 1, 1, 1, -1]]","[10, 11, 13]"
"[[1, -1, 1, 1, -1, 1, 1, 1], [1, 1, 1, -1, 1, 1, 1, 1], [1, 1, -1, -1, 1, 1, 1, 1], [1, -1, -1, -1, 1, 1, 1, 1], [1, 1, 1, 1, 1, 1, -1, -1], [-1, 1, 1, 1, 1, -1, 1, -1], [-1, -1, 1, 1, -1, -1, -1, 1], [-1, 1, 1, 1, -1, -1, -1, 1]]","[24, 35, 36]"
"[[1, -1, -1, 1, 1, 1, 1, 1], [-1, -1, -1, 1, 1, 1, 1, -1], [-1, 1, -1, 1, 1, 1, -1, 1], [1, 1, -1, 1, 1, 1, 1, -1], [1, 1, -1, 1, 1, 1, 1, 1], [1, 1, -1, 1, 1, 1, -1, -1], [1, 1, 1, 1, 1, -1, -1, -1], [1, 1, 1, -1, -1, -1, -1, 1]]","[33, 7, 9]"
"[[-1, -1, 1, 1, 1, 3, 3, 3], [-1, 1, 1, 1, 1, 3, 3, 3], [-1, 3, 1, 1, 4, 4, 3, 3], [-1, 3, 1, 1, 4, 4, 3, 3], [-1, 3, 1, 3, 3, 3, 1, 1], [-1, 3, 3, 3, 3, 3, 1, 1], [-1, 3, 3, 3, 3, 3, 1, 1], [-1, -1, -1, -1, -1, -1, -1, -1]]","[17, 22, 5]"
"[[1, 1, -1, 1, -1, -1, 1, 1], [1, 1, -1, -1, 1, 1, 1, -1], [-1, 1, 1, -1, 1, 1, -1, 1], [1, 1, 1, 1, -1, 1, 1, 1], [1, 1, 1, -1, -1, 1, 1, 1], [1, 1, 1, -1, 1, 1, 1, 1], [-1, -1, 1, 1, 1, 1, 1, -1], [-1, -1, 1, 1, 1, 1, 1, -1]]","[19, 7, 9]"
"[[-1, -1, -1, -1, -1, -1, -1, -1], [-1, 1, 1, 1, 5, 5, 5, -1], [2, 1, 1, 1, 5, 5, 5, -1], [2, 1, 1, 1, 7, 7, 7, -1], [2, 2, 2, 21, 7, 7, 7, -1], [3, 3, 3, 21, 7, 7, 7, -1], [3, 3, 3, 21, 6, 6, 6, -1], [3, 3, 3, 21, 4, 4, 6, -1]]","[11, 4, 7]"
"[[-1, -1, -1, -1, -1, -1, -1, -1], [1, 1, 1, 1, 4, 4, -1, -1], [1, 1, 1, 1, 1, 1, -1, -1], [7, 7, 7, 2, 1, 4, -1, 4], [7, 7, 7, 2, 1, 4, -1, 4], [1, 1, 1, 2, 5, 4, -1, 4], [1, 1, 1, 2, 5, 4, -1, 4], [1, 1, 1, 2, 5, 4, -1, 4]]","[11, 22, 36]"
"[[-1, -1, -1, -1, -1, -1, -1, -1], [1, 1, 1, 1, 1, 1, 1, -1], [1, 1, 1, 1, 1, 1, 1, -1], [1, 1, 1, 1, 1, 1, 1, -1], [1, 1, 1, 1, 1, -1, -1, -1], [1, 1, 1, 1, 1, 1, 1, -1], [1, 1, 1, 1, 1, 1, 1, -1], [1, 1, 1, 1, 1, 1, 1, -1]]","[11, 2, 22]"
"[[-1, -1, -1, -1, -1, -1, 1, 1], [-1, 1, 1, 1, 1, -1, -1, 1], [-1, 1, 1, 1, 1, -1, 1, 1], [-1, 1, 1, 1, 1, -1, 1, -1], [-1, 1, 1, 1, 1, -1, 1, -1], [-1, 1, 1, 1, 1, -1, 1, 1], [-1, 1, 1, 1, 1, -1, 1, 1], [-1, 1, 1, 1, 1, -1, 1, 1]]","[17, 27, 4]"
"[[2, 2, -1, 7, 7, 7, 7, 7], [-1, 2, -1, -1, -1, -1, -1, -1], [-1, -1, -1, 4, 4, 2, 2, 2], [-1, 7, 7, 4, 4, 2, 2, 2], [-1, 7, 7, 4, 4, 2, 2, 2], [-1, 4, 7, 7, 7, 4, 4, 4], [-1, 4, 7, 7, 7, 4, 4, 4], [-1, 4, 7, 7, 7, 2, 2, 2]]","[11, 11, 17]"
"[[-1, 1, 1, 1, 1, 1, 1, -1], [1, 1, 1, -1, 1, 1, 1, 1], [-1, 1, 1, 1, 1, 1, 1, 1], [1, -1, 1, 1, 1, 1, 1, 1], [-1, 1, -1, -1, 1, 1, 1, -1], [1, -1, -1, 1, -1, -1, -1, -1], [-1, 1, 1, 1, -1, 1, 1, 1], [-1, -1, -1, 1, 1, 1, 1, -1]]","[14, 17, 34]"
"[[1, 1, 1, 1, 1, -1, 1, 1], [1, 1, 1, -1, -1, -1, 1, 1], [1, 1, 1, -1, -1, 1, 1, 1], [1, -1, -1, 1, -1, -1, -1, -1], [1, 1, -1, 1, -1, -1, -1, -1], [1, 1, 1, 1, 1, 1, -1, -1], [1, 1, 1, 1, 1, -1, 1, 1], [-1, 1, 1, 1, 1, -1, 1, 1]]","[32, 33, 36]"
"[[-1, 1, -1, 1, -1, 1, -1, -1], [1, 1, -1, 1, 1, 1, 1, -1], [1, 1, 1, 1, 1, -1, 1, 1], [1, 1, 1, 1, -1, -1, 1, 1], [1, 1, 1, 1, -1, 1, 1, 1], [-1, 1, -1, 1, -1, -1, 1, -1], [1, 1, -1, -1, -1, 1, 1, 1], [-1, -1, -1, -1, 1, 1, 1, 1]]","[17, 19, 8]"
"[[-1, -1, 1, -1, 1, -1, 1, 1], [1, 1, 1, 1, 1, 1, 1, -1], [1, 1, 1, 1, 1, -1, -1, -1], [1, 1, 1, 1, 1, 1, 1, -1], [1, -1, -1, -1, -1, -1, -1, -1], [1, 1, 1, 1, 1, 1, 1, -1], [1, 1, 1, 1, 1, 1, -1, -1], [1, 1, 1, 1, 1, 1, -1, 1]]","[19, 33, 33]"
"[[-1, -1, -1, -1, -1, -1, -1, -1], [1, -1, -1, 1, 1, 1, 1, 1], [-1, 1, -1, 1, 1, 1, 1, 1], [-1, 1, 1, 1, 1, 1, 1, 1], [-1, 1, -1, 1, 1, 1, 1, 1], [-1, 1, 1, 1, 1, 1, 1, 1], [-1, 1, 1, 1, 1, 1, 1, 1], [-1, 1, 1, 1, 1, 1, 1, 1]]","[13, 15, 6]"
"[[-1, -1, 1, -1, -1, 1, -1, -1], [1, -1, 1, -1, 1, -1, -1, -1], [1, 1, -1, -1, -1, 1, 1, 1], [1, 1, 1, -1, 1, 1, 1, 1], [1, 1, 1, -1, 1, 1, 1, 1], [1, 1, 1, -1, 1, 1, 1, 1], [1, 1, 1, -1, 1, 1, 1, 1], [1, 1, 1, 1, 1, -1, 1, 1]]","[10, 10, 7]"
"[[1, 1, 1, 1, 1, 1, 1, -1], [1, 1, 1, 1, 1, 1, 1, -1], [1, 1, 1, 1, 1, 1, 1, -1], [1, 1, 1, 1, 1, 1, 1, -1], [1, 1, 1, 1, 1, 1, 1, -1], [1, 1, 1, 1, 1, 1, 1, -1], [1, 1, 1, 1, 1, -1, 1, -1], [-1, -1, -1, -1, -1, -1, -1, -1]]","[13, 37, 38]"
"[[1, 1, 1, 1, 1, 1, 1, -1], [1, 1, 1, 1, 1, 1, 1, -1], [1, 1, 1, 1, 1, 1, 1, -1], [1, 1, 1, 1, 1, 1, 1, -1], [1, 1, 1, 1, 1, 1, 1, -1], [1, 1, 1, 1, 1, 1, 1, -1], [1, 1, 1, 1, 1, 1, -1, -1], [-1, -1, -1, -1, -1, -1, -1, -1]]","[10, 11, 22]"
"[[-1, 1, 2, 2, 2, -1, -1, -1], [-1, 1, 2, 2, 2, 5, 3, 5], [-1, 4, 4, 4, 4, 4, -1, -1], [-1, 5, 1, 3, 3, 5, 1, 1], [3, 6, 6, 6, 6, 6, -1, 1], [3, 1, 5, 3, 4, 4, 5, -1], [3, 3, 3, 1, -1, 1, 1, 3], [3, -1, -1, -1, -1, -1, -1, -1]]","[35, 7, 8]"
"[[1, -1, 1, -1, 1, -1, 2, 2], [2, -1, -1, -1, 3, 1, 1, 2], [3, -1, -1, -1, 1, 2, 1, 2], [1, 3, -1, 3, 3, 2, 2, 2], [3, 3, -1, 4, 4, 4, 1, 2], [3, 7, 7, 1, -1, 4, -1, 2], [-1, 7, 7, 1, -1, 4, 1, -1], [-1, 7, 7, 2, 3, 3, -1, -1]]","[13, 7, 7]"
"[[-1, -1, -1, -1, -1, -1, -1, -1], [-1, 1, 1, 1, -1, 1, 1, 1], [-1, 1, 1, 1, 1, 1, 1, 1], [-1, 1, 1, 1, 1, 1, 1, 1], [-1, -1, 1, 1, 1, 1, 1, 1], [-1, 1, 1, 1, 1, 1, 1, 1], [-1, 1, 1, 1, 1, 1, 1, 1], [-1, 1, 1, 1, 1, 1, 1, 1]]","[3, 3, 5]"
"[[1, 1, 1, 1, -1, 1, -1, -1], [1, 1, 1, -1, 1, -1, -1, -1], [-1, 1, -1, 1, 1, -1, -1, 1], [1, -1, 1, 1, 1, 1, 1, 1], [-1, 1, 1, 1, 1, 1, 1, 1], [-1, -1, 1, 1, 1, 1, 1, 1], [1, 1, 1, 1, 1, -1, 1, 1], [1, 1, 1, 1, 1, -1, -1, 1]]","[27, 40, 9]"
"[[-1, 1, 1, 1, 1, 1, 3, 3], [-1, 6, 7, 3, 3, 1, 1, 1], [-1, 6, 7, 3, 3, 1, 1, 1], [-1, 6, 7, 7, 7, 1, 1, 1], [-1, 6, 4, 7, 7, 2, 2, 2], [-1, 6, 4, 4, 4, 2, 2, 2], [-1, -1, 5, 5, 5, 2, 2, 2], [-1, -1, -1, -1, -1, -1, -1, -1]]","[17, 22, 8]"
"[[-1, 7, 7, 1, 1, 1, 1, 1], [-1, 7, 7, 4, 4, -1, -1, -1], [-1, 7, 7, 4, 5, -1, -1, -1], [2, 2, 2, -1, 5, -1, -1, 6], [-1, 4, 2, 3, 2, 5, 5, 6], [-1, 4, 2, 3, 2, 5, 5, 6], [-1, -1, -1, 3, 2, 5, 5, 6], [-1, 1, 1, 3, -1, -1, -1, 4]]","[23, 3, 3]"
"[[1, 1, 1, 1, 1, 1, 1, -1], [1, 1, 1, 1, 1, 1, -1, 1], [1, 1, 1, 1, -1, -1, 1, 1], [1, 1, 1, 1, -1, 1, 1, 1], [1, 1, 1, 1, -1, 1, 1, 1], [1, 1, 1, 1, -1, -1, -1, -1], [1, 1, -1, -1, -1, -1, 1, 1], [-1, -1, 1, -1, -1, 1, 1, 1]]","[17, 17, 31]"
"[[1, 1, -1, 4, 4, 4, -1, -1], [-1, -1, 1, 4, 1, 1, -1, 5], [-1, -1, 4, 4, 4, 1, -1, 5], [5, -1, 4, 4, 4, 6, 5, 5], [-1, -1, 4, 4, 4, 6, 5, 5], [-1, -1, -1, -1, -1, 6, -1, 6], [4, -1, 4, 4, 4, 1, -1, 5], [1, -1, 1, 1, -1, -1, -1, 5]]","[11, 24, 31]"
"[[-1, 1, 1, 1, 1, -1, -1, -1], [1, 1, 1, 1, -1, -1, 1, 1], [1, -1, -1, 1, -1, 1, 1, 1], [-1, 1, 1, -1, 1, 1, 1, -1], [1, 1, 1, -1, 1, 1, 1, 1], [-1, 1, 1, -1, -1, 1, 1, 1], [-1, -1, -1, 1, -1, -1, 1, 1], [1, 1, 1, 1, -1, -1, 1, 1]]","[13, 42, 8]"
"[[-1, -1, -1, -1, -1, -1, -1, -1], [-1, 1, 6, 6, 3, 3, 3, 6], [-1, 1, 6, 6, 3, 3, 3, 6], [-1, 1, 2, 4, 3, 3, 3, 6], [-1, -1, -1, 7, 7, 7, 7, 7], [-1, 4, 4, 4, 5, 5, 5, 1], [-1, 4, 4, 4, 5, 5, 5, 1], [-1, 4, 4, 4, 2, 2, 1, 1]]","[11, 2, 22]"
"[[-1, -1, -1, -1, -1, -1, -1, -1], [2, 2, 2, 3, 3, 7, 7, -1], [2, 2, 2, 3, 3, -1, 7, -1], [2, 2, 2, 3, 3, -1, -1, -1], [3, 2, 2, 2, 3, 3, 3, -1], [3, 2, 2, 2, 3, 3, 3, -1], [3, 2, 2, 2, 3, 3, 3, -1], [3, 2, 2, 2, 3, 3, 3, -1]]","[11, 33, 37]"
"[[-1, 1, 1, 1, 1, 1, 1, -1], [1, 1, 1, 1, 1, 1, 1, -1], [1, 1, 1, 1, 1, 1, 1, -1], [1, 1, 1, 1, 1, 1, 1, -1], [1, 1, 1, 1, 1, 1, 1, -1], [1, 1, 1, 1, 1, 1, 1, -1], [1, 1, 1, 1, 1, 1, 1, -1], [-1, -1, -1, -1, -1, -1, -1, -1]]","[17, 17, 22]"
"[[-1, -1, -1, -1, -1, -1, -1, -1], [-1, 1, 1, 1, 1, 1, 1, -1], [-1, 1, 1, 1, 1, 1, 1, 1], [-1, 1, 1, 1, 1, 1, 1, 1], [-1, -1, 1, 1, 1, 1, 1, 1], [-1, 1, 1, 1, 1, 1, 1, 1], [-1, 1, 1, 1, 1, 1, 1, 1], [-1, 1, 1, 1, 1, 1, 1, 1]]","[11, 22, 4]"
"[[-1, 1, 1, -1, 1, 1, -1, -1], [-1, 1, 1, -1, 1, 1, 1, -1], [1, 1, 1, -1, 1, 1, 1, -1], [-1, 1, 1, -1, 1, 1, -1, -1], [-1, 1, 1, -1, 1, 1, 1, -1], [1, -1, -1, -1, -1, -1, 1, -1], [-1, 1, 1, -1, 1, 1, 1, 1], [-1, -1, 1, -1, 1, 1, 1, 1]]","[11, 32, 32]"
"[[1, 1, 1, -1, 1, 1, 1, 1], [1, 1, 1, -1, 1, 1, 1, 1], [1, 1, 1, 1, -1, -1, 1, -1], [-1, 1, 1, 1, 1, -1, 1, 1], [1, -1, -1, -1, 1, 1, -1, 1], [-1, -1, -1, -1, -1, -1, 1, 1], [-1, 1, 1, 1, 1, 1, -1, 1], [1, 1, 1, 1, 1, -1, 1, -1]]","[11, 35, 5]"
"[[-1, -1, -1, -1, -1, -1, -1, -1], [1, 1, 1, 1, 1, 1, 1, -1], [1, 1, 1, 1, 1, 1, 1, -1], [1, 1, 1, 1, 1, 1, 1, -1], [1, 1, 1, 1, 1, 1, 1, -1], [1, 1, 1, 1, 1, 1, 1, -1], [1, 1, 1, 1, 1, 1, 1, -1], [-1, 1, 1, 1, 1, 1, 1, -1]]","[17, 17, 22]"
"[[1, -1, 1, 1, -1, 1, 1, 1], [1, 1, -1, -1, 1, 1, 1, 1], [1, -1, 1, 1, 1, 1, 1, 1], [-1, -1, -1, -1, -1, -1, -1, -1], [1, 1, 1, 1, 1, 1, -1, -1], [1, 1, 1, 1, 1, 1, -1, -1], [1, 1, 1, 1, 1, 1, -1, -1], [1, 1, 1, 1, 1, 1, -1, -1]]","[10, 11, 36]"
"[[-1, -1, -1, -1, -1, -1, -1, -1], [-1, 1, 1, 1, 1, 1, 1, -1], [1, 1, 1, 1, 1, 1, 1, -1], [1, 1, 1, 1, 1, 1, 1, -1], [1, 1, 1, 1, 1, 1, -1, -1], [1, 1, 1, 1, 1, 1, 1, -1], [1, 1, 1, 1, 1, 1, 1, -1], [1, 1, 1, 1, 1, 1, 1, -1]]","[11, 22, 4]"
"[[-1, 1, 1, 1, 1, 1, 1, 1], [-1, 1, 1, 1, 1, 1, 1, 1], [-1, -1, -1, -1, -1, -1, -1, -1], [6, 6, 6, 1, 1, -1, 1, 1], [6, 6, 6, 1, 1, -1, 1, 1], [6, 6, 6, 1, 1, -1, 1, 1], [6, 6, 6, 1, 6, -1, 6, -1], [6, 6, 6, 1, 6, -1, 6, -1]]","[17, 3, 7]"
"[[1, -1, -1, -1, -1, 1, 1, -1], [1, 1, 1, 1, 1, -1, 1, -1], [-1, -1, 1, -1, 1, 1, 1, 1], [-1, 1, 1, 1, 1, 1, 1, 1], [-1, -1, -1, 1, 1, 1, -1, -1], [-1, 1, 1, 1, 1, 1, -1, 1], [-1, 1, 1, 1, 1, -1, -1, -1], [1, 1, 1, 1, 1, 1, 1, -1]]","[11, 17, 21]"
"[[1, 1, 1, 1, 1, -1, 1, 1], [1, 1, 1, 1, 1, -1, 1, 1], [-1, -1, 1, 1, 1, 1, 1, 1], [-1, 1, 1, 1, 1, 1, 1, 1], [-1, -1, -1, -1, -1, -1, -1, -1], [1, 1, -1, 1, 1, 1, 1, 1], [1, 1, 1, -1, 1, 1, 1, 1], [1, 1, 1, -1, -1, 1, 1, 1]]","[11, 30, 6]"
"[[1, 1, 1, 1, 1, -1, 1, 1], [-1, -1, -1, -1, -1, -1, -1, -1], [1, 1, 1, 1, 1, -1, 1, 1], [1, 1, 1, 1, 1, 1, 1, -1], [1, 1, 1, 1, 1, 1, 1, -1], [-1, -1, -1, -1, -1, 1, -1, 1], [-1, -1, -1, -1, 1, -1, 1, -1], [-1, -1, 1, 1, -1, 1, -1, 1]]","[11, 20, 7]"
"[[-1, 1, -1, -1, 1, -1, 1, -1], [-1, -1, -1, 1, 1, -1, 1, 1], [1, 1, -1, 1, 1, -1, 1, 1], [-1, -1, -1, -1, -1, -1, 1, 1], [-1, 1, 1, 1, 1, 1, 1, 1], [-1, 1, 1, 1, 1, 1, 1, 1], [1, 1, 1, 1, 1, -1, -1, 1], [1, 1, -1, -1, -1, 1, 1, -1]]","[21, 24, 30]"
"[[1, 1, 1, -1, -1, 1, -1, 1], [1, -1, -1, -1, 1, -1, 1, -1], [1, -1, 1, 1, 1, 1, 1, 1], [-1, -1, -1, -1, -1, -1, -1, -1], [1, 1, -1, -1, 1, 1, 1, 1], [1, -1, 1, 1, 1, 1, 1, 1], [-1, 1, 1, 1, 1, 1, 1, 1], [-1, -1, -1, 1, 1, 1, 1, 1]]","[14, 7, 8]"
"[[-1, -1, -1, -1, -1, -1, -1, -1], [-1, 1, 1, 1, 1, 1, 2, 2], [-1, 4, 4, 4, 4, 4, 2, 2], [-1, 4, 4, 4, 7, 7, 7, 1], [-1, 4, 4, 4, 7, 7, 7, 1], [-1, 2, 6, 6, 3, 3, 3, 1], [-1, 2, 6, 6, 3, 3, 3, 1], [-1, 5, 5, 5, 5, 5, -1, -1]]","[17, 17, 22]"
"[[1, -1, -1, 1, 1, -1, 1, 1], [1, 1, 1, 1, 1, 1, -1, -1], [1, 1, 1, 1, 1, 1, -1, 1], [1, 1, 1, 1, 1, 1, -1, 1], [1, -1, 1, 1, -1, 1, -1, 1], [-1, -1, 1, 1, -1, -1, 1, 1], [1, -1, -1, -1, 1, -1, 1, 1], [-1, -1, -1, -1, -1, -1, 1, 1]]","[16, 36, 7]"
"[[-1, 1, 1, -1, 1, 1, -1, -1], [1, -1, -1, 1, 1, -1, 1, -1], [-1, 1, 1, 1, 1, 1, 1, 1], [-1, 1, 1, 1, 1, 1, 1, 1], [1, 1, -1, 1, 1, 1, 1, 1], [1, 1, -1, 1, 1, 1, 1, 1], [-1, -1, -1, -1, -1, -1, -1, -1], [1, 1, -1, 1, -1, -1, 1, 1]]","[11, 22, 24]"
"[[1, 1, -1, 1, 1, 1, -1, 1], [-1, -1, 1, 1, -1, -1, -1, -1], [1, 1, 1, -1, 1, 1, 1, 1], [-1, -1, -1, 1, 1, 1, 1, 1], [-1, 1, 1, 1, 1, 1, 1, 1], [-1, 1, 1, 1, 1, -1, 1, 1], [1, 1, 1, 1, 1, -1, 1, -1], [1, 1, 1, -1, -1, -1, -1, -1]]","[21, 24, 29]"
"[[-1, 1, -1, -1, 1, 1, -1, -1], [-1, -1, -1, 1, 1, 1, 1, 1], [1, 1, -1, 1, -1, -1, 1, 1], [-1, 1, -1, 1, -1, -1, -1, -1], [1, 1, -1, 1, -1, -1, 1, 1], [1, 1, -1, 1, 1, 1, 1, 1], [1, 1, -1, 1, 1, 1, 1, 1], [1, 1, -1, 1, 1, 1, 1, 1]]","[22, 31, 36]"
"[[-1, -1, 1, 1, -1, 1, 1, 1], [1, 1, 1, 1, -1, 1, 1, 1], [1, 1, 1, -1, 1, 1, 1, -1], [1, 1, 1, 1, 1, 1, 1, -1], [-1, -1, -1, -1, -1, -1, -1, -1], [1, 1, 1, 1, 1, 1, 1, -1], [1, 1, 1, 1, 1, 1, 1, -1], [1, 1, 1, 1, 1, -1, -1, 1]]","[11, 13, 22]"
"[[-1, -1, -1, -1, -1, -1, -1, -1], [-1, 1, 1, 1, -1, 1, 1, 1], [-1, 1, 1, 1, 1, 1, 1, 1], [-1, 1, 1, 1, 1, 1, 1, 1], [-1, 1, 1, 1, 1, 1, 1, 1], [-1, 1, 1, 1, 1, 1, 1, 1], [-1, 1, 1, 1, 1, 1, 1, 1], [-1, 1, 1, 1, 1, 1, 1, 1]]","[15, 21, 22]"
"[[1, 1, 1, 1, 1, -1, -1, 1], [1, 1, 1, 1, 1, 1, -1, 1], [-1, -1, 1, 1, 1, 1, 1, 1], [-1, -1, -1, -1, -1, -1, -1, -1], [-1, -1, 1, 1, 1, 1, 1, -1], [1, 1, 1, 1, 1, 1, 1, -1], [1, 1, 1, 1, 1, 1, 1, -1], [1, 1, 1, 1, 1, 1, 1, -1]]","[11, 22, 36]"
"[[-1, -1, -1, -1, -1, -1, -1, -1], [1, 1, 1, -1, 1, 1, 1, 1], [-1, 1, 1, 1, 1, 1, 1, 1], [-1, -1, 1, 1, 1, 1, 1, 1], [-1, -1, 1, 1, 1, 1, 1, -1], [1, -1, -1, 1, 1, 1, 1, 1], [1, 1, 1, 1, -1, 1, 1, 1], [1, 1, 1, 1, -1, 1, 1, 1]]","[17, 25, 35]"
"[[-1, 1, 1, 1, 4, 2, -1, -1], [-1, -1, -1, -1, -1, -1, -1, -1], [1, 3, 2, 1, 2, 3, 2, -1], [1, -1, -1, -1, -1, -1, 2, 3], [1, 1, 1, 7, 7, 1, -1, -1], [3, 3, 3, 7, 7, 2, 3, -1], [3, 3, 3, 1, 2, 2, 1, -1], [3, 3, 3, 3, 2, 2, 2, -1]]","[11, 32, 32]"
"[[-1, -1, 1, -1, -1, -1, -1, -1], [-1, 1, 1, 1, 1, -1, 1, -1], [-1, 1, 1, 1, 1, -1, -1, -1], [-1, 1, 1, 1, 1, -1, 1, 1], [-1, 1, 1, 1, 1, -1, 1, 1], [-1, 1, 1, 1, 1, 1, 1, 1], [1, -1, -1, 1, 1, 1, 1, 1], [1, 1, 1, -1, 1, 1, 1, 1]]","[18, 21, 22]"
"[[-1, -1, -1, -1, -1, -1, -1, 1], [1, 1, 1, -1, 1, 1, 1, 1], [1, 1, 1, -1, 1, 1, 1, 1], [1, 1, 1, -1, 1, 1, 1, 1], [1, 1, 1, -1, 1, 1, 1, 1], [1, 1, 1, -1, 1, 1, 1, 1], [1, 1, 1, -1, 1, 1, 1, 1], [-1, -1, -1, -1, -1, -1, -1, -1]]","[11, 22, 5]"
"[[1, 1, 1, 1, -1, -1, 1, 1], [-1, -1, 1, 1, 1, 1, 1, 1], [-1, -1, 1, 1, 1, 1, 1, 1], [1, 1, 1, 1, 1, 1, -1, 1], [-1, 1, -1, -1, 1, 1, 1, 1], [-1, 1, -1, 1, 1, 1, 1, 1], [-1, 1, -1, 1, 1, 1, 1, -1], [1, 1, -1, -1, 1, 1, 1, 1]]","[31, 36, 9]"
"[[1, -1, 1, -1, -1, 1, -1, 1], [-1, -1, -1, 1, 1, -1, -1, 1], [-1, -1, -1, 1, -1, 1, -1, 1], [-1, 1, 1, 1, 1, 1, 1, -1], [1, -1, -1, 1, 1, 1, 1, -1], [1, -1, 1, 1, 1, 1, 1, -1], [1, 1, 1, 1, 1, 1, 1, -1], [1, 1, 1, 1, 1, 1, 1, -1]]","[22, 25, 35]"
"[[-1, -1, 1, -1, 1, -1, -1, 1], [1, 1, 1, -1, 1, 1, 1, -1], [1, 1, 1, -1, 1, 1, 1, 1], [1, 1, 1, -1, 1, 1, 1, 1], [-1, -1, -1, -1, -1, -1, -1, -1], [1, 1, 1, -1, 1, 1, 1, 1], [1, 1, 1, -1, 1, 1, 1, 1], [1, 1, 1, -1, -1, -1, 1, 1]]","[17, 22, 23]"
"[[-1, -1, -1, -1, -1, -1, -1, -1], [1, 1, 1, -1, 1, 1, 1, -1], [1, 1, 1, 1, 1, 1, 1, -1], [1, 1, 1, 1, 1, 1, 1, -1], [4, 1, 1, 1, 3, 1, 1, -1], [4, 3, 3, 3, 3, 3, 3, -1], [4, 3, 3, 3, 3, 3, 3, -1], [4, 3, 3, 3, 3, 3, 3, -1]]","[12, 15, 22]"
"[[1, 1, 1, -1, -1, -1, 2, 2], [1, 1, 1, -1, -1, 1, 1, 1], [1, 1, 1, -1, -1, 1, 1, 1], [1, 1, 1, -1, -1, 1, 1, 1], [-1, -1, -1, -1, -1, -1, -1, -1], [-1, 21, 21, 21, 21, 21, 21, 21], [-1, 21, 21, 21, 21, 21, 21, 21], [-1, 21, 21, 21, 21, 21, 21, 21]]","[3, 3, 7]"
"[[-1, 1, -1, 1, -1, -1, -1, -1], [1, 1, 1, 1, 1, -1, -1, -1], [1, 1, 1, 1, 1, 1, -1, 1], [1, 1, -1, 1, 1, -1, 1, 1], [1, 1, -1, 1, 1, -1, -1, -1], [1, -1, -1, 1, 1, 1, 1, 1], [1, -1, -1, 1, 1, 1, 1, -1], [1, -1, 1, -1, 1, 1, 1, 1]]","[26, 29, 8]"
"[[1, 1, 1, 1, -1, -1, 1, 1], [-1, -1, -1, -1, -1, -1, -1, -1], [1, 1, 1, 1, 1, 1, -1, -1], [-1, -1, 1, 1, 1, 1, 1, 1], [-1, 1, 1, 1, 1, 1, 1, 1], [-1, 1, 1, 1, 1, 1, 1, 1], [-1, 1, 1, 1, 1, 1, 1, 1], [-1, 1, 1, 1, 1, -1, 1, -1]]","[31, 9, 9]"
"[[-1, -1, -1, -1, -1, -1, -1, -1], [-1, 1, 1, 1, 1, 1, -1, 1], [-1, 1, 1, 1, 1, 1, -1, 1], [-1, 1, 1, 1, 1, 1, 1, 1], [-1, 1, 1, 1, 1, 1, 1, 1], [-1, 1, 1, 1, 1, 1, 1, 1], [-1, 1, 1, 1, 1, 1, 1, 1], [-1, 1, 1, 1, 1, 1, 1, 1]]","[11, 22, 31]"
"[[1, 1, 1, 1, -1, 1, -1, -1], [1, 1, 1, -1, -1, -1, -1, 1], [1, 1, 1, 1, -1, -1, 1, -1], [1, 1, -1, -1, -1, 1, 1, 1], [1, 1, 1, 1, -1, -1, -1, 1], [-1, -1, 1, 1, 1, 1, 1, 1], [-1, 1, 1, 1, 1, 1, 1, 1], [-1, 1, 1, 1, 1, 1, 1, 1]]","[25, 30, 31]"
"[[1, 1, -1, -1, 1, -1, 1, 1], [-1, -1, 1, 1, 1, 1, 1, 1], [1, -1, -1, 1, 1, 1, 1, 1], [1, 1, -1, 1, 1, 1, -1, 1], [1, 1, -1, 1, 1, 1, -1, 1], [1, -1, -1, 1, 1, 1, -1, 1], [-1, -1, 1, -1, -1, 1, -1, 1], [1, -1, -1, 1, 1, 1, -1, -1]]","[18, 29, 7]"
"[[1, 1, 1, 5, 5, 5, -1, -1], [1, 1, 1, 5, 5, 5, -1, -1], [2, 2, 2, 5, 5, 5, -1, -1], [-1, -1, -1, -1, -1, -1, -1, -1], [3, 2, 4, 4, 4, 3, 6, -1], [7, 7, 4, 4, 4, 3, 6, -1], [7, 7, 4, 4, 4, 3, 6, -1], [7, 7, 5, 5, 5, 3, 6, -1]]","[10, 11, 7]"
"[[1, 1, -1, 1, -1, -1, 1, 1], [1, 1, -1, -1, 1, 1, 1, -1], [-1, 1, 1, -1, 1, 1, -1, 1], [1, 1, 1, 1, -1, 1, 1, 1], [-1, -1, -1, -1, -1, 1, 1, 1], [-1, -1, -1, -1, 1, 1, 1, 1], [1, 1, 1, 1, 1, 1, 1, -1], [1, 1, 1, 1, 1, 1, 1, -1]]","[13, 16, 19]"
"[[-1, -1, 1, 1, 1, -1, -1, -1], [1, 1, -1, -1, 1, 1, 1, 1], [1, 1, -1, -1, 1, 1, 1, 1], [1, -1, 1, 1, 1, 1, 1, 1], [-1, -1, -1, -1, -1, -1, -1, -1], [1, 1, -1, -1, -1, 1, 1, 1], [1, 1, -1, 1, 1, 1, 1, 1], [1, 1, -1, 1, 1, 1, -1, 1]]","[10, 21, 9]"
"[[-1, 1, 1, 1, 4, 5, 5, 5], [-1, 1, 4, 4, 4, 1, 5, 5], [-1, 3, 4, 4, 4, 6, 5, 1], [-1, -1, -1, -1, -1, -1, -1, -1], [6, 6, 6, 1, 5, -1, 6, 6], [1, 5, 6, 7, 6, -1, 1, 6], [6, 7, 7, 7, 6, 1, 5, -1], [6, -1, -1, -1, -1, -1, -1, 5]]","[11, 21, 4]"
"[[-1, -1, -1, -1, -1, -1, -1, -1], [-1, -1, 2, 2, 2, 2, 2, 2], [-1, -1, 2, 2, 2, 2, 2, 2], [3, -1, 4, 4, 4, 4, 1, 1], [3, -1, 3, 3, 3, 4, 1, 1], [3, -1, 4, 3, 3, 4, 1, 1], [3, -1, 4, 3, 4, 4, 4, 4], [3, -1, 4, 3, 3, 4, 4, 4]]","[11, 22, 36]"
"[[-1, -1, -1, -1, -1, -1, 1, 1], [1, 1, 1, -1, -1, -1, 1, 1], [1, 1, 1, -1, 1, 1, 1, 1], [1, 1, 1, -1, 1, 1, -1, 1], [1, 1, 1, 1, 1, 1, -1, -1], [1, 1, 1, 1, 1, 1, -1, -1], [1, 1, 1, 1, 1, 1, 1, -1], [1, 1, 1, 1, 1, 1, 1, -1]]","[3, 3, 5]"
"[[1, -1, -1, -1, -1, -1, 2, 3], [3, 1, 2, 2, 2, 1, 1, -1], [1, 3, 2, 1, -1, 3, 3, -1], [-1, 2, 2, 3, 2, 3, -1, -1], [-1, 3, 2, 1, 3, 3, 3, 1], [-1, 2, 3, 1, 1, 2, 1, 3], [-1, 4, 4, 4, 4, 4, -1, -1], [-1, 3, 7, 7, 7, 2, 2, 2]]","[11, 11, 28]"
"[[-1, -1, -1, -1, -1, -1, -1, -1], [-1, 1, 2, 2, 2, 2, 6, 5], [-1, 1, 5, 2, 2, 2, 6, 6], [-1, 1, 1, 2, 2, 2, 4, 4], [-1, 1, 1, 1, 1, 5, 2, 4], [-1, 1, 1, 7, 2, 2, 2, 4], [-1, 1, 1, 1, 2, 2, 2, -1], [-1, 3, 3, 3, 2, 2, 2, -1]]","[11, 7, 7]"
"[[1, 1, 1, -1, -1, -1, -1, -1], [-1, 1, 1, 1, 1, 1, 1, 1], [-1, -1, 1, 1, 1, 1, 1, 1], [-1, 1, 1, 1, 1, 1, 1, 1], [-1, -1, -1, -1, -1, -1, -1, -1], [-1, 1, 1, 1, 1, 1, 1, 1], [-1, 1, 1, 1, 1, 1, 1, 1], [-1, 1, 1, 1, 1, 1, 1, 1]]","[22, 37, 5]"
"[[-1, -1, 1, -1, 1, -1, -1, 1], [1, 1, 1, -1, 1, 1, 1, -1], [1, 1, 1, -1, 1, 1, 1, 1], [1, 1, 1, -1, 1, 1, 1, 1], [1, 1, 1, -1, -1, -1, -1, -1], [1, 1, 1, -1, 1, 1, 1, 1], [1, 1, 1, -1, 1, 1, 1, 1], [-1, -1, -1, -1, -1, -1, 1, 1]]","[11, 23, 7]"
"[[-1, -1, 1, -1, -1, 1, 1, -1], [1, 1, 1, 1, -1, 1, 1, 1], [-1, -1, -1, -1, -1, 1, 1, 1], [1, 1, -1, 1, 1, 1, 1, 1], [-1, -1, -1, -1, -1, -1, -1, -1], [1, 1, 1, 1, 1, 1, 1, -1], [1, 1, 1, 1, 1, 1, 1, -1], [-1, 1, 1, 1, 1, 1, -1, 1]]","[12, 29, 30]"
"[[-1, 1, 1, 1, -1, 1, 1, -1], [1, 1, 1, 1, 1, 1, 1, -1], [1, 1, 1, 1, 1, 1, 1, -1], [-1, 1, 1, 1, 1, 1, 1, -1], [-1, -1, -1, -1, 1, 1, 1, 1], [-1, -1, 1, 1, 1, 1, 1, 1], [1, 1, -1, 1, 1, 1, 1, -1], [1, -1, 1, 1, 1, -1, -1, -1]]","[7, 7, 8]"
"[[1, -1, 1, 1, -1, -1, 2, 4], [2, 6, 6, 6, -1, 1, 4, 4], [4, 6, 6, 6, -1, 1, 2, 4], [1, 1, 1, 1, -1, -1, -1, -1], [1, -1, -1, -1, -1, -1, -1, -1], [1, 2, 7, 7, 1, 1, 1, -1], [1, 4, 7, 1, 2, 2, 1, -1], [-1, 2, 4, 2, 2, 2, 1, -1]]","[17, 31, 7]"
"[[-1, -1, -1, -1, -1, -1, -1, -1], [1, 1, 1, 1, 1, 1, 1, -1], [1, 1, 1, 1, 1, 1, 1, -1], [1, 1, 1, 1, 1, 1, 1, -1], [1, 1, 1, 1, 1, 1, -1, -1], [1, 1, 1, 1, 1, 1, 1, -1], [1, 1, 1, 1, 1, 1, 1, -1], [1, 1, 1, 1, 1, 1, 1, -1]]","[11, 12, 28]"
"[[1, -1, -1, 1, 1, 1, -1, 1], [1, 1, 1, -1, -1, -1, -1, -1], [-1, 1, 1, 1, 1, 1, 1, -1], [-1, 1, 1, 1, 1, -1, 1, -1], [-1, 1, 1, 1, 1, 1, 1, 1], [-1, 1, 1, 1, 1, 1, 1, 1], [1, -1, 1, 1, 1, 1, 1, -1], [-1, -1, 1, 1, 1, 1, -1, 1]]","[12, 7, 7]"
"[[-1, -1, -1, -1, -1, -1, -1, -1], [-1, 1, 1, 1, 1, 1, 1, -1], [1, 1, 1, 1, 1, 1, 1, -1], [1, 1, 1, 1, 1, 1, 1, -1], [-1, -1, -1, 1, 1, 1, 1, 1], [-1, 1, 1, 1, 1, 1, 1, 1], [-1, 1, 1, 1, 1, 1, 1, 1], [-1, 1, 1, 1, 1, 1, 1, 1]]","[17, 3, 34]"
"[[-1, -1, -1, -1, -1, -1, -1, -1], [-1, 1, 1, 1, 1, 1, 1, 1], [-1, 1, 1, 1, 1, 1, 1, 1], [-1, -1, 1, 1, 1, 1, -1, 1], [-1, 1, 1, 1, 1, 1, 1, 1], [-1, 1, 1, 1, 1, 1, 1, -1], [-1, 1, 1, 1, 1, 1, -1, -1], [-1, 1, -1, 1, 1, 1, 1, 1]]","[11, 25, 28]"
"[[-1, -1, -1, -1, -1, -1, 1, 1], [-1, 1, 1, 1, 1, 1, 1, 1], [-1, 1, 1, 1, 1, 1, 1, 1], [-1, 1, 1, 1, 1, 1, 1, 1], [-1, 1, 1, 1, 1, 1, 1, 1], [1, 1, 1, 1, 1, 1, -1, -1], [1, 1, 1, 1, 1, 1, -1, -1], [1, 1, 1, 1, 1, 1, -1, -1]]","[11, 22, 36]"
"[[1, -1, 1, 1, -1, 5, 4, 4], [-1, -1, 4, 6, 6, 6, 4, 4], [4, -1, -1, 1, 5, 6, 4, 4], [-1, -1, -1, 1, -1, 5, 5, 1], [4, 4, 4, -1, 4, 5, 5, 5], [5, 5, 5, 5, 5, -1, -1, -1], [4, 5, 5, 5, 1, 1, 1, -1], [-1, -1, 5, 1, 1, 1, 1, 4]]","[10, 20, 30]"
"[[-1, -1, 1, 1, 1, 1, -1, 1], [1, 1, -1, 1, 1, 1, 1, -1], [-1, -1, -1, 1, 1, 1, 1, 1], [-1, -1, -1, 1, 1, 1, 1, 1], [-1, 1, 1, 1, 1, 1, 1, -1], [1, 1, 1, 1, 1, 1, 1, -1], [1, -1, -1, -1, -1, -1, 1, 1], [-1, 1, -1, 1, -1, -1, 1, 1]]","[20, 22, 25]"
"[[-1, -1, -1, -1, -1, 1, 1, -1], [1, 1, 1, -1, -1, 1, 1, 1], [1, 1, 1, -1, -1, -1, -1, 1], [1, 1, 1, -1, 1, 1, 1, 1], [1, 1, 1, -1, 1, 1, 1, 1], [1, 1, 1, -1, 1, 1, 1, 1], [1, 1, 1, -1, 1, 1, 1, 1], [1, 1, 1, -1, 1, 1, 1, 1]]","[22, 36, 5]"
"[[-1, -1, -1, 1, 1, 1, 1, 1], [-1, -1, -1, 1, 1, 1, 1, 1], [-1, 1, 1, -1, -1, -1, 1, 1], [-1, 1, 1, 1, 1, 1, 1, 1], [-1, 1, 1, 1, -1, -1, 1, 1], [-1, 1, 1, 1, 1, 1, 1, 1], [-1, 1, 1, 1, 1, 1, 1, 1], [-1, 1, 1, 1, 1, 1, -1, -1]]","[13, 35, 7]"
"[[-1, 1, 1, 1, 1, 1, 1, 1], [-1, 1, -1, 1, 1, 1, -1, -1], [-1, -1, -1, -1, -1, -1, -1, 1], [-1, 1, 1, 1, 1, 1, -1, 1], [-1, 1, 1, 1, 1, 1, -1, 1], [-1, 1, 1, 1, 1, 1, 1, 1], [-1, 1, 1, 1, 1, 1, 1, 1], [-1, 1, 1, -1, -1, 1, 1, 1]]","[10, 11, 12]"
"[[-1, -1, -1, -1, -1, 1, -1, -1], [1, 1, 1, 1, 1, 1, 1, -1], [1, 1, 1, 1, 1, -1, 1, 1], [1, 1, 1, 1, 1, -1, 1, -1], [1, 1, 1, -1, -1, 1, -1, -1], [1, 1, 1, 1, 1, 1, -1, -1], [1, 1, 1, 1, 1, 1, -1, -1], [1, 1, 1, 1, 1, 1, 1, -1]]","[3, 3, 5]"
"[[-1, -1, -1, 1, 1, 1, 1, -1], [-1, -1, 1, 1, 1, -1, -1, 1], [1, 1, 1, 1, 1, -1, -1, 1], [-1, 1, 1, 1, 1, 1, 1, -1], [-1, 1, 1, 1, 1, 1, 1, 1], [1, 1, 1, 1, 1, -1, 1, 1], [-1, -1, -1, -1, -1, -1, -1, -1], [1, 1, 1, 1, 1, -1, 1, 1]]","[11, 11, 14]"
"[[1, 1, 1, 1, 1, -1, -1, 1], [1, 1, 1, 1, 1, 1, -1, 1], [-1, -1, 1, 1, 1, 1, 1, 1], [-1, -1, 1, 1, 1, 1, 1, -1], [-1, -1, -1, -1, -1, -1, -1, -1], [1, 1, 1, 1, 1, 1, 1, -1], [1, 1, 1, 1, 1, 1, 1, -1], [1, 1, 1, 1, 1, 1, 1, -1]]","[11, 22, 36]"
"[[-1, -1, -1, -1, -1, -1, -1, -1], [-1, 1, 5, 3, 1, 5, 4, 3], [-1, 4, 3, 2, 4, 1, 1, 6], [-1, 2, 1, 1, 5, 2, 2, 5], [-1, -1, 6, 2, 7, 4, 3, 7], [-1, 3, 2, 1, 5, 4, 2, 3], [-1, 3, 4, 1, 1, 1, 2, 1], [-1, 5, 2, 6, 1, 2, 1, 1]]","[11, 21, 27]"
"[[-1, 1, -1, 1, -1, 1, -1, 1], [-1, 1, -1, 1, 1, 1, 1, -1], [-1, 1, 1, 1, 1, 1, 1, -1], [-1, -1, -1, -1, -1, -1, -1, -1], [1, -1, -1, 1, 1, 1, 1, 1], [1, -1, 1, 1, 1, 1, 1, 1], [-1, 1, 1, 1, 1, 1, 1, 1], [-1, 1, 1, 1, 1, 1, 1, 1]]","[11, 11, 7]"
"[[-1, -1, 1, 1, 1, 1, 1, 1], [1, -1, 1, 1, 1, 1, 1, -1], [1, -1, 1, 1, 1, 1, 1, -1], [1, -1, 1, 1, 1, 1, 1, 1], [1, -1, 1, 1, 1, -1, -1, -1], [1, -1, -1, -1, -1, -1, -1, -1], [1, -1, 1, -1, 1, 1, 1, 1], [1, -1, 1, 1, -1, -1, -1, 1]]","[13, 26, 35]"
"[[-1, 1, -1, -1, -1, 1, -1, -1], [1, 1, -1, -1, 1, 1, 1, 1], [-1, 1, 1, -1, 1, -1, 1, 1], [1, 1, 1, -1, 1, 1, -1, 1], [1, 1, 1, -1, 1, 1, -1, 1], [1, 1, 1, 1, 1, 1, 1, -1], [1, 1, 1, 1, 1, 1, -1, 1], [-1, -1, 1, -1, 1, 1, 1, 1]]","[11, 34, 7]"
"[[-1, -1, -1, -1, -1, -1, 1, 1], [1, 1, -1, 1, 1, -1, -1, 1], [1, 1, -1, 1, 1, -1, 1, 1], [-1, -1, -1, 1, 1, -1, -1, -1], [1, 1, -1, 1, 1, -1, 1, 1], [1, 1, -1, 1, 1, -1, 1, 1], [1, 1, -1, -1, 1, -1, 1, 1], [1, 1, 1, 1, 1, -1, 1, 1]]","[11, 24, 42]"
"[[-1, 1, 1, -1, -1, -1, -1, -1], [1, 1, 1, 1, 1, 1, 1, -1], [1, -1, -1, 1, 1, -1, 1, 1], [1, 1, -1, 1, 1, -1, -1, 1], [-1, 1, 1, 1, -1, 1, 1, 1], [1, 1, 1, -1, 1, 1, 1, 1], [1, 1, 1, 1, 1, -1, -1, -1], [-1, 1, 1, 1, 1, 1, 1, -1]]","[15, 21, 27]"
"[[1, -1, -1, -1, -1, -1, 1, 1], [1, 1, 1, 1, 1, 1, 1, -1], [1, 1, 1, 1, -1, 1, 1, -1], [-1, 1, 1, 1, 1, 1, -1, -1], [-1, 1, 1, 1, 1, 1, 1, 1], [-1, 1, 1, 1, 1, 1, 1, 1], [-1, -1, -1, 1, 1, 1, 1, 1], [-1, 1, 1, 1, 1, 1, 1, 1]]","[29, 34, 35]"
"[[-1, -1, -1, 1, -1, 1, -1, -1], [1, 1, 1, 1, 1, 1, -1, -1], [1, 1, 1, -1, 1, -1, -1, -1], [1, 1, 1, -1, 1, 1, 1, 1], [1, 1, 1, -1, 1, 1, 1, 1], [1, 1, 1, -1, 1, 1, 1, 1], [1, 1, 1, -1, 1, 1, 1, 1], [1, 1, 1, -1, 1, 1, 1, 1]]","[22, 36, 5]"
"[[-1, -1, 1, 1, -1, -1, -1, 1], [-1, -1, -1, -1, 1, 1, 1, -1], [1, 1, 1, 1, 1, 1, -1, -1], [1, 1, 1, 1, 1, 1, 1, -1], [1, 1, 1, 1, 1, 1, 1, -1], [-1, -1, 1, 1, 1, 1, 1, 1], [1, -1, 1, 1, 1, 1, -1, 1], [-1, -1, 1, 1, 1, 1, 1, -1]]","[29, 5, 8]"
"[[-1, 1, 1, 1, 1, 1, 1, -1], [-1, -1, -1, -1, -1, 1, -1, 1], [-1, 1, 1, 1, 1, -1, -1, 1], [-1, -1, 1, 1, -1, 1, -1, -1], [1, 1, 1, 1, 1, 1, -1, -1], [1, 1, 1, 1, 1, 1, 1, -1], [-1, 1, 1, 1, 1, 1, 1, -1], [-1, 1, 1, 1, 1, -1, -1, 1]]","[11, 17, 18]"
"[[1, 1, 1, 1, -1, 1, 1, 1], [1, 1, 1, 1, -1, 1, 1, -1], [-1, -1, -1, -1, -1, -1, -1, -1], [1, 1, 1, 1, 1, 1, 1, -1], [1, 1, 1, 1, 1, 1, 1, -1], [1, 1, 1, 1, -1, -1, 1, -1], [1, 1, 1, 1, -1, 1, 1, 1], [-1, -1, -1, -1, -1, -1, -1, -1]]","[17, 22, 23]"
"[[-1, -1, 1, 1, 1, 1, 1, 1], [1, 1, 1, 1, 1, -1, 1, 1], [1, 1, 1, 1, 1, -1, 1, 1], [1, 1, 1, 1, 1, -1, -1, 1], [1, 1, 1, 1, -1, -1, -1, 1], [1, 1, 1, 1, 1, -1, -1, 1], [1, 1, 1, -1, 1, -1, -1, -1], [1, 1, -1, -1, 1, 1, -1, -1]]","[16, 30, 42]"
"[[-1, -1, 1, -1, -1, -1, -1, -1], [-1, -1, -1, 1, -1, 1, 1, 1], [-1, 1, 1, 1, 1, 1, 1, 1], [-1, 1, 1, 1, 1, 1, 1, 1], [-1, 1, 1, 1, 1, 1, 1, 1], [-1, 1, 1, 1, 1, 1, 1, 1], [-1, 1, 1, 1, 1, 1, 1, 1], [-1, 1, 1, 1, 1, 1, 1, 1]]","[11, 22, 27]"
"[[-1, -1, -1, -1, -1, -1, -1, -1], [1, 1, 1, -1, 5, 5, 5, 1], [7, 7, 7, -1, 7, 7, 7, 1], [7, 7, 7, -1, 7, 7, 7, 1], [7, 7, 7, -1, 7, 7, 7, 1], [7, 7, 7, -1, 6, 6, 6, 1], [7, 7, 7, -1, 6, 6, 6, 1], [7, 7, 7, -1, 6, 6, 6, 1]]","[17, 22, 3]"
"[[1, 1, -1, 1, -1, 1, 1, -1], [1, 1, 1, 1, -1, 1, 1, 1], [1, 1, 1, -1, -1, 1, 1, 1], [1, 1, -1, 1, 1, 1, 1, 1], [-1, 1, 1, 1, 1, 1, -1, -1], [1, -1, 1, 1, 1, 1, -1, -1], [1, -1, 1, 1, 1, -1, -1, -1], [-1, 1, 1, 1, 1, -1, -1, -1]]","[13, 29, 36]"
"[[1, 1, -1, -1, -1, -1, -1, -1], [1, 1, 1, 1, 1, 1, 1, -1], [-1, -1, -1, 1, 1, 1, 1, -1], [1, 1, 1, 1, 1, 1, 1, -1], [1, 1, 1, 1, 1, 1, 1, -1], [1, 1, 1, 1, 1, 1, 1, -1], [1, 1, 1, 1, 1, 1, 1, -1], [1, 1, 1, 1, 1, 1, 1, -1]]","[11, 22, 5]"
"[[-1, 1, -1, -1, -1, -1, 1, -1], [1, 1, 1, 1, 1, 1, 1, -1], [-1, 1, 1, 1, 1, 1, 1, 1], [1, 1, 1, 1, 1, 1, -1, -1], [1, 1, 1, 1, 1, -1, -1, 1], [-1, 1, 1, 1, 1, 1, -1, 1], [-1, -1, 1, 1, 1, 1, 1, 1], [1, 1, 1, 1, 1, 1, -1, 1]]","[11, 17, 4]"
"[[-1, 1, 1, 1, 1, 1, 1, -1], [-1, 1, 1, 1, 1, 1, 1, -1], [-1, 1, 1, 1, 1, 1, 1, 1], [-1, 1, 1, 1, 1, 1, 1, 1], [-1, 1, 1, 1, 1, 1, 1, 1], [-1, 1, 1, 1, 1, 1, 1, 1], [-1, 1, 1, 1, 1, 1, 1, 1], [-1, -1, -1, -1, -1, -1, -1, -1]]","[11, 7, 7]"
"[[1, 1, 1, 1, 1, 1, 1, -1], [1, 1, 1, 1, 1, 1, 1, -1], [1, 1, 1, 1, 1, 1, 1, -1], [1, 1, 1, 1, 1, -1, -1, -1], [1, 1, 1, 1, 1, 1, 1, -1], [1, 1, 1, 1, 1, 1, 1, -1], [1, 1, 1, 1, 1, 1, 1, -1], [-1, -1, -1, -1, -1, -1, -1, -1]]","[11, 2, 22]"
"[[-1, -1, -1, -1, -1, -1, -1, -1], [1, 1, 1, -1, -1, 1, -1, -1], [1, 1, 1, 1, 1, 1, 1, -1], [1, 1, 1, 1, 1, 1, -1, 1], [1, -1, -1, 1, 1, 1, 1, 1], [1, -1, -1, 1, 1, 1, 1, 1], [1, -1, 1, 1, 1, 1, 1, 1], [1, 1, 1, 1, 1, 1, 1, -1]]","[13, 15, 3]"
"[[-1, 1, -1, 1, 1, 1, 1, 1], [1, 1, 1, 1, -1, 1, 1, 1], [-1, 1, 1, 1, 1, 1, 1, 1], [-1, -1, 1, 1, 1, -1, -1, -1], [-1, 1, 1, 1, 1, 1, 1, 1], [-1, 1, 1, 1, 1, 1, 1, 1], [-1, -1, 1, 1, 1, 1, 1, 1], [-1, 1, -1, -1, 1, 1, 1, -1]]","[13, 20, 20]"
"[[-1, 1, 1, 1, 1, 1, 1, -1], [-1, 1, 1, 1, 1, 1, 1, -1], [2, 1, 1, 1, 21, 21, 21, -1], [2, 21, 21, 21, 1, 1, 1, -1], [2, 2, 21, 21, 1, 1, 1, -1], [1, 2, 21, 21, 1, 1, 1, -1], [2, 2, 2, 2, 2, 2, 2, -1], [-1, -1, -1, -1, -1, -1, -1, -1]]","[11, 7, 7]"
"[[-1, -1, 1, 1, 2, 2, -1, -1], [7, 1, 1, 5, 3, 2, -1, 5], [1, 3, 5, 5, 2, 2, -1, 7], [-1, -1, 3, 2, 2, 1, -1, 7], [6, -1, -1, -1, -1, -1, -1, 6], [5, -1, 5, 3, 3, -1, -1, -1], [2, 2, 4, 4, 4, 4, -1, -1], [-1, 4, 4, 4, 3, 3, 5, 7]]","[11, 32, 35]"
"[[-1, -1, -1, -1, -1, -1, -1, -1], [1, 4, 6, 7, 6, 7, 5, -1], [1, 1, 2, 2, 2, 2, 5, -1], [4, 1, 1, 1, 1, 7, 5, -1], [2, 3, 2, 1, 1, 6, 7, -1], [2, 3, 2, 5, 5, 6, 7, -1], [-1, 3, 4, 5, 5, 6, 7, -1], [-1, 3, 4, 5, 5, 6, 7, -1]]","[11, 12, 22]"
"[[2, -1, 6, 1, 2, -1, 6, 2], [6, -1, 1, 4, 4, 4, 2, 2], [-1, 1, 1, 1, -1, -1, 2, -1], [2, -1, -1, -1, 1, 6, -1, -1], [1, 2, 1, 7, 7, 7, 1, -1], [1, 1, 1, 1, 1, 1, 1, -1], [-1, 3, 3, 3, 3, 3, 2, 6], [-1, -1, 1, 1, 6, -1, 2, 1]]","[25, 35, 9]"
"[[-1, -1, -1, -1, -1, -1, 1, -1], [1, 1, 1, 2, 2, 1, 2, -1], [3, 3, 3, 3, 4, 4, 4, -1], [1, 1, 1, 1, 1, -1, -1, -1], [3, 3, 3, 3, 3, 3, -1, 3], [-1, -1, 3, 2, 2, 2, 1, 1], [1, 3, 2, -1, 2, 2, 2, -1], [2, 2, -1, 3, 2, -1, 2, -1]]","[24, 7, 7]"
"[[-1, -1, -1, -1, 1, 1, 1, -1], [2, 1, -1, 3, 2, 1, 2, 2], [2, 2, 2, 3, -1, -1, -1, 3], [2, 3, 3, 3, -1, 3, 3, 3], [3, -1, 3, 3, -1, -1, 3, 2], [1, 2, 1, 3, 3, 3, 1, -1], [-1, 3, 2, -1, 3, 2, 3, -1], [-1, -1, -1, 3, 2, -1, 1, -1]]","[21, 7, 8]"
"[[1, 1, -1, 1, -1, -1, -1, -1], [1, 1, -1, 1, -1, 1, 1, -1], [1, 1, 1, 1, 1, 1, 1, -1], [-1, 1, 1, 1, 1, 1, 1, -1], [1, 1, 1, 1, 1, 1, 1, -1], [1, 1, -1, 1, -1, 1, 1, -1], [1, -1, -1, -1, -1, 1, 1, -1], [1, 1, -1, 1, -1, 1, 1, -1]]","[25, 25, 34]"
"[[1, -1, -1, -1, 1, 1, 1, 1], [-1, -1, -1, -1, 1, 1, 1, -1], [1, 1, 1, 1, -1, 1, 1, -1], [-1, 1, -1, -1, -1, 1, 1, -1], [-1, 1, 1, 1, 1, 1, 1, -1], [-1, 1, 1, 1, 1, 1, 1, -1], [1, 1, 1, 1, 1, 1, -1, 1], [-1, 1, 1, 1, -1, -1, 1, -1]]","[13, 22, 33]"
"[[-1, -1, 1, 1, 1, 1, 1, 1], [-1, -1, 1, 1, 1, 1, 1, 1], [-1, 1, 1, 1, 1, 1, 1, 1], [-1, 1, 1, 1, 1, 1, 1, -1], [1, -1, -1, 1, 1, 1, -1, -1], [1, 1, 1, 1, -1, -1, 1, 1], [1, 1, -1, -1, -1, -1, 1, 1], [-1, 1, 1, 1, 1, -1, 1, -1]]","[13, 31, 33]"
"[[-1, -1, 1, 1, 1, -1, -1, 1], [1, 1, 1, 1, 1, 1, -1, 1], [-1, 1, 1, 1, 1, 1, -1, -1], [1, 1, 1, 1, 1, 1, 1, -1], [-1, 1, 1, 1, 1, 1, 1, 1], [-1, -1, 1, -1, -1, 1, 1, -1], [-1, 1, 1, 1, 1, -1, 1, -1], [-1, -1, -1, -1, -1, 1, 1, 1]]","[16, 22, 31]"
"[[-1, -1, 1, 1, 1, 6, 6, 6], [-1, -1, 1, 1, 1, 6, 6, 6], [-1, -1, 1, 1, 1, 6, 6, 6], [4, -1, -1, -1, -1, -1, -1, -1], [4, 7, 4, 4, 4, 4, 4, -1], [4, 7, 7, 7, 7, 7, 7, -1], [4, 7, 4, 4, 4, 4, 4, -1], [4, 7, 7, 7, 7, 7, 7, -1]]","[11, 32, 36]"
"[[-1, -1, -1, -1, -1, -1, -1, 1], [-1, 1, -1, 1, 1, 1, 1, -1], [-1, 1, 1, 1, -1, 1, 1, 1], [1, -1, -1, 1, 1, 1, 1, 1], [1, -1, -1, 1, 1, 1, 1, 1], [1, 1, 1, 1, 1, 1, -1, 1], [1, 1, 1, 1, 1, 1, -1, -1], [1, 1, 1, 1, -1, 1, -1, 1]]","[30, 7, 9]"
"[[-1, 1, -1, 1, -1, -1, -1, 1], [-1, 1, -1, 1, 1, -1, 1, -1], [-1, -1, 1, -1, 1, -1, 1, -1], [-1, -1, 1, 1, 1, -1, 1, 1], [1, 1, 1, 1, 1, -1, 1, 1], [1, 1, 1, 1, 1, -1, 1, 1], [-1, 1, 1, 1, 1, -1, 1, 1], [-1, 1, 1, 1, 1, -1, 1, 1]]","[22, 31, 9]"
"[[-1, 1, -1, -1, 1, -1, -1, 1], [-1, -1, 1, -1, -1, -1, 1, 1], [-1, 1, 1, -1, 1, -1, 1, 1], [1, 1, 1, -1, -1, -1, 1, 1], [1, 1, -1, -1, 1, -1, 1, -1], [1, 1, 1, 1, 1, -1, 1, -1], [1, 1, 1, 1, 1, -1, 1, 1], [1, 1, 1, 1, 1, -1, 1, 1]]","[22, 29, 7]"
"[[-1, -1, -1, -1, 1, 1, -1, -1], [1, 1, 1, 1, 1, -1, -1, -1], [1, 1, 1, 1, 1, 1, -1, -1], [1, 1, 1, 1, 1, -1, 1, 1], [1, 1, 1, 1, 1, -1, 1, 1], [1, 1, 1, 1, 1, -1, 1, 1], [1, 1, 1, 1, -1, -1, 1, 1], [1, 1, 1, 1, 1, -1, 1, 1]]","[13, 27, 9]"
"[[-1, -1, -1, -1, -1, -1, -1, -1], [1, 1, 1, 1, 1, -1, 1, 1], [1, 1, 1, 1, 1, -1, 1, 1], [1, -1, 1, 1, 1, -1, 1, 1], [1, -1, 1, 1, 1, -1, 1, 1], [-1, -1, 1, 1, 1, -1, 1, -1], [1, 1, 1, 1, 1, -1, 1, 1], [1, 1, 1, 1, 1, -1, 1, 1]]","[11, 29, 7]"
"[[-1, 1, -1, 1, 3, 1, 3, 3], [-1, 2, -1, 2, 3, 3, 3, 3], [-1, 3, -1, 1, 3, 2, 3, 3], [-1, -1, -1, 1, 1, 4, 4, 1], [-1, -1, -1, 1, 1, 4, 4, 1], [2, 2, 2, 1, -1, 3, -1, -1], [2, 2, 2, -1, 1, -1, 1, 1], [2, 2, 2, -1, 1, -1, 3, 2]]","[10, 13, 7]"
"[[1, 1, 1, 1, 1, -1, -1, 1], [1, 1, 1, 1, -1, 1, -1, 1], [1, 1, 1, 1, -1, 1, 1, 1], [1, -1, 1, 1, 1, 1, 1, 1], [-1, -1, -1, -1, -1, -1, -1, -1], [1, 1, 1, 1, 1, 1, -1, -1], [1, 1, 1, 1, 1, 1, 1, -1], [-1, -1, -1, -1, -1, 1, 1, -1]]","[11, 11, 17]"
"[[1, 1, -1, -1, -1, 1, 1, 1], [1, 1, -1, -1, -1, 1, 1, 1], [1, 1, -1, 1, 1, 1, 1, 1], [1, 1, -1, -1, -1, 1, 1, 1], [1, 1, -1, -1, -1, -1, 1, 1], [1, 1, -1, 1, 1, 1, -1, -1], [-1, -1, -1, 1, 1, -1, 1, -1], [1, 1, -1, 1, 1, 1, -1, 1]]","[17, 35, 8]"
"[[1, 1, -1, 1, -1, -1, 1, 1], [1, 1, -1, -1, 1, 1, 1, -1], [-1, 1, 1, -1, 1, 1, -1, 1], [1, 1, 1, 1, 1, 1, 1, -1], [1, 1, 1, 1, 1, 1, -1, -1], [1, 1, 1, 1, 1, 1, -1, 1], [-1, -1, 1, 1, 1, 1, 1, -1], [-1, -1, 1, 1, 1, 1, 1, -1]]","[19, 7, 9]"
"[[-1, -1, -1, -1, -1, -1, -1, -1], [2, 2, 2, 3, 3, 3, -1, 3], [2, 2, 2, 3, 3, 3, -1, 3], [2, 2, 2, 3, 3, 3, -1, 3], [3, 3, 3, 3, 3, 7, -1, 3], [4, 4, 4, 7, 7, 7, -1, 4], [2, 2, 2, 2, 2, 7, -1, 4], [3, 3, 3, 3, 3, 7, -1, 4]]","[22, 3, 5]"
"[[-1, 1, -1, -1, -1, 1, 1, 1], [1, 1, 1, 1, -1, 1, 1, 1], [1, 1, 1, 1, -1, 1, 1, 1], [1, 1, 1, 1, -1, 1, 1, 1], [1, 1, 1, 1, -1, 1, 1, 1], [1, 1, 1, 1, -1, 1, 1, -1], [1, -1, 1, 1, -1, -1, 1, -1], [-1, -1, 1, 1, -1, -1, -1, 1]]","[20, 22, 22]"
"[[-1, -1, -1, -1, -1, -1, -1, 1], [1, 1, 1, 1, 1, -1, -1, 1], [1, 1, 1, 1, -1, 1, 1, 1], [1, 1, 1, 1, -1, 1, 1, -1], [1, 1, 1, 1, 1, 1, 1, -1], [1, 1, 1, 1, 1, 1, 1, -1], [1, 1, 1, 1, 1, 1, 1, -1], [1, 1, 1, 1, 1, 1, 1, -1]]","[13, 15, 38]"
"[[-1, 1, 1, 1, 1, -1, -1, -1], [-1, 1, 1, 1, 1, 1, 1, 1], [-1, 1, 1, 1, 1, 1, 1, 1], [1, -1, 1, 1, 1, 1, 1, 1], [-1, -1, 1, 1, 1, 1, 1, 1], [-1, -1, 1, 1, 1, 1, 1, 1], [1, -1, -1, 1, -1, 1, 1, 1], [1, -1, -1, -1, -1, 1, 1, 1]]","[19, 20, 33]"
"[[-1, 1, -1, 3, 5, 3, 5, 5], [-1, 4, -1, 4, 4, 4, 4, 4], [-1, 1, -1, 1, 2, 6, 2, 2], [-1, -1, -1, 3, 1, -1, 6, 3], [7, 7, -1, -1, 1, -1, 7, 6], [1, 1, -1, 1, -1, 3, -1, -1], [3, 3, 3, -1, 1, -1, 6, 6], [1, 1, 1, -1, 3, -1, 1, 1]]","[12, 13, 7]"
"[[-1, -1, -1, -1, -1, -1, -1, -1], [1, 1, 1, 4, 4, 4, -1, -1], [1, 1, 1, 4, 4, 4, -1, -1], [1, 1, 1, 4, 4, 4, -1, 2], [7, 7, 7, 7, 7, -1, -1, 2], [3, 5, 5, 6, 7, 7, -1, 2], [3, 5, 5, 6, 7, 7, -1, 2], [3, 3, 3, 6, 6, 6, -1, 2]]","[25, 7, 9]"
"[[-1, -1, -1, -1, -1, -1, -1, -1], [1, 1, 1, 1, -1, 2, 2, 2], [4, 4, 4, 6, -1, 7, 7, 4], [4, 4, 4, 7, -1, 5, 5, 5], [4, 4, 4, 7, -1, 5, 5, 5], [3, 3, 3, 3, -1, 1, 1, 1], [2, 2, 2, 6, -1, 3, 3, 3], [2, 2, 2, 6, -1, 6, 6, 5]]","[11, 22, 3]"
"[[1, 1, 1, -1, 1, 1, 1, -1], [-1, 1, 1, 1, -1, -1, 1, 1], [-1, 1, 1, -1, 1, 1, -1, 1], [1, 1, 1, 1, 1, 1, -1, -1], [-1, -1, -1, -1, -1, -1, -1, -1], [-1, -1, -1, 1, 1, 1, 1, 1], [-1, -1, -1, -1, -1, -1, -1, -1], [-1, 1, 1, 1, 1, 1, 1, 1]]","[11, 13, 13]"
"[[1, -1, -1, -1, 1, -1, 1, 1], [1, 1, 1, 1, 1, -1, 1, -1], [-1, 1, 1, 1, -1, 1, -1, -1], [1, 1, 1, 1, -1, 1, -1, -1], [1, 1, 1, 1, -1, 1, 1, -1], [1, 1, 1, 1, 1, 1, -1, -1], [-1, -1, 1, 1, 1, 1, -1, 1], [1, -1, -1, 1, 1, 1, -1, -1]]","[11, 18, 4]"
"[[-1, 1, -1, -1, 1, -1, -1, -1], [2, 2, 2, 7, 4, -1, -1, 1], [1, 1, 2, 5, 5, 5, -1, -1], [7, 4, 5, 5, 5, 5, -1, 4], [4, 4, 5, 7, 1, 1, -1, 1], [4, -1, 4, -1, 1, 4, -1, 1], [4, -1, 1, 4, 1, 1, -1, 4], [7, -1, -1, -1, -1, 1, -1, -1]]","[18, 22, 8]"
"[[1, -1, -1, -1, -1, -1, -1, -1], [1, 1, 4, -1, 4, 4, 7, 7], [1, 1, 4, -1, 1, 4, 4, 1], [7, 7, 4, -1, 4, 4, 1, 1], [7, 4, 1, 7, 1, 7, 4, -1], [7, 4, 7, 1, 1, 7, 7, -1], [4, 7, 4, 7, 1, 7, 7, -1], [-1, -1, -1, -1, -1, 7, 4, -1]]","[11, 7, 7]"
"[[1, 1, 1, -1, -1, 1, 1, 1], [1, 1, 1, 1, -1, 1, 1, 1], [1, 1, 1, 1, -1, 1, 1, 1], [1, 1, 1, 1, 1, 1, -1, -1], [-1, -1, -1, -1, -1, -1, -1, -1], [1, 1, 1, 1, 1, 1, 1, -1], [1, 1, 1, 1, 1, 1, 1, -1], [1, 1, 1, 1, 1, 1, 1, -1]]","[22, 3, 3]"
"[[-1, 1, -1, 1, 1, 1, -1, 1], [-1, 1, 1, 1, 1, 1, 1, -1], [-1, 1, 1, 1, 1, 1, -1, -1], [1, -1, 1, 1, 1, 1, 1, 1], [-1, -1, -1, 1, 1, -1, 1, 1], [-1, 1, 1, 1, 1, -1, 1, 1], [1, 1, 1, -1, -1, -1, -1, 1], [1, 1, -1, -1, 1, -1, 1, 1]]","[14, 35, 42]"
"[[1, 1, 1, -1, -1, -1, -1, -1], [-1, -1, 1, 1, 1, 1, 1, 1], [-1, -1, 1, 1, 1, 1, 1, 1], [1, -1, -1, -1, 1, 1, 1, 1], [1, -1, 1, 1, 1, 1, 1, 1], [1, -1, 1, 1, 1, 1, 1, 1], [1, -1, 1, 1, 1, 1, 1, 1], [1, -1, 1, 1, 1, 1, 1, 1]]","[13, 15, 37]"
"[[-1, 1, 1, -1, -1, 4, 1, -1], [1, 1, -1, 4, 5, 4, -1, -1], [-1, 1, 5, 4, 4, 4, 5, -1], [-1, 1, 5, 4, 4, 4, 5, -1], [-1, 1, 6, 6, 6, 6, 7, -1], [-1, 1, 1, 1, 5, 5, 5, -1], [-1, 1, 5, 6, 6, 5, 5, -1], [-1, -1, 4, 5, 4, -1, 4, -1]]","[22, 22, 25]"
"[[-1, 1, 1, 1, 1, 1, 1, 1], [1, 1, 1, 1, 1, 1, 1, -1], [-1, 1, 1, 1, 1, 1, 1, 1], [-1, 1, 1, 1, 1, 1, 1, 1], [-1, -1, -1, -1, -1, -1, -1, -1], [1, 1, 1, 1, 1, 1, -1, -1], [1, 1, 1, 1, 1, 1, -1, -1], [1, -1, 1, 1, 1, 1, 1, -1]]","[12, 13, 7]"
"[[-1, 1, -1, -1, 1, 1, 1, -1], [1, 1, 1, 1, -1, -1, -1, -1], [-1, 1, 1, 1, 1, 1, 1, 1], [1, 1, 1, 1, 1, 1, 1, -1], [1, 1, 1, 1, 1, 1, 1, -1], [-1, -1, -1, -1, -1, -1, -1, -1], [1, 1, 1, 1, 1, 1, -1, -1], [1, 1, 1, 1, 1, 1, -1, 1]]","[12, 17, 7]"
"[[1, 1, -1, 1, 1, 1, 1, -1], [-1, -1, 1, 1, 1, 1, 1, 1], [-1, -1, 1, 1, 1, 1, 1, -1], [1, -1, 1, 1, 1, 1, 1, -1], [-1, -1, 1, 1, 1, 1, 1, 1], [-1, -1, -1, -1, 1, 1, -1, -1], [1, -1, 1, -1, 1, 1, 1, 1], [1, -1, 1, -1, -1, -1, 1, 1]]","[13, 21, 8]"
"[[-1, 1, -1, 5, -1, -1, -1, -1], [1, 4, -1, 4, 3, -1, -1, -1], [2, 2, -1, 2, 3, 7, -1, 1], [6, 6, -1, 6, 6, 6, 6, 6], [3, 3, -1, 7, 1, 7, 7, 7], [1, 1, -1, 1, 1, 1, 1, 1], [1, 3, -1, 3, 3, 3, 1, -1], [3, -1, -1, -1, 3, 3, -1, 3]]","[22, 29, 35]"
"[[-1, 1, 1, 1, 1, -1, 1, 1], [-1, 1, 1, 1, 1, -1, 1, 1], [-1, 1, 1, 1, 1, -1, 1, 1], [-1, 1, 1, 1, 1, -1, 1, -1], [-1, 1, 1, 1, 1, -1, 1, -1], [-1, 1, 1, 1, 1, -1, 1, 1], [-1, 1, 1, 1, 1, -1, -1, 1], [-1, -1, -1, -1, -1, -1, 1, 1]]","[17, 27, 4]"
"[[-1, -1, 1, 1, -1, 1, 1, 1], [1, 1, 1, -1, 1, 1, 1, 1], [1, 1, -1, -1, 1, 1, 1, 1], [1, 1, 1, -1, 1, -1, 1, 1], [-1, 1, 1, 1, 1, 1, 1, 1], [-1, 1, 1, 1, 1, 1, 1, -1], [-1, 1, 1, 1, -1, 1, -1, 1], [-1, 1, 1, 1, -1, -1, -1, 1]]","[13, 25, 8]"
"[[1, -1, -1, 1, -1, 1, 5, 5], [-1, -1, -1, -1, -1, 1, 4, 7], [7, 1, 4, 4, -1, -1, -1, 4], [4, -1, -1, 1, 7, 4, 4, 4], [-1, -1, 7, 4, -1, -1, -1, -1], [-1, 7, 7, 4, 4, 1, 1, 7], [-1, 7, 3, 3, 7, 3, 3, 1], [-1, -1, -1, 7, 7, 7, 7, 1]]","[14, 23, 23]"
"[[-1, -1, -1, -1, -1, -1, -1, -1], [1, 1, 1, 1, 1, -1, -1, -1], [6, 6, 6, 7, 7, 7, -1, -1], [6, 6, 6, 7, 7, 7, -1, 1], [6, 6, 6, 7, 7, 7, -1, 1], [4, 4, 4, 4, 4, 4, -1, 1], [1, 1, 1, 1, 1, 4, -1, 1], [4, 4, 4, 4, 4, 4, -1, 1]]","[14, 22, 28]"
"[[-1, 1, 1, -1, 1, 1, -1, -1], [1, -1, 1, -1, 1, 1, -1, 1], [1, -1, -1, -1, -1, -1, -1, -1], [1, 1, 1, 1, 1, 1, 1, -1], [-1, 1, 1, 1, 1, 1, 1, -1], [1, 1, 1, 1, -1, -1, -1, 1], [1, 1, 1, 1, -1, 1, -1, -1], [1, 1, 1, 1, 1, 1, 1, -1]]","[23, 27, 6]"
"[[-1, -1, -1, -1, -1, -1, -1, -1], [-1, 1, 1, 1, 6, 6, 6, -1], [-1, 1, 1, 1, 6, 6, 6, -1], [4, 1, 1, 1, 6, 6, 6, -1], [4, 4, 4, 4, 4, 4, -1, 7], [4, 7, 7, 7, 7, 7, -1, 7], [4, 7, 7, 7, 7, 7, -1, 7], [4, 4, 4, 4, 4, 4, -1, 7]]","[11, 21, 7]"
"[[-1, 1, 1, -1, 1, -1, -1, 1], [1, 1, 1, 1, 1, -1, 1, 1], [1, 1, 1, 1, 1, 1, 1, -1], [1, 1, 1, 1, 1, 1, 1, -1], [-1, -1, -1, -1, -1, -1, -1, -1], [1, 1, 1, 1, 1, 1, 1, -1], [1, 1, 1, 1, 1, 1, 1, -1], [-1, -1, -1, 1, 1, 1, 1, 1]]","[11, 22, 36]"
"[[-1, -1, -1, -1, -1, -1, -1, -1], [1, 1, 1, -1, -1, 1, 1, 1], [1, 1, 1, -1, -1, 1, 1, 1], [1, 1, 1, -1, -1, 1, 1, 1], [5, 1, 1, 1, -1, 1, 5, 5], [5, 1, 1, 1, -1, 1, 5, 5], [1, 1, 1, 1, -1, 1, 1, 1], [1, 1, 1, 1, -1, 1, 1, 5]]","[11, 36, 7]"
"[[-1, -1, -1, 1, -1, -1, -1, -1], [-1, 1, 1, -1, 1, 1, -1, -1], [1, 1, 1, 1, 1, 1, 1, -1], [1, 1, 1, 1, 1, -1, -1, -1], [1, 1, 1, 1, 1, 1, -1, 1], [1, 1, -1, 1, 1, 1, 1, 1], [-1, -1, 1, 1, 1, 1, 1, 1], [1, -1, -1, 1, 1, 1, 1, 1]]","[13, 18, 34]"
"[[-1, -1, -1, -1, -1, -1, -1, -1], [-1, -1, -1, 1, -1, 1, 1, 1], [1, 1, 1, 1, -1, 1, 1, 1], [1, 1, 1, 1, -1, 1, 1, 1], [1, 1, 1, 1, -1, 1, 1, 1], [1, 1, 1, 1, -1, 1, 1, 1], [1, 1, 1, 1, -1, 1, 1, 1], [1, 1, 1, 1, -1, 1, 1, 1]]","[21, 22, 35]"
"[[1, -1, -1, 1, 1, -1, 1, -1], [1, -1, -1, 1, 1, -1, 1, 1], [1, 1, 1, 1, -1, -1, 1, -1], [1, 1, 1, 1, 1, -1, -1, 1], [1, 1, 1, 1, 1, -1, -1, 1], [-1, 1, 1, 1, 1, -1, 1, -1], [-1, 1, 1, 1, 1, -1, 1, 1], [1, -1, -1, -1, 1, -1, -1, -1]]","[23, 29, 35]"
"[[1, 3, 2, 3, 5, 5, 1, -1], [4, -1, -1, 3, 1, 4, 4, -1], [2, 3, -1, -1, 2, 2, 2, -1], [6, 6, 6, -1, 1, 1, -1, -1], [-1, 1, 2, -1, -1, -1, -1, -1], [-1, 2, 2, 1, 2, -1, -1, 2], [3, -1, 2, 1, 3, 3, 1, 2], [3, 3, 3, 3, 3, 3, 3, -1]]","[11, 14, 23]"
"[[1, 1, 1, 1, 1, 1, -1, -1], [1, 1, 1, 1, 1, 1, -1, 1], [-1, 1, 1, 1, 1, 1, -1, 1], [-1, -1, 1, 1, 1, 1, -1, 1], [1, -1, -1, -1, -1, -1, 1, 1], [1, -1, 1, 1, 1, 1, -1, -1], [1, 1, -1, -1, 1, 1, -1, -1], [-1, 1, 1, -1, 1, 1, 1, 1]]","[11, 13, 15]"
"[[-1, -1, -1, 1, 1, 1, 1, 1], [-1, -1, -1, 1, 1, 1, 1, 1], [-1, 1, 1, -1, -1, -1, 1, -1], [1, 1, 1, 1, 1, 1, 1, -1], [1, 1, 1, 1, -1, -1, 1, -1], [1, 1, 1, 1, 1, 1, 1, -1], [1, 1, 1, 1, 1, 1, 1, -1], [1, 1, 1, 1, 1, 1, -1, -1]]","[29, 34, 7]"
"[[1, 1, 1, -1, -1, -1, -1, -1], [1, 1, 1, 1, 1, 1, 1, -1], [1, 1, 1, 1, 1, 1, 1, -1], [1, 1, 1, 1, 1, 1, 1, -1], [1, 1, 1, 1, 1, 1, 1, -1], [1, 1, 1, 1, 1, 1, 1, -1], [1, 1, 1, 1, 1, 1, 1, -1], [-1, -1, -1, 1, 1, 1, 1, -1]]","[11, 11, 7]"
"[[1, 1, 1, -1, 1, 1, -1, 1], [1, 1, 1, 1, 1, -1, -1, -1], [1, 1, 1, 1, -1, -1, -1, -1], [1, 1, 1, 1, -1, -1, 1, 1], [-1, 1, 1, 1, 1, -1, 1, 1], [-1, -1, 1, 1, 1, 1, 1, 1], [1, 1, -1, 1, 1, 1, 1, 1], [1, 1, -1, 1, 1, 1, 1, 1]]","[16, 27, 35]"
"[[1, -1, 1, 1, -1, 1, 1, 1], [-1, 1, -1, 1, 1, 1, 1, 1], [-1, 1, 1, 1, 1, 1, 1, -1], [1, -1, -1, -1, -1, -1, 1, 1], [1, 1, 1, 1, 1, 1, -1, -1], [1, 1, 1, 1, 1, 1, -1, -1], [-1, -1, 1, -1, 1, 1, 1, 1], [1, -1, -1, -1, 1, 1, 1, -1]]","[11, 13, 18]"
"[[-1, -1, -1, -1, -1, -1, -1, -1], [-1, 1, 1, 1, 5, 5, 5, 21], [-1, 1, 1, 1, 5, 5, 5, 21], [-1, 7, 7, 7, 2, 6, 6, 21], [-1, 7, 7, 7, 2, 6, 6, -1], [-1, 21, 21, 21, 2, 3, 3, 3], [-1, 21, 21, 21, 2, 3, 3, 3], [-1, 21, 21, 21, 2, 3, 3, 3]]","[11, 22, 4]"
"[[1, 1, -1, 1, -1, 1, 1, 1], [1, 1, -1, 1, -1, 1, 1, 1], [1, 1, -1, 1, -1, 1, 1, 1], [1, 1, -1, 1, -1, 1, -1, -1], [1, 1, -1, 1, -1, 1, -1, -1], [-1, 1, -1, 1, -1, 1, -1, 1], [-1, -1, -1, 1, -1, 1, 1, 1], [1, 1, -1, -1, -1, -1, 1, 1]]","[22, 22, 36]"
"[[-1, -1, -1, -1, -1, -1, -1, -1], [1, 1, 1, 1, 1, 2, 7, -1], [7, 7, 7, 7, 7, 2, 7, -1], [5, 5, 5, 5, 5, 2, 7, -1], [3, 4, 3, 1, -1, 2, 7, 1], [3, 4, 3, 1, -1, 2, 7, 1], [3, 4, 3, 1, -1, 1, 1, 1], [3, 4, 3, 1, -1, -1, -1, -1]]","[17, 3, 3]"
"[[1, 1, 1, 1, 1, 1, 1, -1], [1, 1, 1, 1, 1, 1, 1, -1], [1, 1, 1, 1, 1, 1, 1, -1], [-1, -1, -1, -1, -1, -1, -1, -1], [1, 1, 1, 1, 1, 1, 1, -1], [1, 1, 1, 1, 1, 1, 1, -1], [1, 1, 1, 1, 1, 1, 1, -1], [1, 1, 1, 1, 1, 1, 1, -1]]","[11, 2, 7]"
"[[1, 1, 1, 1, 1, 1, 1, -1], [1, 1, 1, 1, 1, 1, 1, -1], [1, 1, 1, 1, 1, 1, 1, -1], [1, 1, 1, 1, 1, 1, -1, -1], [1, 1, 1, 1, 1, 1, 1, -1], [1, -1, -1, -1, -1, -1, 1, 1], [1, 1, -1, 1, -1, -1, 1, 1], [-1, -1, -1, 1, 1, 1, -1, 1]]","[25, 26, 9]"
"[[-1, -1, -1, -1, -1, -1, -1, -1], [1, 1, 1, 1, 7, 7, 7, -1], [1, 1, 1, 1, 7, 1, -1, -1], [1, 1, 1, 1, 7, 1, 1, -1], [1, 7, 7, 7, 4, 4, 4, -1], [7, 7, 7, 7, 4, 4, 4, -1], [7, 7, 7, 7, 4, 4, 4, -1], [7, 7, 7, 4, 4, 4, 4, -1]]","[11, 12, 22]"
"[[1, 1, 1, 1, 1, 1, -1, -1], [1, 1, 1, 1, -1, -1, 1, 1], [1, 1, 1, 1, -1, -1, 1, -1], [1, 1, 1, 1, -1, -1, -1, 1], [1, 1, -1, -1, 1, -1, 1, -1], [-1, -1, -1, -1, 1, -1, 1, -1], [-1, 1, 1, 1, 1, -1, 1, 1], [-1, 1, 1, 1, 1, 1, 1, 1]]","[31, 36, 9]"
"[[1, 1, 1, 1, 1, -1, -1, -1], [1, 1, 1, 1, 1, 1, 1, -1], [1, 1, 1, 1, 1, 1, 1, -1], [1, 1, 1, 1, 1, 1, 1, -1], [1, 1, 1, 1, 1, 1, 1, -1], [-1, -1, -1, -1, -1, -1, -1, -1], [1, 1, 1, -1, 1, 1, 1, 1], [-1, -1, -1, -1, -1, 1, 1, 1]]","[3, 41, 7]"
"[[1, 1, 1, 1, 1, -1, -1, -1], [-1, -1, -1, -1, -1, -1, -1, -1], [4, 7, 7, -1, -1, 6, 6, 6], [4, 7, 7, -1, -1, 6, 6, 6], [4, 4, 4, -1, -1, 6, 6, 6], [4, 4, 4, 3, -1, 7, 2, 2], [4, 4, 4, 3, -1, 7, 2, 2], [3, 3, 3, 3, -1, 7, 7, 7]]","[3, 30, 35]"
"[[-1, -1, -1, -1, -1, -1, -1, -1], [-1, 1, 1, 1, 1, 1, 1, 1], [-1, 1, 1, 1, 1, 1, 1, 1], [-1, 1, 1, 1, 1, 1, 1, 1], [-1, 1, 1, 1, 1, 1, 1, -1], [1, 1, 1, 1, 1, 1, 1, -1], [1, 1, 1, 1, 1, 1, 1, -1], [1, 1, 1, 1, 1, 1, 1, -1]]","[11, 22, 7]"
"[[1, -1, -1, 1, 1, -1, 1, 1], [1, 1, 1, 1, 1, 1, -1, -1], [-1, -1, -1, 1, 1, 1, -1, 1], [-1, 1, 1, 1, 1, 1, -1, 1], [-1, 1, 1, 1, 1, 1, -1, 1], [-1, 1, 1, 1, 1, 1, -1, -1], [1, 1, 1, 1, 1, 1, -1, 1], [-1, -1, -1, -1, -1, -1, -1, 1]]","[20, 21, 31]"
"[[-1, -1, -1, -1, -1, -1, -1, -1], [1, 1, 1, 1, 1, 1, 1, -1], [1, 1, 1, 1, 1, 1, 1, -1], [1, 1, 1, 1, 1, 1, 1, -1], [-1, 1, 1, 1, 1, 1, 1, -1], [1, 1, 1, 1, 1, 1, 1, -1], [1, 1, 1, 1, 1, 1, 1, -1], [1, 1, 1, 1, 1, 1, 1, -1]]","[11, 22, 4]"
"[[-1, -1, -1, -1, -1, -1, -1, -1], [2, -1, 2, 2, 2, 7, 7, 7], [6, -1, 6, 5, 5, 7, 7, 7], [6, -1, 6, 5, 5, 4, 3, 3], [6, -1, 6, 5, 5, 4, 3, 3], [1, -1, 1, 4, 3, 4, 3, 3], [1, -1, 1, 4, 7, 4, 7, 3], [1, -1, 1, 4, 7, 4, 7, 3]]","[22, 3, 5]"
"[[-1, 1, 1, 1, 1, -1, 1, -1], [1, -1, 1, 1, -1, -1, 1, 1], [-1, -1, 1, 1, 1, -1, 1, 1], [1, 1, -1, 1, 1, -1, 1, 1], [1, 1, 1, 1, 1, -1, 1, 1], [1, 1, 1, 1, 1, -1, 1, 1], [1, 1, 1, 1, 1, -1, 1, 1], [1, 1, 1, -1, 1, -1, -1, -1]]","[11, 25, 7]"
"[[-1, -1, -1, -1, -1, -1, -1, -1], [1, 1, 5, 5, 5, 5, 5, -1], [1, 1, 5, 5, 5, 5, 5, -1], [1, 1, 7, 7, 7, 7, 7, -1], [-1, 1, 7, 7, 7, 7, 7, -1], [-1, 1, 7, 6, 6, 6, 7, 5], [-1, 7, 7, 7, 6, 6, 6, 5], [-1, 7, 7, 7, 6, 5, 5, 5]]","[11, 22, 7]"
"[[1, 1, 1, 1, 1, 1, 1, -1], [1, 1, 1, 1, 1, 1, -1, -1], [1, 1, 1, 1, 1, 1, -1, -1], [1, 1, 1, 1, 1, 1, -1, 1], [-1, 1, 1, 1, -1, 1, 1, -1], [1, 1, -1, 1, 1, 1, 1, -1], [-1, -1, -1, 1, -1, -1, 1, 1], [1, -1, -1, -1, 1, -1, -1, -1]]","[18, 33, 35]"
"[[1, 1, 1, -1, 1, 1, 1, -1], [-1, 1, 1, -1, -1, 1, 1, 1], [-1, 1, 1, 1, 1, 1, 1, 1], [1, -1, 1, 1, 1, 1, 1, 1], [1, -1, -1, -1, 1, 1, 1, 1], [-1, -1, 1, 1, 1, 1, 1, 1], [-1, -1, 1, 1, 1, 1, 1, -1], [-1, -1, -1, 1, -1, -1, -1, 1]]",
"[[-1, -1, -1, -1, -1, -1, -1, -1], [1, 1, 1, 1, 1, 1, 1, -1], [1, 1, 1, 1, 1, 1, 1, -1], [1, 1, 1, 1, 1, 1, -1, -1], [1, 1, 1, 1, 1, 1, 1, -1], [1, 1, 1, 1, 1, 1, 1, -1], [1, 1, 1, 1, 1, 1, 1, -1], [1, 1, 1, 1, 1, 1, 1, -1]]","[13, 37, 38]"
"[[1, 1, 1, -1, -1, -1, -1, -1], [1, 1, 1, -1, 1, 1, 1, 1], [1, 1, 1, -1, 1, 1, 1, 1], [1, 1, 1, -1, 1, 1, 1, 1], [1, 1, 1, -1, 1, 1, 1, 1], [1, 1, 1, -1, 1, 1, 1, 1], [1, 1, 1, -1, 1, 1, 1, 1], [-1, -1, -1, 1, 1, 1, 1, 1]]","[11, 22, 5]"
"[[1, 1, 1, -1, -1, -1, -1, -1], [1, 1, 1, 1, 1, 1, 1, -1], [1, 1, 1, 1, 1, 1, 1, -1], [-1, -1, -1, 1, 1, 1, 1, -1], [-1, 1, 1, 1, 1, 1, 1, -1], [1, 1, 1, 1, 1, 1, 1, -1], [1, 1, 1, 1, 1, 1, 1, -1], [1, 1, 1, 1, 1, 1, 1, -1]]","[11, 34, 7]"
"[[-1, 1, -1, 1, -1, 6, 6, -1], [-1, -1, -1, -1, -1, -1, -1, -1], [-1, -1, 6, 5, -1, 6, 6, 5], [1, 5, 6, 5, -1, 6, 1, 1], [-1, 1, 6, 5, -1, 5, 6, 1], [-1, 6, 5, 5, -1, 5, 5, 1], [6, 5, 6, 1, -1, 6, 5, 5], [-1, 5, 5, 5, 6, 6, 6, 1]]","[22, 22, 42]"
"[[1, 1, -1, -1, -1, -1, -1, -1], [1, -1, -1, 1, 1, 1, 1, -1], [1, 1, -1, 1, 1, 1, 1, -1], [-1, 1, -1, 1, 1, 1, 1, -1], [-1, 1, -1, 1, 1, 1, 1, -1], [1, 1, -1, 1, 1, 1, 1, -1], [1, 1, -1, 1, 1, 1, 1, -1], [1, 1, -1, 1, 1, 1, 1, -1]]","[17, 28, 4]"
"[[1, -1, 1, 1, -1, 7, 4, -1], [1, -1, 2, -1, 7, -1, 4, 7], [1, -1, 2, 1, 1, -1, 1, 7], [1, -1, 1, -1, -1, 7, 7, 7], [4, -1, 4, 7, 1, 4, -1, 1], [1, -1, 4, 4, 1, 4, -1, 4], [-1, -1, 1, 1, 1, 4, 4, 1], [-1, -1, -1, 1, 7, 4, 4, 4]]","[22, 35, 42]"
"[[-1, -1, 2, 2, 1, 2, 2, 1], [-1, -1, -1, 2, 4, -1, 4, 4], [4, 1, -1, 4, 4, 1, 2, 2], [1, 6, 1, 2, 6, 6, 6, -1], [-1, 7, 4, -1, 1, 1, 1, 4], [1, 1, 1, -1, -1, -1, -1, -1], [1, 3, 3, 3, -1, 4, -1, -1], [1, 1, 1, 1, 1, 2, -1, -1]]","[10, 16, 17]"
"[[-1, -1, -1, -1, -1, -1, -1, -1], [1, 1, 1, 1, 1, 1, 1, -1], [1, 1, 1, -1, -1, 1, 1, 1], [1, 1, 1, -1, -1, 1, 1, 1], [1, 1, 1, 1, -1, 1, 1, 1], [1, 1, 1, 1, -1, 1, 1, 1], [1, 1, 1, 1, -1, 1, 1, 1], [-1, -1, 1, 1, 1, -1, -1, -1]]","[3, 37, 4]"
"[[1, 1, -1, -1, 1, 1, 1, -1], [1, 1, 1, -1, 1, 1, 1, 1], [1, 1, 1, -1, 1, 1, 1, 1], [1, 1, 1, -1, 1, 1, 1, 1], [1, 1, 1, -1, -1, -1, 1, -1], [1, 1, 1, -1, 1, -1, -1, 1], [-1, -1, 1, -1, 1, 1, 1, -1], [1, -1, 1, -1, 1, 1, 1, 1]]","[18, 22, 32]"
"[[1, -1, -1, -1, -1, -1, 1, 3], [2, -1, 1, 2, 7, -1, 1, 1], [3, 3, 1, 3, 7, -1, 3, 1], [2, 2, 1, 1, 7, -1, -1, 1], [2, 2, 2, 3, 3, -1, -1, 3], [2, 2, 2, 3, 3, -1, -1, -1], [3, 1, 4, 3, 3, -1, 1, 3], [-1, 4, 4, 4, 3, -1, -1, 1]]","[34, 42, 42]"
"[[1, 1, -1, -1, -1, -1, -1, -1], [-1, 1, 1, 1, 1, 1, 1, 1], [-1, -1, 1, 1, 1, 1, 1, 1], [-1, -1, 1, 1, 1, 1, 1, 1], [-1, -1, 1, 1, 1, 1, 1, 1], [-1, 1, 1, 1, 1, 1, 1, 1], [-1, 1, 1, 1, 1, 1, 1, 1], [-1, 1, 1, 1, 1, 1, 1, 1]]","[25, 36, 7]"
"[[1, -1, 1, 1, 1, 1, 1, 1], [-1, -1, 1, 1, 1, 1, 1, -1], [-1, 1, 1, 1, 1, 1, -1, 1], [1, 1, 1, 1, 1, 1, 1, -1], [-1, -1, -1, -1, -1, -1, -1, -1], [1, 1, 1, -1, 1, 1, 1, -1], [1, 1, 1, -1, 1, 1, 1, -1], [1, 1, 1, -1, -1, 1, -1, 1]]","[11, 19, 42]"
"[[-1, -1, -1, -1, -1, -1, 1, 1], [1, -1, 1, 1, 1, 1, 1, 1], [1, -1, 1, 1, 1, 1, 1, 1], [-1, -1, -1, -1, -1, -1, -1, -1], [-1, 1, 1, 1, 1, 1, 1, 1], [-1, 1, 1, 1, 1, 1, 1, 1], [-1, 1, 1, 1, 1, 1, 1, 1], [-1, 1, 1, 1, 1, 1, 1, 1]]","[10, 11, 7]"
"[[-1, -1, -1, -1, -1, -1, -1, -1], [-1, -1, 1, 1, 1, 1, 1, 1], [-1, 1, 1, 1, 1, 1, 1, 1], [-1, 1, 1, 1, 1, 1, 1, 1], [1, 1, 1, 1, 1, 1, 1, -1], [1, 1, 1, 1, 1, 1, 1, -1], [1, 1, 1, 1, 1, 1, 1, -1], [1, 1, 1, 1, 1, 1, 1, -1]]","[11, 7, 9]"
"[[-1, -1, -1, -1, -1, -1, -1, -1], [1, 1, 1, -1, 1, -1, -1, -1], [1, 1, 1, -1, 1, 1, 1, 1], [1, 1, 1, -1, 1, 1, 1, 1], [1, 1, 1, -1, 1, 1, 1, 1], [1, 1, 1, -1, 1, 1, 1, 1], [1, 1, 1, -1, 1, 1, 1, 1], [1, 1, 1, -1, 1, 1, 1, 1]]","[12, 22, 35]"
"[[1, -1, -1, 1, 1, -1, 1, -1], [-1, -1, -1, 1, 1, 1, 1, -1], [1, -1, 1, 1, -1, 1, 1, 1], [1, -1, 1, 1, 1, 1, -1, -1], [1, -1, 1, 1, 1, 1, 1, -1], [1, -1, 1, -1, 1, 1, -1, -1], [1, -1, 1, 1, 1, 1, 1, 1], [1, -1, 1, 1, 1, 1, 1, 1]]","[22, 29, 7]"
"[[-1, -1, -1, -1, -1, -1, -1, -1], [-1, 1, 1, 1, -1, 1, 1, 1], [-1, 1, 1, 1, 1, 1, 1, 1], [-1, 1, 1, 1, 1, 1, 1, 1], [-1, 1, 1, 1, 1, 1, 1, 1], [-1, 1, 1, 1, 1, 1, 1, 1], [-1, 1, 1, 1, 1, 1, 1, 1], [-1, -1, 1, 1, 1, 1, 1, 1]]","[11, 22, 5]"
"[[-1, 1, -1, 1, 1, 2, 2, 2], [-1, 1, -1, 1, 2, 1, 2, 2], [1, 1, -1, 1, 2, 2, -1, 2], [7, -1, -1, 1, 2, 7, -1, -1], [-1, 1, -1, 2, 7, 7, 7, 1], [7, 2, 4, 7, 7, -1, 7, 2], [7, 2, 4, 2, 7, -1, -1, -1], [4, 4, 4, -1, -1, -1, 2, 2]]","[17, 24, 7]"
"[[-1, 1, -1, -1, -1, -1, -1, -1], [-1, 1, 2, 2, -1, 5, 1, 2], [5, 5, 6, 2, -1, 6, 1, 2], [1, 5, 6, 6, -1, 5, 1, 5], [1, 5, 6, 5, -1, 2, 2, 1], [1, 5, 6, 1, -1, 2, 2, 2], [1, 5, 6, 1, -1, 2, 2, 2], [-1, -1, 1, 1, -1, 1, -1, -1]]","[12, 22, 5]"
"[[1, 1, 1, 1, 1, -1, -1, 1], [-1, -1, -1, -1, -1, -1, -1, 1], [1, 1, 1, 1, -1, 1, 1, 1], [1, 1, 1, 1, -1, 1, 1, -1], [1, 1, 1, 1, 1, 1, 1, -1], [1, 1, 1, 1, 1, 1, 1, -1], [1, 1, 1, 1, 1, 1, 1, -1], [1, 1, 1, 1, 1, 1, 1, -1]]","[13, 28, 38]"
"[[-1, 1, -1, -1, -1, -1, -1, -1], [-1, -1, 1, 1, 1, 1, 1, 1], [-1, -1, 1, 1, 1, 1, 1, 1], [-1, 1, 1, 1, 1, 1, 1, 1], [-1, 1, 1, 1, 1, 1, 1, 1], [-1, 1, 1, 1, 1, 1, 1, 1], [-1, 1, 1, 1, 1, 1, 1, 1], [-1, 1, 1, 1, 1, 1, 1, 1]]","[13, 27, 38]"
"[[-1, -1, -1, -1, -1, -1, -1, -1], [2, 2, 2, 2, 2, -1, 2, -1], [2, 2, 2, 2, 2, 2, 2, -1], [2, 2, 2, 2, 2, 2, 2, -1], [2, 2, 2, 2, 2, 2, 2, -1], [2, 2, 2, 2, 2, 2, 2, -1], [2, 2, 2, 2, 2, 2, 2, -1], [2, 2, 2, 2, 2, 2, 2, -1]]","[11, 12, 22]"
"[[-1, 1, 1, 1, 1, 2, -1, 6], [6, 1, 6, 6, 2, 1, -1, -1], [-1, 3, 3, 2, 1, 1, -1, 1], [-1, 3, 6, 6, 6, 6, -1, 3], [1, 5, 5, 1, 6, 6, -1, 3], [6, 5, 1, 3, 3, 3, -1, 4], [-1, -1, -1, -1, -1, -1, -1, -1], [1, -1, 6, 3, 3, 3, -1, -1]]","[11, 20, 26]"
"[[-1, 1, 1, 1, 1, 1, 1, 1], [-1, 1, 1, 1, 1, 1, 1, -1], [-1, 1, 1, 1, 1, 1, 1, -1], [-1, 1, 1, 1, 1, 1, 1, -1], [1, 1, 1, 1, 1, 1, 1, -1], [1, 1, 1, 1, 1, 1, 1, -1], [1, 1, 1, 1, 1, 1, 1, -1], [1, -1, -1, -1, -1, -1, -1, 1]]","[11, 7, 7]"
"[[-1, -1, -1, -1, -1, 1, -1, -1], [-1, 1, 1, 1, -1, 1, 1, -1], [-1, 1, 1, 1, -1, -1, 1, 1], [-1, 1, 1, 1, 1, 1, 1, 1], [-1, 1, 1, 1, 1, 1, 1, 1], [-1, 1, 1, 1, 1, 1, 1, 1], [-1, 1, 1, 1, 1, 1, 1, 1], [-1, 1, 1, 1, 1, 1, 1, 1]]","[21, 22, 39]"
"[[1, -1, -1, 1, 1, 1, 1, 1], [1, 1, -1, -1, -1, -1, -1, -1], [-1, 1, 1, 1, 1, 1, 1, 1], [-1, 1, 1, 1, 1, 1, 1, 1], [-1, 1, 1, 1, 1, 1, 1, 1], [-1, 1, 1, 1, 1, 1, 1, 1], [-1, 1, 1, 1, 1, 1, 1, 1], [-1, 1, 1, 1, 1, 1, 1, 1]]","[17, 4, 4]"
"[[-1, -1, -1, -1, -1, -1, -1, -1], [1, 1, 1, 1, 1, 1, -1, -1], [1, 1, 1, -1, -1, 1, 1, 1], [1, 1, 1, -1, -1, 1, 1, 1], [1, 1, 1, -1, -1, 1, 1, 1], [1, 1, 1, -1, 1, 1, 1, 1], [1, 1, 1, -1, 1, 1, 1, 1], [1, 1, 1, -1, 1, 1, 1, 1]]","[22, 32, 9]"
"[[-1, 1, 1, 1, 1, -1, -1, -1], [-1, -1, 1, 1, 1, -1, 1, 1], [-1, 1, 1, 1, 1, -1, 1, 1], [1, -1, 1, 1, 1, 1, 1, 1], [-1, -1, -1, -1, -1, 1, 1, 1], [-1, 1, 1, 1, 1, 1, 1, 1], [-1, 1, 1, 1, 1, 1, 1, 1], [1, 1, 1, 1, 1, 1, 1, -1]]","[11, 20, 21]"
"[[-1, 1, 1, 1, 1, 1, -1, -1], [-1, 1, 1, 1, 1, 1, 1, -1], [1, 1, 1, 1, 1, 1, 1, -1], [1, 1, 1, 1, 1, 1, 1, -1], [-1, -1, -1, -1, -1, -1, -1, -1], [-1, 1, 1, 1, 1, 1, 1, 1], [-1, 1, 1, 1, 1, 1, 1, 1], [-1, 1, 1, 1, 1, 1, 1, 1]]","[11, 22, 7]"
"[[1, -1, 1, 1, 1, 1, 1, 1], [-1, -1, -1, 1, 1, 1, 1, 1], [-1, 1, 1, 1, 1, 1, 1, 1], [1, 1, 1, 1, 1, -1, 1, -1], [1, 1, 1, 1, 1, 1, -1, -1], [1, 1, 1, 1, -1, -1, -1, 1], [1, -1, -1, -1, 1, -1, 1, 1], [1, -1, 1, -1, -1, -1, 1, -1]]","[19, 32, 36]"
"[[-1, -1, -1, -1, -1, -1, -1, -1], [1, 1, 1, 1, 1, 1, 1, -1], [1, 1, 1, 1, 1, 1, -1, 1], [1, 1, 1, 1, 1, 1, 1, -1], [1, 1, 1, 1, 1, -1, -1, -1], [1, 1, 1, 1, 1, 1, 1, -1], [1, 1, 1, 1, 1, 1, 1, -1], [1, 1, 1, 1, 1, 1, -1, 1]]","[11, 12, 30]"
"[[-1, -1, -1, -1, 1, -1, -1, -1], [-1, -1, -1, 1, 1, -1, -1, 1], [1, 1, 1, -1, 1, 1, -1, 1], [1, 1, 1, 1, 1, 1, -1, 1], [1, 1, 1, -1, -1, 1, -1, 1], [1, 1, 1, 1, 1, 1, -1, 1], [1, 1, 1, 1, 1, 1, -1, 1], [1, 1, 1, 1, 1, 1, -1, 1]]","[16, 22, 35]"
"[[1, 1, -1, -1, -1, -1, 1, -1], [1, 1, 1, 1, 1, -1, 1, 1], [1, 1, 1, 1, 1, -1, 1, -1], [1, -1, 1, 1, 1, -1, 1, -1], [-1, -1, 1, 1, 1, -1, 1, 1], [1, 1, 1, 1, 1, -1, -1, 1], [1, -1, 1, 1, 1, -1, -1, 1], [1, -1, 1, 1, 1, -1, 1, 1]]","[17, 19, 22]"
"[[1, 1, 1, 1, 1, 1, -1, -1], [-1, -1, -1, -1, -1, -1, -1, -1], [-1, 1, 1, 1, 1, 1, -1, 1], [-1, 1, 1, 1, 1, 1, -1, 1], [1, 1, 1, 1, 1, 1, -1, 1], [1, 1, 1, 1, 1, 1, -1, 1], [-1, -1, -1, -1, -1, -1, -1, -1], [-1, 1, 1, 1, 1, 1, 1, 1]]","[11, 21, 7]"
"[[1, -1, -1, 1, 1, 1, 1, 1], [-1, 1, 1, 1, 1, 1, 1, -1], [-1, 1, 1, 1, -1, 1, -1, 1], [1, 1, 1, -1, -1, -1, 1, -1], [-1, -1, -1, -1, -1, -1, 1, 1], [1, 1, 1, -1, 1, 1, 1, 1], [1, 1, 1, -1, 1, 1, 1, 1], [1, 1, 1, -1, 1, 1, 1, 1]]","[22, 5, 9]"
"[[-1, 1, 1, -1, -1, 1, 1, 1], [1, -1, 1, -1, -1, 1, 1, 1], [1, -1, 1, -1, 1, 1, 1, 1], [1, 1, 1, 1, 1, -1, 1, 1], [1, 1, 1, 1, 1, 1, 1, -1], [1, 1, 1, 1, 1, -1, 1, -1], [1, -1, -1, 1, 1, -1, -1, 1], [-1, 1, -1, -1, 1, -1, -1, -1]]","[18, 20, 35]"
"[[1, 1, 1, 1, -1, -1, -1, 1], [1, 1, 1, -1, -1, -1, -1, 1], [1, 1, 1, 1, 1, 1, 1, -1], [1, 1, 1, 1, -1, -1, -1, -1], [1, 1, 1, 1, 1, 1, 1, -1], [-1, -1, -1, -1, -1, -1, -1, -1], [1, 1, 1, 1, -1, 1, 1, 1], [1, 1, 1, 1, -1, 1, 1, 1]]","[10, 11, 7]"
"[[1, 1, 1, -1, 1, 1, 1, 1], [1, 1, 1, -1, 1, 1, 1, 1], [-1, -1, -1, -1, -1, -1, -1, -1], [1, 1, 1, 1, 1, -1, 1, 1], [1, 1, 1, 1, 1, -1, 1, 1], [1, 1, 1, 1, 1, -1, 1, 1], [1, 1, 1, 1, 1, -1, 1, -1], [1, 1, 1, 1, 1, -1, 1, -1]]","[24, 3, 3]"
"[[1, 1, 1, 1, 1, 1, 1, -1], [1, 1, 1, 1, 1, 1, 1, -1], [1, 1, 1, 1, 1, 1, 1, -1], [-1, -1, -1, -1, -1, -1, -1, -1], [1, 1, 1, 1, 1, 1, -1, -1], [1, 1, 1, 1, 1, 1, 1, -1], [1, 1, 1, 1, 1, 1, 1, -1], [1, 1, 1, 1, 1, 1, 1, -1]]","[11, 2, 38]"
"[[1, 1, 1, 1, 1, -1, -1, -1], [-1, -1, -1, -1, -1, 1, 1, 1], [1, 1, 1, -1, 1, 1, 1, 1], [1, 1, 1, -1, 1, 1, 1, 1], [1, 1, 1, 1, 1, 1, 1, -1], [1, 1, 1, 1, 1, 1, 1, -1], [1, 1, 1, 1, 1, 1, 1, -1], [1, 1, 1, 1, 1, 1, 1, -1]]","[11, 2, 3]"
"[[1, -1, -1, 1, 1, 1, 1, -1], [1, 1, 1, 1, -1, 1, 1, 1], [1, 1, 1, -1, -1, 1, 1, -1], [-1, 1, 1, 1, 1, 1, 1, 1], [-1, -1, 1, 1, 1, 1, 1, 1], [1, -1, 1, 1, 1, -1, 1, 1], [1, 1, 1, 1, 1, -1, -1, 1], [1, -1, 1, 1, -1, -1, 1, -1]]","[16, 20, 36]"
"[[1, 1, 1, 1, -1, 1, 1, 1], [1, 1, -1, -1, 1, 1, 1, 1], [-1, -1, 1, -1, 1, 1, 1, 1], [1, 1, -1, -1, 1, -1, -1, 1], [1, 1, 1, 1, -1, -1, -1, -1], [1, 1, 1, 1, 1, 1, -1, -1], [1, 1, 1, -1, 1, 1, 1, -1], [1, 1, 1, -1, -1, 1, 1, -1]]","[13, 14, 29]"
"[[-1, -1, 1, 1, 1, 1, 1, 1], [1, 1, 1, 1, 1, 1, -1, 1], [1, 1, -1, 1, 1, 1, -1, 1], [1, 1, -1, 1, 1, 1, -1, 1], [1, -1, -1, 1, 1, 1, -1, 1], [1, -1, -1, 1, -1, -1, 1, 1], [-1, -1, -1, -1, -1, -1, 1, 1], [-1, 1, 1, 1, 1, -1, 1, -1]]","[13, 29, 7]"
"[[1, -1, -1, -1, -1, -1, -1, -1], [1, 1, -1, 2, 2, 2, 2, 2], [-1, -1, -1, 2, 2, 2, 2, 2], [-1, -1, -1, 2, 2, 2, 2, 2], [4, -1, 2, 4, 4, 4, 4, 4], [4, -1, 3, 3, 3, 3, 3, 4], [4, -1, 3, 3, 3, 3, 3, 4], [4, -1, 3, 3, 3, 3, 3, 4]]","[11, 35, 7]"
"[[-1, -1, -1, -1, -1, -1, 1, -1], [1, 1, 1, 1, 1, 1, 1, -1], [-1, -1, -1, -1, -1, -1, -1, -1], [1, 1, 1, 1, 1, 1, -1, 1], [1, 1, 1, 1, 1, 1, -1, 1], [1, 1, 1, 1, 1, 1, -1, 1], [1, 1, 1, 1, 1, 1, -1, 1], [1, 1, 1, 1, 1, 1, -1, 1]]","[11, 17, 22]"
"[[1, 1, -1, -1, -1, 1, -1, 1], [1, 1, -1, 1, 1, -1, 1, -1], [1, 1, -1, 1, 1, 1, 1, -1], [1, 1, -1, 1, 1, 1, 1, 1], [1, 1, -1, 1, 1, 1, 1, 1], [1, 1, -1, 1, 1, 1, 1, 1], [-1, -1, -1, 1, 1, 1, 1, 1], [-1, -1, -1, 1, 1, 1, 1, 1]]","[21, 22, 9]"
"[[-1, -1, -1, -1, -1, -1, -1, -1], [-1, 2, 2, 2, 5, 5, 4, 4], [-1, 4, 4, 2, 5, 5, 4, 4], [-1, 7, 6, 2, 5, 5, 4, 4], [1, 7, 6, 6, 6, 6, 5, -1], [1, 3, 6, 7, 7, 6, 5, -1], [1, 3, 6, 7, 7, 6, 5, -1], [1, 3, 6, 7, 7, 7, 5, -1]]","[11, 7, 7]"
"[[1, -1, -1, -1, -1, -1, -1, -1], [7, 1, -1, 7, 7, 7, 7, 7], [-1, 7, 1, 7, 1, 1, 1, 1], [-1, 4, 7, 7, 1, 1, 1, 1], [-1, 4, 1, 7, 1, 1, 1, 1], [-1, 4, 1, 4, 4, 4, 4, 4], [-1, 4, 1, 4, 4, 4, 4, 4], [-1, 4, 1, 4, 4, 4, 4, 4]]","[11, 4, 4]"
"[[-1, 1, 1, 1, 1, 1, 1, 1], [-1, 1, 1, 1, 1, 1, 1, 1], [-1, 1, 1, 1, 1, 1, 1, 1], [-1, -1, -1, 1, 1, 1, 1, 1], [-1, 1, 1, 1, 1, 1, 1, 1], [-1, 1, 1, 1, 1, 1, 1, 1], [-1, 1, 1, 1, 1, 1, 1, 1], [-1, -1, -1, -1, -1, -1, -1, -1]]","[11, 2, 22]"
"[[-1, 1, 1, 1, 1, 1, 1, -1], [-1, -1, -1, -1, -1, -1, -1, -1], [-1, 1, 1, 1, 1, 1, 1, 1], [1, 1, -1, -1, 1, -1, -1, 1], [1, 1, 1, 1, 1, 1, -1, 1], [1, 1, 1, 1, 1, -1, 1, 1], [1, 1, 1, -1, -1, 1, -1, -1], [1, 1, 1, -1, -1, -1, 1, -1]]","[17, 33, 36]"
"[[1, 1, 1, 1, 1, -1, -1, -1], [-1, -1, -1, -1, -1, -1, -1, -1], [-1, 1, 1, 1, 1, 1, 1, -1], [1, 1, 1, 1, 1, 1, 1, -1], [1, 1, 1, 1, 1, 1, 1, -1], [1, 1, 1, 1, 1, 1, 1, -1], [1, 1, 1, 1, 1, 1, 1, -1], [1, 1, 1, 1, 1, 1, 1, -1]]","[11, 22, 35]"
"[[-1, 1, 1, -1, 1, 1, -1, -1], [1, -1, 1, -1, 1, 1, -1, 1], [1, -1, -1, -1, -1, -1, -1, -1], [1, 1, 1, 1, 1, 1, 1, -1], [1, 1, 1, 1, 1, 1, 1, -1], [1, 1, 1, 1, -1, -1, -1, 1], [1, 1, 1, 1, -1, 1, -1, -1], [-1, 1, 1, 1, 1, 1, 1, -1]]","[23, 27, 6]"
"[[1, 1, 1, 1, 1, 1, 1, -1], [1, 1, 1, 1, 1, 1, -1, 1], [1, 1, 1, 1, -1, -1, 1, 1], [1, 1, -1, -1, -1, 1, 1, 1], [1, 1, 1, -1, -1, 1, 1, 1], [1, 1, 1, 1, -1, -1, 1, 1], [1, 1, 1, 1, -1, -1, 1, 1], [-1, -1, 1, 1, -1, -1, -1, 1]]","[18, 36, 40]"
"[[-1, -1, -1, -1, -1, -1, 1, 1], [-1, -1, 5, 5, 5, 1, -1, -1], [-1, 4, 7, 5, 7, -1, 7, -1], [4, 7, 1, -1, 7, 4, -1, -1], [7, 7, 7, -1, 7, 6, -1, -1], [1, 7, 4, -1, 4, 6, 1, 1], [4, 1, 4, -1, 7, 6, 6, 6], [1, 7, 4, -1, 6, 6, 6, 6]]","[11, 20, 22]"
"[[1, 1, 1, 1, 1, 1, 1, -1], [1, 1, 1, 1, 1, 1, 1, -1], [1, 1, 1, 1, 1, 1, 1, -1], [1, 1, 1, 1, 1, 1, 1, -1], [-1, -1, -1, -1, -1, -1, -1, -1], [1, 1, 1, 1, 1, 1, 1, -1], [1, 1, 1, 1, 1, 1, 1, -1], [1, 1, 1, 1, 1, 1, 1, -1]]","[11, 2, 22]"
"[[1, 1, -1, -1, -1, -1, 1, 1], [1, -1, 1, 1, -1, -1, -1, 1], [1, 1, 1, 1, 1, 1, 1, -1], [-1, -1, 1, 1, 1, 1, 1, 1], [-1, -1, -1, 1, 1, 1, 1, 1], [-1, 1, 1, 1, 1, 1, 1, -1], [-1, -1, 1, 1, 1, 1, 1, 1], [-1, 1, -1, 1, 1, 1, 1, 1]]","[10, 11, 19]"
"[[1, -1, -1, -1, 1, 1, 1, 6], [-1, -1, -1, -1, 1, 1, 6, 6], [-1, -1, -1, 5, 5, 5, 5, 5], [-1, 5, 1, 1, 5, 5, 6, 6], [-1, 4, 1, 1, 5, 1, 5, 6], [-1, 4, 5, 6, 5, 6, 6, 6], [5, 4, 5, 6, 1, 1, -1, 5], [-1, 4, 6, 1, -1, -1, 6, -1]]","[19, 22, 31]"
"[[-1, -1, 1, 1, -1, 1, 1, 1], [1, 1, 1, 1, -1, 1, 1, 1], [1, -1, -1, -1, 1, 1, 1, -1], [1, 1, 1, 1, 1, 1, 1, -1], [-1, -1, -1, -1, -1, -1, -1, -1], [1, 1, 1, 1, 1, 1, 1, -1], [1, 1, 1, 1, 1, 1, 1, -1], [1, 1, 1, 1, 1, -1, -1, 1]]","[11, 13, 22]"
"[[-1, -1, -1, 21, -1, 21, 21, 21], [21, 21, 21, 21, -1, 21, 21, 21], [21, 21, 21, 21, -1, -1, -1, -1], [21, 21, 21, 21, 21, 21, 21, -1], [-1, -1, -1, -1, -1, -1, -1, -1], [21, 21, 21, 21, 21, 21, 21, -1], [21, 21, 21, 21, -1, 21, 21, 21], [-1, -1, -1, -1, -1, 21, 21, 21]]","[22, 23, 5]"
"[[-1, -1, -1, 1, 1, -1, 1, -1], [-1, -1, -1, 1, 1, -1, 1, -1], [1, 1, 1, 1, -1, -1, 1, -1], [1, 1, 1, -1, 1, -1, 1, 1], [1, 1, 1, 1, 1, -1, 1, 1], [1, 1, 1, 1, 1, -1, 1, -1], [1, 1, 1, 1, 1, -1, 1, -1], [1, 1, 1, 1, 1, -1, -1, 1]]","[22, 29, 35]"
"[[-1, 1, 1, 1, -1, 4, 4, 4], [-1, 1, 2, 2, 2, 6, 6, 4], [-1, 2, 2, 2, 2, 6, 6, 4], [-1, 2, 2, 2, 2, 6, 6, 4], [-1, 2, 7, 7, 4, 4, 4, 4], [-1, 2, 7, 7, 4, 4, 4, 4], [-1, 2, 4, 4, 4, 4, 4, 4], [-1, -1, -1, -1, -1, -1, -1, -1]]","[11, 22, 5]"
"[[-1, -1, 1, 1, 1, 1, -1, -1], [-1, 1, 1, 4, 1, 1, -1, -1], [1, 1, 1, 6, 4, 6, -1, 6], [-1, -1, -1, 6, 1, -1, 6, 6], [-1, -1, -1, 6, 6, -1, 6, 6], [-1, 4, 6, 6, 1, 4, 6, 4], [4, -1, -1, 4, 1, 4, 4, 4], [1, 1, 4, -1, -1, 4, 4, 4]]","[20, 35, 36]"
"[[21, 21, 21, -1, -1, -1, -1, -1], [21, 21, -1, 21, 21, 21, 21, 21], [21, 21, -1, 21, 21, 21, 21, 21], [21, 21, -1, 21, 21, 21, 21, 21], [-1, -1, -1, -1, -1, -1, -1, -1], [21, 21, 21, 21, -1, 21, 21, 21], [21, 21, -1, -1, 21, 21, 21, 21], [-1, -1, -1, -1, 21, 21, 21, 21]]","[11, 38, 4]"
"[[1, 1, 1, 1, -1, -1, 1, 1], [1, 1, 1, 1, -1, 1, 1, 1], [1, 1, 1, -1, -1, 1, 1, 1], [1, 1, -1, -1, 1, 1, -1, 1], [-1, 1, -1, 1, -1, 1, 1, -1], [1, 1, -1, -1, 1, 1, 1, -1], [-1, -1, -1, -1, -1, 1, 1, 1], [1, -1, 1, -1, 1, 1, 1, 1]]","[19, 20, 31]"
"[[-1, 1, 1, 7, 7, 7, 6, 3], [-1, 1, 1, 7, 7, 7, 6, 3], [-1, 6, 6, 4, 4, 4, 6, 3], [-1, 5, 5, 4, 4, 4, 6, -1], [-1, 5, 5, 5, 3, 3, 4, 4], [-1, 7, 7, 1, 2, 2, 2, 4], [-1, 7, 7, 1, 2, 2, 2, 4], [-1, -1, -1, -1, -1, -1, -1, -1]]","[11, 22, 4]"
"[[1, 1, 1, -1, 1, 1, 1, -1], [1, 1, 1, 1, -1, 1, 1, 1], [1, 1, 1, 1, -1, 1, 1, 1], [1, -1, 1, -1, 1, 1, 1, 1], [1, -1, 1, 1, 1, 1, 1, 1], [1, -1, 1, 1, 1, 1, 1, 1], [-1, 1, 1, 1, 1, 1, 1, 1], [-1, -1, -1, -1, -1, -1, -1, -1]]","[11, 13, 8]"
"[[-1, -1, -1, -1, -1, -1, 1, -1], [1, 1, 1, 1, -1, -1, 1, 1], [-1, -1, 1, -1, 1, -1, 1, 1], [1, 1, 1, 1, -1, -1, 1, 1], [1, 1, 1, 1, 1, -1, 1, 1], [1, 1, 1, 1, 1, -1, 1, -1], [1, 1, 1, 1, 1, -1, -1, 1], [1, 1, 1, 1, 1, -1, -1, 1]]","[12, 32, 9]"
"[[-1, -1, -1, -1, -1, -1, -1, -1], [1, 1, 1, 1, 1, 1, -1, -1], [1, 1, 1, 1, 1, 1, 1, -1], [1, 1, 1, 1, -1, -1, 1, -1], [1, 1, 1, 1, 1, 1, 1, -1], [1, 1, 1, 1, 1, 1, 1, -1], [1, 1, 1, 1, 1, 1, 1, -1], [1, 1, 1, 1, 1, 1, 1, -1]]","[3, 37, 7]"
"[[-1, -1, -1, 1, -1, -1, 1, 1], [1, -1, 1, 1, 1, 1, 1, 1], [1, -1, 1, 1, 1, 1, 1, 1], [1, -1, -1, -1, 1, 1, 1, -1], [1, -1, 1, 1, 1, 1, 1, -1], [1, -1, -1, 1, 1, 1, 1, -1], [1, 1, 1, 1, -1, -1, -1, -1], [-1, -1, 1, 1, 1, 1, 1, 1]]","[13, 17, 23]"
"[[-1, -1, 1, -1, -1, 1, 1, 1], [1, 1, 1, 1, 1, 1, 1, -1], [1, 1, 1, 1, 1, -1, -1, -1], [1, 1, 1, 1, 1, 1, -1, -1], [1, 1, 1, 1, 1, -1, -1, -1], [1, 1, 1, -1, 1, 1, -1, 1], [1, 1, 1, -1, 1, 1, 1, 1], [1, 1, -1, -1, -1, 1, -1, -1]]","[32, 7, 7]"
"[[-1, 1, -1, 1, -1, 1, -1, 1], [-1, 1, 1, 1, 1, 1, 1, 1], [-1, 1, 1, 1, 1, 1, 1, 1], [-1, -1, -1, -1, -1, -1, -1, -1], [-1, 1, 1, 1, 1, 1, 1, 1], [-1, -1, -1, -1, -1, -1, -1, -1], [-1, 1, 1, 1, 1, 1, 1, 1], [-1, -1, -1, -1, -1, -1, 1, 1]]","[11, 20, 23]"
"[[-1, -1, -1, -1, -1, -1, -1, 1], [-1, 1, 1, -1, 1, 1, 1, 1], [-1, 1, 1, -1, 1, 1, 1, -1], [-1, 1, 1, -1, 1, 1, 1, -1], [1, 1, 1, -1, 1, 1, 1, -1], [-1, 1, 1, -1, 1, 1, 1, 1], [1, 1, 1, -1, 1, 1, -1, 1], [1, 1, 1, -1, 1, 1, 1, -1]]","[12, 22, 5]"
"[[-1, -1, -1, -1, 1, 1, -1, 1], [3, 3, 1, -1, 7, 1, 1, -1], [3, 2, 1, -1, -1, -1, -1, 7], [3, 7, 4, -1, -1, -1, -1, 2], [2, 4, 4, -1, 6, 1, 7, 7], [2, 4, 7, -1, 4, 4, 4, 4], [1, 1, 2, -1, -1, 7, 7, 2], [7, 2, 2, -1, 2, -1, -1, 1]]","[35, 42, 7]"
"[[1, -1, 1, 1, 1, -1, -1, -1], [-1, 1, 1, 1, -1, 1, -1, 1], [1, -1, 1, 1, 1, 1, 1, 1], [-1, 1, 1, 1, 1, 1, 1, 1], [-1, -1, 1, 1, 1, 1, 1, 1], [-1, -1, -1, -1, 1, 1, 1, 1], [1, 1, 1, -1, 1, 1, 1, 1], [1, 1, 1, 1, -1, 1, 1, 1]]","[20, 26, 30]"
"[[-1, -1, -1, -1, -1, -1, -1, -1], [1, 1, 1, 2, 1, 3, 3, -1], [-1, 2, 2, 2, 2, 7, 3, -1], [1, 3, 3, 2, 4, 7, 3, -1], [1, 3, 3, 7, 4, 7, 7, -1], [1, 4, 4, 7, 4, 7, 2, -1], [1, 4, 4, 7, 4, 7, 2, -1], [1, 4, 4, 7, 4, 7, 2, -1]]","[11, 3, 4]"
"[[-1, -1, -1, -1, -1, -1, -1, -1], [-1, 1, 1, 1, 1, 1, 1, 1], [-1, 1, 1, 1, 1, 1, 1, 1], [-1, 1, 1, 1, 1, 1, 1, 1], [-1, 1, 1, 1, 1, 1, 1, 1], [-1, 1, 1, 1, 1, 1, 1, 1], [-1, 1, 1, 1, 1, 1, 1, 1], [-1, 1, 1, 1, -1, 1, 1, 1]]","[11, 21, 22]"
"[[1, 1, -1, -1, 1, 1, 1, 1], [1, 1, 1, -1, 1, 1, 1, -1], [-1, -1, -1, -1, -1, -1, -1, -1], [-1, 1, 1, 1, 1, 1, 1, -1], [-1, 1, 1, 1, 1, 1, 1, 1], [-1, 1, 1, 1, 1, 1, 1, -1], [1, 1, -1, 1, 1, 1, -1, -1], [-1, -1, 1, 1, 1, 1, 1, -1]]","[23, 25, 25]"
"[[1, 1, 1, 1, 1, -1, 1, -1], [1, 1, 1, 1, 1, -1, 1, -1], [-1, 1, 1, 1, 1, 1, 1, 1], [-1, 1, 1, 1, 1, 1, -1, 1], [-1, -1, -1, 1, 1, 1, 1, 1], [-1, -1, -1, 1, 1, 1, 1, -1], [1, 1, 1, 1, -1, 1, -1, 1], [1, 1, 1, -1, -1, 1, -1, 1]]","[33, 7, 9]"
"[[-1, 1, -1, -1, 1, 1, -1, 1], [1, 1, 1, 1, 1, 1, -1, 1], [1, 1, 1, 1, 1, 1, -1, 1], [1, 1, 1, 1, 1, 1, -1, 1], [1, 1, 1, 1, 1, 1, -1, 1], [1, 1, 1, -1, 1, 1, -1, 1], [1, 1, -1, 1, 1, 1, -1, -1], [1, -1, -1, 1, -1, -1, -1, 1]]","[13, 13, 14]"
"[[-1, -1, -1, -1, -1, -1, 1, -1], [1, 1, 1, 1, 1, 1, 1, -1], [-1, -1, -1, -1, -1, -1, -1, -1], [1, 1, 1, 1, 1, 1, 1, -1], [1, 1, 1, 1, 1, 1, 1, -1], [1, 1, 1, 1, 1, 1, 1, -1], [1, 1, 1, 1, 1, 1, 1, -1], [1, 1, 1, 1, 1, 1, 1, -1]]","[11, 17, 22]"
"[[1, -1, -1, -1, 1, -1, -1, -1], [1, -1, 1, 1, 1, 1, 1, 1], [1, -1, 1, 1, 1, 1, -1, 1], [1, -1, 1, 1, 1, 1, -1, 1], [1, -1, 1, 1, 1, 1, -1, 1], [-1, -1, 1, 1, 1, 1, -1, 1], [1, -1, 1, 1, 1, 1, -1, 1], [1, -1, 1, 1, -1, 1, -1, 1]]","[22, 32, 36]"
"[[-1, 1, 1, 1, -1, 1, 1, -1], [1, 1, -1, -1, 1, 1, 1, -1], [-1, 1, 1, 1, 1, 1, 1, -1], [-1, 1, 1, 1, 1, 1, 1, -1], [-1, -1, 1, 1, 1, 1, 1, 1], [-1, -1, 1, 1, 1, 1, 1, 1], [-1, 1, 1, 1, 1, 1, 1, 1], [-1, 1, -1, -1, 1, -1, -1, -1]]","[31, 42, 7]"
"[[-1, -1, -1, 1, -1, 1, -1, 1], [1, 1, 1, 1, 1, 1, -1, 1], [1, -1, -1, -1, -1, -1, -1, -1], [1, 1, 1, 1, 1, 1, 1, -1], [1, 1, 1, 1, 1, 1, -1, 1], [1, 1, -1, 1, 1, 1, 1, -1], [-1, -1, 1, -1, 1, 1, 1, 1], [1, -1, 1, 1, -1, -1, 1, 1]]","[11, 16, 22]"
"[[1, -1, 1, -1, -1, -1, 1, 1], [1, -1, 1, -1, -1, 1, 1, 1], [1, 1, 1, -1, -1, 1, 1, 1], [-1, -1, 1, -1, -1, 1, 1, 1], [1, 1, -1, -1, -1, 1, 1, 1], [-1, 1, 1, -1, 1, 1, 1, 1], [-1, -1, 1, -1, 1, 1, -1, -1], [1, -1, 1, -1, 1, 1, 1, 1]]","[16, 36, 4]"
"[[1, 1, 1, 21, 21, -1, -1, -1], [21, 21, 21, 21, 21, 1, 1, -1], [-1, -1, -1, -1, -1, 1, 1, -1], [1, 1, 1, 1, -1, 1, 1, -1], [1, 1, 1, 1, 1, 21, 1, -1], [21, 21, 21, 1, 1, 1, 1, -1], [21, 21, 21, 1, 1, 1, 1, -1], [21, 21, 21, 1, 1, 1, 1, -1]]","[3, 3, 30]"
"[[-1, -1, -1, -1, -1, 1, -1, -1], [1, 1, 1, 1, 1, 1, 1, -1], [1, 1, 1, 1, 1, -1, -1, 1], [1, 1, 1, 1, 1, 1, 1, -1], [1, 1, 1, 1, 1, 1, 1, -1], [1, 1, 1, 1, 1, 1, 1, -1], [1, 1, 1, 1, 1, 1, 1, -1], [1, 1, 1, 1, 1, 1, 1, -1]]","[15, 22, 5]"
"[[-1, 1, -1, 1, -1, -1, -1, -1], [1, 1, -1, 1, 1, 1, 1, -1], [1, 1, -1, 1, 1, 1, 1, -1], [1, 1, -1, -1, 1, 1, 1, -1], [-1, -1, -1, 1, 1, 1, 1, -1], [1, 1, -1, 1, 1, 1, 1, -1], [1, 1, -1, 1, 1, 1, 1, -1], [1, 1, -1, 1, 1, 1, 1, -1]]","[3, 42, 5]"
"[[1, 1, 1, 1, 1, 1, 1, -1], [1, 1, 1, 1, 1, 1, 1, -1], [1, 1, 1, 1, 1, 1, 1, -1], [1, 1, 1, 1, 1, 1, -1, -1], [1, 1, 1, 1, 1, 1, 1, -1], [1, 1, 1, 1, 1, 1, 1, -1], [1, 1, 1, 1, 1, 1, 1, -1], [-1, -1, -1, -1, -1, -1, -1, -1]]","[11, 24, 28]"
"[[-1, 1, -1, -1, 1, 1, 1, 1], [1, -1, -1, 1, 1, 1, 1, -1], [-1, -1, 1, 1, 1, -1, 1, -1], [-1, -1, -1, 1, 1, -1, -1, 1], [-1, 1, 1, 1, 1, 1, 1, -1], [1, 1, 1, 1, 1, 1, -1, -1], [1, 1, 1, 1, 1, 1, -1, 1], [-1, 1, 1, -1, -1, -1, 1, -1]]","[13, 19, 27]"
"[[-1, -1, -1, -1, -1, -1, -1, -1], [1, 1, 1, 1, 5, 5, 5, -1], [6, 6, 6, 6, 6, 4, 4, -1], [1, 1, 1, 6, 6, 4, 4, -1], [1, 1, 1, 6, 6, 4, 4, -1], [4, 4, 4, 5, 5, 5, 7, -1], [4, 4, 4, 5, 5, 5, 7, -1], [7, 7, 7, -1, 7, 7, 7, -1]]","[11, 12, 22]"
"[[1, 1, -1, 1, 1, -1, 1, 1], [-1, 1, 1, 1, 1, 1, 1, -1], [-1, 1, 1, 1, 1, 1, -1, 1], [-1, -1, 1, 1, 1, 1, 1, 1], [-1, -1, 1, 1, 1, 1, 1, 1], [-1, -1, -1, -1, 1, 1, 1, 1], [1, -1, 1, -1, -1, 1, 1, -1], [1, -1, 1, -1, -1, 1, -1, -1]]","[17, 21, 9]"
"[[1, 1, -1, 1, 1, 1, 1, 1], [1, 1, -1, 1, 1, 1, 1, 1], [-1, 1, -1, 1, 1, 1, 1, 1], [-1, 1, 1, 1, 1, 1, 1, 1], [-1, 1, 1, 1, 1, 1, 1, 1], [-1, 1, 1, 1, 1, 1, 1, 1], [-1, 1, 1, 1, 1, 1, 1, 1], [-1, -1, -1, -1, -1, -1, -1, -1]]","[11, 22, 5]"
"[[1, 1, 1, 1, 7, 6, 6, -1], [4, 4, 4, 4, 7, 7, 6, -1], [4, 4, 4, 4, 4, 7, 6, -1], [7, 7, 7, 4, 1, 1, 1, -1], [-1, -1, -1, -1, -1, -1, -1, -1], [1, 1, 1, 7, 7, 7, -1, -1], [1, 1, 1, 7, 7, 7, -1, -1], [1, 1, 1, 7, 7, 7, -1, -1]]","[11, 36, 7]"
"[[1, 1, 1, 1, -1, 1, 1, 1], [1, 1, 1, 1, -1, 1, 1, 1], [-1, -1, -1, -1, -1, 1, 1, -1], [-1, 1, 1, 1, 1, 1, 1, 1], [-1, 1, 1, 1, 1, 1, 1, 1], [-1, 1, 1, 1, 1, -1, 1, 1], [-1, 1, 1, 1, 1, -1, -1, -1], [-1, 1, 1, 1, -1, -1, 1, -1]]","[11, 22, 29]"
"[[-1, 1, 1, -1, 6, 6, -1, -1], [-1, 6, 1, -1, -1, 2, 2, 2], [1, 1, 1, -1, -1, -1, -1, -1], [3, 3, 3, -1, 1, 2, 2, 2], [2, 1, 6, -1, -1, 1, 6, -1], [2, -1, -1, -1, 1, 1, 1, 1], [1, 2, 6, -1, -1, 2, 1, -1], [-1, 1, -1, -1, 2, -1, -1, -1]]","[14, 22, 24]"
"[[-1, 1, 1, -1, 1, -1, 2, 2], [6, 3, 3, 1, -1, -1, 2, -1], [6, 1, 3, 3, -1, -1, 1, -1], [2, -1, -1, -1, -1, -1, 1, 2], [1, 2, -1, 2, 6, 6, -1, -1], [1, 1, 1, 4, 4, 6, -1, -1], [6, 1, 1, 1, 4, 4, -1, -1], [1, 6, -1, -1, 2, 6, 1, 6]]","[34, 36, 7]"
"[[-1, -1, -1, -1, -1, -1, -1, -1], [1, 1, 1, 1, -1, 1, 1, 1], [1, 1, 1, 1, -1, 1, 1, 1], [-1, -1, -1, -1, -1, -1, -1, -1], [1, 1, 1, 1, 1, 1, 1, -1], [1, 1, 1, 1, 1, 1, 1, -1], [1, 1, 1, 1, 1, 1, 1, -1], [1, 1, 1, -1, 1, 1, 1, -1]]","[11, 2, 22]"
"[[1, -1, 3, 3, -1, 1, -1, -1], [-1, -1, -1, -1, -1, -1, -1, -1], [2, 7, 1, 3, -1, 7, -1, -1], [-1, 7, 7, 1, -1, 2, 2, -1], [-1, 1, 2, 1, -1, 2, 2, 1], [-1, 1, 1, 1, -1, 6, 6, 6], [2, 2, 5, 5, -1, 2, 2, 6], [3, -1, 1, 5, -1, 3, 2, 6]]","[25, 7, 8]"
"[[-1, -1, -1, -1, -1, -1, -1, -1], [-1, -1, -1, 1, 1, 1, 1, 1], [1, -1, 1, 1, 1, 1, 1, 1], [1, -1, 1, 1, 1, 1, 1, 1], [1, -1, 1, 1, 1, 1, 1, 1], [1, -1, -1, 1, 1, 1, 1, 1], [1, -1, -1, 1, 1, 1, 1, 1], [1, 1, 1, 1, 1, 1, -1, 1]]","[13, 37, 6]"
"[[-1, 1, 1, -1, -1, 1, 1, 1], [1, 1, 1, 1, 1, 1, 1, -1], [-1, -1, -1, -1, -1, -1, -1, -1], [-1, 1, 1, 1, 1, 1, -1, -1], [1, 1, 1, 1, 1, -1, 1, -1], [-1, 1, 1, 1, 1, 1, 1, 1], [1, 1, 1, 1, -1, 1, 1, -1], [1, 1, 1, -1, -1, -1, -1, -1]]","[10, 11, 11]"
"[[1, 1, -1, 2, 2, 2, 2, 7], [1, 1, -1, 2, 2, 2, 2, -1], [1, 7, -1, 2, 4, 2, 2, 7], [-1, 1, 2, 7, 4, 2, 7, -1], [-1, -1, 7, 2, 4, 7, 7, 7], [-1, 2, 1, -1, 4, 7, -1, -1], [-1, 1, 1, -1, 4, 7, 7, 7], [-1, 1, 1, -1, -1, -1, 1, 7]]","[11, 20, 23]"
"[[1, 1, -1, -1, 1, -1, 1, -1], [1, 1, 1, -1, 1, -1, 1, -1], [-1, -1, -1, -1, 1, 1, -1, -1], [1, 1, 1, -1, -1, 1, 1, -1], [1, 1, 1, 1, -1, 1, 1, 1], [1, 1, 1, -1, 1, 1, 1, 1], [1, 1, 1, -1, 1, 1, -1, -1], [1, 1, 1, -1, -1, 1, -1, 1]]","[22, 42, 6]"
"[[-1, 1, 1, 1, 1, -1, 1, -1], [1, -1, 1, 1, 1, -1, 1, -1], [1, 1, 1, 1, 1, -1, 1, 1], [1, 1, 1, 1, 1, -1, 1, 1], [1, 1, 1, 1, 1, -1, 1, 1], [-1, -1, -1, 1, 1, -1, 1, -1], [1, 1, 1, 1, 1, -1, -1, 1], [1, 1, 1, -1, -1, -1, -1, 1]]","[13, 17, 7]"
"[[1, -1, -1, -1, -1, 1, 1, 1], [1, 1, -1, -1, 1, -1, 1, 1], [-1, -1, -1, 1, -1, 1, 1, 1], [1, 1, 1, -1, -1, 1, 1, 1], [-1, 1, 1, 1, -1, 1, 1, 1], [-1, 1, 1, 1, 1, 1, 1, 1], [1, -1, 1, -1, 1, -1, -1, 1], [1, 1, -1, -1, -1, -1, 1, -1]]","[24, 25, 7]"
"[[1, -1, 1, 2, 3, 3, 3, 3], [3, 3, 2, 2, 2, 1, 2, -1], [-1, -1, -1, 2, 3, -1, 3, 1], [-1, -1, -1, 3, 3, -1, -1, -1], [-1, -1, 2, -1, -1, 3, 2, 4], [-1, -1, 2, -1, 2, 1, 2, 4], [1, -1, -1, 1, 2, 1, 1, 4], [1, -1, -1, 3, 2, 1, 3, 4]]","[13, 35, 8]"
"[[1, -1, -1, -1, 1, -1, 1, -1], [1, -1, -1, 1, 1, -1, 1, 1], [1, 1, 1, 1, 1, -1, -1, 1], [1, 1, 1, 1, 1, -1, -1, -1], [1, 1, 1, 1, 1, -1, 1, 1], [1, 1, 1, 1, 1, -1, 1, 1], [1, 1, 1, 1, -1, -1, -1, 1], [-1, 1, 1, 1, 1, -1, -1, 1]]","[21, 42, 9]"
"[[-1, 1, 1, 1, -1, 1, -1, -1], [1, 1, 1, 1, -1, 1, 1, 1], [1, 1, 1, 1, -1, 1, 1, 1], [1, 1, 1, 1, 1, -1, -1, -1], [1, 1, 1, 1, 1, -1, 1, 1], [1, 1, 1, 1, 1, -1, 1, 1], [1, 1, 1, 1, 1, 1, 1, -1], [1, -1, -1, -1, -1, -1, -1, 1]]","[17, 21, 7]"
"[[-1, 1, -1, 1, 1, 1, 1, -1], [1, 1, -1, 1, 1, 1, 1, -1], [1, 1, -1, 1, 1, 1, 1, -1], [1, 1, -1, -1, -1, -1, -1, -1], [-1, -1, -1, 1, 1, 1, 1, -1], [1, 1, -1, 1, 1, 1, 1, -1], [1, 1, -1, 1, 1, 1, 1, -1], [1, 1, -1, 1, 1, 1, 1, -1]]","[17, 28, 4]"
"[[-1, 2, 2, 2, 2, 5, 5, 5], [-1, 5, 5, 5, 3, 3, 3, 5], [-1, 5, 5, 5, 3, 3, 3, 5], [-1, 5, 5, 5, 3, 3, 3, 5], [-1, -1, -1, -1, -1, -1, -1, -1], [7, 3, 3, 3, 6, 6, 6, -1], [7, 3, 3, 3, 6, 6, 6, -1], [7, 5, 3, 3, 6, 6, 6, -1]]","[11, 22, 32]"
"[[1, 1, -1, -1, -1, -1, -1, 1], [1, -1, -1, 1, 1, 1, -1, 1], [1, -1, 1, 1, 1, 1, 1, -1], [-1, -1, 1, 1, 1, 1, 1, 1], [-1, -1, -1, 1, 1, 1, 1, 1], [-1, 1, 1, 1, 1, 1, 1, -1], [-1, -1, 1, 1, 1, 1, 1, 1], [-1, 1, -1, 1, 1, 1, 1, 1]]","[11, 30, 7]"
"[[-1, -1, 1, -1, 1, -1, -1, -1], [-1, 1, -1, -1, 1, 1, 1, 1], [-1, -1, 1, 1, 1, -1, -1, -1], [-1, 1, 1, 1, 1, 1, 1, 1], [-1, 1, 1, 1, 1, 1, 1, 1], [-1, -1, -1, -1, -1, -1, -1, -1], [-1, 1, 1, 1, 1, 1, 1, 1], [-1, 1, 1, 1, 1, 1, 1, 1]]","[11, 21, 31]"
"[[1, 1, -1, 1, 1, 1, 1, -1], [-1, -1, 1, 1, 1, 1, 1, 1], [-1, 1, 1, 1, 1, 1, 1, 1], [-1, -1, -1, 1, 1, 1, 1, 1], [-1, -1, 1, 1, -1, -1, 1, -1], [1, 1, 1, -1, -1, -1, -1, 1], [1, 1, 1, -1, -1, -1, -1, -1], [1, 1, 1, 1, 1, -1, 1, 1]]","[14, 31, 7]"
"[[1, 1, 1, -1, -1, -1, -1, -1], [1, 1, 1, 1, 3, 3, 3, -1], [3, 3, 3, 1, 1, 1, 4, -1], [3, 3, 3, 1, 1, 1, 4, -1], [3, 3, 3, 1, 1, 1, 4, -1], [1, 1, 1, 3, 3, 3, 4, -1], [1, 1, 1, 3, 3, 3, 4, -1], [-1, -1, -1, 3, 3, 3, -1, -1]]","[11, 22, 28]"
"[[-1, -1, -1, 1, 1, 1, 1, 1], [1, 1, 1, -1, -1, -1, -1, -1], [1, 1, 1, 1, 1, 1, 1, -1], [1, 1, 1, 1, 1, 1, 1, -1], [1, 1, 1, 1, 1, 1, 1, -1], [1, 1, 1, 1, 1, 1, 1, -1], [1, 1, 1, 1, 1, 1, 1, -1], [1, 1, 1, 1, 1, 1, 1, -1]]","[11, 22, 5]"
"[[-1, -1, -1, -1, -1, 1, 3, 3], [-1, 6, 6, 6, -1, 3, 3, 3], [-1, 6, 6, 6, 4, 4, 3, 3], [-1, 6, 6, 6, 3, 3, 1, 3], [-1, -1, -1, -1, -1, -1, 2, 3], [-1, 7, 7, 7, 2, 1, 2, 3], [-1, 7, 7, 7, 5, 5, 1, 3], [-1, 7, 7, 7, 1, 1, -1, -1]]","[11, 30, 31]"
"[[1, 1, -1, 1, -1, -1, 1, 1], [1, 1, -1, -1, 1, 1, 1, -1], [-1, 1, 1, -1, 1, 1, -1, 1], [1, 1, 1, 1, 1, 1, 1, -1], [-1, 1, 1, 1, 1, 1, -1, -1], [-1, 1, 1, 1, 1, 1, -1, 1], [-1, -1, 1, 1, 1, 1, 1, -1], [-1, -1, 1, 1, 1, 1, 1, -1]]","[16, 17, 6]"
"[[2, 2, 2, 2, 2, 2, 2, -1], [2, 2, 2, 2, 2, 2, 2, -1], [2, 2, 2, 2, 2, 2, 2, -1], [-1, -1, -1, -1, -1, -1, -1, -1], [-1, 2, 2, 2, 2, 2, 2, 2], [-1, 2, 2, 2, 2, 2, 2, 2], [-1, 2, 2, 2, 2, 2, 2, 2], [-1, 2, 2, 2, 2, 2, 2, 2]]","[11, 22, 29]"
"[[-1, -1, 1, 4, 4, 1, 1, 1], [-1, -1, 1, 4, 4, 1, 1, 1], [-1, -1, 1, 4, 4, 1, 1, 1], [-1, -1, -1, -1, -1, -1, -1, -1], [-1, 4, 1, 1, 1, 1, 1, 1], [-1, 4, 1, 1, 1, 1, 1, 1], [-1, 4, 4, 1, 1, 1, 1, 1], [-1, 1, 1, 1, 1, 1, 1, 1]]","[11, 36, 7]"
"[[1, -1, -1, 1, 1, 1, 1, -1], [1, -1, -1, 1, 1, 1, 1, 1], [-1, 1, -1, 1, 1, 1, 1, 1], [-1, -1, -1, -1, -1, -1, -1, -1], [-1, 1, 1, 1, 1, 1, 1, 1], [-1, 1, 1, 1, 1, 1, 1, 1], [1, -1, -1, -1, 1, 1, -1, 1], [1, 1, -1, -1, -1, -1, 1, -1]]","[11, 29, 7]"
"[[1, -1, -1, -1, 1, 1, -1, 7], [4, 4, -1, 1, -1, 4, 2, 4], [1, 1, -1, 2, 7, 2, 2, 2], [7, -1, -1, 6, 6, 6, 6, 1], [1, 7, -1, 1, 1, 1, 7, 7], [2, 1, -1, 7, 2, 2, 1, 1], [2, 1, -1, 3, 1, 7, 3, 3], [-1, 2, -1, 2, 2, -1, -1, -1]]","[29, 5, 7]"
"[[-1, -1, 1, 1, 1, -1, -1, 1], [1, 1, -1, 1, 1, 1, -1, 1], [-1, -1, -1, 1, 1, -1, -1, -1], [1, -1, 1, 1, 1, -1, 1, 1], [-1, -1, -1, -1, -1, -1, 1, 1], [1, 1, 1, 1, 1, -1, -1, -1], [1, 1, 1, 1, 1, -1, 1, 1], [1, 1, 1, 1, 1, -1, 1, 1]]","[10, 21, 24]"
"[[1, 1, -1, -1, -1, -1, 1, 1], [1, 1, -1, 1, 1, 1, 1, -1], [1, 1, 1, 1, 1, 1, 1, -1], [1, -1, 1, -1, -1, -1, 1, -1], [1, 1, -1, -1, 1, 1, 1, 1], [-1, 1, -1, 1, 1, 1, 1, -1], [1, -1, 1, 1, 1, 1, -1, 1], [1, 1, 1, 1, -1, -1, -1, -1]]","[11, 33, 34]"
"[[-1, 1, 1, 1, 1, 1, 1, -1], [1, 1, 1, -1, 1, 1, -1, 1], [1, 1, 1, -1, -1, 1, 1, -1], [-1, 1, 1, 1, -1, -1, -1, -1], [-1, -1, 1, 1, 1, 1, 1, 1], [1, 1, -1, -1, -1, 1, 1, 1], [-1, 1, 1, 1, -1, 1, 1, 1], [1, 1, 1, 1, -1, 1, -1, -1]]","[12, 16, 16]"
"[[-1, -1, -1, -1, -1, -1, -1, -1], [1, 1, 1, 1, 1, 1, -1, -1], [1, 1, 1, 1, 1, 1, 1, -1], [1, 1, 1, 1, 1, 1, 1, -1], [1, 1, 1, -1, 1, 1, 1, -1], [1, 1, 1, 1, 1, 1, 1, -1], [1, 1, 1, 1, 1, 1, 1, -1], [1, 1, 1, 1, 1, 1, 1, -1]]","[11, 32, 7]"
"[[-1, -1, -1, -1, -1, -1, -1, -1], [1, -1, 1, -1, 1, -1, -1, -1], [1, -1, 1, -1, 1, 1, -1, 1], [1, -1, 1, -1, 1, 1, 1, 1], [1, -1, 1, -1, 1, 1, 1, 1], [1, -1, 1, -1, 1, 1, 1, 1], [1, -1, 1, -1, 1, 1, 1, -1], [1, -1, 1, -1, 1, 1, -1, 1]]","[22, 22, 38]"
"[[-1, 1, 1, 1, 1, 1, 1, -1], [-1, -1, -1, -1, -1, -1, -1, -1], [1, 1, 1, 1, 1, 1, -1, -1], [1, 1, -1, 1, 1, 1, 1, 1], [1, 1, 1, 1, 1, 1, 1, -1], [1, 1, 1, 1, 1, 1, 1, -1], [1, 1, -1, 1, 1, 1, 1, -1], [-1, -1, -1, -1, 1, 1, 1, 1]]","[17, 17, 8]"
"[[-1, -1, -1, -1, -1, -1, 1, -1], [1, 1, 1, 1, 1, -1, 1, -1], [1, 1, 1, 1, 1, 1, 1, -1], [1, 1, 1, 1, 1, 1, 1, -1], [1, 1, 1, 1, 1, 1, -1, -1], [1, 1, 1, 1, 1, 1, 1, -1], [1, 1, 1, 1, 1, 1, 1, -1], [1, 1, 1, 1, 1, 1, 1, -1]]","[11, 22, 4]"
"[[-1, 1, -1, 2, -1, -1, -1, -1], [-1, 3, 2, 7, 7, 7, 7, 1], [3, 6, 6, -1, 3, 7, 7, 1], [6, 6, 3, -1, 4, 7, 7, 3], [4, 4, 4, -1, 4, 7, 7, 2], [-1, -1, -1, -1, -1, -1, -1, -1], [-1, 3, 1, 6, 6, 2, 4, 2], [3, -1, 1, 6, 2, 2, 4, 2]]","[11, 22, 34]"
"[[-1, -1, -1, -1, -1, -1, -1, -1], [1, 1, 1, 1, 1, -1, 1, 1], [1, 1, 1, 1, 1, -1, 1, 1], [1, 1, 1, 1, 1, -1, 1, 1], [1, 1, 1, 1, 1, -1, 1, 1], [1, 1, 1, 1, 1, -1, 1, -1], [1, -1, -1, -1, 1, -1, 1, 1], [1, -1, 1, 1, 1, -1, 1, 1]]","[21, 22, 34]"
"[[1, -1, -1, -1, -1, -1, -1, -1], [-1, 1, -1, 1, 1, 1, 1, 1], [-1, -1, 1, 1, 1, 1, 1, 1], [1, -1, -1, 1, 1, 1, 1, 1], [1, -1, -1, 1, 1, 1, 1, 1], [1, -1, 1, 1, 1, 1, 1, 1], [1, -1, 1, 1, 1, 1, 1, 1], [1, -1, 1, 1, 1, 1, 1, 1]]","[15, 36, 38]"
"[[1, -1, -1, -1, 1, -1, 1, -1], [-1, -1, -1, 1, 1, -1, 1, 1], [1, 1, -1, 1, 1, -1, -1, 1], [1, 1, 1, 1, 1, -1, -1, 1], [1, 1, 1, 1, 1, -1, 1, 1], [1, 1, 1, 1, 1, 1, -1, 1], [1, 1, 1, 1, 1, 1, -1, 1], [1, 1, 1, 1, -1, -1, -1, 1]]","[22, 24, 30]"
"[[-1, -1, -1, -1, -1, -1, 1, 1], [1, 1, 1, 1, 1, -1, 1, 1], [1, 1, 1, 1, 1, -1, 1, 1], [1, 1, 1, 1, 1, -1, 1, 1], [1, 1, 1, 1, 1, -1, 1, 1], [1, 1, 1, 1, 1, -1, 1, 1], [1, 1, 1, 1, 1, -1, 1, 1], [1, 1, 1, 1, 1, -1, -1, -1]]","[11, 23, 7]"
"[[-1, -1, -1, -1, -1, -1, -1, -1], [1, 1, 1, 1, 1, 1, 1, -1], [1, 1, 1, 1, 1, 1, 1, -1], [1, 1, 1, 1, -1, 1, 1, -1], [1, 1, 1, 1, 1, 1, 1, -1], [1, 1, 1, 1, 1, 1, 1, -1], [1, 1, 1, 1, 1, 1, 1, -1], [1, 1, 1, 1, 1, 1, 1, -1]]","[11, 12, 22]"
"[[-1, -1, 1, 1, 1, 1, 1, 1], [-1, -1, 1, 1, 1, 1, 1, 1], [-1, -1, 1, 1, 1, 1, 1, 1], [1, 1, 1, 1, 1, 1, -1, 1], [1, -1, -1, -1, 1, 1, 1, -1], [-1, 1, 1, 1, 1, 1, 1, -1], [1, 1, 1, 1, -1, 1, 1, -1], [-1, -1, 1, 1, -1, -1, 1, 1]]","[13, 36, 7]"
"[[-1, -1, -1, 1, 1, 1, 1, 1], [-1, -1, -1, -1, -1, -1, -1, -1], [-1, 1, 1, 1, 1, 1, 1, 1], [-1, 1, 1, 1, 1, 1, 1, 1], [-1, 1, 1, 1, 1, 1, 1, 1], [-1, 1, 1, 1, 1, 1, 1, 1], [-1, 1, 1, 1, 1, 1, 1, 1], [-1, 1, 1, 1, 1, 1, 1, 1]]","[11, 22, 35]"
"[[-1, -1, 1, 1, 1, 1, 1, 1], [1, 1, 1, 1, 1, 1, 1, -1], [1, 1, 1, 1, 1, 1, 1, -1], [-1, 1, 1, 1, 1, 1, 1, 1], [-1, -1, -1, -1, -1, -1, -1, -1], [1, 1, 1, 1, 1, 1, -1, 1], [1, 1, 1, 1, 1, 1, -1, -1], [1, 1, 1, 1, -1, 1, -1, -1]]","[11, 17, 28]"
"[[-1, 1, -1, -1, 1, 1, -1, -1], [1, -1, 1, 1, 1, 1, 1, -1], [-1, 1, 1, 1, 1, 1, -1, -1], [-1, 1, 1, 1, 1, 1, -1, -1], [-1, -1, 1, 1, 1, 1, 1, 1], [1, 1, 1, 1, 1, -1, 1, 1], [1, 1, 1, 1, -1, -1, 1, 1], [1, 1, -1, 1, 1, 1, 1, 1]]","[28, 42, 9]"
"[[-1, 1, 1, 1, 1, 1, 1, 1], [-1, 1, 1, 1, 1, 1, 1, 1], [-1, 1, 1, 1, 1, 1, 1, 1], [-1, -1, 1, 1, 1, 1, 1, 1], [-1, 1, 1, 1, 1, 1, 1, 1], [-1, 1, 1, 1, 1, 1, 1, 1], [-1, 1, 1, 1, 1, 1, 1, 1], [-1, -1, -1, -1, -1, -1, -1, -1]]","[11, 23, 27]"
"[[-1, -1, -1, -1, -1, -1, 1, 1], [-1, 1, 1, 1, 1, 1, 1, 1], [-1, 1, 1, 1, 1, 1, 1, -1], [1, 1, 1, 1, 1, 1, 1, -1], [1, 1, 1, 1, 1, 1, 1, -1], [1, 1, 1, -1, 1, 1, 1, -1], [1, 1, 1, 1, 1, 1, 1, -1], [1, 1, 1, 1, 1, 1, -1, -1]]","[21, 3, 3]"
"[[-1, 1, 1, -1, 1, 1, 1, 1], [-1, 1, 1, -1, 1, 1, 1, 1], [-1, -1, -1, -1, -1, -1, -1, -1], [1, 1, 1, -1, 1, 1, -1, 1], [1, 1, 1, -1, 1, 1, -1, -1], [1, 1, 1, -1, 1, 1, 1, 1], [1, 1, 1, -1, 1, 1, 1, 1], [1, 1, 1, -1, -1, -1, 1, 1]]","[22, 23, 23]"
"[[-1, -1, 1, -1, -1, -1, -1, -1], [-1, 1, 1, -1, 1, 1, 1, -1], [1, 1, -1, -1, 1, 1, 1, -1], [1, 1, 1, 1, 1, 1, 1, -1], [1, 1, 1, 1, 1, 1, 1, -1], [1, 1, 1, 1, 1, 1, 1, -1], [1, 1, 1, 1, 1, 1, 1, -1], [1, 1, 1, 1, 1, 1, 1, -1]]","[12, 22, 41]"
"[[1, 1, 1, 1, -1, 2, 6, 2], [3, 3, 3, 3, -1, 2, 6, 2], [1, 1, 1, 7, -1, 2, 6, 2], [3, 3, 3, 7, -1, 4, 6, 3], [3, -1, 3, 4, -1, 4, 6, 2], [4, 3, 3, 4, -1, 4, -1, -1], [-1, 4, 4, -1, -1, 2, -1, -1], [-1, -1, -1, 2, -1, -1, -1, -1]]","[18, 36, 8]"
"[[1, 1, 1, 1, -1, -1, -1, -1], [1, 1, 1, 1, 1, -1, -1, -1], [-1, 1, 1, -1, 1, 1, 1, 1], [-1, -1, 1, 1, 1, 1, 1, 1], [1, -1, 1, 1, 1, 1, 1, 1], [1, -1, 1, 1, 1, 1, 1, 1], [1, -1, 1, 1, 1, 1, 1, 1], [1, -1, -1, 1, 1, 1, 1, -1]]","[13, 17, 22]"
"[[1, 1, 1, 1, -1, 1, -1, 1], [1, 1, 1, 1, 1, -1, 1, -1], [1, 1, 1, 1, -1, -1, 1, -1], [1, 1, 1, 1, -1, -1, 1, 1], [1, 1, 1, 1, 1, 1, -1, 1], [1, 1, -1, -1, 1, 1, 1, 1], [-1, -1, -1, -1, -1, -1, 1, 1], [-1, -1, -1, 1, 1, -1, 1, 1]]","[29, 30, 35]"
"[[-1, -1, 1, 1, 1, -1, -1, 1], [1, 1, -1, 1, 1, 1, 1, 1], [-1, -1, -1, 1, 1, 1, 1, -1], [1, -1, 1, 1, -1, 1, 1, -1], [1, 1, 1, 1, -1, 1, 1, 1], [1, 1, 1, -1, -1, 1, 1, -1], [1, 1, 1, 1, 1, 1, 1, -1], [-1, -1, -1, -1, -1, 1, -1, 1]]","[22, 26, 29]"
"[[1, -1, -1, -1, 1, 1, 1, -1], [-1, -1, 1, 1, 1, 1, 1, 1], [-1, 1, 1, 1, 1, 1, 1, 1], [1, 1, 1, 1, 1, -1, -1, -1], [1, 1, 1, 1, -1, -1, 1, 1], [1, 1, 1, 1, 1, -1, -1, -1], [1, 1, 1, 1, -1, 1, -1, -1], [-1, 1, 1, 1, 1, 1, -1, -1]]","[13, 21, 36]"
"[[1, 7, 2, 1, 2, -1, -1, -1], [-1, -1, -1, -1, -1, -1, 1, 7], [7, 2, 2, 7, -1, -1, 2, -1], [1, 2, 7, 2, -1, -1, -1, -1], [1, 2, 7, 1, -1, -1, -1, 7], [7, 1, 7, 7, 1, 2, -1, 7], [2, 7, 7, 1, 1, 1, 7, -1], [-1, 1, 2, -1, 1, 1, 1, 1]]","[11, 11, 36]"
"[[1, -1, -1, 1, 1, 1, 1, 1], [-1, 1, -1, -1, 1, 1, 1, 1], [-1, -1, -1, -1, 1, 1, 1, 1], [1, 1, 1, 1, -1, 1, 1, 1], [1, 1, -1, 1, 1, 1, 1, 1], [-1, -1, -1, -1, -1, -1, -1, -1], [-1, -1, 1, 1, 1, 1, 1, 1], [1, -1, -1, -1, 1, 1, 1, 1]]","[11, 17, 24]"
"[[-1, 1, 1, -1, -1, -1, -1, -1], [-1, 4, 4, 6, 4, -1, 4, 1], [6, -1, 1, 1, 4, -1, 5, 5], [4, 1, 1, 1, 6, -1, 5, 5], [4, 4, 2, 4, 1, -1, 5, 5], [6, 2, 2, 1, 1, -1, 5, 5], [6, 6, 2, 1, 3, -1, 5, 5], [-1, 6, -1, -1, -1, -1, 5, 5]]","[11, 17, 7]"
"[[1, 1, -1, 1, 1, -1, -1, -1], [1, 1, -1, 1, 1, 1, 1, 1], [1, 1, 1, -1, -1, -1, -1, -1], [-1, 1, 1, 1, 1, 1, 1, 1], [-1, -1, 1, 1, 1, 1, 1, 1], [-1, 1, 1, 1, 1, 1, 1, 1], [-1, 1, 1, 1, 1, 1, 1, 1], [-1, 1, 1, 1, 1, 1, 1, 1]]","[22, 3, 3]"
"[[1, 1, 1, 1, 1, -1, -1, -1], [-1, -1, -1, -1, -1, -1, -1, -1], [7, 1, 1, 1, 21, 21, 21, -1], [21, 1, 1, 1, 21, 1, 1, -1], [3, 1, 1, 1, 21, 1, 1, -1], [3, 21, 21, 21, 4, 4, 4, -1], [3, 21, 21, 21, 4, 4, 4, -1], [3, 21, 21, 21, 4, 4, 4, -1]]","[11, 22, 35]"
"[[1, 1, 6, 6, 6, 6, 6, -1], [1, 1, 6, 6, 6, 6, 6, -1], [1, 1, 6, 6, 6, 6, 6, -1], [-1, 1, 6, 6, 6, 6, 6, -1], [1, 1, 1, 1, 1, 1, 1, -1], [1, 1, 1, 1, 1, 1, 1, -1], [1, 1, 1, 1, 1, 1, 1, -1], [-1, -1, -1, -1, -1, -1, -1, -1]]","[11, 22, 24]"
"[[-1, 2, 2, 2, 2, 2, 2, 2], [-1, 2, 2, 2, 2, 2, 2, -1], [2, -1, 2, 2, 2, 2, -1, -1], [-1, -1, -1, 2, 2, 2, 2, -1], [2, 2, 2, 2, 2, 2, 2, -1], [-1, -1, 2, 2, 2, 2, 2, 2], [2, -1, 2, -1, 2, 2, -1, 2], [-1, -1, 2, -1, -1, -1, 2, -1]]","[10, 32, 8]"
"[[-1, -1, -1, -1, -1, 1, 1, 1], [-1, -1, -1, 1, 1, 1, 1, 1], [-1, 1, 1, 1, 1, 1, 1, 1], [-1, 1, 1, 1, 1, 1, -1, 1], [1, 1, 1, 1, 1, 1, -1, -1], [-1, 1, 1, 1, -1, -1, 1, 1], [-1, 1, 1, 1, 1, 1, -1, 1], [1, 1, -1, 1, -1, 1, -1, 1]]","[11, 21, 42]"
"[[1, -1, 1, -1, 1, -1, 1, -1], [-1, 1, -1, 1, 1, 1, 1, 1], [-1, 1, 1, 1, 1, 1, 1, 1], [-1, 1, 1, 1, 1, 1, 1, 1], [1, 1, 1, 1, -1, 1, -1, -1], [1, 1, 1, 1, 1, 1, 1, -1], [1, 1, 1, 1, 1, 1, 1, -1], [1, 1, -1, 1, 1, 1, -1, -1]]","[23, 32, 8]"
"[[-1, -1, -1, -1, 1, 1, 1, -1], [5, -1, 2, -1, -1, -1, -1, -1], [5, 5, -1, 2, -1, 1, 1, 1], [6, 5, -1, 6, 1, 1, 1, 1], [-1, 6, 1, 1, 2, 2, 1, 2], [-1, 6, -1, 2, 2, 2, 1, 4], [6, 6, 2, -1, 2, 6, 4, 4], [-1, 6, 6, 6, 6, 6, 2, 4]]","[16, 26, 33]"
"[[1, -1, -1, 2, 3, 21, 21, 21], [5, -1, 3, 2, 1, 1, 1, 21], [5, -1, 1, 2, 2, 2, 1, 21], [-1, -1, 7, 7, 7, 6, -1, 1], [-1, -1, 1, -1, 7, -1, 6, -1], [7, -1, 3, 1, 7, -1, -1, -1], [7, -1, 4, 4, -1, 3, 3, 1], [7, -1, 7, -1, -1, -1, -1, -1]]","[31, 33, 36]"
"[[-1, -1, -1, -1, -1, -1, -1, -1], [-1, -1, 1, 1, 1, 5, 5, 5], [-1, -1, 1, 1, 1, 5, 5, 5], [4, -1, 1, 1, 1, 5, 5, 5], [4, 7, -1, 7, 7, 7, 7, 7], [4, 7, -1, 1, 1, 1, 1, 1], [4, 7, -1, 5, 5, 5, 5, 5], [4, 7, -1, 4, 4, 4, 4, 4]]","[11, 25, 7]"
"[[1, -1, -1, 1, -1, 1, -1, -1], [1, 1, 1, 1, -1, 1, 1, 1], [1, 1, 1, 1, 1, 1, 1, -1], [1, 1, 1, 1, 1, 1, 1, -1], [-1, 1, 1, 1, 1, 1, 1, 1], [-1, 1, 1, 1, 1, 1, 1, 1], [-1, 1, 1, 1, 1, 1, 1, 1], [-1, -1, -1, -1, -1, -1, -1, -1]]","[11, 13, 7]"
"[[-1, 1, 1, 1, -1, 1, -1, 1], [-1, 1, 1, -1, 1, 1, -1, 1], [1, -1, -1, -1, 1, 1, 1, 1], [-1, 1, 1, 1, 1, 1, -1, -1], [-1, 1, 1, 1, 1, -1, -1, 1], [1, 1, 1, 1, 1, -1, -1, 1], [-1, 1, 1, 1, 1, 1, -1, -1], [1, 1, 1, 1, 1, 1, -1, -1]]","[14, 17, 33]"
"[[-1, -1, -1, -1, -1, -1, -1, -1], [1, 1, 1, -1, 1, 1, 1, -1], [1, 1, 1, -1, 1, 1, 1, 1], [1, 1, 1, -1, 1, 1, 1, 1], [1, 1, 1, -1, -1, 1, 1, 1], [1, 1, 1, -1, -1, 1, 1, 1], [1, 1, 1, -1, 1, 1, 1, 1], [-1, 1, 1, 1, 1, 1, 1, 1]]","[3, 3, 30]"
"[[-1, -1, -1, 1, 1, 1, -1, -1], [-1, -1, -1, 1, 1, 1, -1, 1], [-1, -1, -1, 1, 1, -1, 1, 1], [1, 1, 1, 1, -1, 1, 1, 1], [1, 1, 1, 1, -1, 1, 1, 1], [1, 1, 1, -1, 1, -1, 1, 1], [1, 1, 1, 1, 1, 1, -1, 1], [1, 1, 1, 1, 1, 1, 1, -1]]","[13, 39, 40]"
"[[1, 1, 4, 4, -1, 3, 1, 3], [1, 1, 3, 3, -1, 1, 1, 1], [1, 1, 3, 3, -1, 7, 7, 7], [4, 4, 3, 3, -1, 7, 7, 7], [4, 4, 7, 7, -1, 7, 7, 7], [2, 2, 2, 2, -1, 4, 4, 4], [2, 2, 2, 2, -1, 4, 4, 4], [-1, -1, -1, -1, -1, -1, -1, -1]]","[11, 22, 3]"
"[[-1, -1, -1, -1, -1, -1, -1, -1], [21, 21, 21, 21, 21, 21, -1, -1], [21, 21, 21, 21, 21, 21, 21, -1], [21, 21, 21, 21, 21, 21, 21, -1], [-1, 21, 21, 21, 21, 21, 21, 21], [-1, 21, 21, 21, 21, 21, 21, 21], [-1, 21, 21, 21, 21, 21, 21, 21], [-1, 21, 21, 21, 21, 21, 21, 21]]","[36, 37, 6]"
"[[-1, -1, 1, -1, -1, 1, 1, 1], [1, 1, 1, 1, -1, -1, -1, -1], [-1, -1, -1, 1, -1, 1, 1, 1], [1, 1, 1, 1, -1, 1, 1, 1], [-1, 1, 1, 1, 1, 1, 1, 1], [-1, 1, 1, 1, 1, 1, 1, 1], [-1, 1, 1, 1, 1, 1, 1, 1], [1, 1, 1, 1, -1, 1, 1, 1]]","[11, 21, 35]"
"[[-1, 1, 1, 1, 1, 1, 1, 3], [-1, 1, 1, 1, 1, 1, 1, 3], [-1, 1, 1, 1, 1, 1, 1, 3], [-1, 1, 1, 1, 1, 1, 3, -1], [1, 1, 1, 3, 3, 3, 3, -1], [1, 1, 1, 3, 3, 3, 3, -1], [1, 1, 1, 3, 3, 3, 3, -1], [-1, -1, -1, -1, -1, -1, -1, -1]]","[11, 22, 7]"
"[[-1, 1, 1, 1, 1, 1, 1, 3], [-1, 3, 1, 2, -1, 2, 3, 1], [-1, -1, 1, 3, 3, 3, 1, 3], [1, -1, 3, 3, 2, 1, 1, 1], [-1, -1, -1, -1, -1, -1, -1, -1], [4, 4, 4, 2, 2, 3, -1, -1], [2, 2, 2, 2, 2, 1, 2, -1], [3, 2, 2, 2, 2, -1, -1, -1]]","[22, 23, 30]"
"[[-1, -1, -1, -1, -1, -1, -1, -1], [-1, 1, 1, 1, 1, 1, 1, 1], [-1, 1, 1, 1, 1, 1, 1, -1], [-1, 1, 1, 1, 1, 1, 1, 1], [-1, 1, 1, 1, 1, 1, 1, 1], [-1, 1, 1, 1, 1, 1, 1, 1], [-1, 1, 1, 1, 1, 1, 1, 1], [-1, 1, 1, 1, 1, 1, 1, 1]]","[11, 21, 22]"
"[[-1, -1, -1, -1, -1, -1, -1, -1], [1, -1, 1, 1, 1, 1, 1, 1], [-1, -1, -1, -1, -1, -1, -1, -1], [1, 1, 1, -1, 1, 1, 1, 1], [-1, -1, -1, -1, 1, 1, 1, 1], [1, 1, 1, -1, 1, 1, 1, 1], [1, 1, 1, -1, 1, 1, 1, 1], [1, 1, 1, -1, 1, 1, 1, 1]]","[22, 3, 8]"
"[[1, 1, 1, -1, -1, 1, 1, 1], [1, 1, 1, 1, -1, 1, 1, 1], [1, 1, 1, 1, -1, 1, 1, 1], [-1, 1, 1, 1, -1, 1, 1, 1], [-1, -1, -1, -1, -1, -1, -1, -1], [-1, 1, 1, 1, 1, 1, 1, 1], [-1, 1, 1, 1, 1, 1, 1, 1], [-1, 1, 1, 1, 1, 1, 1, 1]]","[22, 3, 3]"
"[[1, 1, 1, 1, -1, -1, 1, 1], [1, 1, 1, 1, 1, -1, 1, 1], [1, -1, 1, 1, 1, -1, 1, 1], [-1, -1, -1, -1, 1, -1, -1, -1], [-1, -1, -1, 1, 1, 1, 1, -1], [1, -1, 1, 1, 1, 1, 1, -1], [1, -1, 1, -1, 1, 1, 1, 1], [1, 1, 1, 1, 1, 1, -1, -1]]","[12, 17, 32]"
"[[-1, -1, -1, -1, -1, -1, -1, 1], [6, 6, 6, -1, -1, -1, 1, 1], [2, 2, 2, 2, 2, 2, 1, -1], [2, 2, 2, 2, 2, 2, 6, -1], [2, 2, 2, 2, 2, 2, 6, -1], [1, 1, 1, 6, 6, 6, 6, -1], [1, 1, 1, 6, 6, 6, 6, -1], [1, 1, 1, 6, 6, 6, 6, -1]]","[7, 7, 8]"
"[[-1, -1, -1, -1, 1, 1, 1, 1], [1, 1, -1, -1, 1, 1, -1, -1], [1, 1, 1, -1, 1, -1, -1, 1], [1, 1, 1, -1, 1, 1, 1, -1], [-1, -1, -1, -1, 1, 1, 1, -1], [-1, 1, 1, -1, 1, 1, 1, 1], [-1, -1, 1, -1, -1, 1, 1, 1], [-1, 1, 1, -1, 1, 1, 1, 1]]","[13, 14, 24]"
"[[1, -1, -1, 1, 1, 1, -1, 1], [1, 1, 1, -1, -1, -1, -1, -1], [1, 1, 1, 1, 1, -1, -1, -1], [-1, 1, 1, 1, 1, 1, 1, -1], [-1, 1, 1, 1, 1, 1, 1, 1], [-1, 1, 1, 1, 1, 1, 1, 1], [1, -1, 1, 1, 1, 1, 1, -1], [-1, -1, 1, 1, 1, 1, -1, 1]]","[12, 28, 30]"
"[[1, 1, 1, 1, -1, -1, -1, 1], [1, 1, 1, 1, 1, 1, -1, -1], [1, 1, 1, 1, 1, 1, -1, 1], [-1, -1, -1, 1, -1, 1, -1, -1], [1, 1, 1, 1, 1, 1, -1, -1], [-1, 1, -1, -1, 1, -1, -1, -1], [1, 1, 1, 1, 1, -1, 1, 1], [1, 1, 1, 1, 1, -1, -1, 1]]","[12, 36, 42]"
"[[-1, 1, 1, 1, 1, 1, 2, 2], [-1, -1, -1, -1, -1, -1, -1, -1], [-1, 4, 4, 4, 4, 5, 5, 5], [-1, 4, 7, 7, 7, 4, 4, 4], [-1, 4, 4, 4, 7, 4, 4, 4], [-1, 7, 7, 7, 7, 6, 6, 6], [-1, 5, 5, 5, 2, 6, 6, 6], [-1, 1, 1, 2, 6, 6, 6, 6]]","[11, 22, 3]"
"[[-1, -1, -1, 1, -1, 1, 1, 1], [1, -1, 1, -1, -1, -1, -1, 1], [1, -1, 1, -1, -1, -1, 1, 1], [1, -1, 1, 1, 1, -1, 1, 1], [1, -1, 1, 1, 1, -1, 1, 1], [1, -1, 1, 1, 1, 1, 1, 1], [1, -1, 1, 1, 1, 1, 1, 1], [-1, -1, 1, 1, 1, -1, -1, -1]]","[12, 22, 28]"
"[[-1, -1, -1, -1, -1, -1, -1, -1], [-1, 1, -1, 1, 7, 1, 1, 1], [-1, 6, -1, 6, 7, 1, 1, 1], [-1, 6, 2, 6, 7, 7, 1, 1], [-1, 6, 2, 6, 6, 6, 1, 1], [-1, 3, 2, 3, 6, 6, 1, 1], [-1, 3, 2, 3, 6, 6, 7, 7], [-1, 3, 2, 3, 3, 3, 7, 7]]","[11, 21, 22]"
"[[-1, 1, 1, 1, 1, -1, 1, -1], [1, 1, 1, 1, 1, 1, -1, -1], [1, 1, 1, 1, 1, 1, -1, -1], [1, 1, -1, 1, -1, 1, 1, 1], [1, 1, 1, -1, 1, 1, 1, 1], [1, 1, -1, -1, -1, -1, -1, -1], [1, 1, 1, 1, 1, 1, 1, -1], [-1, -1, 1, 1, 1, 1, 1, -1]]","[11, 36, 9]"
"[[1, -1, -1, 1, 1, 1, 1, -1], [1, 1, -1, 1, 1, 1, 1, -1], [-1, 1, -1, 1, 1, 1, 1, 1], [-1, 1, -1, 1, 1, 1, -1, 1], [1, 1, -1, -1, -1, -1, -1, -1], [1, 1, 1, 1, 1, -1, 1, 1], [1, 1, 1, 1, 1, -1, 1, -1], [1, 1, 1, 1, 1, -1, 1, 1]]","[32, 7, 8]"
"[[-1, -1, -1, 1, 1, 1, 1, 1], [-1, -1, -1, -1, -1, -1, -1, -1], [-1, 1, 1, 1, 1, 1, 1, 1], [-1, -1, -1, -1, -1, -1, -1, -1], [1, 1, -1, 1, 1, 1, 1, 1], [-1, 1, 1, 1, 1, 1, 1, 1], [-1, 1, 1, 1, 1, 1, 1, 1], [-1, 1, 1, 1, 1, 1, 1, 1]]","[11, 11, 13]"
"[[-1, -1, -1, -1, -1, -1, -1, -1], [1, 1, -1, 7, 3, 3, 4, 4], [3, 3, -1, 7, 7, 2, 2, 4], [-1, 4, -1, 7, 2, 4, 3, 4], [-1, -1, -1, 3, 2, 4, 3, 4], [-1, 2, -1, 3, 3, 4, 3, 4], [4, 2, -1, 3, 3, 4, -1, 3], [2, 2, -1, -1, -1, -1, 2, -1]]","[12, 20, 7]"
"[[-1, 1, -1, -1, 1, 1, 1, 1], [1, 1, 1, 1, -1, 1, 1, 1], [1, 1, 1, 1, -1, 1, 1, 1], [1, 1, 1, 1, -1, 1, 1, -1], [-1, -1, 1, 1, 1, 1, 1, 1], [-1, -1, 1, 1, 1, -1, -1, 1], [1, 1, 1, 1, 1, -1, 1, -1], [1, 1, 1, 1, -1, -1, 1, 1]]","[13, 31, 33]"
"[[-1, 1, -1, -1, 1, -1, 1, 1], [1, 1, 1, 1, 1, -1, 1, 1], [1, 1, 1, -1, -1, -1, 1, 1], [-1, -1, 1, 1, 1, 1, 1, 1], [-1, -1, 1, 1, 1, -1, -1, -1], [1, 1, 1, 1, 1, 1, 1, -1], [-1, 1, 1, 1, 1, 1, 1, 1], [-1, -1, 1, -1, 1, 1, 1, 1]]","[30, 33, 9]"
"[[-1, -1, -1, -1, -1, -1, -1, -1], [1, 1, 1, -1, -1, 1, 1, 1], [1, 1, 1, -1, 1, 1, 1, 1], [1, 1, 1, -1, 1, 1, 1, 1], [1, 1, 1, -1, 1, 1, 1, 1], [1, 1, 1, -1, 1, 1, 1, 1], [1, 1, 1, -1, 1, 1, 1, 1], [1, 1, 1, -1, 1, 1, 1, 1]]","[22, 3, 37]"
"[[1, 1, 1, 1, 1, -1, 4, -1], [1, 6, 1, 1, 1, 1, 1, -1], [1, 6, 7, 7, 6, 1, 7, -1], [7, 7, 7, 5, 6, 6, 6, -1], [7, 7, 7, 5, 5, 5, 7, -1], [5, 5, 5, 2, 2, 2, 6, -1], [5, 5, 5, 2, 2, 2, 6, -1], [-1, -1, -1, -1, -1, -1, -1, -1]]","[2, 22, 5]"
"[[21, 21, 21, 21, 21, 21, -1, -1], [21, 21, 21, 21, 2, 2, -1, -1], [-1, -1, -1, -1, -1, -1, -1, -1], [2, 1, 1, 1, 1, 1, 1, -1], [2, 1, 1, 1, 1, 1, 1, -1], [2, 21, 21, 21, 1, 1, 1, -1], [21, 21, 21, 21, 21, 1, 1, -1], [3, 3, 3, 3, 3, 1, 1, -1]]","[7, 7, 9]"
"[[1, 1, 1, 4, 4, 4, -1, -1], [1, 1, 1, 4, 4, 4, -1, -1], [1, 1, 1, 4, 4, 4, -1, -1], [-1, -1, -1, -1, -1, -1, -1, 3], [7, 3, 3, 3, 3, 3, -1, 2], [7, 2, 2, 2, 2, 2, -1, 2], [7, 3, 3, 3, 3, 3, -1, 2], [7, 7, 7, 7, 7, 7, -1, 2]]","[11, 22, 36]"
"[[-1, -1, -1, -1, -1, -1, -1, -1], [-1, 1, 1, 1, 1, 5, 5, 5], [-1, 1, 1, 1, 1, 5, 5, 5], [-1, 1, 1, 1, 1, 5, 5, 5], [-1, 1, -1, 2, 2, 2, 2, 2], [-1, 3, 2, 5, 4, 6, 6, 6], [-1, 3, 2, 5, 5, 6, 6, 6], [-1, 2, 2, 2, 4, 6, 6, 6]]","[11, 22, 4]"
"[[-1, -1, 1, 1, 1, 1, 1, -1], [-1, 1, 1, 1, 1, 1, 1, -1], [1, 1, 1, 1, 1, 1, 1, -1], [1, 1, 1, 1, 1, 1, 1, -1], [-1, -1, -1, -1, -1, -1, -1, -1], [-1, 1, 1, 1, 1, 1, 1, 1], [-1, 1, 1, 1, 1, 1, 1, 1], [-1, 1, 1, 1, 1, 1, 1, 1]]","[11, 22, 31]"
"[[-1, -1, -1, -1, 1, 1, 1, 1], [1, 1, 1, 1, 1, 1, 1, -1], [1, 1, 1, 1, -1, -1, -1, -1], [1, 1, 1, 1, -1, -1, 1, 1], [1, 1, 1, 1, 1, 1, -1, 1], [-1, -1, 1, 1, 1, 1, -1, 1], [1, 1, 1, 1, 1, 1, -1, 1], [-1, -1, -1, 1, 1, 1, 1, -1]]","[13, 35, 9]"
"[[-1, 1, 1, 1, 1, 1, 1, 1], [-1, -1, 1, 1, 1, 1, 1, 1], [-1, -1, 1, 1, 1, 1, 1, 1], [1, 1, -1, 1, 1, -1, 1, 1], [-1, -1, -1, -1, -1, -1, -1, -1], [-1, 1, 1, 1, 1, 1, 1, 1], [1, -1, 1, 1, 1, 1, 1, 1], [-1, -1, 1, -1, 1, 1, 1, 1]]","[8, 8, 9]"
"[[-1, -1, -1, 1, 2, 2, 1, 6], [1, -1, 3, 2, 2, 7, 7, 7], [6, -1, 6, 6, 1, 3, 7, 6], [1, -1, -1, -1, 3, 1, -1, -1], [3, -1, 1, 3, 3, 6, -1, -1], [6, -1, -1, 6, 3, 3, 3, -1], [1, 6, 6, 6, -1, -1, -1, -1], [-1, -1, 3, 6, 1, 1, 1, 1]]","[11, 21, 9]"
"[[1, 1, 3, 1, 4, 1, -1, 4], [-1, 1, 3, 1, 4, 4, 4, 3], [1, 1, 3, 1, 1, 4, 3, -1], [1, 4, 3, 1, 4, -1, -1, -1], [1, 1, 4, 6, 4, 3, -1, -1], [3, 3, 4, 6, 4, -1, -1, 4], [4, 3, 4, 4, 4, -1, 3, 1], [-1, -1, -1, -1, -1, -1, 3, 4]]","[14, 33, 33]"
"[[-1, -1, -1, -1, -1, 1, 1, 1], [-1, 1, 5, 5, 5, 1, 1, 1], [-1, 1, 5, 5, 5, 3, 3, 3], [-1, 1, 5, 5, 5, 3, 3, 3], [-1, 1, 5, 5, 5, 3, 3, 3], [-1, 4, 4, 5, 1, 1, 1, 1], [-1, 4, 4, 4, 2, 2, 2, 2], [-1, 4, 4, 4, -1, -1, -1, -1]]","[11, 17, 22]"
"[[-1, 1, 1, 1, -1, 1, 1, 1], [-1, 1, 1, 1, -1, 1, 1, 1], [-1, 1, 1, 1, -1, 1, 1, 1], [-1, -1, -1, 1, -1, 1, 1, 1], [-1, -1, -1, -1, -1, -1, -1, -1], [-1, 1, 1, 1, -1, 1, 1, 1], [-1, 1, 1, 1, -1, 1, 1, 1], [-1, 1, 1, 1, -1, 1, 1, 1]]","[11, 7, 9]"
"[[1, 1, 7, 7, -1, -1, 2, -1], [1, 2, -1, 2, -1, 4, 6, 6], [-1, 2, 7, 7, 4, 4, 6, 2], [-1, -1, -1, -1, -1, -1, -1, -1], [1, 3, 2, 7, 7, 7, 1, -1], [2, 2, 1, 7, 7, 7, 3, -1], [-1, -1, 1, 5, 5, 1, 3, 3], [7, -1, 2, 5, 5, 7, 2, 3]]","[11, 17, 6]"
"[[1, -1, -1, 1, -1, -1, -1, 1], [-1, -1, 1, 1, 1, 1, -1, -1], [1, 1, 1, 1, 1, 1, 1, -1], [-1, 1, 1, 1, 1, 1, 1, -1], [-1, 1, 1, 1, 1, 1, 1, -1], [-1, 1, -1, -1, 1, 1, 1, -1], [-1, 1, 1, -1, 1, 1, 1, -1], [1, -1, 1, 1, 1, 1, 1, 1]]","[14, 15, 30]"
"[[1, 1, 1, -1, -1, -1, -1, -1], [1, 1, 1, -1, 3, 1, 1, 1], [4, 4, 4, -1, 5, 1, 1, 1], [6, 6, 6, -1, 6, 1, 1, 1], [1, 4, 4, -1, 4, 4, 4, 4], [1, 5, 4, -1, 3, 3, 3, 4], [5, 5, 5, -1, 3, 3, 3, 4], [-1, -1, -1, -1, -1, -1, -1, -1]]","[11, 11, 22]"
"[[1, -1, 1, 1, 1, 1, 1, 1], [-1, -1, 1, 1, -1, 1, 1, -1], [-1, -1, -1, -1, 1, -1, 1, 1], [1, 1, 1, 1, 1, 1, -1, -1], [1, 1, 1, 1, 1, 1, 1, -1], [-1, 1, 1, 1, 1, 1, 1, 1], [-1, 1, 1, 1, 1, 1, 1, 1], [-1, 1, 1, 1, 1, 1, 1, 1]]","[11, 11, 23]"
"[[-1, -1, -1, -1, -1, 1, 1, 1], [1, 1, 1, -1, -1, 1, 1, 1], [1, 1, 1, -1, 1, 1, 1, 1], [1, 1, 1, -1, 1, -1, -1, 1], [1, 1, 1, -1, -1, -1, 1, 1], [1, 1, 1, -1, -1, 1, 1, 1], [1, 1, 1, -1, -1, 1, 1, -1], [1, 1, 1, 1, 1, 1, 1, -1]]","[11, 3, 3]"
"[[1, 1, -1, 1, 1, 1, 1, 1], [1, 2, -1, 2, 2, 2, 2, 2], [1, 2, -1, -1, -1, 2, 1, 2], [-1, -1, 1, 5, 2, 2, 5, 1], [5, -1, 6, 6, 6, 5, 5, 5], [5, -1, 6, 2, 1, 5, -1, 5], [5, -1, 1, -1, -1, -1, -1, 1], [5, 5, 5, -1, -1, -1, -1, -1]]","[23, 32, 42]"
"[[-1, -1, -1, 1, -1, 1, 1, 1], [-1, 1, -1, 1, 1, 1, 1, 1], [-1, 1, 1, 1, 1, 1, -1, -1], [-1, 1, 1, 1, 1, 1, -1, -1], [-1, 1, 1, 1, 1, 1, 1, 1], [-1, -1, -1, -1, -1, -1, -1, -1], [-1, 1, 1, -1, 1, -1, 1, 1], [1, 1, 1, 1, 1, -1, 1, 1]]","[12, 21, 9]"
"[[1, 1, 1, 1, -1, 1, 1, 1], [1, 1, 1, 1, -1, 1, 1, 1], [1, 1, 1, 1, -1, 1, 1, 1], [1, 1, 1, 1, -1, 1, 1, 1], [1, 1, 1, 1, -1, 1, 1, 1], [1, 1, 1, 1, -1, 1, 1, 1], [-1, -1, -1, 1, -1, 1, 1, 1], [-1, -1, -1, -1, -1, -1, -1, -1]]","[22, 23, 35]"
"[[-1, -1, -1, -1, -1, -1, -1, -1], [1, 1, 1, 1, 1, 1, 1, -1], [1, 1, 1, 1, 1, 1, 1, -1], [1, 1, 1, 1, 1, 1, 1, -1], [1, 1, 1, 1, 1, 1, 1, -1], [1, 1, 1, 1, 1, 1, 1, -1], [1, 1, 1, 1, 1, 1, 1, -1], [1, 1, 1, 1, 1, -1, 1, -1]]","[11, 12, 22]"
"[[-1, 1, -1, -1, -1, -1, -1, -1], [1, -1, -1, 1, 1, 1, 1, 1], [-1, 1, -1, 1, 1, 1, 1, 1], [-1, 1, -1, 1, 1, 1, 1, -1], [-1, 1, -1, 1, 1, 1, 1, 1], [-1, 1, -1, 1, 1, 1, 1, -1], [-1, 1, -1, 1, 1, 1, 1, 1], [-1, 1, -1, 1, 1, 1, 1, -1]]","[22, 25, 35]"
"[[1, 1, -1, 1, -1, -1, 2, 3], [3, 3, -1, -1, 2, 3, 1, -1], [-1, 1, 3, -1, 1, 1, -1, 1], [1, 2, 1, 1, 5, 3, 1, -1], [-1, -1, -1, 5, 5, 1, -1, -1], [-1, -1, -1, 5, 4, 1, -1, 2], [7, 7, 1, 1, 4, 4, 1, -1], [7, 7, 3, 3, 1, 4, 2, -1]]","[16, 17, 30]"
"[[1, 1, 2, 2, 2, 4, -1, 2], [1, 1, 2, 1, -1, -1, -1, 4], [1, 4, 2, 4, 4, 2, 4, -1], [-1, -1, -1, -1, -1, -1, -1, -1], [4, 4, 3, 4, 1, 1, 4, -1], [-1, 1, 2, 2, -1, 1, 4, -1], [-1, -1, 2, 2, 2, 2, 1, 2], [-1, -1, 1, 2, -1, -1, -1, -1]]","[16, 33, 7]"
"[[1, -1, 1, -1, 1, -1, -1, 1], [1, -1, -1, 1, 1, 1, 1, 1], [-1, 1, 1, 1, 1, 1, 1, 1], [1, 1, 1, 1, 1, 1, 1, -1], [1, 1, 1, 1, -1, 1, 1, 1], [1, 1, 1, -1, -1, 1, 1, 1], [-1, 1, 1, -1, -1, 1, 1, 1], [-1, 1, 1, -1, 1, 1, 1, -1]]","[20, 27, 9]"
"[[-1, 1, -1, -1, -1, -1, -1, 1], [1, 1, 1, 1, 1, 1, -1, -1], [-1, -1, 1, 1, 1, 1, 1, 1], [1, 1, 1, 1, 1, -1, 1, -1], [-1, -1, 1, 1, 1, -1, 1, -1], [1, -1, 1, 1, 1, -1, 1, -1], [1, 1, 1, 1, 1, -1, 1, 1], [1, 1, 1, 1, 1, -1, 1, -1]]","[11, 11, 22]"
"[[1, 1, 1, 3, 6, 6, 2, -1], [6, 6, 6, 4, 7, 7, 7, -1], [6, 6, 6, 4, 7, 7, 7, -1], [6, 6, 6, 4, 7, 7, 7, -1], [2, 1, 1, 4, 3, 1, 2, -1], [2, 1, 1, 4, 3, 7, 2, -1], [1, 1, 1, -1, 3, 7, 5, -1], [-1, -1, -1, -1, -1, -1, -1, -1]]","[11, 22, 5]"
"[[1, 1, 1, -1, 1, 1, 1, 1], [1, 1, 1, -1, 1, 1, 1, 1], [-1, -1, 1, -1, 1, 1, 1, 1], [-1, -1, 1, -1, 1, 1, 1, 1], [1, 1, -1, -1, 1, 1, 1, 1], [1, 1, 1, -1, 1, 1, 1, -1], [1, 1, 1, -1, 1, 1, -1, -1], [1, 1, 1, -1, -1, -1, 1, -1]]","[22, 23, 25]"
"[[1, 1, 1, 1, -1, -1, 1, 1], [-1, -1, -1, -1, -1, -1, -1, -1], [1, 1, 1, 1, 1, 1, -1, -1], [-1, -1, 1, 1, 1, 1, 1, 1], [-1, 1, 1, 1, 1, 1, 1, 1], [-1, 1, 1, 1, 1, 1, 1, 1], [-1, 1, 1, 1, -1, 1, 1, 1], [-1, 1, 1, 1, 1, 1, 1, -1]]","[31, 9, 9]"
"[[1, 1, 1, 1, 1, 1, 1, -1], [1, 1, 1, 1, 1, 1, 1, -1], [1, 1, 1, 1, 1, 1, 1, -1], [1, 1, 1, -1, 1, 1, 1, -1], [1, 1, 1, 1, 1, 1, 1, -1], [1, 1, 1, -1, 1, 1, 1, -1], [-1, -1, -1, -1, -1, -1, -1, -1], [1, 1, 1, 1, 1, 1, -1, 1]]","[19, 22, 8]"
"[[1, -1, -1, -1, 1, 1, -1, 2], [1, 1, 2, -1, 2, 2, 2, -1], [1, 2, 1, -1, -1, 6, 6, 2], [-1, 6, 6, -1, 6, 6, 6, 1], [2, -1, 6, -1, 6, 6, 6, 2], [1, -1, 6, -1, 2, 2, 2, 2], [6, 6, 2, -1, -1, 1, 6, 6], [1, 2, 2, -1, 2, -1, -1, 6]]","[12, 22, 35]"
"[[1, 1, -1, -1, -1, -1, 4, -1], [-1, -1, 1, 1, 5, 4, 4, 1], [7, 1, 1, 7, 5, 3, 1, -1], [2, 2, 2, 5, 5, 3, -1, -1], [7, 2, 1, 1, 3, 1, 5, -1], [1, 7, 6, 1, 3, 1, -1, -1], [7, 1, 1, 1, 3, 7, 1, -1], [-1, 6, 6, 1, 3, 7, 7, 7]]","[15, 17, 25]"
"[[-1, 1, 1, -1, 6, 6, 6, 6], [-1, 1, 1, 6, -1, 6, 6, 6], [-1, 6, 1, 1, 1, -1, 6, 6], [2, 1, 1, -1, 1, 6, 6, -1], [-1, -1, 1, 1, 2, 6, 6, -1], [-1, -1, -1, -1, 2, 2, 2, -1], [-1, -1, -1, 2, 2, -1, -1, -1], [6, 6, -1, 1, 6, 1, -1, -1]]","[13, 24, 31]"
"[[-1, -1, 1, 1, 1, 1, 1, 1], [-1, -1, 1, 1, 1, 1, 1, 1], [-1, -1, 1, 1, 1, 1, 1, 1], [-1, -1, -1, -1, -1, -1, -1, -1], [1, 1, 1, 1, 1, 1, 1, -1], [1, 1, 1, 1, 1, 1, 1, -1], [1, 1, 1, 1, 1, 1, 1, -1], [1, 1, 1, 1, 1, 1, 1, -1]]","[11, 22, 36]"
"[[1, 1, -1, 1, 1, 1, 1, 1], [1, 1, -1, 1, 1, 1, 1, 1], [-1, -1, -1, 1, -1, 1, 1, -1], [1, 1, -1, 1, 1, 1, 1, -1], [1, 1, -1, -1, 1, 1, 1, 1], [1, 1, -1, 1, 1, 1, 1, 1], [1, 1, -1, 1, 1, 1, -1, -1], [1, 1, -1, 1, 1, -1, -1, 1]]","[14, 22, 24]"
"[[1, 1, 1, -1, -1, -1, -1, -1], [-1, -1, 1, 1, 1, 1, 1, 1], [-1, -1, 1, 1, 1, 1, 1, 1], [-1, 1, -1, -1, 1, 1, 1, 1], [-1, 1, 1, 1, 1, 1, 1, 1], [-1, 1, 1, 1, 1, 1, 1, 1], [-1, 1, 1, 1, 1, 1, 1, 1], [-1, 1, 1, 1, 1, 1, 1, 1]]","[13, 37, 6]"
"[[1, 1, 1, -1, 1, 1, 1, -1], [-1, -1, -1, -1, -1, -1, -1, -1], [1, 1, -1, -1, 1, 1, 1, 1], [1, 1, -1, -1, 1, 1, 1, 1], [1, -1, 1, 1, 1, 1, 1, 1], [1, 1, 1, -1, 1, 1, 1, 1], [1, 1, 1, 1, 1, 1, -1, -1], [-1, -1, 1, -1, -1, -1, -1, 1]]","[17, 18, 36]"
"[[-1, 1, -1, 1, 1, 1, 1, 1], [-1, 1, -1, 1, 1, 1, 1, 1], [1, 1, -1, 1, 1, 1, 1, 1], [1, 1, -1, 1, 1, 1, 1, 1], [1, 1, -1, 1, 1, 1, 1, 1], [-1, -1, -1, 1, 1, 1, 1, 1], [1, 1, -1, 1, 1, 1, 1, 1], [1, 1, -1, -1, -1, -1, -1, -1]]","[11, 12, 7]"
"[[-1, 2, 2, 2, 2, 1, 1, 1], [-1, 1, 1, 1, 2, 2, 2, -1], [3, 1, 1, 1, 2, 2, 2, -1], [3, 1, 1, 1, 6, 6, 6, -1], [3, 3, 3, 3, 6, 6, 6, -1], [3, 3, 3, 3, 6, 6, 6, -1], [3, 3, 3, 3, 7, 7, 7, -1], [-1, -1, -1, -1, -1, -1, -1, -1]]","[13, 28, 28]"
"[[1, -1, -1, 1, 1, 1, 1, 1], [-1, 1, -1, 1, 1, 1, 1, 1], [-1, -1, 1, 1, -1, -1, -1, -1], [-1, -1, 1, 1, 1, 1, 1, 1], [-1, 1, 1, 1, 1, 1, 1, 1], [1, 1, -1, -1, 1, 1, 1, 1], [1, -1, -1, -1, 1, 1, 1, 1], [1, 1, 1, -1, 1, 1, 1, 1]]","[13, 15, 2]"
"[[-1, -1, -1, -1, -1, -1, -1, -1], [1, 1, 5, 3, 3, 3, -1, -1], [-1, 5, 5, 3, 3, 3, 5, -1], [1, 5, 1, 3, 5, 3, -1, 5], [-1, 1, 1, 3, 1, 5, 5, -1], [-1, 1, 1, 1, 3, 5, 5, -1], [1, 5, 1, 1, 1, 3, 5, -1], [-1, 6, 6, 6, 6, 6, 5, 1]]","[11, 32, 4]"
"[[-1, -1, -1, -1, -1, -1, -1, -1], [1, 1, 2, -1, 1, 1, 1, -1], [1, -1, 2, -1, 1, 7, 7, -1], [1, -1, 2, 2, 1, 7, 7, -1], [3, 3, 3, 3, 3, 7, 7, -1], [4, 2, 2, 1, 1, 6, 6, -1], [4, 2, 2, 1, 1, 6, 6, -1], [4, 4, 4, 1, 1, 6, 6, -1]]","[13, 15, 37]"
"[[-1, 1, 1, 1, 1, 1, -1, -1], [-1, 1, 1, 1, 1, 1, -1, 1], [-1, -1, -1, 1, 1, 1, -1, 1], [1, -1, -1, 1, 1, 1, -1, 1], [-1, -1, 1, 1, 1, 1, -1, 1], [-1, 1, 1, 1, 1, 1, 1, 1], [1, 1, 1, -1, 1, 1, 1, 1], [-1, 1, 1, -1, -1, -1, 1, 1]]","[19, 30, 8]"
"[[-1, 1, 1, 1, 1, -1, -1, 1], [-1, 1, -1, 1, 1, 1, -1, -1], [-1, -1, -1, 1, 1, -1, -1, 1], [-1, 1, 1, 1, 1, 1, -1, 1], [-1, 1, 1, 1, 1, 1, -1, 1], [-1, 1, 1, 1, 1, 1, 1, 1], [-1, 1, 1, 1, 1, 1, 1, 1], [-1, 1, 1, -1, -1, 1, 1, 1]]","[18, 32, 33]"
"[[1, 1, 1, -1, -1, -1, 1, 1], [1, 1, 1, -1, 1, 1, 1, 1], [1, 1, 1, -1, 1, 1, 1, 1], [1, 1, 1, -1, -1, -1, 1, 1], [-1, 1, 1, -1, 1, 1, -1, 1], [1, 1, 1, -1, 1, 1, 1, -1], [-1, -1, -1, -1, -1, -1, -1, -1], [1, 1, 1, -1, 1, 1, -1, 1]]","[19, 21, 21]"
"[[-1, -1, -1, -1, -1, -1, -1, -1], [-1, 1, 1, 1, 1, 7, 7, 7], [-1, 6, 4, 2, 2, 2, 7, 3], [-1, 3, 3, 3, 6, 7, 7, 7], [-1, 4, 6, 6, 6, -1, -1, -1], [-1, 4, 6, 3, 6, 5, 5, 5], [-1, 4, 6, 1, 6, 5, 5, 5], [-1, 4, 1, 1, 1, 5, 5, 5]]","[11, 21, 22]"
"[[-1, -1, -1, -1, -1, -1, -1, -1], [-1, 1, 1, 1, 4, 4, 6, 5], [1, 1, 1, -1, 4, 4, 3, 3], [5, 1, 6, -1, 4, 4, 3, 3], [5, 1, -1, 6, 1, 6, 1, -1], [5, -1, 6, 4, 4, 4, 6, 5], [-1, 5, -1, 5, -1, -1, 6, -1], [1, 5, 5, 5, 6, 1, -1, 6]]","[11, 34, 7]"
"[[-1, -1, -1, -1, -1, -1, -1, -1], [-1, 1, 1, 1, -1, 1, 1, 1], [1, 1, 1, 1, -1, 1, 1, 1], [-1, -1, -1, -1, -1, -1, -1, -1], [1, 1, 1, -1, 1, 1, 1, 1], [1, 1, 1, -1, 1, 1, 1, 1], [1, 1, 1, -1, 1, 1, 1, 1], [1, 1, 1, -1, 1, 1, 1, 1]]","[3, 33, 7]"
"[[-1, -1, -1, -1, -1, -1, -1, -1], [1, 1, 1, 1, 1, 5, 3, -1], [7, 7, 7, 7, 7, 5, 3, -1], [6, 6, 6, 6, 6, -1, -1, -1], [7, 7, 7, 7, 7, 5, 3, -1], [7, 1, 1, 1, 4, 4, 4, -1], [7, 1, 1, 1, 4, 4, 4, -1], [7, 1, 1, 1, 4, 4, 4, -1]]","[11, 2, 22]"
"[[1, 1, 1, -1, 1, 1, -1, -1], [-1, -1, -1, -1, -1, -1, -1, -1], [1, 1, 1, 1, 1, 1, 1, -1], [1, 1, 1, 1, 1, 1, 1, -1], [1, 1, 1, 1, 1, 1, 1, -1], [1, 1, 1, 1, 1, 1, 1, -1], [1, 1, -1, 1, 1, 1, 1, -1], [1, 1, -1, 1, 1, 1, 1, -1]]","[11, 22, 30]"
"[[-1, 1, -1, 1, 1, 1, 1, 1], [-1, 1, -1, 1, 1, 1, 1, 1], [1, 1, -1, 1, 1, 1, -1, -1], [1, -1, -1, 1, 1, 1, -1, -1], [-1, 1, -1, 1, 1, 1, 1, 1], [1, 1, 1, 1, 1, -1, 1, 1], [1, 1, 1, 1, 1, -1, 1, -1], [1, 1, 1, -1, -1, -1, 1, 1]]","[11, 24, 7]"
"[[1, -1, -1, 1, -1, -1, 1, 1], [1, -1, -1, 1, -1, 1, 1, 1], [1, 1, -1, 1, -1, 1, 1, 1], [-1, -1, -1, -1, -1, 1, 1, 1], [1, 1, -1, 1, -1, 1, 1, 1], [1, 1, -1, 1, -1, 1, 1, 1], [1, 1, -1, 1, -1, 1, -1, -1], [1, 1, -1, 1, -1, -1, 1, 1]]","[22, 36, 7]"
"[[1, -1, -1, 1, 1, 1, 1, -1], [-1, -1, 1, 1, 1, 1, 1, -1], [-1, 1, 1, 1, 1, 1, 1, 1], [-1, 1, 1, 1, 1, 1, 1, 1], [1, 1, 1, -1, -1, 1, 1, 1], [1, 1, 1, 1, 1, -1, 1, -1], [-1, 1, 1, 1, -1, -1, -1, -1], [1, 1, 1, 1, 1, -1, -1, -1]]","[14, 17, 17]"
"[[1, 1, 1, 1, 1, 1, -1, -1], [1, 1, 1, 1, 1, 1, -1, -1], [1, 1, 1, 1, 1, 1, -1, -1], [-1, -1, -1, -1, -1, -1, 1, -1], [1, 1, 1, 1, 1, 1, 1, -1], [1, 1, 1, 1, 1, 1, 1, -1], [1, 1, 1, 1, 1, 1, 1, -1], [1, 1, 1, 1, 1, 1, 1, -1]]","[11, 22, 36]"
"[[-1, -1, -1, -1, 1, -1, 1, -1], [-1, -1, 1, -1, -1, 1, -1, 1], [-1, 1, 1, 1, 1, 1, 1, 1], [-1, 1, 1, 1, 1, 1, 1, 1], [-1, 1, 1, -1, 1, 1, 1, 1], [-1, 1, 1, 1, 1, 1, 1, -1], [1, 1, 1, 1, 1, 1, 1, -1], [-1, 1, 1, 1, 1, 1, -1, -1]]","[29, 34, 7]"
"[[1, 1, 1, -1, -1, 1, 1, 1], [1, 1, 1, -1, -1, 1, 1, 1], [1, 1, 1, -1, -1, 1, 1, 1], [1, 1, 1, -1, -1, 1, 1, 1], [1, -1, 1, -1, -1, 1, 1, 1], [1, -1, 1, 1, 1, 1, 1, 1], [-1, -1, -1, -1, -1, -1, -1, -1], [1, 1, -1, 1, 1, 1, 1, 1]]","[2, 3, 5]"
"[[-1, 1, 1, -1, -1, 1, 1, -1], [1, 1, 1, 1, 1, 1, 1, -1], [1, 1, 1, 1, 1, 1, 1, -1], [-1, 1, 1, 1, -1, 1, 1, -1], [1, 1, 1, 1, 1, 1, 1, -1], [-1, -1, -1, 1, 1, 1, 1, -1], [1, 1, 1, 1, 1, 1, 1, -1], [1, 1, 1, 1, 1, -1, -1, -1]]","[13, 22, 24]"
"[[1, 1, 1, 6, 6, 6, -1, -1], [1, 1, 1, 6, 6, 6, -1, -1], [5, 5, 5, 5, 5, 4, -1, -1], [4, 4, 4, 4, 4, 7, 4, -1], [-1, -1, -1, -1, -1, -1, -1, -1], [4, 4, 4, 4, 4, 7, 5, -1], [4, 4, 4, 4, 4, 7, 5, -1], [4, 4, 4, 4, 4, 7, 5, -1]]","[11, 12, 36]"
"[[-1, 1, -1, -1, 1, -1, -1, -1], [1, 1, -1, 1, 1, 1, 1, 1], [-1, 1, 1, 1, 1, 1, 1, 1], [-1, 1, 1, 1, 1, 1, 1, -1], [-1, 1, 1, 1, 1, 1, 1, -1], [-1, 1, 1, 1, 1, 1, 1, 1], [-1, -1, 1, 1, 1, 1, -1, -1], [1, 1, 1, 1, -1, 1, -1, -1]]","[35, 6, 9]"
"[[-1, -1, -1, -1, -1, -1, -1, -1], [-1, -1, -1, 2, 2, 2, 2, 2], [2, 2, 2, -1, 2, 2, 2, 2], [2, 2, 2, -1, 2, 2, 2, 2], [2, 2, 2, -1, 2, 2, 2, 2], [2, 2, 2, -1, 2, 2, 2, 2], [2, 2, 2, -1, 2, 2, 2, 2], [2, 2, 2, -1, 2, 2, 2, 2]]","[11, 22, 35]"
"[[-1, 1, -1, -1, 1, -1, -1, 1], [1, 1, 1, 1, 1, 1, -1, -1], [1, 1, 1, 1, 1, 1, -1, 1], [1, 1, 1, 1, 1, 1, 1, -1], [-1, 1, 1, 1, 1, 1, 1, 1], [1, 1, 1, 1, -1, 1, -1, -1], [-1, 1, 1, -1, 1, 1, 1, -1], [-1, -1, 1, -1, 1, 1, 1, -1]]","[20, 32, 36]"
"[[1, -1, 1, 1, 1, 1, 1, 1], [-1, -1, -1, -1, -1, -1, -1, -1], [1, 1, -1, 1, -1, 1, 1, 1], [-1, -1, -1, -1, -1, 1, 1, 1], [-1, 1, 1, 1, -1, 1, 1, 1], [1, 1, 1, -1, -1, 1, 1, 1], [1, -1, 1, -1, 1, 1, 1, 1], [-1, -1, 1, -1, 1, 1, 1, 1]]","[11, 25, 31]"
"[[-1, -1, 1, 1, 1, -1, -1, -1], [-1, 1, 1, 1, 1, 1, 1, 1], [-1, 1, 1, 1, 1, 1, 1, 1], [-1, 1, 1, 1, 1, 1, 1, 1], [-1, 1, 1, 1, 1, 1, 1, 1], [-1, 1, 1, 1, 1, 1, 1, 1], [-1, 1, 1, 1, 1, 1, 1, 1], [-1, -1, -1, -1, -1, 1, 1, 1]]","[11, 22, 6]"
"[[1, -1, -1, -1, -1, -1, 1, 1], [-1, 3, 3, -1, -1, -1, 7, -1], [-1, 1, 3, -1, 1, 1, -1, 7], [6, 7, 1, -1, 1, 1, 1, -1], [6, 6, 7, -1, 1, 1, 1, 1], [6, 2, 2, -1, 7, 7, 2, 2], [4, 4, 4, -1, 7, 7, 2, 2], [4, 4, 4, -1, 7, 7, 2, 7]]","[11, 21, 7]"
"[[-1, -1, -1, 1, 1, 1, 1, 1], [-1, 1, 1, 1, 1, 1, 1, 1], [1, 1, 1, 1, 1, -1, 1, 1], [-1, -1, 1, 1, 1, -1, -1, 1], [-1, 1, 1, 1, 1, 1, -1, 1], [-1, 1, 1, 1, 1, 1, -1, 1], [1, 1, 1, 1, -1, 1, -1, 1], [1, 1, -1, -1, 1, 1, -1, -1]]","[16, 31, 36]"
"[[1, 1, 1, -1, 1, 1, 1, 1], [-1, -1, -1, -1, -1, -1, -1, -1], [1, 1, 1, -1, 1, 1, 1, 1], [1, 1, 1, 1, 1, 1, 1, -1], [1, 1, 1, 1, 1, 1, 1, -1], [1, 1, 1, 1, 1, -1, -1, 1], [1, 1, 1, 1, 1, -1, -1, -1], [-1, -1, -1, 1, 1, 1, -1, -1]]","[13, 16, 17]"
"[[1, -1, -1, 1, 1, 1, 1, 1], [-1, 1, 1, 1, 1, 1, 1, -1], [-1, 1, 1, 1, 1, 1, -1, 1], [1, 1, 1, 1, 1, 1, 1, -1], [-1, -1, -1, -1, -1, -1, -1, -1], [1, 1, 1, -1, 1, 1, 1, 1], [-1, -1, -1, -1, 1, 1, 1, 1], [-1, -1, -1, -1, 1, 1, 1, 1]]","[11, 35, 36]"
